Order_ID;Customer_ID;Product_ID;Order_Date;Qty;Discount;Channel;Campaign
O00001;C0735;P044;2024-11-06;4;0,06;Shopee;11.11
O00002;C0698;P263;2024-04-15;4;0,33;App;None
O00003;C0568;P120;2025-04-21;3;0,27;Tokopedia;None
O00004;C0853;P131;2024-03-15;5;0,14;Website;Ramadhan
O00005;C0968;P167;2025-10-31;1;0,01;Shopee;12.12
O00006;C0098;P098;2024-05-11;1;0,14;App;None
O00007;C0782;P249;2025-05-18;1;0,15;Website;None
O00008;C0607;P229;2024-12-25;1;0,37;Tokopedia;12.12
O00009;C0666;P154;2025-10-31;2;0,02;Website;11.11
O00010;C0561;P097;2024-03-08;3;0,34;Tokopedia;12.12
O00011;C0298;P224;2024-01-18;3;0,38;Tokopedia;Ramadhan
O00012;C0045;P055;2025-02-19;4;0,4;Shopee;Ramadhan
O00013;C0219;P094;2025-08-04;5;0,1;App;None
O00014;C0646;P202;2025-07-31;1;0,3;Tokopedia;Ramadhan
O00015;C0065;P257;2024-08-08;1;0,15;App;11.11
O00016;C0317;P291;2024-07-29;5;0,01;Tokopedia;11.11
O00017;C0459;P126;2024-02-19;3;0,22;Website;None
O00018;C0300;P144;2024-05-03;3;0,05;Shopee;None
O00019;C0562;P109;2025-10-11;1;0,17;App;Ramadhan
O00020;C0547;P288;2025-09-01;3;0,3;Shopee;Ramadhan
O00021;C0944;P257;2025-07-14;3;0,14;Tokopedia;Ramadhan
O00022;C0099;P292;2024-01-13;5;0,38;Shopee;Ramadhan
O00023;C0848;P033;2024-02-20;5;0,04;Website;Ramadhan
O00024;C0100;P128;2025-02-17;1;0,08;Website;Ramadhan
O00025;C0067;P104;2025-12-02;5;0,14;Shopee;12.12
O00026;C0029;P047;2025-11-16;4;0,37;App;None
O00027;C0256;P253;2025-03-30;4;0,38;Shopee;11.11
O00028;C0015;P112;2024-02-15;4;0,33;Website;11.11
O00029;C0481;P258;2024-07-18;4;0,21;Tokopedia;None
O00030;C0270;P236;2025-06-11;4;0,13;Tokopedia;None
O00031;C0547;P136;2025-01-04;5;0,19;Tokopedia;Ramadhan
O00032;C0583;P133;2025-10-16;5;0,4;Website;None
O00033;C0507;P178;2025-11-21;3;0,21;Website;None
O00034;C0763;P013;2025-10-31;3;0;App;Ramadhan
O00035;C0022;P125;2024-06-27;2;0,32;App;11.11
O00036;C0919;P056;2024-05-24;1;0,1;Website;11.11
O00037;C0615;P031;2025-06-15;5;0,2;Tokopedia;11.11
O00038;C0816;P279;2024-07-04;1;0,21;Shopee;None
O00039;C0427;P224;2024-06-15;1;0,39;Shopee;12.12
O00040;C0337;P065;2025-01-31;1;0,21;Website;12.12
O00041;C0177;P271;2025-08-04;3;0,18;Website;None
O00042;C0529;P270;2025-10-28;2;0,33;App;Ramadhan
O00043;C0576;P235;2024-06-16;1;0,32;Website;11.11
O00044;C0741;P051;2024-12-18;4;0,07;App;Ramadhan
O00045;C0618;P185;2025-01-13;2;0,07;Website;Ramadhan
O00046;C0930;P021;2024-04-30;2;0,22;App;12.12
O00047;C0915;P113;2025-06-28;4;0,04;Tokopedia;Ramadhan
O00048;C0753;P244;2025-12-12;2;0,08;Tokopedia;12.12
O00049;C0633;P087;2025-08-27;2;0,31;Shopee;Ramadhan
O00050;C0473;P077;2025-11-18;1;0,29;Website;11.11
O00051;C0473;P046;2025-11-07;2;0,26;Website;12.12
O00052;C0689;P097;2024-02-03;5;0,22;Shopee;Ramadhan
O00053;C0885;P192;2025-04-05;1;0,33;Website;Ramadhan
O00054;C0768;P018;2024-03-21;1;0,35;Website;12.12
O00055;C0505;P180;2024-11-18;1;0,21;App;11.11
O00056;C0143;P101;2025-04-14;4;0,31;Shopee;Ramadhan
O00057;C0685;P152;2025-03-09;3;0,01;App;None
O00058;C0729;P021;2024-01-11;1;0,17;Website;12.12
O00059;C0858;P074;2025-08-03;5;0,08;Website;None
O00060;C0444;P257;2025-01-17;4;0,17;App;None
O00061;C0932;P286;2025-01-10;4;0,31;Website;None
O00062;C0739;P253;2025-05-20;5;0,3;Tokopedia;12.12
O00063;C0770;P062;2025-06-03;4;0,31;Tokopedia;Ramadhan
O00064;C0131;P222;2025-03-05;2;0,01;Shopee;12.12
O00065;C0590;P276;2025-04-02;3;0,34;Tokopedia;Ramadhan
O00066;C0579;P272;2024-04-04;3;0,14;Shopee;Ramadhan
O00067;C0437;P069;2025-06-16;1;0,32;App;11.11
O00068;C0285;P027;2025-11-12;5;0,31;Website;12.12
O00069;C0704;P095;2024-12-29;5;0,04;App;11.11
O00070;C0411;P050;2024-08-01;5;0,1;Shopee;12.12
O00071;C0894;P103;2025-02-12;3;0,06;Tokopedia;None
O00072;C0356;P168;2025-09-13;4;0,15;Shopee;None
O00073;C0209;P121;2025-10-02;3;0;Shopee;None
O00074;C0498;P001;2024-12-13;1;0,39;Website;12.12
O00075;C0378;P045;2025-07-26;1;0,36;Shopee;12.12
O00076;C0158;P063;2024-04-27;1;0,03;Website;Ramadhan
O00077;C0352;P072;2025-04-04;5;0,3;Website;12.12
O00078;C0969;P208;2025-04-14;4;0,2;App;11.11
O00079;C0954;P215;2024-02-13;5;0,12;Website;Ramadhan
O00080;C0594;P057;2025-01-30;4;0,32;Website;None
O00081;C0085;P187;2024-09-28;4;0,39;Website;12.12
O00082;C0443;P250;2025-01-02;3;0,29;App;11.11
O00083;C0536;P077;2025-01-07;2;0,27;App;12.12
O00084;C0642;P043;2024-06-29;5;0,38;Tokopedia;12.12
O00085;C0545;P225;2025-05-15;2;0,03;Website;Ramadhan
O00086;C0783;P039;2024-02-28;4;0,02;Tokopedia;None
O00087;C0602;P044;2025-07-20;4;0,03;Website;11.11
O00088;C0485;P173;2025-07-02;4;0,38;Shopee;None
O00089;C0354;P006;2025-12-16;1;0,2;App;12.12
O00090;C0315;P079;2025-12-06;4;0,29;Shopee;None
O00091;C0196;P077;2025-04-19;4;0,07;App;Ramadhan
O00092;C0495;P017;2024-09-15;5;0,16;App;12.12
O00093;C0478;P209;2024-05-27;5;0,17;Website;12.12
O00094;C0557;P187;2025-02-22;1;0,01;Website;None
O00095;C0808;P027;2025-06-18;5;0,33;App;12.12
O00096;C0375;P237;2025-04-21;2;0,25;Shopee;11.11
O00097;C0858;P065;2024-04-26;3;0,13;Tokopedia;Ramadhan
O00098;C0454;P104;2025-08-01;4;0,36;App;11.11
O00099;C0073;P123;2025-03-03;1;0,05;Shopee;None
O00100;C0084;P256;2024-09-06;5;0,11;Website;Ramadhan
O00101;C0086;P253;2025-05-16;5;0,38;Website;11.11
O00102;C0631;P145;2025-07-02;3;0,28;Tokopedia;11.11
O00103;C0488;P299;2025-11-27;4;0,02;Tokopedia;None
O00104;C0868;P208;2025-04-26;2;0,15;App;None
O00105;C0822;P100;2024-09-06;2;0,02;App;11.11
O00106;C0153;P029;2025-09-07;4;0,04;Tokopedia;12.12
O00107;C0868;P034;2024-09-19;3;0,18;Shopee;Ramadhan
O00108;C0854;P249;2025-01-12;1;0,37;Shopee;12.12
O00109;C0259;P133;2024-08-15;2;0,28;Shopee;Ramadhan
O00110;C0343;P139;2025-08-21;4;0,32;Shopee;12.12
O00111;C0711;P041;2025-06-03;3;0,28;Website;None
O00112;C0050;P034;2024-04-11;5;0,09;Website;12.12
O00113;C0589;P278;2024-05-02;2;0,07;App;Ramadhan
O00114;C0481;P144;2025-10-28;5;0,08;Tokopedia;12.12
O00115;C0803;P190;2025-07-12;3;0,38;Website;11.11
O00116;C0827;P092;2025-09-11;2;0,33;Shopee;12.12
O00117;C0170;P223;2025-05-02;5;0,28;Website;11.11
O00118;C0780;P294;2025-07-20;4;0,27;Website;None
O00119;C0828;P194;2024-05-15;5;0,08;Tokopedia;11.11
O00120;C0491;P096;2025-03-13;1;0,07;Shopee;None
O00121;C0218;P299;2024-10-25;4;0,3;App;None
O00122;C0301;P270;2025-11-07;1;0;Website;None
O00123;C0992;P260;2025-06-26;3;0,05;App;12.12
O00124;C0061;P266;2025-04-14;3;0,01;Website;None
O00125;C0586;P218;2025-07-14;1;0,33;App;11.11
O00126;C0982;P029;2024-09-13;2;0,39;Tokopedia;11.11
O00127;C0574;P215;2025-03-07;5;0,06;Tokopedia;Ramadhan
O00128;C0436;P264;2025-05-05;3;0,16;Website;Ramadhan
O00129;C0910;P181;2024-11-28;4;0,2;Tokopedia;11.11
O00130;C0559;P146;2025-04-15;2;0,16;Shopee;12.12
O00131;C0707;P023;2025-08-26;5;0,12;App;None
O00132;C0103;P090;2025-03-19;5;0,18;Website;None
O00133;C0244;P217;2025-02-24;3;0,18;Tokopedia;None
O00134;C0123;P218;2024-03-16;1;0,21;App;12.12
O00135;C0363;P005;2025-08-20;4;0,4;Tokopedia;Ramadhan
O00136;C0045;P039;2025-11-21;3;0,35;App;12.12
O00137;C0138;P263;2024-12-19;4;0,06;App;Ramadhan
O00138;C0794;P158;2024-02-20;5;0,34;Tokopedia;None
O00139;C0530;P171;2024-03-05;2;0,3;Tokopedia;None
O00140;C0832;P087;2024-11-18;3;0,03;Website;None
O00141;C0464;P227;2025-11-15;4;0,05;Tokopedia;None
O00142;C0222;P112;2025-07-23;2;0,07;Website;12.12
O00143;C0710;P173;2024-10-25;3;0,36;Website;None
O00144;C0871;P197;2024-08-08;3;0,19;Shopee;Ramadhan
O00145;C0166;P257;2024-01-15;2;0,39;App;11.11
O00146;C0070;P064;2025-08-26;5;0,25;Website;Ramadhan
O00147;C0126;P228;2025-04-16;3;0,38;Tokopedia;12.12
O00148;C0013;P111;2024-10-29;3;0,4;Website;11.11
O00149;C0172;P014;2024-11-11;2;0,28;Tokopedia;Ramadhan
O00150;C0282;P232;2025-10-13;3;0,04;Website;12.12
O00151;C0178;P103;2024-06-07;3;0,12;Shopee;Ramadhan
O00152;C0730;P244;2025-04-18;2;0,21;Website;None
O00153;C0709;P062;2025-07-19;1;0,18;Shopee;None
O00154;C0990;P137;2025-09-18;4;0,26;Shopee;12.12
O00155;C0825;P209;2025-09-23;3;0,2;Tokopedia;None
O00156;C0144;P188;2024-10-04;5;0,4;Shopee;None
O00157;C0518;P025;2025-11-16;4;0,1;Website;Ramadhan
O00158;C0529;P173;2025-01-04;1;0,1;Tokopedia;12.12
O00159;C0795;P022;2025-11-25;2;0,23;Tokopedia;11.11
O00160;C0679;P055;2025-02-17;4;0,32;Website;12.12
O00161;C0876;P281;2024-10-09;3;0,05;Shopee;11.11
O00162;C0612;P054;2025-07-22;1;0,23;Website;None
O00163;C0707;P230;2025-07-23;1;0,05;App;11.11
O00164;C0884;P271;2024-10-13;1;0,08;Shopee;11.11
O00165;C0976;P158;2025-01-17;2;0,39;App;11.11
O00166;C0964;P102;2024-12-07;1;0,23;Shopee;12.12
O00167;C0082;P149;2025-11-29;4;0,11;App;12.12
O00168;C0302;P232;2024-07-01;5;0,4;App;12.12
O00169;C0968;P300;2024-07-18;1;0,11;Tokopedia;11.11
O00170;C0256;P070;2025-10-29;2;0,2;App;Ramadhan
O00171;C0580;P019;2024-03-30;5;0,3;Website;None
O00172;C0951;P212;2024-04-25;4;0,2;Website;12.12
O00173;C0399;P096;2025-07-30;2;0,19;App;12.12
O00174;C0110;P065;2024-05-13;2;0,17;Tokopedia;12.12
O00175;C0942;P289;2025-12-26;3;0,1;App;None
O00176;C0622;P037;2025-06-16;4;0,4;Shopee;Ramadhan
O00177;C0731;P191;2024-06-03;3;0,05;Tokopedia;11.11
O00178;C0180;P140;2024-08-19;3;0,27;Tokopedia;11.11
O00179;C0749;P247;2024-06-24;2;0,31;App;11.11
O00180;C0384;P268;2025-04-14;5;0,4;Website;None
O00181;C0516;P288;2025-07-20;5;0,31;Website;12.12
O00182;C0318;P066;2025-07-10;2;0,39;Website;None
O00183;C0261;P130;2024-10-03;4;0,06;Shopee;None
O00184;C0457;P139;2024-10-16;4;0,14;Website;12.12
O00185;C0805;P203;2024-10-24;4;0,37;Website;11.11
O00186;C0818;P070;2025-08-17;4;0,19;Tokopedia;11.11
O00187;C0923;P001;2024-12-17;2;0,16;Shopee;11.11
O00188;C0519;P049;2024-04-28;2;0,18;Website;None
O00189;C0818;P051;2024-09-08;2;0,22;Tokopedia;None
O00190;C0429;P138;2025-08-13;1;0,34;Website;None
O00191;C0875;P281;2024-07-03;1;0,31;Tokopedia;12.12
O00192;C0756;P057;2024-09-21;2;0,04;App;None
O00193;C0391;P273;2025-03-26;2;0,23;Website;12.12
O00194;C0132;P065;2025-12-08;1;0,06;Shopee;12.12
O00195;C0724;P024;2025-05-10;5;0,33;Shopee;None
O00196;C0612;P157;2024-02-25;3;0,21;App;Ramadhan
O00197;C0097;P049;2025-01-24;3;0,25;App;Ramadhan
O00198;C0575;P056;2024-04-11;2;0,2;Shopee;Ramadhan
O00199;C0674;P161;2024-05-14;1;0;Tokopedia;11.11
O00200;C0291;P122;2024-11-18;1;0,18;Website;None
O00201;C0246;P271;2024-03-30;5;0,22;App;11.11
O00202;C0894;P078;2024-04-12;3;0,06;Tokopedia;11.11
O00203;C0768;P243;2025-02-24;4;0,05;App;Ramadhan
O00204;C0833;P287;2024-06-09;4;0,32;Shopee;12.12
O00205;C0231;P157;2024-01-22;3;0,05;Shopee;Ramadhan
O00206;C0231;P034;2024-10-25;5;0,34;Shopee;None
O00207;C0488;P132;2025-10-11;5;0,11;App;Ramadhan
O00208;C0100;P222;2025-06-26;1;0,36;Shopee;Ramadhan
O00209;C0409;P096;2025-08-30;2;0,23;Website;11.11
O00210;C0249;P231;2024-05-16;2;0,2;Shopee;Ramadhan
O00211;C0009;P172;2024-09-07;4;0,21;Website;11.11
O00212;C0583;P089;2024-04-26;5;0,37;Shopee;12.12
O00213;C0651;P087;2024-10-31;1;0,08;App;11.11
O00214;C0906;P181;2025-06-15;4;0,25;Website;None
O00215;C0055;P061;2025-10-07;5;0,28;Website;None
O00216;C0448;P056;2025-12-29;2;0,19;App;12.12
O00217;C0084;P049;2025-02-22;3;0,26;Shopee;None
O00218;C0734;P283;2024-12-01;1;0,12;Shopee;None
O00219;C0103;P156;2024-07-29;5;0,07;Shopee;None
O00220;C0591;P149;2025-06-18;1;0,39;Shopee;None
O00221;C0805;P262;2024-03-10;3;0,08;Tokopedia;None
O00222;C0839;P274;2025-11-15;2;0,22;Shopee;12.12
O00223;C0723;P280;2025-03-22;4;0,16;Shopee;Ramadhan
O00224;C0033;P023;2024-04-17;3;0,06;Tokopedia;12.12
O00225;C0130;P197;2024-03-09;5;0,33;Shopee;12.12
O00226;C0366;P192;2024-09-16;4;0,3;App;None
O00227;C0311;P248;2025-09-16;4;0,37;Website;12.12
O00228;C0047;P120;2024-08-17;1;0,08;Website;None
O00229;C0677;P114;2025-07-03;3;0,27;App;12.12
O00230;C0648;P235;2024-03-20;1;0,3;App;11.11
O00231;C0232;P205;2024-07-04;1;0,01;Shopee;Ramadhan
O00232;C0163;P163;2025-10-22;4;0,3;Website;12.12
O00233;C0762;P251;2025-01-30;3;0,13;Shopee;Ramadhan
O00234;C0692;P089;2024-11-14;1;0,16;App;Ramadhan
O00235;C0552;P092;2024-03-03;5;0,18;Shopee;12.12
O00236;C0150;P294;2025-09-16;1;0,11;Website;12.12
O00237;C0899;P241;2025-04-23;4;0,27;Shopee;11.11
O00238;C0474;P101;2025-01-25;5;0,33;Shopee;None
O00239;C0307;P062;2024-04-16;4;0,14;Shopee;11.11
O00240;C0295;P253;2024-08-23;2;0,32;Website;11.11
O00241;C0061;P125;2024-05-11;1;0,06;App;None
O00242;C0155;P087;2025-03-18;4;0,33;Website;11.11
O00243;C0486;P080;2024-06-14;4;0,14;Shopee;12.12
O00244;C0266;P034;2025-10-11;2;0,36;Tokopedia;Ramadhan
O00245;C0780;P183;2024-04-15;3;0,37;Shopee;Ramadhan
O00246;C0466;P209;2025-06-13;2;0,32;Shopee;Ramadhan
O00247;C0998;P047;2025-06-07;2;0,18;Tokopedia;11.11
O00248;C0291;P163;2025-12-06;5;0,39;Shopee;Ramadhan
O00249;C0838;P300;2024-06-15;1;0,36;Website;None
O00250;C0541;P033;2025-07-16;5;0,37;Tokopedia;None
O00251;C0366;P207;2024-01-24;2;0,19;Website;None
O00252;C0166;P260;2025-11-29;1;0,08;App;Ramadhan
O00253;C0805;P130;2024-12-01;2;0,07;Tokopedia;11.11
O00254;C0543;P058;2024-03-20;1;0,09;Website;11.11
O00255;C0049;P150;2025-12-03;4;0,13;App;11.11
O00256;C0035;P124;2025-02-05;1;0,24;Website;Ramadhan
O00257;C0403;P156;2024-08-02;5;0,1;Tokopedia;12.12
O00258;C0676;P252;2024-08-28;5;0,11;App;Ramadhan
O00259;C0839;P027;2025-06-03;1;0,21;App;None
O00260;C0350;P051;2025-06-24;5;0,29;Website;11.11
O00261;C0521;P054;2025-07-05;2;0,16;App;12.12
O00262;C0548;P014;2025-06-07;1;0,18;App;12.12
O00263;C0725;P071;2025-07-05;5;0,25;Website;None
O00264;C0711;P050;2025-06-27;4;0,15;App;None
O00265;C0900;P291;2025-01-17;5;0,34;Website;None
O00266;C0896;P197;2024-03-09;3;0,17;Website;11.11
O00267;C0750;P131;2024-07-19;4;0,26;Tokopedia;Ramadhan
O00268;C0384;P020;2025-09-28;2;0,02;Website;Ramadhan
O00269;C0487;P133;2025-01-16;3;0,4;Tokopedia;Ramadhan
O00270;C0543;P030;2024-01-22;2;0,02;Shopee;None
O00271;C0693;P162;2025-11-22;4;0,31;App;11.11
O00272;C0447;P166;2025-04-15;2;0,25;App;Ramadhan
O00273;C0666;P224;2024-02-15;4;0,09;App;Ramadhan
O00274;C0670;P247;2024-05-08;2;0,18;Tokopedia;12.12
O00275;C0757;P024;2025-03-26;2;0,04;Shopee;11.11
O00276;C0955;P048;2024-03-16;3;0,29;Tokopedia;12.12
O00277;C0526;P159;2025-05-14;2;0,01;App;None
O00278;C0591;P064;2024-09-17;4;0,31;Tokopedia;Ramadhan
O00279;C0214;P163;2024-03-13;5;0,27;Website;12.12
O00280;C0942;P071;2024-01-30;2;0,38;Shopee;None
O00281;C0522;P019;2025-10-07;4;0,14;Shopee;12.12
O00282;C0165;P268;2024-04-04;1;0,13;Website;11.11
O00283;C0480;P158;2025-03-07;4;0,35;App;12.12
O00284;C0825;P250;2024-12-05;3;0,36;Tokopedia;12.12
O00285;C0604;P131;2024-11-01;4;0,21;Shopee;12.12
O00286;C0423;P184;2024-02-06;1;0,36;Tokopedia;Ramadhan
O00287;C0246;P281;2024-08-11;2;0,15;App;None
O00288;C0605;P033;2025-09-05;2;0,34;App;11.11
O00289;C0779;P094;2024-01-18;4;0,18;App;Ramadhan
O00290;C0012;P288;2025-12-12;4;0,29;Shopee;None
O00291;C0584;P087;2025-11-27;4;0,02;Shopee;None
O00292;C0991;P095;2024-12-04;4;0,2;App;Ramadhan
O00293;C0993;P108;2024-04-07;4;0,3;App;Ramadhan
O00294;C0912;P065;2025-07-12;4;0,3;Website;Ramadhan
O00295;C0631;P125;2025-04-02;1;0,2;Shopee;12.12
O00296;C0787;P151;2024-06-28;5;0,35;Website;None
O00297;C0180;P082;2025-08-15;4;0,25;Website;None
O00298;C0249;P106;2024-12-06;4;0,28;App;11.11
O00299;C0102;P251;2024-04-30;4;0,29;App;None
O00300;C0231;P045;2024-10-12;2;0,35;Shopee;11.11
O00301;C0012;P079;2024-11-06;5;0,29;Shopee;11.11
O00302;C0594;P239;2025-09-11;4;0,17;Website;Ramadhan
O00303;C0687;P051;2024-07-11;1;0,16;Website;Ramadhan
O00304;C0733;P060;2025-12-12;5;0,09;Website;12.12
O00305;C0402;P255;2025-10-17;3;0,15;App;Ramadhan
O00306;C0849;P227;2024-04-15;4;0,29;Website;11.11
O00307;C0496;P014;2024-06-29;1;0,04;Tokopedia;Ramadhan
O00308;C0959;P113;2024-09-03;2;0,09;Shopee;12.12
O00309;C0714;P024;2025-11-28;3;0,13;App;11.11
O00310;C0138;P140;2024-06-16;4;0,13;Website;None
O00311;C0818;P143;2024-09-19;4;0,1;Tokopedia;Ramadhan
O00312;C0304;P243;2024-02-05;3;0,15;Tokopedia;None
O00313;C0829;P028;2024-11-28;1;0,21;Shopee;Ramadhan
O00314;C0771;P234;2024-06-29;4;0,28;App;Ramadhan
O00315;C0504;P115;2025-02-04;5;0,15;App;12.12
O00316;C0663;P140;2024-06-11;4;0,28;App;11.11
O00317;C0036;P060;2024-07-11;1;0,35;Tokopedia;11.11
O00318;C0427;P114;2025-05-04;2;0,19;Shopee;None
O00319;C0686;P074;2025-09-15;2;0,15;Shopee;12.12
O00320;C0702;P023;2024-08-31;2;0,34;Website;None
O00321;C0178;P208;2025-05-15;4;0,37;App;Ramadhan
O00322;C0926;P278;2024-05-28;3;0,4;Tokopedia;11.11
O00323;C0264;P098;2025-02-05;3;0,3;Shopee;Ramadhan
O00324;C0762;P147;2024-01-21;4;0,29;Tokopedia;11.11
O00325;C0628;P142;2024-01-31;3;0,07;App;12.12
O00326;C0661;P300;2025-07-16;1;0,22;App;11.11
O00327;C0264;P063;2024-01-22;4;0,12;App;12.12
O00328;C0590;P248;2025-06-30;5;0,08;Shopee;11.11
O00329;C0416;P216;2024-01-02;1;0,3;Tokopedia;None
O00330;C0659;P171;2025-08-14;3;0,23;App;12.12
O00331;C0915;P250;2025-11-12;4;0,24;Shopee;None
O00332;C0454;P243;2025-11-02;5;0,04;Shopee;11.11
O00333;C0286;P171;2024-08-28;5;0,01;Website;11.11
O00334;C0023;P179;2024-03-25;3;0,07;Shopee;None
O00335;C0230;P080;2025-06-25;1;0,33;Website;11.11
O00336;C0442;P115;2024-04-05;1;0,01;Website;None
O00337;C0725;P122;2024-08-11;2;0,07;App;11.11
O00338;C0847;P161;2025-01-24;2;0,17;App;11.11
O00339;C0678;P108;2024-12-06;1;0,24;Website;11.11
O00340;C0369;P024;2025-06-09;3;0,03;Shopee;Ramadhan
O00341;C0557;P006;2024-01-26;2;0,09;Shopee;Ramadhan
O00342;C0858;P195;2024-04-21;2;0,19;Website;Ramadhan
O00343;C0151;P110;2024-11-16;4;0,18;Shopee;None
O00344;C0635;P131;2025-06-11;3;0,17;Website;12.12
O00345;C0694;P269;2025-04-19;4;0,35;Shopee;None
O00346;C0143;P261;2025-12-26;2;0,3;Tokopedia;11.11
O00347;C0011;P183;2024-01-15;1;0,04;Website;11.11
O00348;C0390;P113;2024-01-31;2;0,37;Website;None
O00349;C0996;P022;2024-08-27;3;0,13;App;12.12
O00350;C0077;P006;2024-07-21;4;0,33;App;11.11
O00351;C0730;P123;2024-08-02;1;0,03;App;Ramadhan
O00352;C0781;P003;2024-12-28;2;0,12;Shopee;12.12
O00353;C0884;P165;2024-11-06;2;0,33;App;Ramadhan
O00354;C0610;P177;2025-03-16;4;0,36;Website;Ramadhan
O00355;C0853;P152;2025-04-22;3;0,37;Website;None
O00356;C0186;P176;2025-07-21;5;0,26;Tokopedia;12.12
O00357;C0120;P182;2024-03-18;2;0,1;App;12.12
O00358;C0274;P063;2024-06-20;3;0,05;Tokopedia;Ramadhan
O00359;C0485;P105;2025-06-02;3;0,3;Tokopedia;12.12
O00360;C0845;P034;2024-05-23;5;0,07;Website;None
O00361;C0460;P264;2025-04-12;1;0,34;App;12.12
O00362;C0668;P122;2024-07-27;1;0,32;Shopee;11.11
O00363;C0573;P129;2025-04-12;3;0,05;Shopee;Ramadhan
O00364;C0365;P205;2025-06-01;4;0,28;Website;None
O00365;C0784;P041;2025-11-06;2;0,01;Tokopedia;12.12
O00366;C0703;P238;2024-03-10;1;0,12;Shopee;12.12
O00367;C0828;P131;2025-04-02;4;0,09;App;None
O00368;C0993;P189;2025-08-30;4;0,21;Tokopedia;12.12
O00369;C0097;P155;2024-01-21;1;0,09;Tokopedia;None
O00370;C0880;P178;2024-05-03;2;0,07;Shopee;12.12
O00371;C0169;P206;2024-02-27;5;0,21;App;None
O00372;C0372;P189;2024-03-31;3;0,3;Tokopedia;12.12
O00373;C0012;P029;2025-02-13;1;0,35;Website;12.12
O00374;C0051;P003;2025-05-31;3;0,32;Website;Ramadhan
O00375;C0287;P290;2024-03-02;2;0,2;Tokopedia;11.11
O00376;C0280;P288;2025-11-15;4;0,28;App;Ramadhan
O00377;C0594;P237;2024-06-27;3;0,36;Tokopedia;None
O00378;C0983;P254;2024-12-16;5;0,03;Website;12.12
O00379;C0633;P099;2025-02-20;4;0,09;Tokopedia;11.11
O00380;C0626;P016;2025-05-20;1;0,18;Website;11.11
O00381;C0748;P045;2024-07-26;5;0,09;Tokopedia;11.11
O00382;C0814;P075;2024-10-26;2;0,28;Tokopedia;None
O00383;C0171;P105;2025-03-01;5;0,35;Website;Ramadhan
O00384;C0426;P271;2024-01-03;1;0,1;Tokopedia;12.12
O00385;C0603;P117;2025-11-25;4;0,06;App;12.12
O00386;C0511;P203;2024-12-18;5;0,13;App;11.11
O00387;C0557;P008;2024-12-03;4;0,1;App;Ramadhan
O00388;C0368;P216;2025-12-09;4;0,34;Shopee;11.11
O00389;C0835;P080;2024-05-21;1;0,14;Shopee;Ramadhan
O00390;C0230;P052;2025-12-27;2;0,11;Website;None
O00391;C0040;P112;2025-05-01;5;0,11;App;None
O00392;C0014;P254;2025-03-02;2;0,36;App;Ramadhan
O00393;C0953;P125;2024-08-31;1;0,03;Website;11.11
O00394;C0100;P152;2024-02-07;5;0,15;Shopee;None
O00395;C0750;P110;2025-05-08;4;0,27;Tokopedia;Ramadhan
O00396;C0531;P047;2025-10-18;1;0,34;Shopee;Ramadhan
O00397;C0066;P108;2024-10-09;5;0,17;Tokopedia;11.11
O00398;C0974;P126;2024-11-12;4;0,37;Website;Ramadhan
O00399;C0555;P048;2025-05-07;2;0,16;Website;12.12
O00400;C0242;P284;2024-12-22;4;0,29;Tokopedia;11.11
O00401;C0027;P256;2025-01-05;3;0,39;Website;12.12
O00402;C0257;P091;2025-08-01;5;0,37;Shopee;Ramadhan
O00403;C0412;P248;2025-09-15;4;0,13;Shopee;None
O00404;C0221;P190;2024-11-24;4;0,15;Tokopedia;None
O00405;C0825;P254;2025-08-01;1;0,34;App;12.12
O00406;C0511;P199;2025-05-27;4;0,35;Website;11.11
O00407;C0818;P137;2024-10-02;1;0,11;App;None
O00408;C0618;P167;2025-09-21;4;0,19;App;11.11
O00409;C0928;P049;2025-02-27;3;0,37;Shopee;11.11
O00410;C0249;P201;2025-05-21;3;0,04;Shopee;12.12
O00411;C0895;P273;2025-02-22;5;0,21;Tokopedia;Ramadhan
O00412;C0619;P133;2025-08-04;3;0,28;Tokopedia;12.12
O00413;C0405;P060;2024-03-20;3;0,17;Tokopedia;12.12
O00414;C0106;P154;2025-05-22;2;0,08;Website;11.11
O00415;C0897;P118;2025-07-30;3;0,15;Shopee;None
O00416;C0357;P008;2024-05-30;1;0,24;Tokopedia;11.11
O00417;C0155;P128;2024-06-23;5;0,26;Shopee;None
O00418;C0556;P251;2025-02-15;4;0,24;App;Ramadhan
O00419;C0869;P028;2025-05-24;5;0,38;Website;Ramadhan
O00420;C0479;P097;2025-09-16;5;0,35;App;Ramadhan
O00421;C0870;P073;2025-09-16;1;0,19;App;Ramadhan
O00422;C0548;P272;2025-11-20;2;0,37;Shopee;11.11
O00423;C0951;P221;2025-08-25;3;0,12;App;None
O00424;C0245;P285;2025-07-09;5;0,26;App;None
O00425;C0948;P001;2025-07-22;2;0,27;Tokopedia;11.11
O00426;C0515;P139;2025-03-30;2;0,04;App;12.12
O00427;C0808;P103;2024-07-18;4;0,01;Website;Ramadhan
O00428;C0987;P043;2025-05-28;1;0,34;Shopee;None
O00429;C0148;P110;2025-10-30;2;0,25;Shopee;11.11
O00430;C0895;P237;2025-04-15;2;0,22;App;Ramadhan
O00431;C0497;P225;2024-02-13;4;0,03;App;None
O00432;C0211;P041;2025-06-16;2;0,23;Tokopedia;11.11
O00433;C0038;P063;2025-06-09;3;0,16;Shopee;12.12
O00434;C0206;P240;2025-10-09;5;0,21;Shopee;11.11
O00435;C0719;P139;2025-08-24;1;0,15;App;12.12
O00436;C0230;P210;2024-10-28;2;0,02;Website;None
O00437;C0546;P241;2025-03-12;2;0,02;Website;11.11
O00438;C0052;P066;2024-12-24;1;0,23;Shopee;12.12
O00439;C0324;P074;2025-12-12;5;0,19;Website;11.11
O00440;C0917;P075;2024-02-20;3;0,38;Website;11.11
O00441;C0375;P285;2024-05-21;1;0,14;Website;Ramadhan
O00442;C0452;P134;2024-10-12;4;0,04;App;Ramadhan
O00443;C0615;P293;2025-03-14;1;0,36;App;None
O00444;C0146;P275;2025-01-01;4;0,1;App;None
O00445;C0254;P195;2025-11-18;5;0,18;App;11.11
O00446;C0587;P278;2024-01-05;2;0,13;Website;11.11
O00447;C0541;P284;2025-11-01;2;0,17;Tokopedia;11.11
O00448;C0111;P186;2024-09-10;5;0,27;Shopee;11.11
O00449;C0009;P129;2025-09-12;4;0,2;Tokopedia;12.12
O00450;C0748;P038;2025-03-27;4;0,29;App;12.12
O00451;C0607;P165;2025-04-03;2;0,24;Website;12.12
O00452;C0052;P184;2024-10-07;5;0,38;Tokopedia;11.11
O00453;C0999;P173;2024-03-11;5;0,09;App;11.11
O00454;C0231;P286;2025-07-20;3;0,35;App;12.12
O00455;C0960;P248;2025-02-25;3;0,06;Tokopedia;Ramadhan
O00456;C0547;P060;2024-03-21;1;0,36;Shopee;11.11
O00457;C0180;P187;2025-04-19;3;0,32;Website;12.12
O00458;C0963;P080;2024-09-03;4;0,36;Shopee;None
O00459;C0661;P036;2024-12-12;4;0,18;Website;Ramadhan
O00460;C0932;P107;2024-11-25;2;0,09;App;12.12
O00461;C0482;P050;2025-10-15;5;0,15;Shopee;None
O00462;C0357;P285;2024-01-08;3;0,13;Tokopedia;12.12
O00463;C0949;P131;2024-07-29;3;0,07;Website;Ramadhan
O00464;C0512;P113;2025-08-17;5;0,14;Shopee;Ramadhan
O00465;C0769;P212;2024-03-06;2;0,27;App;None
O00466;C0899;P107;2024-11-22;3;0,28;App;12.12
O00467;C0667;P011;2024-10-24;2;0,04;Website;Ramadhan
O00468;C0774;P111;2024-03-30;4;0,34;Website;Ramadhan
O00469;C0091;P241;2024-08-13;3;0,28;Tokopedia;11.11
O00470;C0834;P071;2024-07-16;5;0,22;Website;None
O00471;C0936;P269;2025-12-31;2;0,19;Shopee;11.11
O00472;C0454;P154;2025-04-01;5;0,23;Shopee;Ramadhan
O00473;C0949;P049;2024-08-19;3;0,33;App;None
O00474;C0355;P003;2025-12-31;1;0,36;Website;11.11
O00475;C0340;P248;2024-11-07;3;0,18;Website;12.12
O00476;C0561;P056;2024-07-27;1;0,35;Shopee;12.12
O00477;C0020;P273;2024-03-24;5;0,19;App;12.12
O00478;C0524;P146;2024-01-05;2;0,05;Shopee;Ramadhan
O00479;C0426;P297;2025-02-12;2;0,3;Tokopedia;12.12
O00480;C0646;P178;2024-02-25;5;0,01;App;11.11
O00481;C0927;P175;2024-12-07;1;0,21;App;11.11
O00482;C0037;P022;2024-03-13;1;0,08;App;None
O00483;C0251;P022;2024-06-08;5;0,16;Website;12.12
O00484;C0475;P070;2024-03-29;4;0,29;Tokopedia;12.12
O00485;C0402;P214;2024-05-11;3;0,07;Website;12.12
O00486;C0963;P053;2025-09-03;1;0,18;Website;12.12
O00487;C0549;P205;2025-09-26;4;0,26;Website;Ramadhan
O00488;C0250;P217;2025-07-22;3;0,28;Tokopedia;None
O00489;C0414;P071;2025-09-08;5;0,34;Shopee;None
O00490;C0472;P203;2024-05-18;5;0,2;Tokopedia;None
O00491;C0586;P053;2025-09-03;1;0,15;Shopee;None
O00492;C0871;P099;2024-10-13;1;0,3;App;11.11
O00493;C0098;P002;2024-03-10;1;0,26;App;12.12
O00494;C0680;P277;2025-05-21;5;0,04;Shopee;Ramadhan
O00495;C0337;P226;2025-08-01;1;0,34;Shopee;12.12
O00496;C0722;P245;2025-06-12;1;0,03;Website;Ramadhan
O00497;C0558;P050;2025-11-26;4;0,32;App;None
O00498;C0800;P128;2024-11-25;1;0,04;Shopee;11.11
O00499;C0518;P016;2025-06-25;5;0,26;Shopee;11.11
O00500;C0949;P239;2025-11-05;4;0,16;App;None
O00501;C0111;P137;2025-05-09;3;0,07;Tokopedia;None
O00502;C0376;P181;2025-03-05;1;0,32;Tokopedia;12.12
O00503;C0561;P291;2024-07-01;3;0,1;Website;Ramadhan
O00504;C0083;P076;2025-08-31;4;0,31;Tokopedia;None
O00505;C0483;P187;2025-06-15;5;0,29;Shopee;12.12
O00506;C0949;P041;2024-04-27;4;0;Shopee;12.12
O00507;C0412;P279;2025-05-06;5;0,2;Website;Ramadhan
O00508;C1000;P247;2024-06-06;5;0,38;Tokopedia;12.12
O00509;C0109;P272;2024-08-07;5;0,08;App;None
O00510;C0168;P295;2024-03-06;3;0,13;Shopee;12.12
O00511;C0621;P035;2025-08-17;4;0,14;Tokopedia;11.11
O00512;C0278;P296;2025-05-06;4;0,19;App;Ramadhan
O00513;C0821;P015;2025-04-15;2;0,05;Website;12.12
O00514;C0812;P126;2024-09-30;1;0,35;Tokopedia;11.11
O00515;C0671;P196;2025-12-11;1;0,29;Shopee;12.12
O00516;C0638;P249;2024-02-15;5;0,26;Website;None
O00517;C0463;P224;2024-07-08;3;0,32;App;Ramadhan
O00518;C0517;P187;2024-10-05;3;0,22;Tokopedia;Ramadhan
O00519;C0728;P037;2025-05-16;4;0,04;Tokopedia;None
O00520;C0531;P244;2024-11-13;4;0,05;Tokopedia;Ramadhan
O00521;C0277;P076;2024-03-07;4;0,25;Website;None
O00522;C0222;P121;2024-08-11;1;0,02;App;11.11
O00523;C0947;P130;2024-05-18;5;0,34;Shopee;11.11
O00524;C0637;P119;2024-04-14;4;0,26;Website;12.12
O00525;C0345;P123;2024-09-16;1;0,01;Shopee;11.11
O00526;C0006;P191;2025-07-23;5;0,14;Tokopedia;Ramadhan
O00527;C0118;P108;2025-06-18;1;0,06;Shopee;12.12
O00528;C0673;P192;2025-12-14;4;0,23;Tokopedia;11.11
O00529;C0154;P143;2025-01-01;4;0,18;Website;None
O00530;C0758;P163;2025-09-10;4;0,02;Tokopedia;12.12
O00531;C0903;P051;2024-02-14;1;0,01;App;Ramadhan
O00532;C0813;P175;2025-06-02;5;0,17;Shopee;Ramadhan
O00533;C0805;P080;2025-09-04;2;0,32;Shopee;11.11
O00534;C0011;P153;2025-04-29;4;0,11;Tokopedia;None
O00535;C0959;P164;2024-01-15;1;0,31;Tokopedia;Ramadhan
O00536;C0647;P283;2024-08-20;4;0,02;Tokopedia;Ramadhan
O00537;C0032;P166;2024-07-06;3;0,06;App;11.11
O00538;C0063;P217;2025-05-21;2;0,26;Shopee;12.12
O00539;C0585;P206;2025-06-06;5;0,11;Tokopedia;11.11
O00540;C0092;P212;2024-06-28;2;0,19;Website;12.12
O00541;C0586;P201;2024-06-05;1;0,24;Tokopedia;Ramadhan
O00542;C0509;P230;2024-07-11;3;0,05;App;None
O00543;C0981;P246;2024-01-17;4;0,29;Shopee;None
O00544;C0796;P124;2024-06-30;3;0,26;Shopee;12.12
O00545;C0795;P109;2025-10-26;4;0,13;Website;12.12
O00546;C0199;P186;2024-04-14;5;0,18;Tokopedia;11.11
O00547;C0453;P205;2025-09-12;5;0,07;Website;12.12
O00548;C0976;P193;2024-02-26;4;0,16;Tokopedia;Ramadhan
O00549;C0787;P129;2025-03-14;4;0,09;App;None
O00550;C0332;P145;2024-08-07;1;0,06;App;Ramadhan
O00551;C0258;P288;2024-07-20;4;0,32;App;11.11
O00552;C0508;P057;2024-04-30;1;0,26;App;11.11
O00553;C0498;P130;2025-03-22;2;0,38;Shopee;11.11
O00554;C0495;P035;2024-11-12;4;0,25;Shopee;None
O00555;C0005;P283;2024-09-01;2;0,25;Tokopedia;12.12
O00556;C0567;P181;2025-06-28;3;0,06;Shopee;Ramadhan
O00557;C0246;P237;2025-02-02;1;0,36;Tokopedia;11.11
O00558;C0761;P076;2025-03-21;4;0,32;Website;Ramadhan
O00559;C0311;P001;2024-10-01;2;0,2;Tokopedia;None
O00560;C0342;P198;2025-04-26;1;0,06;Shopee;Ramadhan
O00561;C0204;P053;2024-06-29;1;0,05;Shopee;12.12
O00562;C0106;P025;2024-02-14;3;0,27;Website;Ramadhan
O00563;C0334;P218;2024-12-02;5;0,28;Tokopedia;None
O00564;C0678;P169;2024-10-26;2;0,13;Shopee;11.11
O00565;C0464;P048;2025-08-28;2;0,32;Shopee;None
O00566;C0281;P161;2024-07-20;2;0,38;Website;12.12
O00567;C0467;P137;2025-08-21;2;0;Shopee;None
O00568;C0533;P002;2025-11-07;4;0,29;Shopee;11.11
O00569;C0097;P190;2025-05-07;5;0,04;App;12.12
O00570;C0695;P277;2025-09-23;4;0,03;Shopee;None
O00571;C0419;P194;2024-08-11;5;0,01;Shopee;None
O00572;C0976;P023;2025-04-24;2;0,22;Tokopedia;11.11
O00573;C0351;P089;2024-05-15;4;0,14;Shopee;Ramadhan
O00574;C0079;P026;2024-08-16;2;0,35;Website;Ramadhan
O00575;C0637;P114;2025-07-15;1;0,2;Shopee;None
O00576;C0062;P198;2024-11-26;5;0,1;Shopee;12.12
O00577;C0386;P029;2024-04-08;1;0,11;App;11.11
O00578;C0815;P085;2025-12-09;4;0,33;Tokopedia;11.11
O00579;C0905;P218;2024-11-01;5;0,03;Tokopedia;None
O00580;C0691;P267;2025-02-10;5;0,14;Website;Ramadhan
O00581;C0502;P181;2025-06-27;2;0,03;Shopee;Ramadhan
O00582;C0165;P100;2024-03-04;1;0,03;Website;Ramadhan
O00583;C0699;P251;2024-06-15;5;0,14;Shopee;None
O00584;C0874;P133;2025-07-16;5;0,22;Shopee;12.12
O00585;C0280;P251;2025-02-16;5;0,23;Shopee;11.11
O00586;C0090;P125;2024-06-22;1;0,02;App;11.11
O00587;C0917;P180;2024-10-15;4;0,13;App;11.11
O00588;C0032;P267;2025-09-17;1;0,21;Shopee;Ramadhan
O00589;C0820;P033;2025-10-11;3;0,08;Shopee;12.12
O00590;C0646;P050;2024-11-19;2;0,14;Website;12.12
O00591;C0258;P180;2025-04-17;3;0,19;Tokopedia;12.12
O00592;C0331;P170;2025-03-10;2;0,38;Tokopedia;None
O00593;C0995;P052;2024-06-07;2;0,04;Website;None
O00594;C0130;P058;2025-12-08;4;0,16;Website;Ramadhan
O00595;C0893;P187;2025-04-29;4;0,17;App;None
O00596;C0631;P135;2025-12-06;5;0,21;Shopee;11.11
O00597;C0606;P066;2025-11-22;1;0,25;Website;12.12
O00598;C0438;P082;2024-02-12;1;0,28;App;Ramadhan
O00599;C0347;P130;2024-09-11;3;0,08;Tokopedia;Ramadhan
O00600;C0534;P233;2025-03-04;4;0,38;App;11.11
O00601;C0033;P275;2025-12-29;1;0,15;Website;None
O00602;C0321;P054;2024-06-14;1;0,33;Website;None
O00603;C0376;P058;2025-09-29;4;0,11;Tokopedia;Ramadhan
O00604;C0017;P226;2025-10-03;1;0,04;Website;Ramadhan
O00605;C0767;P026;2025-03-24;5;0,05;Shopee;11.11
O00606;C0553;P265;2025-11-26;5;0,31;Website;12.12
O00607;C0120;P038;2025-04-02;3;0,24;Tokopedia;12.12
O00608;C0100;P070;2025-06-08;1;0,26;Tokopedia;Ramadhan
O00609;C0697;P097;2025-02-12;4;0,34;Tokopedia;12.12
O00610;C0056;P001;2025-07-06;5;0,08;Tokopedia;Ramadhan
O00611;C0229;P104;2024-08-07;5;0,19;Shopee;Ramadhan
O00612;C0098;P199;2025-06-03;1;0,24;Website;12.12
O00613;C0617;P220;2024-12-23;2;0,23;Website;Ramadhan
O00614;C0766;P232;2025-12-28;1;0,08;Shopee;11.11
O00615;C0068;P217;2025-10-13;2;0,05;Tokopedia;Ramadhan
O00616;C0906;P195;2025-12-23;3;0,26;Shopee;None
O00617;C0269;P247;2025-06-29;5;0,28;Tokopedia;Ramadhan
O00618;C0565;P137;2025-11-12;1;0,16;App;12.12
O00619;C0248;P019;2025-01-28;5;0,03;App;None
O00620;C0484;P006;2025-01-06;3;0,07;App;12.12
O00621;C0368;P111;2024-11-27;2;0,17;Tokopedia;Ramadhan
O00622;C0043;P056;2025-11-19;1;0,28;Tokopedia;Ramadhan
O00623;C0537;P277;2024-01-15;2;0,35;Shopee;Ramadhan
O00624;C0960;P086;2024-06-23;2;0,37;Tokopedia;Ramadhan
O00625;C0221;P111;2025-08-18;3;0,37;Tokopedia;11.11
O00626;C0585;P003;2025-02-20;3;0,34;Website;None
O00627;C0764;P144;2025-11-12;4;0,13;App;12.12
O00628;C0545;P025;2024-09-01;5;0,26;App;Ramadhan
O00629;C0875;P270;2024-01-27;4;0,17;Website;None
O00630;C0658;P160;2024-08-03;4;0,1;Website;12.12
O00631;C0908;P292;2024-06-27;5;0,33;Tokopedia;Ramadhan
O00632;C0781;P172;2025-08-03;3;0,01;App;12.12
O00633;C0808;P031;2024-08-29;1;0,02;Website;Ramadhan
O00634;C0771;P208;2025-03-30;4;0,31;App;None
O00635;C0165;P283;2025-07-02;4;0,02;Website;Ramadhan
O00636;C0339;P144;2025-02-20;1;0,39;Website;None
O00637;C0177;P083;2025-04-16;4;0,14;App;12.12
O00638;C0483;P282;2025-06-23;3;0,01;Tokopedia;11.11
O00639;C0249;P099;2025-09-25;2;0;Website;11.11
O00640;C0454;P101;2025-04-20;4;0,39;Tokopedia;12.12
O00641;C0632;P065;2024-01-14;1;0,25;Website;11.11
O00642;C0288;P087;2024-08-25;5;0,27;App;12.12
O00643;C0110;P208;2025-06-15;2;0,12;Website;11.11
O00644;C0642;P161;2025-01-22;4;0,38;Shopee;12.12
O00645;C0083;P199;2024-01-20;1;0,21;App;None
O00646;C0340;P100;2024-12-27;4;0,1;Website;Ramadhan
O00647;C0546;P263;2025-08-19;4;0,26;Website;None
O00648;C0896;P294;2025-05-03;4;0,37;Shopee;12.12
O00649;C0666;P246;2024-03-03;4;0,24;Website;Ramadhan
O00650;C0095;P296;2025-03-21;2;0,39;Tokopedia;Ramadhan
O00651;C0701;P128;2024-11-10;5;0,38;Shopee;None
O00652;C0161;P086;2024-05-18;4;0,31;Tokopedia;11.11
O00653;C0252;P027;2024-04-05;5;0,24;Shopee;None
O00654;C0726;P291;2024-11-30;4;0,33;Tokopedia;12.12
O00655;C0660;P187;2024-11-24;5;0,27;App;11.11
O00656;C0881;P029;2024-10-25;4;0,2;App;11.11
O00657;C0489;P282;2025-10-20;1;0,17;Shopee;11.11
O00658;C0248;P183;2024-08-31;1;0,2;Tokopedia;11.11
O00659;C0012;P272;2024-05-21;1;0,23;App;11.11
O00660;C0851;P292;2025-01-02;3;0,28;App;12.12
O00661;C0618;P112;2025-06-06;1;0,23;App;None
O00662;C0902;P290;2025-12-22;3;0,32;Website;Ramadhan
O00663;C0956;P114;2024-10-24;1;0,23;Shopee;Ramadhan
O00664;C0338;P125;2024-01-17;1;0,38;App;Ramadhan
O00665;C0789;P029;2024-02-07;5;0,18;Shopee;11.11
O00666;C0562;P163;2025-03-25;3;0,38;App;Ramadhan
O00667;C0417;P156;2025-01-16;2;0,04;Shopee;12.12
O00668;C0185;P075;2025-04-24;5;0,03;Tokopedia;None
O00669;C0325;P150;2024-12-05;1;0,35;Tokopedia;Ramadhan
O00670;C0116;P215;2024-11-27;3;0,27;Website;12.12
O00671;C0796;P267;2024-10-24;3;0,24;Shopee;12.12
O00672;C0324;P190;2024-08-23;4;0,28;Website;11.11
O00673;C0818;P246;2025-06-20;1;0,23;Shopee;Ramadhan
O00674;C0290;P216;2024-05-22;3;0,15;Website;Ramadhan
O00675;C0069;P029;2024-02-22;2;0,25;Shopee;None
O00676;C0691;P070;2025-12-28;2;0,25;Tokopedia;12.12
O00677;C0565;P104;2024-01-26;3;0,29;App;11.11
O00678;C0880;P030;2025-06-01;2;0,04;Shopee;Ramadhan
O00679;C0562;P118;2024-12-13;1;0,14;Tokopedia;None
O00680;C0671;P199;2024-09-29;1;0,35;Website;None
O00681;C0449;P204;2025-05-09;5;0,06;Website;11.11
O00682;C0105;P079;2024-02-14;4;0,13;Website;12.12
O00683;C0634;P162;2025-08-12;2;0,31;App;11.11
O00684;C0625;P026;2025-11-13;1;0,36;Website;11.11
O00685;C0321;P267;2024-08-11;2;0,31;App;Ramadhan
O00686;C0657;P138;2024-06-29;4;0,03;Tokopedia;11.11
O00687;C0866;P140;2024-04-25;1;0,13;App;Ramadhan
O00688;C0063;P131;2025-05-22;3;0,3;App;None
O00689;C0907;P196;2024-12-15;5;0,25;Tokopedia;11.11
O00690;C0868;P246;2025-04-02;3;0,24;Website;11.11
O00691;C0313;P133;2025-03-31;5;0,29;Tokopedia;12.12
O00692;C0770;P166;2024-06-18;2;0,1;Tokopedia;11.11
O00693;C0342;P237;2024-12-28;3;0,36;Shopee;12.12
O00694;C0603;P230;2025-07-24;3;0,19;Website;Ramadhan
O00695;C0680;P106;2024-02-20;4;0,03;App;11.11
O00696;C0636;P251;2025-03-30;4;0,08;Tokopedia;12.12
O00697;C0967;P210;2024-03-19;1;0,07;Tokopedia;None
O00698;C0554;P156;2024-02-08;3;0,26;Shopee;None
O00699;C0980;P184;2024-06-09;1;0,23;Website;Ramadhan
O00700;C0353;P080;2025-05-20;4;0,13;App;12.12
O00701;C0316;P176;2024-09-17;4;0,25;Website;None
O00702;C0683;P149;2025-09-29;5;0,16;Shopee;12.12
O00703;C0556;P212;2024-02-20;1;0,4;Shopee;Ramadhan
O00704;C0938;P022;2024-08-27;4;0,03;Shopee;None
O00705;C0997;P247;2024-05-10;1;0,24;Tokopedia;Ramadhan
O00706;C0013;P214;2024-11-11;3;0,25;Website;11.11
O00707;C0173;P274;2025-09-16;1;0,34;Shopee;Ramadhan
O00708;C0131;P096;2025-09-02;1;0,34;App;12.12
O00709;C0962;P025;2025-11-14;1;0,06;App;Ramadhan
O00710;C0425;P184;2024-09-28;2;0,2;App;11.11
O00711;C0910;P108;2024-05-18;4;0,15;Shopee;11.11
O00712;C0625;P171;2025-01-02;4;0,29;Website;11.11
O00713;C0701;P009;2025-06-02;2;0,16;App;Ramadhan
O00714;C0723;P039;2025-08-27;5;0,28;Tokopedia;12.12
O00715;C0410;P259;2025-02-17;3;0,34;Tokopedia;11.11
O00716;C0753;P084;2025-03-04;1;0,12;Website;Ramadhan
O00717;C0059;P184;2024-01-30;2;0,02;Tokopedia;12.12
O00718;C0540;P216;2025-06-22;1;0,15;Shopee;Ramadhan
O00719;C0897;P255;2025-06-30;4;0,28;Shopee;None
O00720;C0361;P032;2024-06-19;1;0,01;App;12.12
O00721;C0890;P142;2024-07-30;3;0,11;Tokopedia;12.12
O00722;C0146;P225;2024-11-03;5;0,39;Shopee;11.11
O00723;C0798;P272;2024-02-17;5;0,23;Website;11.11
O00724;C0483;P006;2025-12-29;3;0,3;App;Ramadhan
O00725;C0568;P109;2025-02-16;2;0,2;Website;12.12
O00726;C0634;P299;2025-06-25;3;0,31;Website;12.12
O00727;C0947;P129;2024-12-22;5;0,36;Website;11.11
O00728;C0290;P247;2025-06-22;1;0,35;App;11.11
O00729;C0590;P224;2024-06-27;1;0,33;Website;Ramadhan
O00730;C0378;P069;2024-07-31;4;0,22;Website;12.12
O00731;C0190;P055;2024-02-09;2;0,38;App;11.11
O00732;C0704;P232;2025-01-11;1;0,17;Tokopedia;11.11
O00733;C0519;P128;2024-10-15;1;0,19;Website;12.12
O00734;C0825;P285;2024-06-03;5;0,21;App;11.11
O00735;C0348;P264;2025-07-03;2;0,08;Shopee;Ramadhan
O00736;C0294;P297;2025-10-30;4;0,29;Tokopedia;12.12
O00737;C0397;P213;2024-03-21;2;0,19;App;12.12
O00738;C0990;P249;2025-08-18;4;0,32;App;11.11
O00739;C0330;P177;2025-10-08;4;0,03;Website;Ramadhan
O00740;C0456;P052;2025-04-28;3;0,11;Tokopedia;12.12
O00741;C0746;P122;2024-10-12;1;0,06;Shopee;Ramadhan
O00742;C0925;P215;2025-08-24;3;0,1;App;11.11
O00743;C0597;P039;2025-01-13;5;0,34;App;12.12
O00744;C0581;P188;2025-05-12;5;0,2;App;11.11
O00745;C0269;P132;2025-10-20;1;0,13;Website;None
O00746;C0001;P103;2025-02-02;2;0,35;Website;Ramadhan
O00747;C0384;P058;2024-09-17;4;0,2;Website;12.12
O00748;C0509;P023;2024-10-21;2;0,04;Shopee;12.12
O00749;C0043;P061;2024-04-17;4;0,29;Website;Ramadhan
O00750;C0100;P059;2025-11-29;4;0,16;Website;12.12
O00751;C0633;P052;2024-06-03;2;0,09;Website;Ramadhan
O00752;C0621;P278;2025-11-08;2;0,08;Tokopedia;12.12
O00753;C0600;P058;2025-07-30;2;0,24;Shopee;12.12
O00754;C0034;P201;2024-04-10;4;0,25;Tokopedia;Ramadhan
O00755;C0283;P086;2024-11-19;1;0,09;Website;12.12
O00756;C0794;P076;2024-11-25;3;0,39;Website;None
O00757;C0286;P230;2025-12-27;3;0,06;Website;11.11
O00758;C0127;P220;2025-07-09;4;0,17;Tokopedia;Ramadhan
O00759;C0201;P054;2024-03-11;2;0,35;Shopee;11.11
O00760;C0609;P171;2024-03-08;1;0,36;Tokopedia;None
O00761;C0566;P127;2024-08-13;3;0,18;Website;Ramadhan
O00762;C0222;P299;2024-10-24;3;0;Shopee;Ramadhan
O00763;C0417;P279;2024-12-15;3;0,06;App;11.11
O00764;C0786;P288;2025-02-02;3;0,15;Website;None
O00765;C0271;P300;2024-05-29;3;0,22;App;11.11
O00766;C0922;P117;2025-11-15;3;0,02;App;None
O00767;C0668;P231;2024-03-18;4;0,12;Shopee;12.12
O00768;C0210;P066;2025-10-20;3;0,23;Shopee;Ramadhan
O00769;C0895;P228;2025-03-20;1;0,06;App;None
O00770;C0759;P130;2024-08-03;3;0,22;Tokopedia;11.11
O00771;C0830;P252;2025-08-03;5;0,25;Tokopedia;11.11
O00772;C0222;P199;2025-11-25;4;0,33;Shopee;Ramadhan
O00773;C0927;P207;2024-02-04;4;0,06;App;12.12
O00774;C0935;P171;2025-03-22;1;0,3;App;11.11
O00775;C0996;P197;2024-12-31;2;0,29;App;12.12
O00776;C0689;P212;2025-08-03;3;0,05;App;Ramadhan
O00777;C0660;P123;2024-09-27;3;0,14;Shopee;Ramadhan
O00778;C0015;P190;2025-01-16;4;0,08;Tokopedia;11.11
O00779;C0184;P096;2024-11-24;5;0,34;App;None
O00780;C0457;P131;2024-09-03;2;0,34;Shopee;Ramadhan
O00781;C0928;P170;2025-09-07;4;0,05;App;Ramadhan
O00782;C0906;P125;2025-05-24;3;0,12;Tokopedia;11.11
O00783;C0487;P007;2025-04-27;4;0,33;Website;12.12
O00784;C0878;P174;2024-09-22;2;0,18;Shopee;12.12
O00785;C0797;P082;2024-03-04;4;0,24;App;11.11
O00786;C0776;P246;2024-06-25;4;0,31;Tokopedia;11.11
O00787;C0479;P043;2024-03-05;5;0,08;App;11.11
O00788;C0952;P008;2024-04-13;3;0,03;App;None
O00789;C0816;P004;2024-03-17;2;0,3;Tokopedia;11.11
O00790;C0952;P238;2024-01-11;1;0,1;Tokopedia;11.11
O00791;C0858;P164;2025-01-04;3;0,35;Shopee;12.12
O00792;C0623;P169;2024-03-14;3;0,38;Website;11.11
O00793;C0689;P026;2025-02-28;3;0,15;App;None
O00794;C0732;P213;2024-01-19;3;0,15;App;11.11
O00795;C0034;P076;2025-01-13;2;0,25;Shopee;12.12
O00796;C0853;P206;2025-05-20;2;0,33;App;12.12
O00797;C0656;P039;2024-04-10;3;0,16;Website;Ramadhan
O00798;C0859;P067;2025-09-10;3;0,17;Tokopedia;12.12
O00799;C0993;P119;2025-05-08;2;0,17;Shopee;12.12
O00800;C0157;P167;2024-10-03;3;0,13;App;None
O00801;C0243;P193;2025-02-04;2;0,33;Website;None
O00802;C0959;P242;2024-10-29;5;0,07;Shopee;11.11
O00803;C0653;P217;2024-02-28;5;0,2;Tokopedia;11.11
O00804;C0075;P202;2025-08-17;5;0,11;Shopee;None
O00805;C0498;P047;2025-03-09;1;0,38;Shopee;12.12
O00806;C0670;P098;2024-08-16;3;0,01;App;11.11
O00807;C0382;P232;2024-06-16;1;0,13;Tokopedia;11.11
O00808;C0783;P051;2025-06-22;1;0,38;Website;None
O00809;C0662;P093;2025-03-17;4;0,35;Shopee;Ramadhan
O00810;C0987;P116;2024-08-09;5;0,27;Shopee;12.12
O00811;C0297;P233;2025-05-13;5;0,32;App;11.11
O00812;C0674;P208;2024-03-17;3;0,11;Tokopedia;12.12
O00813;C0545;P178;2024-07-26;1;0,17;Shopee;12.12
O00814;C0808;P017;2024-12-04;5;0,03;Tokopedia;12.12
O00815;C0742;P132;2025-04-14;2;0,31;Shopee;None
O00816;C0117;P278;2024-04-23;1;0,25;Tokopedia;12.12
O00817;C0246;P296;2025-08-02;3;0,26;App;11.11
O00818;C0009;P068;2024-10-26;5;0,05;App;None
O00819;C0041;P163;2024-02-11;1;0,33;Website;11.11
O00820;C0712;P150;2025-07-31;2;0,14;Website;None
O00821;C0739;P137;2024-12-18;1;0,27;Tokopedia;Ramadhan
O00822;C0111;P096;2024-05-25;4;0,29;Website;12.12
O00823;C0435;P032;2025-12-22;3;0,38;Tokopedia;11.11
O00824;C0369;P176;2025-12-13;5;0,17;App;11.11
O00825;C0982;P039;2025-07-10;5;0,16;App;12.12
O00826;C0553;P225;2024-03-11;5;0,28;Website;None
O00827;C0014;P279;2024-01-10;5;0,28;Shopee;Ramadhan
O00828;C0237;P239;2025-02-02;3;0,34;Shopee;12.12
O00829;C0942;P212;2025-09-20;5;0,39;Shopee;11.11
O00830;C0608;P023;2024-04-12;5;0,19;Tokopedia;11.11
O00831;C0754;P129;2024-04-16;4;0,04;Tokopedia;None
O00832;C0304;P101;2024-07-31;4;0,27;Shopee;Ramadhan
O00833;C0522;P181;2024-09-03;5;0,05;Shopee;12.12
O00834;C0691;P280;2024-03-04;4;0,2;Website;None
O00835;C0254;P007;2024-11-03;1;0,06;Website;12.12
O00836;C0001;P141;2024-06-05;4;0,33;App;Ramadhan
O00837;C0676;P262;2025-09-13;4;0,02;Website;None
O00838;C0072;P046;2024-09-05;2;0,36;Shopee;11.11
O00839;C0455;P134;2024-08-17;1;0,32;Tokopedia;11.11
O00840;C0337;P062;2024-09-15;1;0,39;Tokopedia;Ramadhan
O00841;C0683;P001;2025-09-19;5;0,33;App;11.11
O00842;C0999;P061;2025-04-19;1;0,11;Shopee;Ramadhan
O00843;C0804;P078;2024-12-18;5;0,12;Website;None
O00844;C0177;P120;2024-06-14;5;0,09;Tokopedia;12.12
O00845;C0558;P234;2025-01-14;5;0,2;Tokopedia;11.11
O00846;C0377;P246;2024-05-10;1;0;Website;Ramadhan
O00847;C0672;P154;2024-02-08;2;0,1;App;Ramadhan
O00848;C0795;P288;2025-05-26;2;0,2;Tokopedia;11.11
O00849;C0988;P255;2025-03-09;5;0,24;Shopee;None
O00850;C0821;P111;2025-05-15;1;0,1;Website;12.12
O00851;C0648;P248;2024-01-19;5;0,07;Website;None
O00852;C0468;P020;2025-11-19;4;0,1;App;11.11
O00853;C0048;P052;2025-05-25;5;0,2;Shopee;Ramadhan
O00854;C0400;P283;2024-10-27;4;0,16;Shopee;11.11
O00855;C0990;P295;2025-08-17;2;0,05;Shopee;Ramadhan
O00856;C0587;P033;2025-10-17;2;0,31;Website;None
O00857;C0262;P225;2024-03-15;4;0,28;Tokopedia;Ramadhan
O00858;C0983;P081;2025-03-12;4;0,22;App;12.12
O00859;C0849;P130;2024-02-03;4;0,29;Tokopedia;None
O00860;C0757;P120;2025-10-09;3;0,13;Tokopedia;12.12
O00861;C0295;P169;2024-08-08;3;0,09;Tokopedia;None
O00862;C0253;P184;2025-11-28;2;0;App;12.12
O00863;C0134;P277;2024-10-23;3;0,26;Shopee;12.12
O00864;C0449;P081;2025-09-03;4;0,15;Shopee;12.12
O00865;C0412;P196;2025-05-21;3;0,23;Website;11.11
O00866;C0188;P011;2024-12-11;1;0,03;Website;Ramadhan
O00867;C0596;P141;2024-06-25;4;0,22;Tokopedia;None
O00868;C0450;P150;2024-03-08;4;0,09;Tokopedia;12.12
O00869;C0595;P006;2024-10-23;3;0,06;Website;12.12
O00870;C0285;P135;2025-11-02;3;0,02;Tokopedia;Ramadhan
O00871;C0107;P235;2025-12-14;2;0,26;Shopee;Ramadhan
O00872;C0827;P048;2025-08-15;2;0,3;Shopee;11.11
O00873;C0482;P103;2025-03-25;1;0,3;Tokopedia;None
O00874;C0750;P125;2025-12-20;1;0,32;App;Ramadhan
O00875;C0548;P143;2025-12-29;4;0,13;Tokopedia;Ramadhan
O00876;C0225;P182;2024-04-14;2;0,29;Shopee;Ramadhan
O00877;C0578;P156;2024-07-11;3;0,2;App;11.11
O00878;C0083;P219;2024-11-08;2;0,12;Tokopedia;None
O00879;C0527;P025;2024-03-31;3;0,02;App;12.12
O00880;C0999;P031;2024-05-21;2;0,25;Tokopedia;12.12
O00881;C0465;P034;2025-01-03;5;0,12;Website;12.12
O00882;C0960;P055;2025-01-12;5;0,31;Website;None
O00883;C0495;P246;2025-05-06;4;0,11;Shopee;12.12
O00884;C0370;P042;2025-05-09;3;0,36;Tokopedia;11.11
O00885;C0854;P035;2024-07-04;4;0,25;App;11.11
O00886;C0929;P115;2025-10-15;2;0,11;Shopee;Ramadhan
O00887;C0393;P183;2024-12-05;4;0,08;Tokopedia;11.11
O00888;C0235;P140;2025-10-26;4;0,25;Shopee;11.11
O00889;C0529;P098;2024-01-06;3;0,01;Tokopedia;11.11
O00890;C0886;P133;2024-05-06;4;0,3;App;None
O00891;C0005;P289;2024-02-22;2;0,28;Tokopedia;None
O00892;C0699;P244;2025-05-06;2;0,05;Tokopedia;Ramadhan
O00893;C0420;P170;2024-10-01;1;0,27;Website;Ramadhan
O00894;C0199;P269;2024-06-30;5;0,12;Tokopedia;11.11
O00895;C0493;P008;2024-01-24;4;0,31;Website;11.11
O00896;C0271;P273;2025-08-31;3;0,32;Tokopedia;None
O00897;C0853;P016;2024-10-16;1;0,25;App;None
O00898;C0472;P093;2025-06-22;2;0,22;Tokopedia;Ramadhan
O00899;C0524;P006;2024-06-16;5;0,34;Tokopedia;11.11
O00900;C0435;P232;2024-01-09;3;0,19;Shopee;Ramadhan
O00901;C0685;P021;2024-12-15;2;0,23;App;11.11
O00902;C0372;P057;2025-01-31;1;0,14;Shopee;11.11
O00903;C0215;P104;2025-10-04;4;0,03;Website;None
O00904;C0248;P271;2025-11-05;5;0,01;Website;12.12
O00905;C0531;P237;2025-10-05;3;0,19;Tokopedia;12.12
O00906;C0113;P107;2024-04-14;1;0,06;Tokopedia;None
O00907;C0408;P044;2024-07-23;1;0,01;App;11.11
O00908;C0234;P183;2025-09-14;1;0,03;App;None
O00909;C0988;P018;2024-07-01;4;0,25;Tokopedia;12.12
O00910;C0770;P170;2025-08-10;4;0,09;Website;Ramadhan
O00911;C0415;P090;2024-01-28;2;0,19;App;11.11
O00912;C0506;P078;2024-10-06;2;0,03;App;12.12
O00913;C0219;P194;2024-03-28;4;0,36;Tokopedia;11.11
O00914;C0065;P074;2024-03-09;5;0,22;Tokopedia;Ramadhan
O00915;C0434;P266;2025-08-26;1;0,15;App;12.12
O00916;C0188;P112;2025-11-12;5;0,31;Shopee;None
O00917;C0738;P098;2025-04-18;4;0,37;Shopee;11.11
O00918;C0104;P101;2024-11-27;4;0,02;Website;Ramadhan
O00919;C0764;P019;2024-09-27;3;0,03;App;11.11
O00920;C0055;P230;2024-10-19;2;0,33;App;12.12
O00921;C0861;P040;2025-01-10;1;0,05;Tokopedia;None
O00922;C0051;P282;2025-03-16;1;0,11;Website;Ramadhan
O00923;C0769;P285;2024-08-09;5;0,25;App;11.11
O00924;C0725;P091;2025-02-03;2;0;Website;Ramadhan
O00925;C0846;P013;2025-03-07;5;0,37;Website;Ramadhan
O00926;C0338;P148;2024-12-06;4;0,22;Website;Ramadhan
O00927;C0124;P293;2024-04-09;4;0,37;Tokopedia;None
O00928;C0723;P209;2025-04-16;4;0,11;Tokopedia;None
O00929;C0284;P059;2024-08-02;3;0,24;App;11.11
O00930;C0571;P250;2024-04-20;3;0,18;Tokopedia;Ramadhan
O00931;C0796;P114;2024-04-16;3;0,14;Website;11.11
O00932;C0387;P058;2024-01-26;3;0,29;App;Ramadhan
O00933;C0501;P067;2025-03-24;3;0,18;Shopee;Ramadhan
O00934;C0503;P091;2025-10-06;4;0,06;Website;12.12
O00935;C0981;P121;2024-05-10;5;0,09;App;11.11
O00936;C0422;P229;2025-05-21;4;0,08;Shopee;12.12
O00937;C0914;P068;2024-08-31;2;0,03;App;12.12
O00938;C0899;P042;2024-05-08;4;0,06;Website;11.11
O00939;C0051;P180;2024-12-22;3;0,12;Tokopedia;None
O00940;C0218;P037;2024-01-26;1;0,13;Website;Ramadhan
O00941;C0965;P184;2025-11-29;1;0,28;App;12.12
O00942;C0019;P115;2024-12-21;3;0,25;Website;12.12
O00943;C0671;P230;2024-11-19;5;0,38;Shopee;Ramadhan
O00944;C0994;P277;2024-03-21;2;0,09;Tokopedia;Ramadhan
O00945;C0972;P028;2024-03-04;3;0,14;Tokopedia;11.11
O00946;C0420;P029;2024-11-11;1;0,23;App;11.11
O00947;C0744;P126;2024-10-03;1;0,35;Tokopedia;None
O00948;C0056;P087;2025-09-26;3;0,13;Shopee;Ramadhan
O00949;C0685;P007;2025-05-26;5;0,23;Shopee;11.11
O00950;C0199;P032;2025-03-22;3;0,33;App;None
O00951;C0810;P251;2024-04-06;3;0,09;Website;12.12
O00952;C0611;P232;2024-12-25;4;0,01;Tokopedia;None
O00953;C0902;P074;2025-09-11;1;0,29;Tokopedia;11.11
O00954;C0365;P004;2025-04-08;4;0,29;Website;11.11
O00955;C0405;P079;2025-07-28;4;0,36;App;Ramadhan
O00956;C0976;P145;2024-05-15;2;0,18;Shopee;11.11
O00957;C0240;P072;2024-01-19;4;0,22;Website;12.12
O00958;C0390;P058;2024-12-18;1;0,14;App;Ramadhan
O00959;C0155;P164;2024-05-15;2;0,26;Tokopedia;None
O00960;C0735;P075;2024-03-26;3;0,27;App;12.12
O00961;C0471;P204;2025-07-28;5;0,35;Shopee;Ramadhan
O00962;C0280;P032;2024-04-22;4;0,1;Shopee;12.12
O00963;C0739;P157;2025-05-04;4;0,01;Website;12.12
O00964;C0266;P052;2025-07-25;2;0,23;App;12.12
O00965;C0785;P113;2025-06-25;2;0,03;Tokopedia;None
O00966;C0248;P125;2024-07-12;3;0,14;Shopee;Ramadhan
O00967;C0335;P299;2025-03-26;4;0,4;Shopee;11.11
O00968;C0003;P075;2024-09-27;3;0,04;Tokopedia;Ramadhan
O00969;C0782;P036;2024-01-06;2;0,33;App;11.11
O00970;C0648;P150;2024-11-23;1;0,35;Tokopedia;12.12
O00971;C0197;P071;2025-03-30;4;0,17;App;None
O00972;C0035;P130;2024-01-10;4;0,13;Shopee;11.11
O00973;C0726;P143;2024-09-03;4;0,07;Website;Ramadhan
O00974;C0647;P135;2025-11-29;5;0,37;Shopee;None
O00975;C0971;P058;2024-10-31;4;0,11;App;11.11
O00976;C0319;P169;2024-07-25;2;0,14;Tokopedia;Ramadhan
O00977;C0526;P081;2025-03-31;2;0,17;Tokopedia;Ramadhan
O00978;C0430;P172;2024-03-17;3;0,39;App;11.11
O00979;C0008;P044;2025-11-17;1;0,25;App;None
O00980;C0012;P287;2024-01-03;2;0,28;Shopee;None
O00981;C0351;P106;2024-12-10;5;0,05;App;11.11
O00982;C0932;P099;2024-02-13;4;0,38;Tokopedia;12.12
O00983;C0732;P298;2025-02-02;3;0,32;App;None
O00984;C0462;P294;2025-03-08;4;0,19;Website;None
O00985;C0824;P274;2025-11-23;1;0,28;Shopee;Ramadhan
O00986;C0335;P040;2025-05-14;5;0,25;App;None
O00987;C0524;P172;2025-12-07;4;0,23;App;12.12
O00988;C0805;P079;2025-03-15;5;0,27;Website;Ramadhan
O00989;C0319;P024;2024-09-24;5;0,36;Website;11.11
O00990;C0989;P241;2024-01-24;1;0,36;Tokopedia;None
O00991;C0225;P282;2025-06-25;5;0,35;Website;Ramadhan
O00992;C0378;P181;2025-11-20;4;0,02;Tokopedia;11.11
O00993;C0939;P054;2024-04-22;4;0,37;Shopee;None
O00994;C0894;P105;2025-11-01;1;0,17;Tokopedia;Ramadhan
O00995;C0889;P137;2024-07-16;4;0,02;Shopee;12.12
O00996;C0952;P295;2025-12-01;4;0,12;Shopee;12.12
O00997;C0934;P191;2024-11-04;1;0,37;Shopee;11.11
O00998;C0709;P290;2025-11-24;5;0,3;Tokopedia;None
O00999;C0004;P030;2024-02-17;5;0,27;Website;11.11
O01000;C0852;P095;2024-12-29;5;0,32;Tokopedia;Ramadhan
O01001;C0328;P257;2025-11-20;5;0,02;Website;12.12
O01002;C0556;P273;2025-09-18;1;0,11;Website;11.11
O01003;C0873;P038;2025-09-04;2;0,03;Website;12.12
O01004;C0100;P039;2025-12-18;3;0,05;Website;12.12
O01005;C0051;P112;2025-09-08;3;0,35;Tokopedia;None
O01006;C0382;P248;2024-01-21;5;0,07;App;12.12
O01007;C0925;P037;2024-02-14;4;0,11;Shopee;Ramadhan
O01008;C0264;P288;2024-04-15;1;0,39;Shopee;11.11
O01009;C0332;P130;2024-10-22;3;0,31;Tokopedia;Ramadhan
O01010;C0220;P021;2025-10-02;5;0,08;App;12.12
O01011;C0172;P117;2025-08-19;4;0,38;Shopee;12.12
O01012;C0663;P119;2024-03-08;1;0,27;Tokopedia;Ramadhan
O01013;C0545;P129;2025-12-25;5;0,32;Tokopedia;11.11
O01014;C0993;P262;2025-10-28;2;0,27;App;11.11
O01015;C0124;P293;2024-04-01;4;0,29;Shopee;12.12
O01016;C0499;P116;2025-12-31;5;0,11;App;Ramadhan
O01017;C0077;P271;2025-11-12;5;0,29;Tokopedia;None
O01018;C0910;P040;2024-05-08;4;0,19;Website;12.12
O01019;C0134;P023;2025-10-21;3;0,19;App;12.12
O01020;C0227;P068;2024-10-07;1;0,07;Shopee;11.11
O01021;C0977;P067;2024-02-06;2;0,36;App;12.12
O01022;C0094;P258;2024-10-12;1;0,28;Shopee;None
O01023;C0905;P062;2025-01-04;3;0,12;Tokopedia;Ramadhan
O01024;C0994;P045;2025-02-27;4;0,01;Website;12.12
O01025;C0023;P038;2024-04-06;4;0,05;Website;None
O01026;C0238;P179;2024-01-15;2;0,01;Tokopedia;12.12
O01027;C0227;P297;2024-10-08;1;0,31;Tokopedia;Ramadhan
O01028;C0086;P226;2024-11-27;3;0,26;App;11.11
O01029;C0522;P021;2025-10-30;2;0,13;Website;11.11
O01030;C0015;P104;2024-10-11;4;0,35;Website;11.11
O01031;C0324;P019;2024-10-07;1;0,34;Website;11.11
O01032;C0933;P073;2025-12-02;4;0,18;Tokopedia;Ramadhan
O01033;C0323;P081;2025-07-08;1;0,19;Website;None
O01034;C0693;P058;2025-05-04;3;0,24;Tokopedia;None
O01035;C0920;P268;2025-03-05;4;0,36;App;Ramadhan
O01036;C0979;P015;2024-01-04;5;0,37;Shopee;None
O01037;C0714;P189;2025-10-28;1;0,09;Tokopedia;Ramadhan
O01038;C0716;P059;2025-07-10;4;0,36;Tokopedia;12.12
O01039;C0677;P130;2024-03-16;5;0,34;Website;12.12
O01040;C0135;P195;2024-01-25;1;0,26;Shopee;12.12
O01041;C0759;P144;2024-01-12;1;0,11;Tokopedia;12.12
O01042;C0609;P215;2024-07-25;2;0,21;Tokopedia;None
O01043;C0068;P211;2025-06-01;2;0,13;Website;None
O01044;C0816;P001;2025-03-18;4;0,04;Shopee;12.12
O01045;C0036;P261;2025-02-28;1;0,05;Tokopedia;11.11
O01046;C0142;P146;2024-11-22;1;0,02;App;11.11
O01047;C0412;P094;2024-12-24;1;0,36;Shopee;None
O01048;C0614;P097;2025-02-12;3;0,37;App;None
O01049;C0482;P198;2024-03-29;4;0,05;Website;Ramadhan
O01050;C0502;P002;2024-11-05;2;0,03;Tokopedia;Ramadhan
O01051;C0611;P054;2024-09-14;2;0,18;Tokopedia;Ramadhan
O01052;C0072;P180;2025-03-07;1;0,02;Shopee;None
O01053;C0739;P144;2024-09-22;5;0,19;Tokopedia;12.12
O01054;C0241;P206;2024-01-18;1;0,25;Shopee;11.11
O01055;C0256;P013;2024-03-13;2;0,34;Shopee;None
O01056;C0106;P062;2024-06-30;2;0,29;App;None
O01057;C0831;P038;2024-05-30;3;0,37;Website;None
O01058;C0357;P110;2024-11-09;4;0,4;Shopee;None
O01059;C0051;P204;2025-04-15;1;0,13;Shopee;None
O01060;C0609;P257;2024-02-08;2;0,14;Tokopedia;Ramadhan
O01061;C0546;P124;2025-06-11;5;0,14;Shopee;Ramadhan
O01062;C0663;P070;2025-01-11;4;0,3;Website;12.12
O01063;C0151;P228;2025-07-02;4;0,15;App;12.12
O01064;C0701;P056;2025-10-01;1;0,13;App;Ramadhan
O01065;C0363;P258;2024-06-10;2;0,05;Website;None
O01066;C0834;P118;2024-02-16;1;0,2;App;11.11
O01067;C0761;P151;2024-09-15;4;0,29;Website;12.12
O01068;C0364;P021;2025-11-24;3;0,09;Website;Ramadhan
O01069;C0951;P300;2024-02-16;1;0,18;App;Ramadhan
O01070;C0940;P160;2025-02-23;2;0,11;Website;Ramadhan
O01071;C0462;P171;2024-12-29;2;0,16;App;12.12
O01072;C0703;P235;2025-10-03;2;0,17;Tokopedia;12.12
O01073;C0660;P058;2024-08-24;2;0,21;Tokopedia;11.11
O01074;C0116;P230;2024-09-21;1;0,2;Tokopedia;Ramadhan
O01075;C0887;P131;2024-06-30;5;0,05;Shopee;None
O01076;C0545;P254;2024-11-08;4;0,19;App;12.12
O01077;C0198;P102;2025-06-07;5;0;Tokopedia;None
O01078;C0373;P205;2025-09-15;4;0,14;App;12.12
O01079;C0546;P031;2024-01-11;5;0,23;App;Ramadhan
O01080;C0110;P077;2024-01-20;3;0,14;Tokopedia;11.11
O01081;C0801;P148;2024-04-02;1;0,01;Shopee;None
O01082;C0077;P145;2025-07-30;3;0,19;App;12.12
O01083;C0133;P033;2024-07-13;2;0,3;App;11.11
O01084;C0799;P008;2025-10-18;5;0,01;App;12.12
O01085;C0205;P002;2024-01-22;2;0,17;Website;11.11
O01086;C0952;P229;2025-09-10;3;0,24;Tokopedia;12.12
O01087;C0478;P274;2025-07-24;5;0,37;Tokopedia;12.12
O01088;C0905;P161;2024-08-12;1;0,17;Shopee;None
O01089;C0808;P068;2025-03-04;5;0,17;Tokopedia;Ramadhan
O01090;C0334;P070;2024-08-18;4;0,17;Tokopedia;None
O01091;C0890;P028;2025-12-25;2;0,25;Shopee;None
O01092;C0161;P204;2025-05-22;4;0,3;Website;None
O01093;C0322;P085;2024-03-22;4;0,16;Website;Ramadhan
O01094;C0099;P065;2025-04-23;3;0,24;Tokopedia;None
O01095;C0097;P075;2025-10-16;4;0,25;Website;None
O01096;C0855;P198;2024-01-03;5;0,39;Tokopedia;11.11
O01097;C0770;P064;2025-04-03;4;0,08;App;11.11
O01098;C0137;P256;2024-02-09;2;0,15;Tokopedia;12.12
O01099;C0266;P173;2025-08-03;3;0,3;Shopee;None
O01100;C0653;P034;2025-08-25;4;0,01;Tokopedia;12.12
O01101;C0679;P177;2025-07-22;1;0,1;App;12.12
O01102;C0456;P118;2024-03-29;2;0,07;Shopee;Ramadhan
O01103;C0386;P297;2025-07-05;4;0,28;Website;12.12
O01104;C0369;P234;2024-10-24;3;0,05;Tokopedia;11.11
O01105;C0440;P093;2024-01-08;1;0,3;Tokopedia;Ramadhan
O01106;C0432;P265;2025-05-16;4;0,07;Shopee;None
O01107;C0811;P290;2024-02-10;2;0,35;Website;None
O01108;C0837;P162;2024-04-30;4;0,01;Tokopedia;None
O01109;C0307;P025;2025-05-31;1;0,04;Shopee;None
O01110;C0486;P247;2025-06-12;5;0,32;Tokopedia;11.11
O01111;C0536;P177;2025-03-10;5;0,28;Shopee;None
O01112;C0710;P049;2025-05-21;2;0,31;Shopee;12.12
O01113;C0882;P266;2025-10-10;5;0,08;Tokopedia;Ramadhan
O01114;C0143;P169;2024-04-03;4;0,2;Shopee;12.12
O01115;C0227;P267;2024-07-06;4;0,28;Website;12.12
O01116;C0914;P135;2025-02-24;5;0,15;Tokopedia;None
O01117;C0716;P269;2025-07-28;5;0,24;Tokopedia;11.11
O01118;C0276;P134;2025-12-22;1;0,01;Shopee;12.12
O01119;C0296;P151;2025-12-16;2;0,05;Shopee;11.11
O01120;C0945;P018;2024-04-21;1;0,12;Shopee;None
O01121;C0093;P281;2025-12-03;3;0,36;Website;11.11
O01122;C0614;P225;2025-07-29;3;0,31;App;12.12
O01123;C0174;P139;2025-02-01;4;0,24;App;Ramadhan
O01124;C0411;P035;2024-01-24;5;0,31;App;11.11
O01125;C0908;P147;2024-04-18;4;0,26;App;None
O01126;C0313;P227;2025-02-10;5;0,14;App;None
O01127;C0842;P064;2025-02-27;3;0,29;Website;12.12
O01128;C0172;P300;2024-12-31;5;0,17;Tokopedia;11.11
O01129;C0524;P182;2025-04-08;1;0,39;Shopee;None
O01130;C0972;P144;2025-10-02;1;0,28;Shopee;12.12
O01131;C0634;P222;2025-01-29;4;0,18;Tokopedia;None
O01132;C0300;P060;2024-03-05;4;0,39;Tokopedia;Ramadhan
O01133;C0922;P224;2025-05-02;2;0,31;Shopee;None
O01134;C0816;P151;2024-09-29;4;0,26;Tokopedia;None
O01135;C0795;P025;2025-08-15;3;0,23;Website;None
O01136;C0907;P187;2024-07-20;3;0,15;Shopee;None
O01137;C0216;P073;2025-11-25;1;0,2;App;Ramadhan
O01138;C0477;P226;2024-12-17;2;0,28;App;12.12
O01139;C0943;P109;2024-09-08;5;0,3;Website;11.11
O01140;C0336;P198;2025-03-13;2;0,25;Website;12.12
O01141;C0456;P025;2025-06-05;4;0,01;App;None
O01142;C0564;P243;2025-06-20;5;0,19;Website;11.11
O01143;C0320;P027;2025-12-27;3;0,05;Website;11.11
O01144;C0261;P144;2024-07-14;5;0,05;Website;12.12
O01145;C0609;P124;2024-05-10;2;0,09;App;12.12
O01146;C0681;P156;2024-12-30;5;0,2;Tokopedia;None
O01147;C0043;P230;2024-07-13;3;0,22;Tokopedia;None
O01148;C0379;P055;2025-01-10;1;0,21;App;Ramadhan
O01149;C0944;P213;2024-06-13;3;0,36;Shopee;11.11
O01150;C0177;P268;2025-12-22;2;0,32;Tokopedia;11.11
O01151;C0380;P046;2025-04-07;3;0,18;Website;None
O01152;C0862;P255;2024-12-12;3;0,29;Tokopedia;None
O01153;C0999;P166;2025-07-29;3;0,19;App;Ramadhan
O01154;C0847;P247;2025-11-15;5;0,17;Shopee;Ramadhan
O01155;C0001;P300;2025-11-29;5;0,04;Website;Ramadhan
O01156;C0282;P158;2025-11-19;5;0,1;App;12.12
O01157;C0707;P093;2024-11-09;5;0,32;Website;11.11
O01158;C0970;P300;2024-11-01;2;0,14;Shopee;Ramadhan
O01159;C0329;P214;2024-08-14;2;0,29;Website;12.12
O01160;C0600;P262;2025-01-09;2;0,02;App;11.11
O01161;C0941;P261;2025-09-22;1;0,06;Tokopedia;12.12
O01162;C0623;P010;2024-10-09;2;0,18;Shopee;12.12
O01163;C0240;P103;2025-11-27;3;0,18;Website;11.11
O01164;C0765;P235;2025-06-01;1;0,01;Tokopedia;11.11
O01165;C0156;P135;2024-04-11;1;0,26;App;11.11
O01166;C0952;P230;2025-10-29;2;0,4;Website;12.12
O01167;C0308;P287;2024-09-27;3;0,23;Website;11.11
O01168;C0896;P268;2025-05-09;3;0,23;Website;Ramadhan
O01169;C0680;P181;2025-04-20;3;0,13;Website;None
O01170;C0629;P179;2025-04-25;1;0,03;App;Ramadhan
O01171;C0967;P010;2025-08-10;4;0,04;Shopee;12.12
O01172;C0856;P104;2025-12-01;3;0,06;Tokopedia;Ramadhan
O01173;C0924;P147;2025-06-06;3;0,29;Website;11.11
O01174;C0854;P238;2024-09-23;1;0,08;Website;11.11
O01175;C0386;P109;2024-08-14;1;0,02;Tokopedia;Ramadhan
O01176;C0620;P144;2025-12-13;3;0,01;Tokopedia;Ramadhan
O01177;C0566;P232;2025-12-15;4;0,12;App;11.11
O01178;C0647;P245;2025-10-16;4;0,32;App;11.11
O01179;C0817;P141;2024-11-08;5;0,05;App;12.12
O01180;C0064;P048;2025-03-12;1;0,2;Tokopedia;11.11
O01181;C0942;P204;2024-04-04;5;0,33;Tokopedia;11.11
O01182;C0062;P300;2024-07-14;1;0,32;Website;12.12
O01183;C0832;P282;2024-11-26;1;0,25;App;Ramadhan
O01184;C0083;P012;2025-08-28;3;0,27;Shopee;Ramadhan
O01185;C0691;P101;2025-04-11;1;0,34;Tokopedia;12.12
O01186;C0447;P060;2025-02-17;1;0,34;Tokopedia;Ramadhan
O01187;C0931;P034;2025-10-03;5;0,4;App;11.11
O01188;C0408;P103;2024-10-20;2;0,03;Tokopedia;11.11
O01189;C0007;P250;2025-11-20;1;0,33;Shopee;12.12
O01190;C0782;P090;2024-05-18;5;0,14;App;12.12
O01191;C0017;P207;2024-08-06;1;0,35;Shopee;Ramadhan
O01192;C0051;P296;2025-01-01;2;0,17;Website;11.11
O01193;C0813;P019;2025-03-26;4;0,01;Website;11.11
O01194;C0423;P103;2024-12-16;3;0,38;Tokopedia;11.11
O01195;C0164;P006;2025-10-06;5;0,07;Shopee;11.11
O01196;C0016;P223;2025-06-29;3;0,13;Shopee;None
O01197;C0961;P193;2025-02-18;1;0,11;Website;None
O01198;C0366;P132;2024-08-07;3;0,3;App;Ramadhan
O01199;C0588;P151;2024-10-15;2;0,31;Shopee;12.12
O01200;C0230;P166;2025-12-06;5;0,24;Shopee;11.11
O01201;C0494;P083;2024-06-28;4;0,01;Website;None
O01202;C0588;P168;2024-07-12;1;0,09;Tokopedia;Ramadhan
O01203;C0003;P191;2025-04-05;4;0,08;Shopee;Ramadhan
O01204;C0320;P222;2024-01-06;3;0,06;Tokopedia;11.11
O01205;C0677;P044;2025-08-27;5;0,25;Tokopedia;None
O01206;C0557;P226;2024-05-22;5;0,37;Tokopedia;11.11
O01207;C0803;P265;2025-12-17;3;0,03;Shopee;12.12
O01208;C0599;P102;2024-01-25;5;0,28;Tokopedia;None
O01209;C0406;P135;2024-12-13;2;0,14;App;None
O01210;C0393;P154;2025-02-04;5;0,36;Tokopedia;12.12
O01211;C0127;P282;2024-02-03;1;0,26;Tokopedia;None
O01212;C0142;P157;2025-09-11;2;0,04;Website;12.12
O01213;C0799;P097;2024-05-28;3;0,19;App;Ramadhan
O01214;C0786;P013;2025-01-03;3;0,14;Tokopedia;12.12
O01215;C0959;P297;2024-06-27;4;0,22;App;12.12
O01216;C0090;P067;2025-11-27;2;0,21;Tokopedia;11.11
O01217;C0156;P263;2025-09-06;3;0,13;Tokopedia;11.11
O01218;C0658;P183;2024-05-01;3;0,2;Shopee;12.12
O01219;C0612;P226;2025-12-02;2;0,31;Shopee;11.11
O01220;C0624;P166;2025-06-05;3;0,19;Website;None
O01221;C0139;P299;2024-06-29;5;0,1;Website;12.12
O01222;C0841;P194;2025-03-15;2;0,09;Tokopedia;Ramadhan
O01223;C0893;P242;2024-05-23;4;0,08;Shopee;Ramadhan
O01224;C0864;P123;2024-04-17;1;0,07;App;12.12
O01225;C0107;P264;2024-08-11;5;0,13;Shopee;None
O01226;C0676;P008;2024-02-28;3;0,18;Tokopedia;12.12
O01227;C0546;P002;2024-04-25;3;0,11;App;None
O01228;C0080;P203;2024-08-05;4;0,31;App;12.12
O01229;C0106;P296;2024-09-09;1;0,12;Tokopedia;11.11
O01230;C0552;P203;2024-01-17;5;0,33;App;12.12
O01231;C0209;P114;2024-05-30;2;0,21;Shopee;11.11
O01232;C0842;P108;2024-12-09;1;0,3;Website;12.12
O01233;C0320;P294;2024-06-12;1;0,28;App;12.12
O01234;C0995;P037;2025-05-20;1;0,13;Shopee;None
O01235;C0646;P149;2024-06-29;5;0,13;Shopee;None
O01236;C0582;P137;2024-12-08;3;0,31;Tokopedia;12.12
O01237;C0029;P253;2024-01-04;4;0,04;Tokopedia;Ramadhan
O01238;C0911;P053;2025-08-21;1;0,17;Shopee;Ramadhan
O01239;C0233;P143;2025-02-18;1;0,13;Website;11.11
O01240;C0484;P047;2024-07-15;1;0,19;Shopee;None
O01241;C0634;P176;2025-04-14;2;0,2;App;Ramadhan
O01242;C0404;P260;2025-02-03;3;0,1;Website;12.12
O01243;C0299;P162;2024-04-04;1;0,34;Website;Ramadhan
O01244;C0600;P050;2025-11-14;1;0,34;Shopee;None
O01245;C0573;P263;2025-08-04;4;0,07;Website;11.11
O01246;C0376;P032;2025-12-13;4;0,14;App;Ramadhan
O01247;C0609;P262;2025-09-12;3;0,03;Tokopedia;None
O01248;C0549;P108;2025-08-09;3;0,36;Tokopedia;12.12
O01249;C0959;P078;2025-08-06;2;0,07;Website;11.11
O01250;C0240;P269;2024-07-13;3;0,3;Tokopedia;12.12
O01251;C0268;P258;2025-10-25;5;0,39;Website;None
O01252;C0368;P208;2025-03-21;2;0,37;App;None
O01253;C0117;P172;2025-08-31;3;0,24;Shopee;None
O01254;C0946;P168;2024-09-11;2;0,39;Website;Ramadhan
O01255;C0754;P280;2025-10-16;4;0,37;Shopee;11.11
O01256;C0994;P201;2025-04-22;3;0,25;Shopee;12.12
O01257;C0037;P171;2025-07-13;3;0,36;Tokopedia;None
O01258;C0999;P085;2024-09-06;3;0,29;Website;12.12
O01259;C0896;P010;2024-12-27;5;0,03;Shopee;12.12
O01260;C0896;P277;2025-03-09;3;0,04;Tokopedia;Ramadhan
O01261;C0505;P287;2025-06-07;5;0,24;App;None
O01262;C0506;P117;2024-03-31;3;0,18;Website;None
O01263;C0657;P060;2024-08-04;3;0,39;Website;Ramadhan
O01264;C0525;P187;2025-08-31;1;0,34;Website;Ramadhan
O01265;C0857;P212;2025-04-29;4;0,34;Shopee;None
O01266;C0862;P044;2025-11-17;2;0,26;Website;12.12
O01267;C0323;P093;2025-01-03;1;0,07;Website;None
O01268;C0026;P240;2024-07-24;4;0,38;App;11.11
O01269;C0026;P182;2024-01-26;5;0,08;Shopee;12.12
O01270;C0840;P082;2025-08-12;1;0,28;App;12.12
O01271;C0544;P137;2024-04-01;5;0,04;Tokopedia;11.11
O01272;C0728;P130;2024-03-13;2;0,14;App;12.12
O01273;C0003;P127;2025-09-29;2;0,35;Tokopedia;12.12
O01274;C0009;P179;2025-07-28;1;0,11;App;12.12
O01275;C0384;P167;2025-06-22;4;0,01;Shopee;None
O01276;C0219;P222;2025-08-05;1;0,02;Shopee;Ramadhan
O01277;C0765;P059;2024-04-03;1;0,13;Shopee;None
O01278;C0339;P287;2025-07-02;2;0,27;Website;None
O01279;C0985;P072;2024-02-28;1;0,04;Shopee;11.11
O01280;C0280;P015;2025-09-18;3;0,23;App;11.11
O01281;C0264;P284;2024-12-05;1;0,25;Website;Ramadhan
O01282;C0666;P273;2024-11-08;5;0,25;App;None
O01283;C0062;P205;2024-07-16;3;0,27;Tokopedia;11.11
O01284;C0115;P072;2024-07-21;2;0,24;Tokopedia;None
O01285;C0438;P123;2024-08-18;4;0,08;Tokopedia;11.11
O01286;C0254;P226;2024-12-16;3;0,09;Website;Ramadhan
O01287;C0415;P212;2025-09-07;2;0,39;App;12.12
O01288;C0479;P066;2024-10-14;2;0,4;Website;11.11
O01289;C0268;P195;2024-11-30;5;0,08;Website;11.11
O01290;C0367;P137;2024-11-20;1;0,07;Tokopedia;Ramadhan
O01291;C0359;P016;2024-01-24;2;0,3;Website;Ramadhan
O01292;C0314;P300;2025-04-10;2;0,24;Tokopedia;Ramadhan
O01293;C0020;P240;2024-10-15;5;0,03;Website;None
O01294;C0628;P294;2025-04-20;1;0,21;Shopee;Ramadhan
O01295;C0466;P086;2025-05-06;4;0,29;Tokopedia;12.12
O01296;C0357;P139;2024-06-08;3;0,26;Website;Ramadhan
O01297;C0531;P113;2025-09-19;1;0,37;Shopee;Ramadhan
O01298;C0016;P106;2025-07-08;2;0,28;Shopee;None
O01299;C0820;P218;2024-11-09;5;0,16;Website;11.11
O01300;C0896;P177;2024-12-29;2;0,15;Shopee;None
O01301;C0059;P097;2024-07-04;5;0,28;Shopee;12.12
O01302;C0497;P284;2024-02-10;4;0,02;App;None
O01303;C0156;P192;2024-01-04;3;0,39;Tokopedia;None
O01304;C0692;P180;2025-05-28;2;0,34;Website;Ramadhan
O01305;C0644;P222;2025-06-21;3;0,13;Website;11.11
O01306;C0531;P240;2024-09-05;4;0,06;Tokopedia;Ramadhan
O01307;C0435;P045;2024-06-20;1;0,17;Tokopedia;12.12
O01308;C0129;P249;2024-08-19;5;0,14;App;Ramadhan
O01309;C0019;P001;2025-09-16;4;0,3;Shopee;None
O01310;C0525;P260;2024-09-08;1;0,31;App;Ramadhan
O01311;C0031;P251;2025-07-28;5;0,02;Shopee;Ramadhan
O01312;C0060;P213;2025-05-25;5;0,01;Shopee;11.11
O01313;C0815;P075;2024-01-29;2;0,33;Website;11.11
O01314;C0983;P244;2025-12-17;5;0;Shopee;None
O01315;C0940;P181;2025-11-16;4;0,05;Shopee;Ramadhan
O01316;C0674;P253;2025-03-27;4;0,39;Website;None
O01317;C0922;P065;2024-06-01;3;0,09;Tokopedia;None
O01318;C0660;P275;2024-01-28;3;0,33;Shopee;12.12
O01319;C0063;P210;2024-12-17;3;0,36;Website;None
O01320;C0212;P052;2024-08-01;5;0,18;Tokopedia;None
O01321;C0129;P224;2025-12-29;4;0,4;Tokopedia;Ramadhan
O01322;C0280;P038;2025-01-14;4;0,04;Tokopedia;None
O01323;C0414;P071;2024-08-06;2;0,02;App;Ramadhan
O01324;C0673;P213;2024-09-20;5;0,2;Website;12.12
O01325;C0084;P300;2024-04-12;1;0,18;App;None
O01326;C0433;P111;2024-04-30;3;0,11;App;12.12
O01327;C0161;P158;2024-03-21;3;0,18;Tokopedia;11.11
O01328;C0790;P172;2025-04-27;2;0,27;Tokopedia;Ramadhan
O01329;C0315;P239;2024-01-15;3;0,16;Website;None
O01330;C0551;P074;2025-10-11;3;0,21;App;Ramadhan
O01331;C0459;P025;2024-01-10;1;0,24;Tokopedia;12.12
O01332;C0307;P044;2024-06-13;3;0,16;App;12.12
O01333;C0267;P212;2025-01-08;1;0,25;Website;12.12
O01334;C0106;P130;2024-06-09;1;0,33;Website;Ramadhan
O01335;C0573;P205;2024-02-19;1;0,4;Website;12.12
O01336;C0460;P065;2025-09-15;3;0,08;Website;11.11
O01337;C0918;P032;2025-02-09;3;0,38;App;None
O01338;C0081;P230;2025-01-25;2;0,23;App;12.12
O01339;C0575;P010;2024-12-26;2;0,22;Website;None
O01340;C0199;P045;2025-10-07;2;0,14;Shopee;11.11
O01341;C0841;P068;2024-09-03;5;0,06;App;Ramadhan
O01342;C0541;P112;2024-09-14;3;0,36;App;12.12
O01343;C0065;P293;2024-10-05;2;0,03;Tokopedia;Ramadhan
O01344;C0174;P048;2025-02-27;5;0,21;Shopee;11.11
O01345;C0172;P295;2024-02-29;5;0,17;Website;12.12
O01346;C0777;P177;2024-07-26;3;0,08;Tokopedia;None
O01347;C0301;P083;2025-12-26;1;0,1;App;12.12
O01348;C0139;P168;2024-08-09;4;0,29;Shopee;11.11
O01349;C0383;P260;2025-09-27;1;0,06;App;12.12
O01350;C0094;P259;2025-09-11;3;0,23;App;12.12
O01351;C0618;P138;2024-12-02;2;0,02;Website;12.12
O01352;C0028;P188;2024-08-20;4;0,38;App;12.12
O01353;C0658;P061;2025-06-18;5;0,36;Tokopedia;None
O01354;C0024;P032;2024-07-30;3;0,02;Tokopedia;Ramadhan
O01355;C0913;P081;2025-10-27;5;0,19;Shopee;12.12
O01356;C0298;P018;2025-07-25;3;0,27;Tokopedia;None
O01357;C0176;P002;2024-08-16;5;0,2;App;None
O01358;C0555;P018;2024-09-28;1;0,2;App;11.11
O01359;C0656;P195;2024-12-12;4;0,35;Shopee;12.12
O01360;C0368;P216;2025-10-15;5;0,14;Tokopedia;None
O01361;C0973;P253;2024-01-15;3;0,12;App;12.12
O01362;C0291;P292;2025-02-21;1;0,39;Website;Ramadhan
O01363;C0584;P040;2025-07-01;3;0,25;Website;11.11
O01364;C0200;P004;2025-12-20;4;0,33;App;Ramadhan
O01365;C0914;P152;2025-02-16;4;0,3;Website;11.11
O01366;C0056;P086;2024-04-06;5;0,16;Website;None
O01367;C0747;P023;2024-04-09;5;0,39;Website;Ramadhan
O01368;C0703;P033;2024-09-30;3;0,35;Website;None
O01369;C0317;P207;2024-12-16;2;0,37;Shopee;11.11
O01370;C0304;P230;2025-09-15;5;0,3;Shopee;11.11
O01371;C0961;P117;2024-09-07;2;0,21;Website;None
O01372;C0064;P105;2025-06-07;1;0,28;Shopee;11.11
O01373;C0969;P163;2025-09-10;1;0,07;Shopee;11.11
O01374;C0896;P155;2024-02-25;2;0,14;Shopee;12.12
O01375;C0020;P271;2025-05-01;1;0,1;Website;11.11
O01376;C0841;P124;2024-04-02;1;0,26;Shopee;Ramadhan
O01377;C0807;P258;2024-05-09;2;0,3;Tokopedia;None
O01378;C0139;P068;2024-02-15;5;0,1;App;11.11
O01379;C0724;P287;2024-10-02;4;0,22;Tokopedia;None
O01380;C0842;P198;2025-04-07;1;0,33;Tokopedia;Ramadhan
O01381;C0144;P261;2025-09-17;2;0,1;App;Ramadhan
O01382;C0234;P059;2024-11-03;4;0,38;App;None
O01383;C0871;P086;2025-05-14;3;0,21;Shopee;None
O01384;C0645;P248;2024-12-11;5;0,4;Shopee;12.12
O01385;C0932;P270;2025-10-03;1;0,17;Tokopedia;Ramadhan
O01386;C0632;P137;2025-09-15;2;0,06;Shopee;None
O01387;C0436;P205;2025-06-29;3;0,03;App;None
O01388;C0998;P066;2024-05-03;2;0,18;Shopee;None
O01389;C0363;P055;2024-03-10;1;0,08;Website;11.11
O01390;C0165;P151;2025-01-30;1;0,35;Website;12.12
O01391;C0518;P075;2025-10-30;2;0,11;Tokopedia;11.11
O01392;C0479;P074;2024-02-11;2;0,37;Website;12.12
O01393;C0997;P226;2025-10-12;2;0,28;Shopee;Ramadhan
O01394;C0002;P064;2024-06-30;4;0,08;Website;12.12
O01395;C0123;P143;2025-08-07;2;0,22;App;12.12
O01396;C0339;P270;2024-02-24;3;0,12;Shopee;11.11
O01397;C0765;P063;2024-09-01;5;0,06;Website;11.11
O01398;C0115;P058;2025-11-12;1;0,37;Shopee;11.11
O01399;C0756;P136;2024-05-21;1;0,2;App;12.12
O01400;C0524;P072;2024-05-22;1;0,03;Shopee;12.12
O01401;C0188;P177;2024-04-08;1;0,16;App;11.11
O01402;C0699;P072;2024-04-05;5;0,04;Tokopedia;Ramadhan
O01403;C0322;P214;2024-05-07;4;0,1;App;None
O01404;C0476;P292;2024-04-27;5;0,19;Tokopedia;None
O01405;C0011;P175;2025-09-29;2;0,04;Shopee;12.12
O01406;C0873;P206;2025-12-18;1;0,31;Tokopedia;None
O01407;C0657;P240;2025-09-21;3;0,38;App;Ramadhan
O01408;C0921;P076;2024-07-06;1;0,27;Shopee;12.12
O01409;C0200;P232;2024-10-08;2;0,21;Tokopedia;11.11
O01410;C0101;P031;2024-10-12;1;0,3;Shopee;11.11
O01411;C0303;P164;2025-01-21;1;0,09;Tokopedia;None
O01412;C0986;P049;2024-11-17;5;0,39;Website;None
O01413;C0030;P077;2024-09-17;3;0,15;App;None
O01414;C0515;P002;2024-07-28;3;0,18;App;None
O01415;C0301;P167;2025-12-16;3;0,04;App;None
O01416;C0155;P061;2024-12-28;2;0,21;App;Ramadhan
O01417;C0958;P060;2025-02-05;3;0,02;Website;12.12
O01418;C0335;P090;2025-01-20;1;0,28;Shopee;12.12
O01419;C0192;P191;2025-06-22;3;0,31;Tokopedia;None
O01420;C0342;P191;2024-12-16;1;0,4;App;Ramadhan
O01421;C0538;P213;2025-01-16;1;0,05;Website;11.11
O01422;C0631;P223;2025-01-31;4;0,07;Website;Ramadhan
O01423;C0492;P029;2024-05-19;2;0,08;App;Ramadhan
O01424;C0070;P112;2025-01-03;2;0,15;Website;11.11
O01425;C0537;P074;2025-10-04;3;0,23;Website;11.11
O01426;C0246;P008;2025-05-20;3;0,39;App;Ramadhan
O01427;C0965;P233;2025-01-20;4;0,36;Shopee;11.11
O01428;C0764;P234;2024-12-30;3;0,05;Shopee;12.12
O01429;C0114;P071;2024-12-29;4;0,29;Shopee;Ramadhan
O01430;C0159;P274;2025-12-09;4;0,2;App;11.11
O01431;C0337;P153;2025-06-11;4;0,25;Shopee;12.12
O01432;C0687;P163;2024-08-27;4;0,05;Tokopedia;11.11
O01433;C0584;P229;2024-12-01;5;0,2;Shopee;11.11
O01434;C0403;P130;2024-10-14;1;0,38;App;11.11
O01435;C0555;P129;2024-11-11;4;0,24;Tokopedia;Ramadhan
O01436;C0500;P294;2024-10-26;5;0,15;Tokopedia;Ramadhan
O01437;C0518;P202;2024-05-04;2;0;Shopee;12.12
O01438;C0664;P057;2025-10-02;5;0,34;Tokopedia;Ramadhan
O01439;C0619;P180;2024-05-12;5;0,03;Tokopedia;None
O01440;C0195;P211;2025-02-11;1;0,34;Tokopedia;12.12
O01441;C0431;P200;2025-01-11;2;0,21;Website;11.11
O01442;C0381;P148;2024-12-24;3;0,35;App;Ramadhan
O01443;C0112;P161;2024-06-10;4;0,01;Tokopedia;11.11
O01444;C0494;P236;2024-05-13;4;0,29;App;11.11
O01445;C0828;P130;2024-02-27;1;0,38;Website;12.12
O01446;C0310;P229;2024-04-24;5;0,29;Tokopedia;11.11
O01447;C0109;P123;2025-10-02;4;0,13;App;12.12
O01448;C0188;P033;2025-11-20;2;0,12;App;Ramadhan
O01449;C0021;P227;2025-08-25;2;0,2;Shopee;11.11
O01450;C0980;P194;2024-11-23;4;0,33;Tokopedia;11.11
O01451;C0351;P109;2024-04-30;1;0,08;Website;None
O01452;C0385;P163;2024-05-17;5;0,3;Tokopedia;None
O01453;C0395;P129;2024-01-03;2;0,18;Tokopedia;None
O01454;C0387;P192;2024-12-08;3;0,19;Shopee;Ramadhan
O01455;C0732;P235;2024-03-30;3;0,1;Website;None
O01456;C0823;P017;2025-02-08;3;0,21;Shopee;Ramadhan
O01457;C0331;P275;2025-03-22;1;0,22;App;12.12
O01458;C0196;P097;2025-12-05;3;0,07;Shopee;11.11
O01459;C0867;P103;2024-12-16;1;0,13;Tokopedia;12.12
O01460;C0201;P112;2024-05-16;5;0,06;App;None
O01461;C0330;P222;2024-05-10;4;0,27;Shopee;Ramadhan
O01462;C0458;P197;2024-01-09;4;0,36;Tokopedia;12.12
O01463;C0334;P154;2024-05-08;2;0,29;Shopee;None
O01464;C0841;P291;2024-09-05;1;0,08;Tokopedia;Ramadhan
O01465;C0724;P220;2024-08-03;3;0,06;Tokopedia;12.12
O01466;C0374;P263;2025-04-27;1;0,36;Tokopedia;12.12
O01467;C0281;P228;2025-07-15;4;0,27;Tokopedia;None
O01468;C0108;P274;2025-02-16;3;0,39;App;12.12
O01469;C0168;P238;2025-03-30;1;0,01;Website;12.12
O01470;C0564;P281;2025-08-22;4;0,01;Tokopedia;Ramadhan
O01471;C0115;P055;2025-10-27;1;0,09;App;Ramadhan
O01472;C0593;P300;2024-02-28;3;0,14;Website;None
O01473;C0641;P162;2025-04-10;5;0,09;Website;11.11
O01474;C0137;P292;2025-07-31;1;0,23;Shopee;None
O01475;C0809;P067;2024-06-01;4;0,4;App;11.11
O01476;C0767;P101;2025-01-14;5;0,37;App;None
O01477;C0325;P110;2024-05-07;5;0,29;Shopee;11.11
O01478;C0341;P267;2024-11-30;4;0,29;App;Ramadhan
O01479;C0076;P082;2025-10-20;2;0,08;Shopee;Ramadhan
O01480;C0457;P111;2024-01-21;3;0,32;Shopee;Ramadhan
O01481;C0417;P199;2025-01-14;2;0,25;Website;Ramadhan
O01482;C0721;P191;2024-05-19;1;0,11;Tokopedia;None
O01483;C0319;P157;2025-01-26;4;0,16;Shopee;12.12
O01484;C0930;P139;2025-07-28;5;0,4;Shopee;12.12
O01485;C0737;P066;2025-01-22;3;0,15;Website;Ramadhan
O01486;C0518;P172;2025-02-15;5;0,19;App;Ramadhan
O01487;C0939;P071;2025-09-22;3;0;App;Ramadhan
O01488;C0828;P152;2024-08-16;1;0,25;Shopee;11.11
O01489;C0308;P281;2025-02-18;5;0,37;Website;None
O01490;C0753;P100;2024-06-27;5;0,03;Tokopedia;Ramadhan
O01491;C0743;P107;2024-09-20;4;0,26;App;Ramadhan
O01492;C0522;P161;2025-02-02;3;0,34;App;None
O01493;C0250;P149;2024-09-09;3;0,15;Website;Ramadhan
O01494;C0305;P236;2025-08-16;5;0,21;Shopee;None
O01495;C0438;P018;2024-01-27;2;0,15;Website;11.11
O01496;C0241;P276;2024-09-02;1;0,16;Tokopedia;11.11
O01497;C0758;P133;2024-02-23;2;0,05;App;12.12
O01498;C0350;P239;2025-12-14;2;0,07;Shopee;12.12
O01499;C0777;P265;2025-02-08;1;0,27;Shopee;None
O01500;C0008;P269;2024-09-19;3;0,14;Website;None
O01501;C0706;P269;2025-05-02;3;0,14;Shopee;None
O01502;C0608;P219;2025-09-27;1;0,02;Shopee;Ramadhan
O01503;C0665;P064;2025-03-27;5;0,14;Tokopedia;Ramadhan
O01504;C0304;P228;2025-09-20;3;0,27;Shopee;Ramadhan
O01505;C0847;P045;2024-09-06;5;0,29;Website;None
O01506;C0323;P001;2024-12-10;4;0,29;Tokopedia;Ramadhan
O01507;C0661;P113;2024-07-27;2;0,19;Website;12.12
O01508;C0782;P046;2024-04-10;3;0,24;App;Ramadhan
O01509;C0082;P211;2024-03-01;3;0,07;App;None
O01510;C0382;P264;2025-08-28;3;0,37;Shopee;Ramadhan
O01511;C0075;P037;2025-09-17;1;0,27;Website;Ramadhan
O01512;C0943;P244;2024-03-28;2;0,21;Website;Ramadhan
O01513;C0239;P256;2025-05-13;4;0,27;Tokopedia;12.12
O01514;C0509;P197;2025-10-22;3;0,34;Tokopedia;Ramadhan
O01515;C0133;P185;2025-11-02;2;0,38;Shopee;11.11
O01516;C0066;P014;2025-07-05;4;0,03;App;11.11
O01517;C0699;P179;2024-06-05;1;0,11;Shopee;12.12
O01518;C0276;P066;2024-08-16;1;0,04;Website;12.12
O01519;C0655;P124;2024-08-28;5;0,18;Tokopedia;Ramadhan
O01520;C0612;P030;2024-07-20;4;0,32;App;None
O01521;C0491;P116;2025-08-17;5;0,1;Shopee;Ramadhan
O01522;C0236;P187;2025-12-31;4;0,37;Website;None
O01523;C0736;P205;2024-06-24;5;0,38;App;11.11
O01524;C0523;P243;2024-09-14;4;0,39;App;None
O01525;C0262;P083;2024-07-10;2;0,2;Shopee;None
O01526;C0275;P172;2024-05-05;3;0,2;Website;11.11
O01527;C0159;P238;2025-07-10;4;0,14;Shopee;Ramadhan
O01528;C0919;P021;2025-09-17;4;0,26;Website;12.12
O01529;C0664;P008;2024-06-12;1;0,31;Website;11.11
O01530;C0356;P254;2024-06-28;1;0,27;Website;12.12
O01531;C0957;P051;2025-01-21;4;0,32;Shopee;None
O01532;C0024;P300;2025-05-22;5;0,35;Shopee;12.12
O01533;C0507;P283;2025-05-02;4;0,36;Tokopedia;None
O01534;C0724;P185;2025-07-07;4;0,38;Website;Ramadhan
O01535;C0004;P033;2024-01-31;2;0,33;App;Ramadhan
O01536;C0556;P088;2024-07-03;4;0,18;Tokopedia;12.12
O01537;C0927;P033;2025-05-13;4;0,13;Website;11.11
O01538;C0134;P140;2025-09-05;3;0,32;Website;11.11
O01539;C0902;P194;2025-11-24;1;0,36;App;None
O01540;C0118;P021;2024-02-18;4;0,01;Tokopedia;11.11
O01541;C0481;P022;2025-01-12;3;0;Shopee;Ramadhan
O01542;C0358;P039;2025-08-15;4;0,21;App;11.11
O01543;C0339;P014;2025-04-23;1;0,08;Tokopedia;Ramadhan
O01544;C0513;P061;2024-09-12;5;0,25;Website;11.11
O01545;C0982;P040;2024-08-07;3;0;Shopee;12.12
O01546;C0467;P180;2024-07-03;5;0,2;App;None
O01547;C0016;P287;2025-02-10;2;0,33;App;Ramadhan
O01548;C0356;P057;2024-02-09;5;0,02;Shopee;11.11
O01549;C0494;P065;2025-08-08;4;0,02;Tokopedia;12.12
O01550;C0575;P029;2024-03-02;4;0;App;12.12
O01551;C0973;P096;2025-09-11;3;0,13;Shopee;12.12
O01552;C0362;P193;2024-11-25;2;0,09;Tokopedia;Ramadhan
O01553;C0383;P076;2024-09-02;4;0,05;Tokopedia;None
O01554;C0644;P163;2024-05-26;3;0,21;Website;12.12
O01555;C0687;P115;2024-07-19;1;0,12;Shopee;11.11
O01556;C0341;P254;2024-09-06;4;0,22;Website;Ramadhan
O01557;C0675;P192;2024-05-08;4;0,25;Website;11.11
O01558;C0733;P172;2025-11-05;5;0,14;Tokopedia;11.11
O01559;C0986;P017;2024-11-11;5;0,32;App;Ramadhan
O01560;C0686;P046;2025-10-15;4;0,37;Tokopedia;Ramadhan
O01561;C0569;P297;2025-10-18;4;0,17;Shopee;None
O01562;C0468;P170;2024-05-25;4;0,01;App;None
O01563;C0280;P196;2025-10-25;1;0,06;Tokopedia;None
O01564;C0883;P223;2024-07-14;5;0,33;Shopee;None
O01565;C0439;P300;2024-11-09;3;0,21;Website;11.11
O01566;C0444;P067;2024-03-28;3;0,19;App;Ramadhan
O01567;C0924;P233;2024-06-10;4;0,34;App;None
O01568;C0411;P110;2025-05-24;3;0,38;Shopee;None
O01569;C0982;P101;2025-04-13;5;0,11;Website;Ramadhan
O01570;C0906;P148;2024-02-22;4;0,09;Website;None
O01571;C0204;P267;2024-11-04;3;0,1;App;12.12
O01572;C0775;P177;2024-11-11;5;0,36;Website;12.12
O01573;C0592;P056;2024-04-20;1;0,03;Shopee;11.11
O01574;C0803;P055;2025-08-09;3;0,3;Website;12.12
O01575;C0369;P034;2024-12-08;1;0,02;Website;Ramadhan
O01576;C0841;P064;2025-08-13;2;0,38;Website;11.11
O01577;C0859;P083;2025-07-20;1;0,25;Website;Ramadhan
O01578;C0630;P254;2024-07-19;3;0,18;Website;12.12
O01579;C0374;P206;2024-01-26;4;0,26;Tokopedia;12.12
O01580;C0216;P199;2025-08-10;2;0,19;App;Ramadhan
O01581;C0461;P181;2025-06-06;2;0,19;App;12.12
O01582;C0725;P160;2025-11-11;2;0,15;App;Ramadhan
O01583;C0635;P104;2024-04-14;1;0,15;Tokopedia;12.12
O01584;C0519;P101;2024-04-12;2;0,26;Website;None
O01585;C0049;P144;2025-08-18;4;0,36;App;None
O01586;C0603;P243;2024-11-16;2;0,12;Shopee;11.11
O01587;C0458;P059;2024-08-24;4;0,27;Shopee;None
O01588;C0261;P285;2025-06-03;5;0,23;Tokopedia;Ramadhan
O01589;C0310;P231;2024-03-18;4;0,34;Shopee;11.11
O01590;C0210;P100;2024-10-02;3;0,32;Website;Ramadhan
O01591;C0295;P132;2025-06-10;4;0,03;App;Ramadhan
O01592;C0398;P245;2024-05-12;2;0,16;App;12.12
O01593;C0397;P135;2025-09-30;2;0,26;App;Ramadhan
O01594;C0347;P251;2025-05-21;4;0,31;Tokopedia;11.11
O01595;C0108;P060;2025-12-31;1;0,16;Tokopedia;11.11
O01596;C0217;P167;2024-11-03;5;0,06;App;Ramadhan
O01597;C0818;P006;2025-02-22;5;0,2;App;Ramadhan
O01598;C0182;P192;2024-11-29;3;0,35;Tokopedia;Ramadhan
O01599;C0304;P232;2025-08-01;3;0,18;Website;11.11
O01600;C0035;P068;2024-10-25;3;0,37;Tokopedia;12.12
O01601;C0568;P026;2024-08-10;4;0,24;Shopee;11.11
O01602;C0664;P127;2024-10-13;3;0,2;App;None
O01603;C0199;P011;2024-12-05;4;0,11;App;None
O01604;C0047;P090;2024-02-07;4;0,21;Shopee;None
O01605;C0769;P289;2024-03-05;5;0,12;Website;None
O01606;C0306;P165;2024-04-10;4;0,08;App;None
O01607;C0809;P058;2024-01-08;3;0,37;Website;12.12
O01608;C0737;P230;2024-12-06;5;0,33;Website;11.11
O01609;C0785;P287;2025-08-24;4;0,33;Website;11.11
O01610;C0422;P081;2025-03-16;5;0,12;Shopee;11.11
O01611;C0275;P119;2024-10-26;5;0,18;Website;Ramadhan
O01612;C0210;P071;2025-05-26;5;0,01;Shopee;Ramadhan
O01613;C0051;P152;2025-03-18;2;0,09;Shopee;Ramadhan
O01614;C0207;P247;2024-05-31;2;0,06;Website;Ramadhan
O01615;C0322;P119;2025-01-28;4;0,07;Shopee;None
O01616;C0467;P090;2024-10-08;5;0,31;App;Ramadhan
O01617;C0091;P169;2025-02-11;4;0,08;Website;11.11
O01618;C0189;P228;2024-01-25;2;0,36;Website;12.12
O01619;C0832;P048;2024-09-22;1;0,01;Tokopedia;12.12
O01620;C0231;P295;2024-06-09;4;0,05;App;11.11
O01621;C0221;P081;2024-09-12;4;0,19;Website;11.11
O01622;C0479;P097;2024-04-05;1;0,36;App;Ramadhan
O01623;C0934;P083;2025-09-14;3;0,14;App;11.11
O01624;C0602;P062;2024-10-03;5;0,04;Tokopedia;None
O01625;C0462;P211;2025-09-08;4;0,18;Website;None
O01626;C0232;P032;2025-05-14;4;0,35;Shopee;12.12
O01627;C0052;P212;2025-12-02;5;0,25;Shopee;12.12
O01628;C0610;P271;2025-02-07;3;0,12;App;11.11
O01629;C0298;P100;2025-09-13;3;0,06;App;None
O01630;C0417;P138;2024-08-30;4;0,34;App;11.11
O01631;C0967;P270;2025-01-16;3;0,29;Website;None
O01632;C0801;P155;2024-09-23;1;0,27;App;11.11
O01633;C0457;P008;2025-05-28;2;0,19;Shopee;Ramadhan
O01634;C0740;P158;2025-12-04;2;0,19;Tokopedia;None
O01635;C0354;P009;2024-03-10;5;0,31;App;None
O01636;C0193;P090;2024-04-26;1;0,12;App;12.12
O01637;C0415;P111;2024-03-23;5;0,21;Website;None
O01638;C0792;P118;2024-12-05;5;0,16;Tokopedia;Ramadhan
O01639;C0068;P171;2025-06-15;1;0,28;App;None
O01640;C0509;P285;2025-01-09;1;0,11;Website;None
O01641;C0622;P138;2025-12-12;1;0,24;Website;Ramadhan
O01642;C0327;P031;2024-03-08;4;0,2;Website;Ramadhan
O01643;C0664;P225;2025-02-19;1;0,03;App;Ramadhan
O01644;C0530;P127;2025-03-28;5;0,35;Tokopedia;None
O01645;C0077;P013;2024-07-17;5;0,26;Shopee;11.11
O01646;C0467;P095;2025-05-27;2;0,25;App;12.12
O01647;C0532;P232;2025-10-12;2;0,15;App;Ramadhan
O01648;C0518;P114;2025-11-19;5;0,05;Tokopedia;Ramadhan
O01649;C0993;P290;2024-03-01;3;0,09;Tokopedia;Ramadhan
O01650;C0770;P279;2025-06-13;5;0,31;Website;None
O01651;C0137;P032;2025-08-12;1;0,27;Shopee;12.12
O01652;C0204;P061;2024-07-18;5;0,31;Website;12.12
O01653;C0460;P293;2024-09-01;1;0,13;Tokopedia;None
O01654;C0832;P078;2024-03-30;2;0,21;App;None
O01655;C0841;P299;2025-11-22;1;0,11;Tokopedia;Ramadhan
O01656;C0899;P257;2025-10-27;4;0,21;App;11.11
O01657;C0034;P244;2025-10-12;4;0,16;Tokopedia;12.12
O01658;C0623;P033;2024-11-21;4;0,04;Shopee;None
O01659;C0068;P235;2025-07-15;5;0,18;Tokopedia;Ramadhan
O01660;C0021;P070;2025-07-17;4;0,4;App;12.12
O01661;C0777;P205;2024-04-12;5;0,1;Shopee;None
O01662;C0388;P027;2025-11-16;1;0,23;Shopee;Ramadhan
O01663;C0497;P083;2024-11-09;4;0,37;Shopee;12.12
O01664;C0078;P230;2024-08-31;5;0,35;Shopee;12.12
O01665;C0558;P163;2024-11-21;4;0,17;App;None
O01666;C0364;P123;2025-08-07;1;0,13;Shopee;Ramadhan
O01667;C0934;P130;2025-06-10;5;0,39;App;12.12
O01668;C0688;P213;2024-02-11;2;0,34;Shopee;12.12
O01669;C0666;P048;2025-06-23;4;0,39;App;12.12
O01670;C0999;P259;2024-11-27;3;0,14;Shopee;Ramadhan
O01671;C0299;P049;2024-10-11;5;0,16;App;11.11
O01672;C0323;P297;2025-09-08;5;0,4;Shopee;Ramadhan
O01673;C0367;P078;2025-10-26;4;0,01;App;Ramadhan
O01674;C0276;P030;2025-02-10;5;0,11;Tokopedia;None
O01675;C0764;P009;2025-05-23;1;0,24;App;11.11
O01676;C0357;P287;2024-04-23;2;0,24;Website;11.11
O01677;C0522;P072;2025-12-17;5;0,03;App;None
O01678;C0589;P175;2024-07-24;5;0,23;App;Ramadhan
O01679;C0123;P271;2025-10-08;5;0,03;Tokopedia;Ramadhan
O01680;C0158;P276;2025-01-30;3;0,18;Website;11.11
O01681;C0627;P270;2024-04-09;2;0,04;Shopee;11.11
O01682;C0147;P045;2025-09-26;5;0,14;Tokopedia;12.12
O01683;C0300;P237;2025-05-17;4;0,38;App;Ramadhan
O01684;C0174;P097;2024-08-20;5;0,24;Tokopedia;11.11
O01685;C0708;P030;2025-07-09;4;0,1;Website;12.12
O01686;C0774;P174;2024-03-29;3;0,01;Tokopedia;None
O01687;C0561;P068;2025-04-24;4;0,25;App;Ramadhan
O01688;C0098;P187;2024-06-12;2;0,38;Website;Ramadhan
O01689;C0365;P202;2025-12-28;4;0,33;Website;11.11
O01690;C0281;P017;2024-08-26;1;0,23;Tokopedia;11.11
O01691;C0305;P250;2024-09-19;5;0;Website;Ramadhan
O01692;C0637;P246;2024-07-20;3;0,32;Shopee;11.11
O01693;C0785;P253;2025-10-19;2;0,22;Tokopedia;None
O01694;C0489;P013;2024-05-12;3;0,06;Shopee;11.11
O01695;C0126;P080;2025-09-05;1;0,04;Website;None
O01696;C0885;P043;2025-10-12;4;0,17;Tokopedia;11.11
O01697;C0863;P165;2024-01-12;1;0,08;App;12.12
O01698;C0701;P144;2025-06-28;3;0,36;App;11.11
O01699;C0457;P222;2025-03-06;2;0,05;Shopee;12.12
O01700;C0498;P170;2024-03-12;4;0,25;App;Ramadhan
O01701;C0494;P087;2025-11-09;5;0,18;Tokopedia;12.12
O01702;C0287;P024;2024-11-12;5;0,18;App;11.11
O01703;C0097;P190;2025-08-19;3;0,07;Shopee;None
O01704;C0049;P161;2024-07-05;2;0,33;Tokopedia;None
O01705;C0117;P154;2025-10-16;3;0,36;Tokopedia;None
O01706;C0041;P288;2024-01-13;2;0,19;Website;12.12
O01707;C0304;P065;2024-04-05;4;0,05;App;None
O01708;C0516;P045;2024-03-19;3;0,4;Tokopedia;Ramadhan
O01709;C0272;P082;2025-03-03;3;0,02;Shopee;None
O01710;C0455;P094;2024-11-23;2;0,14;App;12.12
O01711;C0062;P061;2024-11-21;4;0,05;Shopee;12.12
O01712;C0279;P286;2025-05-27;4;0,14;App;12.12
O01713;C0161;P168;2024-01-26;5;0,04;Shopee;11.11
O01714;C0969;P072;2024-04-26;4;0,23;Shopee;None
O01715;C0059;P127;2024-05-01;2;0,23;Shopee;11.11
O01716;C0091;P070;2024-07-25;3;0,19;App;11.11
O01717;C0344;P194;2025-06-02;1;0,02;Tokopedia;Ramadhan
O01718;C0115;P238;2025-09-09;4;0,2;Tokopedia;Ramadhan
O01719;C0182;P189;2024-01-31;5;0,07;Tokopedia;12.12
O01720;C0972;P209;2024-12-09;1;0,22;App;12.12
O01721;C0089;P184;2025-09-22;5;0,14;Tokopedia;12.12
O01722;C0608;P281;2025-02-11;5;0,15;Tokopedia;None
O01723;C0508;P195;2025-09-16;5;0,05;Tokopedia;11.11
O01724;C0826;P181;2025-03-21;5;0,11;Shopee;Ramadhan
O01725;C0895;P026;2024-08-06;5;0,38;Website;11.11
O01726;C0717;P237;2025-06-22;4;0,13;Website;11.11
O01727;C0817;P264;2025-12-14;5;0,35;Shopee;None
O01728;C0511;P279;2024-10-20;3;0,39;Website;None
O01729;C0011;P209;2025-11-04;1;0,18;App;None
O01730;C0967;P274;2025-03-17;3;0,36;App;12.12
O01731;C0867;P202;2025-12-09;4;0,02;Shopee;None
O01732;C0696;P256;2024-03-18;1;0,1;Shopee;Ramadhan
O01733;C0143;P007;2024-10-16;1;0,08;Shopee;11.11
O01734;C0678;P028;2024-04-17;1;0,26;Shopee;11.11
O01735;C0381;P186;2025-08-27;3;0,04;Shopee;Ramadhan
O01736;C0818;P063;2025-12-12;5;0,07;Tokopedia;Ramadhan
O01737;C0862;P001;2024-01-19;1;0,32;Website;11.11
O01738;C0110;P277;2025-06-04;2;0,03;Shopee;12.12
O01739;C0134;P195;2024-09-12;2;0,01;Shopee;11.11
O01740;C0740;P135;2024-12-12;4;0,08;Tokopedia;None
O01741;C0038;P207;2025-04-05;5;0,35;Tokopedia;None
O01742;C0854;P067;2025-08-03;3;0,1;Website;11.11
O01743;C0136;P100;2025-03-20;5;0,22;Website;None
O01744;C0336;P177;2025-05-22;5;0,26;Website;None
O01745;C0815;P110;2024-05-19;4;0,28;Shopee;11.11
O01746;C0580;P277;2025-01-31;4;0,38;App;None
O01747;C0518;P269;2024-03-08;3;0,29;App;Ramadhan
O01748;C0967;P267;2025-01-22;1;0,23;Website;11.11
O01749;C0414;P034;2024-04-16;1;0,4;Website;12.12
O01750;C0290;P101;2025-11-01;3;0,15;App;Ramadhan
O01751;C0431;P168;2025-03-16;1;0,29;Website;None
O01752;C0724;P290;2024-07-07;1;0,02;App;11.11
O01753;C0306;P047;2024-04-13;4;0,16;Tokopedia;None
O01754;C0482;P121;2025-08-17;1;0,25;Tokopedia;None
O01755;C0732;P194;2024-01-28;3;0,03;App;11.11
O01756;C0902;P151;2025-02-23;3;0,31;App;12.12
O01757;C0930;P198;2024-01-06;1;0,37;Tokopedia;12.12
O01758;C0888;P011;2024-09-09;2;0,17;Tokopedia;Ramadhan
O01759;C1000;P140;2024-02-17;3;0,29;Shopee;Ramadhan
O01760;C0270;P028;2025-03-23;5;0,03;Website;Ramadhan
O01761;C0450;P295;2024-02-13;1;0,09;App;11.11
O01762;C0156;P232;2024-12-10;4;0,07;Website;11.11
O01763;C0129;P246;2025-09-23;2;0,07;Website;12.12
O01764;C0254;P066;2025-06-22;4;0,03;App;11.11
O01765;C0470;P246;2025-03-12;4;0,31;Shopee;Ramadhan
O01766;C0765;P257;2024-10-07;5;0,2;App;11.11
O01767;C0008;P007;2025-01-29;4;0,21;Tokopedia;Ramadhan
O01768;C0977;P130;2024-03-20;5;0,06;App;None
O01769;C0039;P010;2025-06-17;5;0,19;Shopee;None
O01770;C0740;P298;2025-11-04;2;0,22;App;11.11
O01771;C0647;P142;2025-05-28;2;0,23;Shopee;11.11
O01772;C0561;P136;2024-01-08;1;0,28;Website;12.12
O01773;C0058;P255;2025-04-14;1;0,06;Tokopedia;Ramadhan
O01774;C0143;P127;2025-12-05;4;0,2;Shopee;None
O01775;C0010;P148;2025-02-15;3;0,1;Tokopedia;None
O01776;C0228;P075;2024-11-18;3;0,09;Website;12.12
O01777;C0393;P141;2024-03-13;4;0,33;Website;None
O01778;C0710;P175;2024-07-02;2;0,3;App;12.12
O01779;C0765;P063;2024-02-07;5;0,02;Tokopedia;11.11
O01780;C0834;P190;2025-08-09;4;0,2;App;None
O01781;C0675;P034;2025-06-01;4;0,06;App;11.11
O01782;C0286;P255;2025-03-04;1;0,16;App;12.12
O01783;C0610;P249;2025-08-30;4;0,24;App;12.12
O01784;C0514;P223;2025-09-28;2;0,23;App;11.11
O01785;C0732;P029;2024-08-24;3;0,37;Tokopedia;11.11
O01786;C0235;P296;2025-04-10;2;0,01;App;11.11
O01787;C0180;P126;2024-01-02;3;0,11;Shopee;Ramadhan
O01788;C0844;P273;2024-09-23;4;0,25;Shopee;11.11
O01789;C0144;P216;2024-12-09;4;0,21;App;Ramadhan
O01790;C0374;P259;2024-02-20;5;0,02;Tokopedia;None
O01791;C0467;P265;2025-06-29;1;0,31;Tokopedia;Ramadhan
O01792;C0549;P117;2024-01-30;2;0,1;Shopee;11.11
O01793;C0888;P087;2024-02-22;5;0,28;Tokopedia;12.12
O01794;C0311;P274;2025-02-06;2;0,01;Tokopedia;12.12
O01795;C0357;P234;2025-03-29;1;0,2;Shopee;11.11
O01796;C0336;P233;2025-06-12;1;0,22;Website;Ramadhan
O01797;C0699;P225;2025-04-30;5;0,27;Tokopedia;11.11
O01798;C0960;P199;2025-08-13;1;0,2;Shopee;11.11
O01799;C0611;P256;2025-06-16;4;0,2;Tokopedia;None
O01800;C0428;P262;2025-12-24;1;0,13;Website;11.11
O01801;C0818;P070;2024-09-19;3;0,36;App;12.12
O01802;C0245;P120;2025-04-20;1;0,2;Tokopedia;12.12
O01803;C0156;P249;2025-06-01;4;0,19;Tokopedia;None
O01804;C0958;P010;2025-07-11;3;0,23;App;12.12
O01805;C0269;P243;2025-01-15;4;0,31;App;12.12
O01806;C0492;P219;2024-06-09;4;0,3;Tokopedia;None
O01807;C0382;P280;2025-10-26;2;0,13;Tokopedia;Ramadhan
O01808;C0142;P131;2024-02-13;1;0,24;Tokopedia;Ramadhan
O01809;C0665;P074;2025-01-03;3;0,12;App;12.12
O01810;C0243;P132;2025-10-22;4;0,11;Shopee;None
O01811;C0280;P180;2024-11-28;4;0,29;Shopee;11.11
O01812;C0600;P139;2025-06-01;2;0,33;Website;Ramadhan
O01813;C0901;P026;2024-05-07;5;0,04;Tokopedia;11.11
O01814;C0642;P075;2024-08-28;1;0,04;Website;11.11
O01815;C0560;P091;2024-05-09;5;0,39;App;Ramadhan
O01816;C0026;P248;2025-06-29;1;0,3;Tokopedia;12.12
O01817;C0811;P193;2024-04-24;5;0,29;Website;11.11
O01818;C0845;P138;2025-09-11;2;0,17;Shopee;Ramadhan
O01819;C0777;P108;2025-12-27;1;0,03;Tokopedia;Ramadhan
O01820;C0617;P194;2024-04-26;4;0,31;Website;11.11
O01821;C0264;P253;2024-04-09;3;0,39;Tokopedia;11.11
O01822;C0643;P253;2025-06-17;2;0,14;Website;11.11
O01823;C0758;P149;2025-03-01;5;0,17;Shopee;None
O01824;C0272;P037;2025-07-16;2;0,35;Tokopedia;11.11
O01825;C0656;P057;2025-11-08;1;0,38;App;12.12
O01826;C0624;P014;2024-03-17;1;0,19;Website;Ramadhan
O01827;C0384;P072;2025-01-13;3;0,32;Website;12.12
O01828;C0267;P142;2025-01-17;3;0,19;Website;None
O01829;C0236;P070;2025-06-04;5;0,31;Website;None
O01830;C0139;P073;2025-02-17;2;0,04;Website;12.12
O01831;C0740;P084;2025-08-01;3;0,35;App;12.12
O01832;C0286;P286;2024-01-21;1;0,2;Website;None
O01833;C0893;P175;2024-11-13;2;0,18;Shopee;12.12
O01834;C0643;P156;2024-04-17;5;0,24;Tokopedia;11.11
O01835;C0170;P036;2025-02-14;5;0,16;App;12.12
O01836;C0184;P034;2024-07-05;2;0,16;Shopee;Ramadhan
O01837;C0556;P100;2024-07-27;5;0,32;App;Ramadhan
O01838;C0108;P218;2025-04-27;4;0,15;Website;Ramadhan
O01839;C0921;P031;2025-11-19;5;0,03;Tokopedia;None
O01840;C0484;P015;2024-08-01;4;0,31;Tokopedia;11.11
O01841;C0524;P099;2024-08-11;3;0,37;Tokopedia;12.12
O01842;C0814;P010;2025-11-11;3;0,11;Tokopedia;12.12
O01843;C0016;P283;2024-03-12;3;0,26;Shopee;11.11
O01844;C0892;P014;2024-03-25;5;0;Website;11.11
O01845;C0588;P028;2025-06-10;3;0,34;App;12.12
O01846;C0039;P161;2024-05-16;3;0,23;Tokopedia;12.12
O01847;C0397;P276;2024-04-10;3;0,04;Website;Ramadhan
O01848;C0517;P085;2025-06-05;3;0,18;App;Ramadhan
O01849;C0225;P029;2024-11-28;1;0,08;App;11.11
O01850;C0029;P265;2025-12-05;3;0,09;Website;12.12
O01851;C0871;P204;2024-10-08;1;0,22;Website;12.12
O01852;C0934;P147;2024-12-11;4;0,31;Shopee;12.12
O01853;C0751;P141;2024-09-10;2;0,12;App;Ramadhan
O01854;C0858;P023;2024-04-01;2;0,36;Tokopedia;None
O01855;C0725;P227;2024-03-14;3;0,19;Website;Ramadhan
O01856;C0415;P022;2024-10-07;1;0,32;Website;None
O01857;C0616;P080;2024-02-01;1;0,18;Shopee;None
O01858;C0428;P051;2025-11-07;3;0,04;Website;None
O01859;C0618;P009;2024-06-22;2;0,08;Tokopedia;None
O01860;C0833;P096;2025-01-16;5;0,4;Shopee;None
O01861;C0880;P234;2024-11-12;4;0,08;Website;12.12
O01862;C0964;P039;2025-04-06;4;0,38;Shopee;11.11
O01863;C0536;P142;2024-07-04;4;0,31;Website;11.11
O01864;C0595;P196;2024-10-13;5;0,04;Tokopedia;None
O01865;C0494;P121;2025-05-20;5;0,2;Shopee;Ramadhan
O01866;C0406;P095;2024-03-07;4;0,38;Website;11.11
O01867;C0161;P170;2024-04-22;1;0,09;Tokopedia;None
O01868;C0069;P140;2025-06-12;4;0,39;Website;11.11
O01869;C0852;P155;2024-05-27;1;0,27;Website;Ramadhan
O01870;C0564;P276;2025-04-05;5;0,02;Tokopedia;Ramadhan
O01871;C0765;P248;2024-06-27;3;0,25;Tokopedia;12.12
O01872;C0452;P018;2025-05-17;2;0,26;App;None
O01873;C0183;P175;2025-07-10;3;0,09;Website;12.12
O01874;C0041;P274;2024-02-22;4;0,13;App;12.12
O01875;C0338;P114;2024-06-10;2;0,07;Tokopedia;Ramadhan
O01876;C0259;P046;2025-12-26;4;0,28;Shopee;Ramadhan
O01877;C0346;P049;2024-08-28;2;0,23;Shopee;Ramadhan
O01878;C0499;P082;2025-07-08;2;0,31;Website;None
O01879;C0578;P061;2025-05-18;2;0,32;Tokopedia;Ramadhan
O01880;C0771;P236;2025-12-02;3;0,22;Tokopedia;Ramadhan
O01881;C0933;P031;2024-01-16;2;0,36;App;None
O01882;C0408;P009;2024-02-10;2;0,27;Website;12.12
O01883;C0979;P222;2025-12-01;2;0,22;Tokopedia;Ramadhan
O01884;C0258;P099;2024-07-07;4;0;Shopee;Ramadhan
O01885;C0055;P023;2025-03-14;4;0,26;Website;12.12
O01886;C0692;P250;2025-03-14;1;0,35;App;12.12
O01887;C0386;P197;2025-11-25;3;0,31;Tokopedia;Ramadhan
O01888;C0640;P160;2024-11-24;3;0,38;Shopee;None
O01889;C0456;P294;2024-04-01;3;0,21;Website;12.12
O01890;C0860;P080;2025-01-13;2;0,31;Tokopedia;12.12
O01891;C0760;P106;2024-04-24;5;0,3;Tokopedia;Ramadhan
O01892;C0054;P007;2024-09-15;4;0,3;Shopee;Ramadhan
O01893;C0599;P297;2025-04-11;2;0,15;Tokopedia;Ramadhan
O01894;C0022;P030;2025-11-06;3;0,25;Tokopedia;None
O01895;C0744;P217;2025-03-18;3;0,02;App;12.12
O01896;C0518;P203;2024-10-10;3;0,16;Shopee;Ramadhan
O01897;C0264;P109;2025-04-30;5;0,31;App;Ramadhan
O01898;C0637;P003;2025-01-13;1;0,01;Shopee;11.11
O01899;C0544;P136;2025-02-11;5;0,23;Tokopedia;None
O01900;C0303;P103;2025-06-17;2;0,22;Shopee;None
O01901;C0802;P116;2024-09-24;2;0,38;Website;Ramadhan
O01902;C0475;P287;2024-12-20;3;0,21;App;Ramadhan
O01903;C0432;P189;2024-02-03;2;0,31;Tokopedia;Ramadhan
O01904;C0580;P149;2025-04-05;2;0,03;App;Ramadhan
O01905;C0859;P248;2024-01-06;5;0,04;Tokopedia;Ramadhan
O01906;C0593;P237;2025-02-27;2;0,06;Website;Ramadhan
O01907;C0137;P229;2024-08-20;4;0,14;Website;12.12
O01908;C0125;P129;2024-02-16;1;0,27;Tokopedia;12.12
O01909;C0674;P248;2024-03-30;5;0,39;App;11.11
O01910;C0493;P287;2024-07-18;5;0,34;App;11.11
O01911;C0508;P018;2025-01-18;3;0,17;Website;11.11
O01912;C0088;P001;2025-03-30;5;0,35;Tokopedia;12.12
O01913;C0439;P264;2025-01-27;1;0,08;Tokopedia;None
O01914;C0206;P051;2024-11-15;2;0,13;Tokopedia;Ramadhan
O01915;C0761;P047;2024-07-03;1;0,36;Shopee;11.11
O01916;C0252;P010;2024-06-28;1;0;Tokopedia;None
O01917;C0010;P051;2024-12-07;1;0,36;Shopee;None
O01918;C0655;P078;2025-06-07;4;0,21;App;Ramadhan
O01919;C0223;P135;2025-11-12;1;0,21;Shopee;11.11
O01920;C0007;P032;2024-12-25;3;0,03;Shopee;12.12
O01921;C0127;P227;2025-10-24;5;0,27;App;None
O01922;C0222;P172;2025-01-10;3;0,06;Website;Ramadhan
O01923;C0008;P245;2025-04-26;3;0,22;Tokopedia;None
O01924;C0678;P237;2025-02-20;5;0,35;Shopee;11.11
O01925;C0175;P102;2025-12-03;3;0,04;Tokopedia;11.11
O01926;C0549;P039;2025-01-11;5;0,32;Tokopedia;12.12
O01927;C0935;P123;2025-02-07;4;0,27;Website;None
O01928;C0557;P084;2024-02-17;1;0,27;App;Ramadhan
O01929;C0782;P071;2025-06-07;5;0,33;App;12.12
O01930;C0341;P041;2024-01-01;3;0,38;App;11.11
O01931;C0162;P161;2024-02-05;1;0,09;Website;None
O01932;C0757;P027;2025-08-18;4;0,4;Shopee;11.11
O01933;C0057;P293;2024-06-15;5;0,27;Website;12.12
O01934;C0726;P120;2024-08-09;5;0,03;Tokopedia;Ramadhan
O01935;C0168;P288;2024-01-10;5;0,25;App;Ramadhan
O01936;C0815;P152;2024-01-31;1;0,1;App;12.12
O01937;C0615;P090;2024-03-16;4;0,32;App;12.12
O01938;C0174;P095;2025-10-09;4;0,23;Tokopedia;11.11
O01939;C0919;P052;2025-12-14;5;0,03;Website;Ramadhan
O01940;C0483;P274;2024-03-28;4;0,13;Website;Ramadhan
O01941;C0098;P043;2024-05-12;4;0,06;Website;12.12
O01942;C0074;P107;2025-06-17;3;0,32;Tokopedia;11.11
O01943;C0484;P287;2024-02-03;3;0,02;Shopee;None
O01944;C0356;P211;2024-11-15;5;0,09;Shopee;12.12
O01945;C0237;P082;2024-04-26;5;0,04;App;Ramadhan
O01946;C0286;P082;2024-01-28;2;0,23;App;Ramadhan
O01947;C0002;P039;2025-02-09;3;0,23;Tokopedia;12.12
O01948;C0091;P244;2025-05-11;3;0,3;Website;11.11
O01949;C0730;P019;2025-11-17;5;0,06;Shopee;None
O01950;C0610;P164;2025-05-30;3;0,22;Shopee;None
O01951;C0676;P086;2024-05-10;3;0,05;Shopee;11.11
O01952;C0375;P270;2024-10-09;4;0,13;Tokopedia;None
O01953;C0605;P221;2024-06-19;5;0,17;App;Ramadhan
O01954;C0861;P119;2025-12-10;4;0,08;App;Ramadhan
O01955;C0241;P225;2024-06-05;4;0,12;Website;Ramadhan
O01956;C0470;P021;2025-10-13;1;0,22;App;12.12
O01957;C0040;P194;2025-12-13;5;0,04;Tokopedia;12.12
O01958;C0055;P116;2024-12-31;2;0,09;Shopee;None
O01959;C0309;P147;2024-02-20;3;0,2;Shopee;Ramadhan
O01960;C0821;P278;2024-10-05;3;0,26;Shopee;Ramadhan
O01961;C0384;P168;2024-11-28;1;0,17;Tokopedia;11.11
O01962;C0754;P161;2024-10-26;1;0,08;Tokopedia;11.11
O01963;C0424;P004;2024-09-21;3;0,23;Shopee;None
O01964;C0023;P269;2025-06-07;1;0,06;Website;12.12
O01965;C0684;P075;2025-09-19;2;0,31;Tokopedia;None
O01966;C0801;P008;2024-05-28;2;0,21;Tokopedia;11.11
O01967;C0968;P032;2025-06-14;3;0,31;Shopee;None
O01968;C0522;P020;2024-11-14;1;0,36;App;12.12
O01969;C0163;P058;2024-02-29;3;0,16;Shopee;Ramadhan
O01970;C0508;P015;2025-08-27;5;0,19;Website;None
O01971;C0999;P017;2024-05-08;1;0,38;Shopee;11.11
O01972;C0092;P012;2025-08-13;4;0,14;Website;None
O01973;C0388;P110;2025-08-03;4;0,26;App;11.11
O01974;C0953;P255;2024-02-20;1;0,28;Shopee;Ramadhan
O01975;C0846;P065;2024-01-21;5;0,15;App;None
O01976;C0215;P088;2025-07-18;3;0,09;Website;None
O01977;C0424;P053;2025-10-07;4;0,31;App;Ramadhan
O01978;C0078;P147;2025-02-09;5;0,03;App;12.12
O01979;C0711;P095;2025-01-28;1;0,22;Shopee;12.12
O01980;C0407;P115;2024-09-17;4;0,18;Shopee;11.11
O01981;C0902;P014;2024-03-20;3;0,15;Shopee;12.12
O01982;C0613;P191;2025-07-26;2;0,07;Website;None
O01983;C0741;P024;2025-02-15;4;0,19;Shopee;None
O01984;C0069;P047;2025-11-22;3;0,02;Shopee;11.11
O01985;C0098;P236;2024-04-04;3;0,14;Website;None
O01986;C0069;P094;2024-07-03;4;0,03;App;11.11
O01987;C0606;P266;2024-11-05;1;0,22;Shopee;Ramadhan
O01988;C0111;P177;2024-11-21;1;0,07;Tokopedia;None
O01989;C0277;P047;2024-03-05;3;0,11;Shopee;12.12
O01990;C0451;P231;2025-05-28;3;0,19;App;Ramadhan
O01991;C0361;P184;2025-07-15;5;0,31;Shopee;Ramadhan
O01992;C0737;P215;2024-03-17;2;0,22;App;Ramadhan
O01993;C0287;P256;2024-05-04;2;0,25;Tokopedia;None
O01994;C0231;P119;2024-05-30;1;0,28;Shopee;11.11
O01995;C0017;P247;2025-06-17;4;0,08;Website;Ramadhan
O01996;C0113;P283;2025-09-02;5;0,08;App;Ramadhan
O01997;C0420;P146;2024-09-25;3;0,09;Tokopedia;11.11
O01998;C0209;P080;2024-08-07;1;0,23;Tokopedia;None
O01999;C0983;P132;2025-11-02;1;0,04;Website;Ramadhan
O02000;C0198;P216;2024-01-25;2;0,34;Tokopedia;12.12
O02001;C0734;P264;2025-04-12;4;0,08;Website;Ramadhan
O02002;C0932;P186;2025-12-19;5;0,25;Tokopedia;None
O02003;C0031;P153;2025-12-13;2;0,15;App;11.11
O02004;C0047;P197;2024-08-16;4;0,08;App;11.11
O02005;C0342;P104;2024-07-27;1;0,26;Tokopedia;11.11
O02006;C0019;P028;2024-11-20;5;0,26;Tokopedia;11.11
O02007;C0945;P253;2025-11-20;4;0,01;App;Ramadhan
O02008;C0940;P138;2025-06-30;1;0,07;Website;Ramadhan
O02009;C0292;P253;2025-05-01;1;0,13;App;Ramadhan
O02010;C0190;P050;2025-03-01;2;0,07;Shopee;12.12
O02011;C0520;P272;2024-03-31;1;0,04;Tokopedia;Ramadhan
O02012;C0957;P260;2025-10-05;1;0,14;Website;12.12
O02013;C0769;P237;2024-08-05;4;0,32;Tokopedia;Ramadhan
O02014;C0058;P094;2024-12-29;3;0,38;Shopee;None
O02015;C0256;P056;2025-06-20;5;0,09;Tokopedia;Ramadhan
O02016;C0954;P060;2024-06-17;2;0,19;App;12.12
O02017;C0424;P299;2024-02-06;1;0,18;Shopee;Ramadhan
O02018;C0557;P231;2025-10-06;3;0,02;Shopee;None
O02019;C0735;P092;2024-08-30;5;0,3;App;11.11
O02020;C0788;P192;2024-03-18;1;0,14;Shopee;Ramadhan
O02021;C0909;P077;2025-11-15;5;0,34;App;12.12
O02022;C0113;P273;2025-08-21;3;0,1;Tokopedia;12.12
O02023;C0467;P225;2024-08-18;3;0,16;App;11.11
O02024;C0809;P118;2025-06-30;3;0,38;Website;None
O02025;C0042;P210;2025-03-01;4;0,01;Shopee;None
O02026;C0662;P268;2025-04-14;1;0,09;Shopee;Ramadhan
O02027;C0641;P239;2025-12-15;3;0,31;Tokopedia;None
O02028;C0262;P110;2024-04-11;5;0,16;App;11.11
O02029;C0745;P192;2025-09-03;1;0,17;Website;11.11
O02030;C0734;P145;2025-03-22;1;0,37;App;12.12
O02031;C0951;P297;2024-08-30;1;0,11;App;None
O02032;C0260;P182;2025-04-11;1;0,06;App;Ramadhan
O02033;C0686;P296;2024-10-05;5;0,35;App;11.11
O02034;C0518;P041;2025-09-19;4;0,18;Website;11.11
O02035;C0270;P092;2024-09-19;1;0,26;Tokopedia;11.11
O02036;C0691;P246;2024-08-08;4;0,25;App;None
O02037;C0824;P129;2024-01-27;1;0,26;Tokopedia;None
O02038;C0210;P091;2024-08-26;3;0,1;Website;None
O02039;C0101;P055;2024-11-07;5;0,14;Tokopedia;None
O02040;C0477;P162;2024-01-08;3;0,08;App;Ramadhan
O02041;C0581;P141;2025-07-29;2;0,16;Tokopedia;11.11
O02042;C0998;P030;2024-11-27;4;0;App;12.12
O02043;C0010;P288;2024-07-13;5;0,15;Shopee;Ramadhan
O02044;C0898;P005;2025-03-15;4;0,29;Shopee;11.11
O02045;C0600;P270;2025-06-18;1;0,32;Tokopedia;12.12
O02046;C0393;P264;2024-04-14;5;0,2;Tokopedia;Ramadhan
O02047;C0345;P243;2024-08-12;3;0,37;Website;11.11
O02048;C0253;P155;2024-08-13;3;0,21;App;12.12
O02049;C0925;P057;2024-06-03;2;0,16;App;Ramadhan
O02050;C0638;P215;2025-11-02;5;0,14;Website;11.11
O02051;C0494;P225;2024-03-08;5;0,23;Shopee;11.11
O02052;C0830;P038;2025-01-20;4;0,16;Tokopedia;11.11
O02053;C0157;P118;2025-11-06;2;0,38;Website;11.11
O02054;C0148;P179;2025-12-19;5;0,25;Shopee;12.12
O02055;C0892;P077;2024-02-13;5;0,01;Tokopedia;None
O02056;C0006;P266;2025-11-27;5;0,07;Shopee;11.11
O02057;C0753;P132;2025-05-10;3;0,23;Tokopedia;11.11
O02058;C0862;P210;2025-08-16;5;0,2;Website;Ramadhan
O02059;C0340;P048;2024-09-14;1;0,31;Tokopedia;12.12
O02060;C0818;P184;2024-06-10;3;0,32;Tokopedia;12.12
O02061;C0796;P098;2025-09-12;2;0,29;Website;11.11
O02062;C0348;P210;2025-10-16;3;0,05;Website;11.11
O02063;C0177;P122;2025-10-26;1;0,34;Tokopedia;11.11
O02064;C0724;P294;2024-11-11;3;0,25;Tokopedia;11.11
O02065;C0304;P004;2025-02-01;2;0,13;Tokopedia;Ramadhan
O02066;C0047;P161;2025-08-29;4;0,25;App;None
O02067;C0090;P146;2025-04-24;2;0,4;App;Ramadhan
O02068;C0391;P124;2024-07-04;4;0,08;Website;11.11
O02069;C0596;P015;2024-11-26;1;0,25;Tokopedia;12.12
O02070;C0213;P173;2025-10-08;4;0,16;Shopee;Ramadhan
O02071;C0598;P111;2025-03-10;1;0,05;Tokopedia;None
O02072;C0825;P048;2025-10-25;1;0,02;Shopee;11.11
O02073;C0725;P245;2024-10-28;1;0,04;Tokopedia;Ramadhan
O02074;C0789;P193;2024-08-09;4;0,4;Shopee;11.11
O02075;C0259;P236;2024-08-01;5;0,15;App;None
O02076;C0537;P121;2025-05-06;1;0,21;Shopee;12.12
O02077;C0520;P139;2025-02-21;4;0,26;Shopee;11.11
O02078;C0868;P044;2025-09-04;3;0,3;Tokopedia;Ramadhan
O02079;C0892;P200;2025-01-23;3;0,07;Website;Ramadhan
O02080;C0361;P256;2024-12-31;1;0,33;Tokopedia;11.11
O02081;C0804;P166;2025-03-12;3;0,26;Website;Ramadhan
O02082;C0426;P013;2025-10-04;3;0,03;Website;11.11
O02083;C0413;P032;2024-07-16;5;0,15;Tokopedia;Ramadhan
O02084;C0316;P095;2025-09-03;1;0,04;App;None
O02085;C0150;P254;2025-06-11;5;0,16;App;12.12
O02086;C0647;P033;2024-03-12;2;0,35;Shopee;None
O02087;C0850;P199;2025-08-15;5;0,33;Tokopedia;12.12
O02088;C0232;P208;2024-10-11;2;0,05;App;Ramadhan
O02089;C0876;P230;2024-02-26;1;0,05;Website;Ramadhan
O02090;C0195;P180;2025-01-08;1;0,25;App;12.12
O02091;C0146;P066;2025-07-31;4;0,1;Shopee;12.12
O02092;C0940;P127;2024-01-25;3;0,39;Shopee;Ramadhan
O02093;C0575;P140;2024-08-12;4;0,26;Website;12.12
O02094;C0858;P034;2025-09-06;3;0,25;App;None
O02095;C0066;P204;2025-09-26;5;0,1;Website;11.11
O02096;C0534;P155;2025-01-26;3;0,26;App;12.12
O02097;C0440;P031;2024-10-13;1;0,39;Website;None
O02098;C0538;P212;2025-10-30;5;0,19;Tokopedia;Ramadhan
O02099;C0534;P087;2024-07-22;3;0,17;Tokopedia;Ramadhan
O02100;C0718;P262;2024-01-09;5;0,06;Website;Ramadhan
O02101;C0780;P088;2025-03-21;1;0,05;Website;12.12
O02102;C0652;P163;2025-10-07;4;0,13;Shopee;Ramadhan
O02103;C0128;P079;2024-08-15;2;0,08;Tokopedia;None
O02104;C0203;P065;2024-03-01;4;0,11;Shopee;Ramadhan
O02105;C0856;P093;2024-10-18;1;0,29;App;12.12
O02106;C0888;P289;2024-05-17;5;0,33;Tokopedia;None
O02107;C0938;P001;2025-01-31;2;0,31;Shopee;None
O02108;C0161;P007;2024-06-17;5;0,08;Tokopedia;11.11
O02109;C0920;P278;2025-04-27;2;0,29;Shopee;11.11
O02110;C0784;P269;2024-09-21;5;0,04;Website;None
O02111;C0226;P191;2024-04-21;3;0,19;Tokopedia;None
O02112;C0947;P222;2024-06-21;5;0,01;Shopee;11.11
O02113;C0206;P297;2024-12-14;4;0,01;Website;Ramadhan
O02114;C0922;P005;2025-09-27;2;0,17;Tokopedia;12.12
O02115;C0325;P035;2025-11-24;4;0,22;App;Ramadhan
O02116;C0473;P141;2024-04-23;5;0,19;Website;Ramadhan
O02117;C0211;P146;2025-01-20;2;0,35;App;12.12
O02118;C0113;P159;2024-07-26;2;0,28;App;None
O02119;C0251;P174;2025-09-08;1;0,29;Shopee;11.11
O02120;C0056;P120;2025-09-27;5;0,25;Website;None
O02121;C0913;P003;2025-07-20;5;0,26;Website;12.12
O02122;C0961;P042;2024-01-30;2;0,25;App;12.12
O02123;C0001;P018;2025-05-28;5;0,09;Website;12.12
O02124;C0998;P051;2024-03-24;1;0,15;Website;Ramadhan
O02125;C0066;P225;2024-06-07;2;0,39;Tokopedia;11.11
O02126;C0698;P291;2025-09-02;3;0,27;Shopee;None
O02127;C0447;P045;2025-12-01;4;0,14;Tokopedia;12.12
O02128;C0088;P283;2024-01-12;5;0,3;Shopee;11.11
O02129;C0838;P125;2024-08-10;4;0,01;App;None
O02130;C0285;P219;2025-11-27;1;0,1;Tokopedia;None
O02131;C0221;P220;2024-11-26;3;0,22;Shopee;None
O02132;C0183;P298;2025-01-29;1;0,11;Website;None
O02133;C0867;P024;2024-09-25;1;0,27;Shopee;11.11
O02134;C0975;P089;2025-08-29;3;0,2;Tokopedia;Ramadhan
O02135;C0855;P138;2024-05-23;2;0,39;Tokopedia;Ramadhan
O02136;C0476;P240;2024-01-02;3;0,24;Tokopedia;12.12
O02137;C0150;P244;2025-07-16;4;0,04;Shopee;12.12
O02138;C0604;P022;2024-07-03;1;0,39;App;11.11
O02139;C0950;P239;2024-01-11;4;0,13;Website;11.11
O02140;C0571;P259;2024-08-08;2;0,12;Tokopedia;Ramadhan
O02141;C0131;P258;2025-01-12;2;0,03;Tokopedia;None
O02142;C0164;P117;2024-01-16;2;0,23;Shopee;12.12
O02143;C0663;P003;2025-04-26;2;0,25;App;11.11
O02144;C0252;P239;2024-01-04;2;0,39;Shopee;Ramadhan
O02145;C0703;P068;2024-03-06;2;0,4;Shopee;11.11
O02146;C0221;P039;2024-12-13;1;0,19;Shopee;11.11
O02147;C0811;P155;2025-03-14;4;0,12;Website;None
O02148;C0920;P293;2024-10-02;1;0,27;Tokopedia;None
O02149;C0699;P129;2024-05-15;3;0,32;Tokopedia;12.12
O02150;C0441;P159;2025-09-15;4;0,29;Shopee;12.12
O02151;C0312;P110;2025-10-13;1;0,24;App;Ramadhan
O02152;C0540;P278;2025-08-19;1;0,31;Website;11.11
O02153;C0365;P297;2024-04-29;1;0,19;App;11.11
O02154;C0909;P021;2024-08-27;2;0,37;Shopee;None
O02155;C0643;P208;2025-05-10;2;0,16;App;None
O02156;C0155;P201;2025-04-29;3;0,16;Shopee;None
O02157;C0994;P169;2025-03-07;3;0,38;App;11.11
O02158;C0059;P109;2025-06-24;4;0,19;Tokopedia;11.11
O02159;C0158;P101;2025-06-17;3;0,01;Website;11.11
O02160;C0177;P280;2025-03-21;2;0,05;Tokopedia;Ramadhan
O02161;C0294;P014;2025-06-23;2;0,09;Website;Ramadhan
O02162;C0305;P282;2024-02-10;2;0,14;Tokopedia;None
O02163;C0462;P112;2025-03-16;3;0,03;App;Ramadhan
O02164;C0898;P191;2025-07-23;3;0,35;Website;Ramadhan
O02165;C0537;P183;2025-08-24;4;0,36;Tokopedia;11.11
O02166;C0094;P296;2025-10-01;3;0,22;App;Ramadhan
O02167;C0441;P009;2025-08-01;4;0,33;Shopee;None
O02168;C0231;P081;2025-12-13;1;0,32;Tokopedia;None
O02169;C0698;P245;2024-09-15;2;0,21;Shopee;12.12
O02170;C0283;P104;2025-10-23;3;0,06;App;11.11
O02171;C0330;P139;2025-06-10;4;0,02;Website;11.11
O02172;C0672;P128;2025-12-27;3;0,22;Website;11.11
O02173;C0718;P129;2025-12-13;3;0,38;Tokopedia;11.11
O02174;C0522;P055;2024-01-04;1;0,23;App;12.12
O02175;C0875;P186;2025-11-29;4;0,28;Website;11.11
O02176;C0931;P150;2025-08-16;3;0,15;Website;12.12
O02177;C0848;P239;2024-08-30;5;0,39;Shopee;12.12
O02178;C0927;P245;2024-09-05;5;0,27;App;11.11
O02179;C0418;P204;2024-02-09;5;0,24;Shopee;11.11
O02180;C0351;P049;2024-07-01;4;0,35;Shopee;Ramadhan
O02181;C0926;P130;2025-09-01;5;0,13;App;None
O02182;C0091;P106;2025-09-14;1;0,35;Website;Ramadhan
O02183;C0353;P274;2024-08-18;4;0,14;App;11.11
O02184;C0620;P114;2024-03-30;5;0,26;App;Ramadhan
O02185;C0406;P203;2024-06-14;2;0,32;App;Ramadhan
O02186;C0622;P107;2025-05-28;1;0,21;Shopee;12.12
O02187;C0609;P094;2024-05-08;5;0,15;Shopee;12.12
O02188;C0429;P173;2024-02-03;5;0,07;Website;None
O02189;C0085;P057;2024-12-26;5;0,16;Website;None
O02190;C0725;P236;2025-04-10;2;0,07;Tokopedia;Ramadhan
O02191;C0442;P155;2025-03-24;1;0,38;Tokopedia;Ramadhan
O02192;C0192;P135;2024-03-24;5;0,3;Website;Ramadhan
O02193;C0400;P215;2025-01-17;5;0,39;Website;Ramadhan
O02194;C0031;P067;2024-04-26;5;0,01;Shopee;12.12
O02195;C0051;P233;2024-10-07;2;0,27;Tokopedia;12.12
O02196;C0811;P299;2024-01-17;3;0,2;Shopee;12.12
O02197;C0781;P181;2024-04-13;2;0,24;Website;12.12
O02198;C0201;P263;2025-04-03;1;0,15;Shopee;11.11
O02199;C0855;P047;2024-09-13;5;0,18;App;11.11
O02200;C0527;P049;2025-08-04;5;0,07;Shopee;11.11
O02201;C0832;P067;2025-11-22;4;0,25;Tokopedia;11.11
O02202;C0462;P166;2025-04-09;5;0,17;Tokopedia;None
O02203;C0703;P133;2024-08-15;3;0,28;Tokopedia;12.12
O02204;C0985;P243;2025-10-19;4;0,21;Shopee;Ramadhan
O02205;C0736;P138;2025-01-04;2;0,23;Shopee;Ramadhan
O02206;C0086;P290;2024-07-10;3;0,28;App;12.12
O02207;C0145;P228;2024-01-22;3;0,31;Tokopedia;12.12
O02208;C0609;P096;2025-01-05;1;0,31;App;12.12
O02209;C0359;P022;2024-11-27;1;0,17;Tokopedia;None
O02210;C0061;P094;2025-02-04;5;0,23;Website;Ramadhan
O02211;C0943;P043;2024-10-21;2;0,28;App;Ramadhan
O02212;C0255;P043;2024-09-18;5;0,14;Shopee;Ramadhan
O02213;C0739;P247;2024-08-12;5;0,06;Website;11.11
O02214;C0840;P283;2025-01-22;1;0,04;Shopee;12.12
O02215;C0071;P064;2024-05-02;2;0,18;Shopee;None
O02216;C0589;P245;2025-06-01;2;0,14;App;Ramadhan
O02217;C0947;P224;2025-05-31;5;0,14;Shopee;None
O02218;C0710;P249;2024-12-16;5;0,09;Tokopedia;11.11
O02219;C0900;P275;2025-07-13;3;0,02;Tokopedia;11.11
O02220;C0332;P153;2024-10-16;1;0,17;App;12.12
O02221;C0131;P148;2024-05-28;4;0,09;Shopee;None
O02222;C0916;P268;2024-08-05;1;0,29;App;None
O02223;C0394;P271;2024-01-12;3;0,15;Shopee;None
O02224;C0462;P299;2024-10-01;5;0,1;App;11.11
O02225;C0230;P023;2025-03-03;3;0,11;Shopee;11.11
O02226;C0643;P259;2025-03-23;3;0,17;App;Ramadhan
O02227;C0909;P015;2024-07-31;3;0,16;Tokopedia;11.11
O02228;C0426;P185;2025-05-29;2;0,06;Shopee;None
O02229;C0925;P151;2024-11-26;2;0,21;Shopee;12.12
O02230;C0588;P121;2024-11-08;5;0,16;App;12.12
O02231;C0490;P063;2025-08-22;4;0,1;Shopee;Ramadhan
O02232;C0885;P290;2025-10-07;1;0,01;Website;11.11
O02233;C0676;P207;2024-03-13;3;0,03;Website;12.12
O02234;C0271;P086;2024-08-08;2;0,23;Tokopedia;12.12
O02235;C0632;P198;2024-05-21;2;0,1;App;12.12
O02236;C0391;P091;2024-01-24;2;0,11;App;Ramadhan
O02237;C0880;P243;2025-07-19;1;0,23;Shopee;None
O02238;C0936;P297;2024-07-12;5;0,19;Shopee;12.12
O02239;C0032;P047;2024-03-17;1;0,4;Tokopedia;Ramadhan
O02240;C0858;P228;2024-11-15;4;0,12;Website;12.12
O02241;C0171;P014;2024-04-23;5;0,24;App;11.11
O02242;C0236;P196;2024-01-31;1;0,06;App;Ramadhan
O02243;C0471;P243;2024-10-04;4;0,02;Tokopedia;None
O02244;C0324;P090;2025-10-12;1;0,2;Website;11.11
O02245;C0538;P174;2024-05-13;4;0,19;Shopee;Ramadhan
O02246;C0992;P045;2024-06-25;2;0,28;Website;11.11
O02247;C0778;P070;2025-05-07;5;0,2;Website;12.12
O02248;C0623;P056;2024-06-30;4;0,33;Website;11.11
O02249;C0912;P164;2024-10-29;2;0,35;Shopee;11.11
O02250;C0793;P084;2025-03-26;4;0,35;Tokopedia;Ramadhan
O02251;C0291;P088;2024-10-24;4;0,29;App;12.12
O02252;C0255;P231;2025-03-14;5;0,1;App;None
O02253;C0426;P134;2024-02-04;4;0,21;Shopee;12.12
O02254;C0108;P181;2025-06-22;2;0,03;App;Ramadhan
O02255;C0479;P291;2024-04-05;1;0,23;Shopee;11.11
O02256;C0205;P279;2024-05-10;1;0,17;Shopee;12.12
O02257;C0532;P060;2024-08-07;5;0,38;App;None
O02258;C0943;P195;2025-05-15;5;0,27;App;Ramadhan
O02259;C0075;P067;2024-10-31;5;0,19;Tokopedia;12.12
O02260;C0101;P116;2025-03-10;4;0,02;App;Ramadhan
O02261;C0274;P158;2025-06-15;4;0,14;App;None
O02262;C0781;P204;2024-11-17;2;0,04;App;None
O02263;C0305;P071;2025-06-21;2;0,02;Website;11.11
O02264;C0813;P191;2025-04-29;1;0,28;Website;12.12
O02265;C0852;P254;2025-09-30;4;0,21;Shopee;11.11
O02266;C0306;P160;2025-11-25;4;0,12;App;12.12
O02267;C0285;P030;2025-06-17;5;0,24;Shopee;12.12
O02268;C0860;P141;2025-09-02;5;0,22;App;None
O02269;C0533;P126;2024-05-17;3;0,32;Tokopedia;11.11
O02270;C0655;P160;2025-06-17;5;0,11;Tokopedia;None
O02271;C0837;P014;2025-05-15;4;0,04;Shopee;11.11
O02272;C0003;P185;2024-04-13;1;0,04;Tokopedia;Ramadhan
O02273;C0856;P035;2024-12-20;5;0,22;Tokopedia;11.11
O02274;C0911;P132;2024-10-06;3;0,07;Shopee;Ramadhan
O02275;C0231;P295;2024-02-08;2;0,02;App;11.11
O02276;C0395;P290;2025-01-09;3;0,24;App;Ramadhan
O02277;C0774;P200;2024-01-12;5;0;Shopee;12.12
O02278;C0311;P201;2025-08-08;1;0,22;Shopee;11.11
O02279;C0532;P165;2024-10-01;3;0,3;Tokopedia;None
O02280;C0123;P238;2024-09-23;5;0,05;Shopee;11.11
O02281;C0522;P057;2024-05-23;4;0,22;App;11.11
O02282;C0019;P276;2024-12-27;1;0,18;App;11.11
O02283;C0882;P116;2025-02-02;2;0,3;Website;Ramadhan
O02284;C0310;P004;2025-11-13;3;0,14;Shopee;Ramadhan
O02285;C0345;P144;2025-06-29;3;0,12;App;None
O02286;C0720;P144;2025-01-26;1;0,27;Website;11.11
O02287;C0457;P220;2024-05-12;1;0,23;App;None
O02288;C0707;P175;2025-03-01;5;0;Website;12.12
O02289;C0002;P027;2024-12-31;3;0,39;Shopee;11.11
O02290;C0504;P198;2025-11-24;3;0,28;App;None
O02291;C0670;P154;2024-01-07;5;0,01;App;11.11
O02292;C0970;P257;2025-05-07;3;0,2;Website;None
O02293;C0158;P247;2025-11-30;1;0,39;App;Ramadhan
O02294;C0302;P104;2025-08-22;3;0,33;Shopee;12.12
O02295;C0541;P251;2025-03-06;3;0,06;Shopee;Ramadhan
O02296;C0169;P173;2024-11-15;4;0,25;Tokopedia;12.12
O02297;C0859;P195;2024-01-02;5;0,29;Website;12.12
O02298;C0178;P004;2024-08-17;5;0,16;App;Ramadhan
O02299;C0835;P077;2025-05-22;1;0,37;Tokopedia;11.11
O02300;C0259;P066;2024-06-03;3;0,07;Website;11.11
O02301;C0766;P129;2024-08-31;3;0,35;Website;Ramadhan
O02302;C0703;P111;2024-04-23;3;0,19;Shopee;11.11
O02303;C0024;P244;2024-02-19;5;0,14;App;Ramadhan
O02304;C0136;P071;2025-02-22;4;0,36;Shopee;Ramadhan
O02305;C0936;P232;2024-03-16;5;0,06;App;Ramadhan
O02306;C0208;P245;2024-10-15;4;0,32;Shopee;12.12
O02307;C0930;P283;2025-08-20;3;0,33;Shopee;11.11
O02308;C0086;P031;2024-12-25;4;0,08;Website;11.11
O02309;C0742;P225;2024-04-15;4;0,33;Tokopedia;12.12
O02310;C0235;P132;2025-08-23;5;0,38;App;None
O02311;C0415;P105;2025-06-09;4;0,24;App;12.12
O02312;C0522;P006;2025-04-13;5;0,03;Shopee;None
O02313;C0811;P149;2025-03-01;1;0,35;Website;11.11
O02314;C0004;P298;2024-02-27;1;0,19;Tokopedia;12.12
O02315;C0565;P189;2025-12-01;5;0,29;App;12.12
O02316;C0513;P236;2025-05-09;2;0,31;Website;None
O02317;C0859;P054;2025-09-02;4;0,35;App;11.11
O02318;C0268;P049;2025-11-26;4;0,26;Website;Ramadhan
O02319;C0362;P028;2024-09-12;1;0,25;Tokopedia;None
O02320;C0396;P222;2024-10-26;5;0,04;Tokopedia;Ramadhan
O02321;C0901;P022;2025-07-23;3;0,03;App;12.12
O02322;C0294;P256;2025-04-02;5;0,26;Shopee;11.11
O02323;C0104;P130;2025-03-04;1;0,32;App;None
O02324;C0603;P123;2024-07-29;5;0,08;Tokopedia;11.11
O02325;C0611;P241;2025-01-26;1;0,2;App;None
O02326;C0975;P057;2024-01-21;1;0,34;Tokopedia;None
O02327;C0809;P160;2024-09-17;2;0,28;Website;Ramadhan
O02328;C0093;P037;2024-12-29;2;0,05;Shopee;12.12
O02329;C0188;P244;2024-12-10;4;0,09;Shopee;12.12
O02330;C0826;P074;2024-02-01;5;0,36;Shopee;None
O02331;C0469;P087;2025-11-12;5;0,38;App;Ramadhan
O02332;C0858;P242;2024-08-27;2;0,19;Tokopedia;None
O02333;C0655;P177;2024-12-31;1;0,03;Website;11.11
O02334;C0649;P055;2024-08-22;1;0,27;Tokopedia;12.12
O02335;C0356;P294;2024-09-17;1;0,4;Tokopedia;Ramadhan
O02336;C0986;P234;2025-09-21;1;0,19;Shopee;12.12
O02337;C0259;P236;2025-06-17;1;0,14;Shopee;Ramadhan
O02338;C0803;P274;2024-03-31;3;0,08;Shopee;11.11
O02339;C0370;P140;2025-03-18;2;0,25;Shopee;None
O02340;C0982;P060;2025-08-21;2;0,14;App;Ramadhan
O02341;C0584;P281;2024-05-16;2;0,07;Tokopedia;Ramadhan
O02342;C0289;P207;2025-07-14;5;0,38;Tokopedia;Ramadhan
O02343;C0783;P121;2025-08-15;2;0,36;Website;Ramadhan
O02344;C0191;P022;2025-08-17;4;0,01;Tokopedia;Ramadhan
O02345;C0163;P065;2024-05-01;5;0,36;App;11.11
O02346;C0794;P142;2025-06-30;3;0,01;App;Ramadhan
O02347;C0744;P203;2025-06-24;5;0,2;Tokopedia;None
O02348;C0311;P137;2025-03-13;1;0,26;Website;Ramadhan
O02349;C0158;P235;2025-02-04;2;0,12;App;None
O02350;C0620;P017;2024-05-23;3;0,36;App;None
O02351;C0607;P069;2024-07-19;2;0,25;Shopee;12.12
O02352;C0674;P212;2024-10-18;5;0,25;Shopee;12.12
O02353;C0901;P034;2024-12-18;3;0,32;App;12.12
O02354;C0604;P227;2025-03-22;2;0,09;Tokopedia;None
O02355;C0674;P176;2025-03-04;5;0,08;Tokopedia;12.12
O02356;C0522;P028;2024-05-16;3;0,14;App;Ramadhan
O02357;C0234;P130;2024-10-30;1;0,38;Website;11.11
O02358;C0062;P242;2024-12-19;3;0,24;Tokopedia;12.12
O02359;C0515;P250;2024-07-27;5;0,06;App;11.11
O02360;C0257;P083;2025-08-30;5;0,04;Website;12.12
O02361;C0921;P056;2025-03-31;2;0,34;Shopee;11.11
O02362;C0316;P214;2024-05-03;3;0,08;Shopee;Ramadhan
O02363;C0901;P072;2024-06-15;2;0,19;Tokopedia;None
O02364;C0562;P085;2025-12-23;1;0,19;Shopee;11.11
O02365;C0496;P003;2025-09-17;4;0,21;Tokopedia;12.12
O02366;C0520;P202;2025-10-06;3;0,14;Tokopedia;11.11
O02367;C0184;P111;2025-08-30;1;0,23;Website;12.12
O02368;C0776;P088;2025-04-19;5;0,1;Tokopedia;12.12
O02369;C0456;P164;2024-04-04;1;0,14;Shopee;Ramadhan
O02370;C0917;P223;2024-10-04;4;0,26;Tokopedia;None
O02371;C0537;P086;2024-12-09;5;0,06;Tokopedia;Ramadhan
O02372;C0534;P250;2025-04-08;5;0,08;Tokopedia;None
O02373;C0488;P266;2024-06-12;2;0,21;App;11.11
O02374;C0598;P013;2024-02-10;5;0,19;App;Ramadhan
O02375;C0198;P081;2024-04-17;2;0,1;Website;11.11
O02376;C0834;P088;2025-09-04;1;0;Tokopedia;11.11
O02377;C0332;P003;2024-09-21;3;0,15;Tokopedia;11.11
O02378;C0817;P250;2024-08-17;2;0,39;App;11.11
O02379;C0748;P246;2025-02-15;3;0,26;Shopee;Ramadhan
O02380;C0046;P179;2025-04-17;1;0,17;Website;11.11
O02381;C0711;P192;2024-08-02;1;0,16;Tokopedia;None
O02382;C0882;P241;2024-12-16;2;0,28;App;None
O02383;C0704;P275;2024-02-22;5;0,22;Website;None
O02384;C0450;P227;2024-09-11;3;0,1;App;None
O02385;C0540;P036;2025-04-20;5;0,31;Tokopedia;12.12
O02386;C0094;P284;2025-06-23;5;0,1;App;Ramadhan
O02387;C0472;P218;2025-11-05;5;0,11;Tokopedia;11.11
O02388;C0901;P300;2025-06-26;1;0,01;Shopee;11.11
O02389;C0728;P293;2024-12-02;5;0,27;App;12.12
O02390;C0641;P235;2024-11-09;5;0,36;Tokopedia;Ramadhan
O02391;C0646;P168;2024-06-25;2;0,26;Tokopedia;Ramadhan
O02392;C0577;P174;2025-03-08;1;0,25;Website;None
O02393;C0892;P202;2024-03-16;4;0,27;Website;Ramadhan
O02394;C0462;P174;2025-10-04;5;0,3;App;11.11
O02395;C0864;P272;2025-01-04;2;0,3;Website;12.12
O02396;C0487;P058;2025-03-29;3;0,07;Tokopedia;11.11
O02397;C0002;P243;2025-09-18;4;0,17;Website;Ramadhan
O02398;C0823;P095;2024-08-01;2;0,19;Tokopedia;Ramadhan
O02399;C0236;P061;2025-12-01;2;0,29;Shopee;None
O02400;C0463;P002;2025-05-23;2;0,34;Website;11.11
O02401;C0059;P107;2025-06-13;1;0,25;Website;Ramadhan
O02402;C0275;P175;2025-10-29;2;0,19;Shopee;11.11
O02403;C0307;P131;2025-02-27;3;0,18;Website;Ramadhan
O02404;C0853;P084;2024-10-22;1;0,26;Tokopedia;None
O02405;C0780;P274;2025-08-29;4;0,11;App;None
O02406;C0019;P139;2024-03-26;1;0,34;App;11.11
O02407;C0810;P125;2025-09-07;5;0,09;Shopee;12.12
O02408;C0756;P275;2024-11-14;3;0,24;App;Ramadhan
O02409;C0311;P011;2025-01-11;1;0,08;Tokopedia;12.12
O02410;C0496;P211;2025-12-11;2;0,26;Shopee;12.12
O02411;C0759;P217;2025-01-15;4;0,26;Website;Ramadhan
O02412;C0764;P215;2025-12-17;3;0,35;Shopee;None
O02413;C0163;P043;2025-07-19;4;0,29;Tokopedia;None
O02414;C0698;P186;2024-04-18;4;0,09;Website;Ramadhan
O02415;C0070;P065;2025-11-24;5;0,11;Website;Ramadhan
O02416;C0560;P011;2025-06-18;5;0,18;Shopee;11.11
O02417;C0621;P008;2025-11-23;5;0,2;Shopee;11.11
O02418;C0261;P236;2025-08-08;3;0,19;Shopee;11.11
O02419;C0807;P013;2024-03-03;2;0,19;App;Ramadhan
O02420;C0665;P158;2025-10-28;4;0,38;App;11.11
O02421;C0270;P113;2025-06-13;1;0,12;Shopee;Ramadhan
O02422;C0804;P098;2025-01-18;5;0,19;Tokopedia;None
O02423;C0431;P196;2024-08-04;1;0,09;Website;Ramadhan
O02424;C0838;P101;2024-03-07;3;0,33;Shopee;None
O02425;C0612;P094;2024-01-21;1;0,13;Tokopedia;11.11
O02426;C0219;P274;2025-10-27;4;0,28;Website;12.12
O02427;C0189;P163;2025-10-09;3;0,29;Website;11.11
O02428;C0107;P279;2025-04-30;5;0,35;Tokopedia;11.11
O02429;C0335;P194;2025-01-13;1;0,38;App;None
O02430;C0479;P127;2024-11-22;5;0,24;App;12.12
O02431;C0919;P043;2024-02-04;1;0,3;App;None
O02432;C0529;P094;2025-07-11;1;0,21;App;12.12
O02433;C0900;P008;2025-12-06;4;0,21;Website;Ramadhan
O02434;C0630;P271;2024-07-27;5;0,34;Shopee;12.12
O02435;C0885;P092;2025-10-27;1;0,11;Tokopedia;12.12
O02436;C0723;P159;2024-10-29;2;0,02;App;Ramadhan
O02437;C0600;P266;2025-02-16;1;0,2;Tokopedia;None
O02438;C0525;P078;2025-05-26;3;0,09;Tokopedia;11.11
O02439;C0585;P218;2024-11-08;1;0,06;Shopee;Ramadhan
O02440;C0558;P065;2025-02-24;3;0,37;Tokopedia;11.11
O02441;C0361;P109;2024-04-12;5;0,25;App;None
O02442;C0958;P129;2025-03-22;1;0,26;Tokopedia;11.11
O02443;C0266;P048;2025-06-17;4;0,38;Website;Ramadhan
O02444;C0374;P181;2024-03-03;3;0,38;App;12.12
O02445;C0869;P258;2024-03-23;5;0,11;Shopee;12.12
O02446;C0430;P151;2025-04-19;5;0,37;Shopee;None
O02447;C0174;P203;2024-01-13;3;0,1;Shopee;Ramadhan
O02448;C0974;P085;2024-05-21;4;0,17;Website;11.11
O02449;C0282;P233;2025-06-22;4;0,4;Shopee;Ramadhan
O02450;C0638;P276;2024-11-07;3;0,09;App;Ramadhan
O02451;C0804;P216;2024-09-28;4;0,1;Tokopedia;11.11
O02452;C0526;P187;2024-07-10;5;0,05;App;None
O02453;C0044;P104;2024-11-21;3;0,19;Website;11.11
O02454;C0156;P256;2025-10-02;3;0,33;Tokopedia;11.11
O02455;C0280;P061;2025-04-12;3;0,23;Website;11.11
O02456;C0007;P297;2025-01-03;3;0,2;Tokopedia;Ramadhan
O02457;C0930;P189;2024-05-02;2;0,16;Website;Ramadhan
O02458;C0783;P182;2024-05-20;2;0,29;Shopee;11.11
O02459;C0713;P249;2024-12-07;4;0,38;Tokopedia;Ramadhan
O02460;C0897;P121;2024-04-12;5;0,25;Tokopedia;Ramadhan
O02461;C0785;P190;2025-10-06;2;0,12;Website;12.12
O02462;C0170;P119;2025-06-19;1;0,24;Tokopedia;None
O02463;C0483;P210;2025-06-23;1;0,29;Shopee;12.12
O02464;C0199;P281;2025-03-06;4;0,07;Tokopedia;12.12
O02465;C0593;P032;2025-03-17;2;0,2;App;None
O02466;C0662;P092;2025-10-17;3;0,15;App;Ramadhan
O02467;C0858;P269;2024-07-09;1;0,13;App;12.12
O02468;C0770;P230;2025-07-15;5;0,29;Website;11.11
O02469;C0218;P022;2024-10-01;3;0,26;Website;None
O02470;C0905;P268;2025-08-18;5;0,36;Shopee;11.11
O02471;C0365;P154;2025-03-23;5;0,36;App;11.11
O02472;C0667;P086;2024-11-22;4;0,22;App;12.12
O02473;C0608;P053;2024-05-09;3;0,01;Shopee;12.12
O02474;C0316;P165;2025-12-19;4;0,39;Shopee;12.12
O02475;C0403;P018;2024-06-26;1;0,2;Website;None
O02476;C0586;P156;2025-10-29;2;0,07;Shopee;12.12
O02477;C0870;P014;2025-02-04;2;0,04;App;11.11
O02478;C0672;P275;2024-03-03;2;0,23;Website;None
O02479;C0685;P251;2025-03-10;2;0,38;Website;None
O02480;C0519;P126;2024-12-11;5;0,05;Website;Ramadhan
O02481;C0418;P274;2024-12-19;2;0,06;Website;12.12
O02482;C0296;P274;2025-12-28;4;0,07;Website;12.12
O02483;C0619;P173;2025-07-31;2;0,27;Website;None
O02484;C0953;P068;2024-05-01;4;0,01;Shopee;11.11
O02485;C0595;P256;2024-06-02;3;0,07;Tokopedia;Ramadhan
O02486;C0472;P087;2025-03-18;3;0,19;Shopee;Ramadhan
O02487;C0283;P175;2025-11-03;5;0,1;Website;11.11
O02488;C0699;P138;2025-06-04;4;0,06;App;Ramadhan
O02489;C0705;P294;2024-10-06;5;0,3;App;11.11
O02490;C0448;P227;2025-05-30;5;0,3;App;Ramadhan
O02491;C0680;P171;2024-01-02;5;0,1;Shopee;None
O02492;C0808;P067;2025-01-20;2;0,24;Shopee;Ramadhan
O02493;C0859;P241;2024-11-14;2;0,39;App;12.12
O02494;C0339;P244;2024-07-15;2;0,37;App;Ramadhan
O02495;C0393;P080;2025-08-22;3;0,07;App;12.12
O02496;C0658;P100;2024-04-01;1;0,35;App;12.12
O02497;C0136;P256;2024-06-04;4;0,35;Website;12.12
O02498;C0466;P215;2024-11-12;5;0,15;App;11.11
O02499;C0021;P123;2024-07-20;5;0,28;App;Ramadhan
O02500;C0572;P103;2024-07-27;5;0,01;App;12.12
O02501;C0735;P192;2024-11-17;3;0,01;Shopee;None
O02502;C0041;P057;2025-01-18;5;0,39;Tokopedia;11.11
O02503;C0427;P102;2025-11-23;5;0,18;Shopee;None
O02504;C0676;P023;2025-02-11;5;0,34;Website;Ramadhan
O02505;C0431;P011;2025-09-09;3;0,05;Tokopedia;Ramadhan
O02506;C0146;P291;2024-05-05;5;0,05;Tokopedia;Ramadhan
O02507;C0780;P222;2025-05-30;5;0,02;Tokopedia;11.11
O02508;C0662;P169;2024-04-29;2;0,24;Website;11.11
O02509;C0462;P196;2024-12-19;4;0,31;App;12.12
O02510;C0450;P207;2025-11-01;4;0,04;Shopee;12.12
O02511;C0078;P299;2024-03-22;2;0,22;App;Ramadhan
O02512;C0789;P193;2025-05-19;5;0,24;Website;Ramadhan
O02513;C0064;P227;2025-01-19;5;0,1;Website;11.11
O02514;C0517;P260;2024-06-17;3;0,14;Shopee;None
O02515;C0632;P074;2024-09-08;1;0,1;App;Ramadhan
O02516;C0412;P148;2025-04-05;5;0,07;Shopee;Ramadhan
O02517;C0473;P284;2024-06-23;1;0,2;Website;12.12
O02518;C0231;P102;2024-04-16;3;0,14;Tokopedia;Ramadhan
O02519;C0667;P085;2025-10-20;1;0,33;App;Ramadhan
O02520;C0473;P061;2025-04-21;2;0,03;App;11.11
O02521;C0896;P237;2024-05-03;3;0,2;Tokopedia;None
O02522;C0952;P202;2025-01-16;2;0,04;Website;None
O02523;C0078;P167;2025-09-16;3;0,02;Shopee;11.11
O02524;C0396;P284;2024-06-14;3;0,1;App;11.11
O02525;C0077;P042;2024-07-08;4;0,27;Website;Ramadhan
O02526;C0689;P195;2024-12-24;5;0,06;Tokopedia;11.11
O02527;C0287;P196;2025-09-24;3;0,04;App;12.12
O02528;C0472;P153;2025-05-28;4;0,21;App;12.12
O02529;C0030;P064;2024-06-27;2;0,01;Tokopedia;None
O02530;C0870;P291;2024-05-30;1;0,31;App;12.12
O02531;C0354;P092;2025-03-03;5;0,18;Website;None
O02532;C0320;P072;2025-10-21;3;0,33;App;Ramadhan
O02533;C0772;P166;2024-02-10;3;0,12;Shopee;12.12
O02534;C0425;P117;2025-10-11;4;0,07;Tokopedia;12.12
O02535;C0379;P098;2024-10-13;4;0,08;Tokopedia;11.11
O02536;C0209;P024;2025-04-20;3;0,23;Website;None
O02537;C0247;P075;2025-11-14;4;0,39;Shopee;12.12
O02538;C0070;P279;2024-07-21;3;0,36;Website;None
O02539;C0500;P184;2025-06-15;1;0,3;App;None
O02540;C0158;P217;2024-11-25;5;0,11;App;11.11
O02541;C0194;P037;2025-01-13;3;0,1;Tokopedia;Ramadhan
O02542;C0045;P213;2024-08-05;1;0,28;Tokopedia;12.12
O02543;C0543;P271;2025-04-06;2;0,3;Tokopedia;11.11
O02544;C0502;P198;2025-07-28;5;0,28;Tokopedia;11.11
O02545;C0230;P069;2025-09-04;1;0,06;Tokopedia;None
O02546;C0607;P163;2024-06-01;1;0,37;Website;None
O02547;C0904;P227;2025-10-07;5;0,4;Shopee;None
O02548;C0802;P093;2024-01-28;2;0,1;App;None
O02549;C0841;P285;2024-06-15;4;0,04;Website;11.11
O02550;C0032;P069;2025-03-14;2;0,28;Shopee;None
O02551;C0967;P275;2025-04-23;2;0,07;App;12.12
O02552;C0516;P113;2025-01-27;2;0,31;Website;None
O02553;C0653;P248;2025-02-26;5;0,15;App;None
O02554;C0502;P119;2025-02-24;5;0,2;App;Ramadhan
O02555;C0067;P254;2025-09-25;4;0,17;Website;None
O02556;C0588;P180;2024-10-24;5;0,33;Shopee;11.11
O02557;C0687;P194;2025-12-10;3;0,37;App;None
O02558;C0652;P163;2024-04-23;5;0,35;Tokopedia;12.12
O02559;C0115;P167;2024-05-31;2;0,03;Tokopedia;12.12
O02560;C0750;P071;2025-12-23;5;0,23;Shopee;12.12
O02561;C0369;P046;2025-02-08;3;0,34;Shopee;Ramadhan
O02562;C0511;P095;2024-05-21;2;0,01;App;12.12
O02563;C0996;P082;2025-01-06;5;0,14;Shopee;11.11
O02564;C0492;P234;2025-12-11;1;0,04;Website;None
O02565;C0754;P072;2025-09-25;3;0,27;App;None
O02566;C0965;P178;2024-10-15;4;0,09;Website;Ramadhan
O02567;C0301;P205;2024-05-07;3;0,15;App;11.11
O02568;C0923;P282;2024-11-18;2;0,2;Website;Ramadhan
O02569;C0866;P266;2025-01-28;5;0,35;Tokopedia;Ramadhan
O02570;C0789;P210;2025-03-06;5;0,08;Tokopedia;11.11
O02571;C0158;P064;2025-10-18;4;0,15;App;12.12
O02572;C0524;P208;2024-12-22;3;0,13;App;None
O02573;C0328;P211;2025-12-27;5;0,01;App;Ramadhan
O02574;C0719;P077;2024-12-03;2;0,14;App;12.12
O02575;C0330;P036;2024-11-01;4;0,31;Shopee;None
O02576;C0026;P004;2024-02-14;4;0,06;App;None
O02577;C0847;P244;2025-03-19;5;0,16;Shopee;Ramadhan
O02578;C0644;P241;2025-12-15;3;0,26;Shopee;11.11
O02579;C0455;P262;2024-01-26;5;0,33;Shopee;None
O02580;C0384;P227;2025-02-27;5;0,04;Shopee;11.11
O02581;C0613;P047;2025-06-27;3;0,09;App;11.11
O02582;C0901;P189;2024-05-25;2;0,16;App;11.11
O02583;C0297;P259;2025-09-24;4;0,23;Shopee;None
O02584;C0955;P124;2024-03-03;5;0,33;Website;Ramadhan
O02585;C0340;P176;2024-05-05;5;0,32;Tokopedia;None
O02586;C0991;P202;2024-08-05;3;0,31;App;Ramadhan
O02587;C0791;P290;2025-02-09;5;0,15;Website;None
O02588;C0506;P163;2024-12-19;2;0,36;Shopee;Ramadhan
O02589;C0035;P153;2024-01-15;4;0,37;Shopee;12.12
O02590;C0609;P281;2024-04-25;2;0,03;Tokopedia;None
O02591;C0559;P036;2024-06-27;4;0,03;App;12.12
O02592;C0777;P158;2024-08-02;1;0,15;Website;Ramadhan
O02593;C0633;P055;2025-08-13;1;0,26;Website;11.11
O02594;C0459;P182;2025-12-27;1;0,24;App;12.12
O02595;C0828;P113;2025-12-27;4;0,3;Shopee;12.12
O02596;C0490;P137;2025-03-11;3;0,25;Tokopedia;Ramadhan
O02597;C0165;P120;2025-10-11;2;0;Shopee;12.12
O02598;C1000;P175;2025-09-23;1;0,02;Tokopedia;12.12
O02599;C0913;P031;2024-11-09;1;0,2;Shopee;12.12
O02600;C0422;P026;2024-05-06;5;0,26;Website;Ramadhan
O02601;C0632;P233;2025-09-05;4;0,09;Tokopedia;Ramadhan
O02602;C0726;P149;2025-02-26;4;0,29;Shopee;None
O02603;C0400;P036;2025-06-02;1;0,18;App;11.11
O02604;C0174;P131;2024-06-04;1;0,11;Tokopedia;11.11
O02605;C0824;P093;2024-09-19;1;0;Tokopedia;Ramadhan
O02606;C0556;P210;2025-10-19;1;0,34;Tokopedia;11.11
O02607;C0157;P084;2024-10-13;2;0,13;App;11.11
O02608;C0244;P215;2024-01-18;2;0,18;Website;12.12
O02609;C0750;P015;2025-10-06;2;0,24;Tokopedia;Ramadhan
O02610;C0675;P012;2024-04-02;4;0,3;Shopee;None
O02611;C0319;P022;2025-05-25;1;0,31;Shopee;12.12
O02612;C0332;P265;2025-10-11;4;0,01;Tokopedia;Ramadhan
O02613;C0780;P229;2025-06-15;2;0,08;Website;11.11
O02614;C0379;P040;2025-05-06;5;0,24;Shopee;11.11
O02615;C0649;P172;2025-06-09;1;0,19;App;11.11
O02616;C0055;P138;2025-02-27;3;0,01;Tokopedia;None
O02617;C0103;P189;2024-06-25;2;0,09;App;11.11
O02618;C0766;P116;2025-05-12;5;0,29;App;11.11
O02619;C0997;P146;2025-05-03;4;0,15;Website;11.11
O02620;C0235;P244;2024-07-20;1;0,26;Website;None
O02621;C0862;P285;2025-05-30;3;0,24;Tokopedia;12.12
O02622;C0625;P064;2024-04-13;2;0,18;App;11.11
O02623;C0911;P067;2025-04-27;3;0,35;Tokopedia;None
O02624;C0979;P046;2025-08-13;4;0,2;Shopee;None
O02625;C0835;P247;2024-04-26;1;0,14;Shopee;Ramadhan
O02626;C0790;P018;2024-06-08;3;0,18;Tokopedia;None
O02627;C0036;P104;2025-07-10;4;0,04;Tokopedia;None
O02628;C0324;P126;2025-09-04;4;0,32;Shopee;11.11
O02629;C0615;P167;2025-10-22;1;0,3;Tokopedia;Ramadhan
O02630;C0598;P231;2024-04-12;4;0,09;App;Ramadhan
O02631;C0782;P206;2025-11-22;5;0,11;App;Ramadhan
O02632;C0717;P257;2024-01-02;2;0,12;Shopee;11.11
O02633;C0402;P192;2024-09-30;3;0,09;Shopee;11.11
O02634;C0588;P061;2024-06-11;5;0,19;App;Ramadhan
O02635;C0629;P169;2024-05-18;3;0,21;Shopee;None
O02636;C0339;P080;2024-07-27;1;0,03;Shopee;None
O02637;C0884;P089;2024-06-15;2;0,4;Tokopedia;None
O02638;C0387;P242;2025-04-03;5;0,38;App;None
O02639;C0597;P001;2025-04-26;3;0,37;Tokopedia;None
O02640;C0082;P198;2024-12-12;5;0,31;Tokopedia;11.11
O02641;C0387;P198;2025-01-06;1;0,11;Shopee;Ramadhan
O02642;C0461;P129;2024-01-10;4;0,24;Website;None
O02643;C0694;P077;2025-08-07;1;0,29;Website;11.11
O02644;C0180;P299;2024-04-30;1;0,05;Website;Ramadhan
O02645;C0890;P281;2024-07-11;1;0,01;Shopee;12.12
O02646;C0417;P033;2025-07-18;1;0,11;Tokopedia;12.12
O02647;C0888;P176;2024-07-22;3;0,39;Website;12.12
O02648;C0918;P264;2024-02-28;2;0,05;Website;None
O02649;C0046;P048;2025-12-02;4;0,3;Shopee;None
O02650;C0504;P249;2024-09-29;4;0,06;Tokopedia;12.12
O02651;C0257;P002;2025-03-16;3;0,3;App;11.11
O02652;C0028;P160;2025-08-03;1;0,02;Website;11.11
O02653;C0372;P148;2025-12-09;3;0,01;App;None
O02654;C0345;P002;2025-07-31;1;0,01;Shopee;Ramadhan
O02655;C0859;P276;2024-02-07;3;0,1;Tokopedia;None
O02656;C0347;P177;2025-06-23;1;0,18;Shopee;12.12
O02657;C0615;P260;2024-04-21;2;0,34;Website;11.11
O02658;C0918;P047;2024-05-14;3;0,26;Website;None
O02659;C0572;P292;2024-11-16;5;0,23;Shopee;12.12
O02660;C0817;P146;2025-06-16;4;0,19;App;None
O02661;C0415;P026;2025-01-22;3;0,34;Website;11.11
O02662;C0715;P290;2025-11-30;4;0,15;Shopee;Ramadhan
O02663;C0771;P003;2024-07-14;5;0,14;Website;None
O02664;C0433;P196;2025-04-09;1;0,11;App;None
O02665;C0318;P019;2025-05-16;1;0,02;App;Ramadhan
O02666;C0087;P110;2024-09-04;4;0,08;Website;Ramadhan
O02667;C0407;P146;2025-05-08;2;0,01;Shopee;11.11
O02668;C0424;P062;2024-02-07;5;0,24;Website;Ramadhan
O02669;C0622;P271;2025-06-26;3;0,27;Tokopedia;Ramadhan
O02670;C0424;P166;2025-10-07;3;0,19;Website;11.11
O02671;C0879;P049;2024-12-05;2;0,23;Website;12.12
O02672;C0334;P059;2025-03-05;4;0,12;App;11.11
O02673;C0626;P158;2024-05-04;4;0,3;App;12.12
O02674;C0440;P019;2025-10-14;4;0,16;Shopee;11.11
O02675;C1000;P245;2025-12-07;1;0,08;Website;12.12
O02676;C0058;P101;2025-10-23;3;0,33;Website;Ramadhan
O02677;C0107;P064;2024-11-26;2;0,31;Website;11.11
O02678;C0894;P142;2025-10-05;2;0,18;Shopee;12.12
O02679;C0833;P043;2025-03-23;2;0,32;Tokopedia;12.12
O02680;C0328;P165;2025-11-08;4;0,04;Tokopedia;11.11
O02681;C0846;P075;2025-08-21;5;0,06;Website;None
O02682;C0565;P199;2025-08-09;1;0,29;Tokopedia;Ramadhan
O02683;C0022;P132;2024-03-04;1;0,27;App;Ramadhan
O02684;C0662;P209;2024-01-13;5;0,1;Tokopedia;12.12
O02685;C0309;P238;2025-03-16;5;0,04;Website;None
O02686;C0876;P024;2024-12-07;3;0,03;App;11.11
O02687;C0357;P289;2024-02-04;5;0,24;Website;Ramadhan
O02688;C0900;P117;2025-10-22;5;0,05;Tokopedia;Ramadhan
O02689;C0305;P022;2024-07-30;4;0,3;Tokopedia;None
O02690;C0501;P007;2024-09-24;4;0;Tokopedia;12.12
O02691;C0951;P126;2025-06-22;2;0,14;Shopee;11.11
O02692;C0119;P149;2024-05-03;1;0,14;Shopee;None
O02693;C0389;P017;2024-01-24;5;0,05;App;Ramadhan
O02694;C0165;P244;2024-10-04;1;0,27;Tokopedia;11.11
O02695;C0782;P099;2025-07-31;5;0,33;Tokopedia;12.12
O02696;C0687;P217;2025-06-15;1;0,21;App;Ramadhan
O02697;C0470;P191;2025-06-19;2;0,26;App;11.11
O02698;C0429;P275;2025-04-29;1;0,14;Tokopedia;None
O02699;C0019;P123;2024-08-10;5;0,01;App;Ramadhan
O02700;C0546;P191;2024-02-27;3;0,05;Tokopedia;Ramadhan
O02701;C0803;P061;2024-12-19;2;0,15;Website;12.12
O02702;C0598;P054;2024-04-22;4;0,32;Shopee;11.11
O02703;C0983;P260;2024-03-13;4;0,22;Website;11.11
O02704;C0584;P236;2024-01-02;1;0,28;Shopee;Ramadhan
O02705;C0466;P145;2025-03-26;5;0,31;App;Ramadhan
O02706;C0636;P258;2025-06-15;3;0,2;Tokopedia;11.11
O02707;C0597;P119;2025-08-01;1;0,13;Website;None
O02708;C0546;P144;2025-03-08;3;0,07;Tokopedia;None
O02709;C0532;P028;2024-09-07;5;0,3;Website;11.11
O02710;C0267;P249;2025-09-03;2;0,28;Website;12.12
O02711;C0802;P220;2025-02-05;3;0,34;Website;11.11
O02712;C0541;P298;2024-12-22;1;0,21;App;None
O02713;C0458;P291;2024-12-26;5;0,28;Shopee;11.11
O02714;C0156;P248;2024-12-04;5;0,18;Website;None
O02715;C0105;P060;2025-02-13;2;0,39;Website;12.12
O02716;C0383;P108;2024-04-15;1;0,37;Tokopedia;Ramadhan
O02717;C0149;P135;2025-10-05;2;0,2;App;11.11
O02718;C0012;P233;2024-01-22;5;0,36;App;Ramadhan
O02719;C0417;P299;2025-07-31;3;0,19;Website;None
O02720;C0504;P152;2024-06-19;1;0,1;Tokopedia;11.11
O02721;C0812;P058;2025-05-10;4;0,23;Shopee;12.12
O02722;C0065;P211;2024-09-13;2;0,11;Website;12.12
O02723;C0915;P268;2024-09-01;4;0,24;Website;12.12
O02724;C0205;P098;2024-06-23;2;0,16;Tokopedia;None
O02725;C0497;P122;2025-01-04;3;0,31;Website;12.12
O02726;C0006;P007;2025-11-12;4;0,14;Shopee;11.11
O02727;C0050;P222;2024-08-24;1;0,07;Website;Ramadhan
O02728;C0519;P192;2025-11-30;2;0,01;App;12.12
O02729;C0748;P285;2025-04-08;5;0,14;App;None
O02730;C0165;P120;2024-04-01;3;0,36;Tokopedia;11.11
O02731;C0909;P145;2025-04-06;2;0,22;Shopee;12.12
O02732;C0985;P076;2025-08-18;4;0,05;Website;11.11
O02733;C0463;P080;2025-05-23;4;0,21;Tokopedia;None
O02734;C0633;P137;2024-11-09;3;0,36;Website;11.11
O02735;C0908;P153;2024-03-02;5;0,29;Website;Ramadhan
O02736;C0263;P178;2025-10-22;5;0,3;Shopee;11.11
O02737;C0939;P264;2024-04-09;1;0,17;Tokopedia;Ramadhan
O02738;C0810;P290;2025-02-03;3;0,1;App;None
O02739;C0301;P127;2024-06-03;3;0,32;Tokopedia;12.12
O02740;C0838;P066;2025-01-31;4;0,02;App;12.12
O02741;C0742;P112;2024-03-01;2;0,13;Shopee;None
O02742;C0395;P266;2024-11-18;5;0,28;Tokopedia;11.11
O02743;C0013;P125;2025-12-07;3;0,11;Website;12.12
O02744;C0238;P299;2025-04-18;1;0,32;Shopee;12.12
O02745;C0586;P198;2024-01-13;1;0,39;Tokopedia;11.11
O02746;C0962;P023;2025-10-03;2;0,31;Shopee;11.11
O02747;C0992;P245;2025-06-15;5;0,1;Tokopedia;None
O02748;C0851;P193;2024-12-31;5;0,35;Tokopedia;None
O02749;C0442;P133;2024-10-22;4;0,39;App;12.12
O02750;C0926;P276;2025-03-26;4;0,18;Website;12.12
O02751;C0190;P103;2024-01-02;3;0,16;Website;11.11
O02752;C0641;P298;2024-08-21;3;0,21;Tokopedia;Ramadhan
O02753;C0879;P084;2024-03-03;1;0,27;App;None
O02754;C0951;P246;2025-06-02;1;0,13;Tokopedia;None
O02755;C0811;P193;2024-03-23;3;0,04;Website;12.12
O02756;C0476;P071;2024-08-10;1;0,02;Website;None
O02757;C0646;P207;2025-06-18;5;0,25;Website;Ramadhan
O02758;C0017;P029;2024-04-25;2;0,09;Website;11.11
O02759;C0658;P102;2025-03-15;2;0,09;Website;None
O02760;C0347;P148;2025-04-17;2;0,16;Tokopedia;11.11
O02761;C0210;P121;2024-02-23;1;0,2;Website;None
O02762;C0695;P209;2025-08-14;1;0,34;App;None
O02763;C0453;P203;2025-06-02;3;0,28;Shopee;12.12
O02764;C0692;P125;2024-02-18;2;0,34;Shopee;11.11
O02765;C0175;P256;2024-08-18;4;0,25;Shopee;12.12
O02766;C0638;P116;2025-04-11;5;0,25;Website;None
O02767;C0355;P030;2025-11-20;4;0,23;Website;12.12
O02768;C0325;P249;2025-01-26;2;0,06;Tokopedia;Ramadhan
O02769;C0324;P150;2025-11-05;2;0,39;Website;Ramadhan
O02770;C0791;P189;2025-04-07;2;0,39;Website;12.12
O02771;C0372;P012;2025-03-16;2;0,23;Tokopedia;12.12
O02772;C0892;P279;2024-01-17;1;0,33;Shopee;None
O02773;C0250;P215;2024-01-30;5;0,3;Tokopedia;Ramadhan
O02774;C0743;P170;2024-02-03;4;0,06;Shopee;12.12
O02775;C0068;P246;2025-06-16;3;0;Website;11.11
O02776;C0138;P270;2024-03-04;2;0,32;Shopee;11.11
O02777;C0344;P184;2024-08-24;1;0,3;Tokopedia;Ramadhan
O02778;C0602;P240;2024-08-27;5;0,12;App;12.12
O02779;C0534;P241;2024-03-10;3;0,18;Website;Ramadhan
O02780;C0863;P186;2025-12-15;1;0,36;Shopee;Ramadhan
O02781;C0289;P268;2025-09-20;3;0,01;Shopee;Ramadhan
O02782;C0358;P177;2024-02-03;4;0,18;Shopee;11.11
O02783;C0696;P267;2025-08-02;1;0,06;Website;None
O02784;C0018;P028;2024-12-17;4;0,08;App;Ramadhan
O02785;C0794;P233;2024-02-02;4;0,07;Shopee;None
O02786;C0877;P064;2025-04-15;4;0,19;Website;None
O02787;C0763;P290;2025-05-30;4;0,39;Shopee;Ramadhan
O02788;C0418;P287;2025-12-29;5;0,3;Tokopedia;None
O02789;C0937;P086;2025-02-14;3;0,09;Website;None
O02790;C0930;P019;2025-03-22;3;0,22;App;None
O02791;C0724;P024;2025-01-21;5;0,17;App;None
O02792;C0443;P008;2024-01-23;2;0,34;Tokopedia;Ramadhan
O02793;C0149;P126;2024-09-27;2;0,25;Shopee;None
O02794;C0537;P103;2025-09-03;1;0,19;App;None
O02795;C0522;P008;2024-12-30;4;0,08;Tokopedia;12.12
O02796;C0342;P004;2024-11-11;1;0,29;Tokopedia;12.12
O02797;C0197;P097;2025-05-18;1;0,22;App;11.11
O02798;C0271;P032;2025-08-18;4;0,38;Tokopedia;12.12
O02799;C0074;P017;2025-10-24;5;0,37;Shopee;11.11
O02800;C0942;P088;2025-03-14;2;0,36;Tokopedia;11.11
O02801;C0143;P207;2024-10-05;4;0,04;App;None
O02802;C0649;P257;2025-11-19;3;0,12;Website;None
O02803;C0313;P153;2024-08-29;1;0,02;App;11.11
O02804;C0004;P217;2024-09-07;2;0,07;Shopee;11.11
O02805;C0329;P286;2024-04-19;1;0,28;App;12.12
O02806;C0201;P286;2025-10-17;4;0,33;Shopee;12.12
O02807;C0799;P084;2024-09-16;4;0,05;Shopee;None
O02808;C0171;P029;2025-12-02;4;0,36;App;Ramadhan
O02809;C0951;P177;2024-11-16;5;0,27;App;Ramadhan
O02810;C0176;P128;2025-06-29;4;0,03;Website;None
O02811;C0363;P064;2024-01-19;4;0,06;Tokopedia;12.12
O02812;C0252;P057;2025-01-27;5;0,34;Shopee;11.11
O02813;C0097;P137;2025-03-06;3;0,25;Tokopedia;11.11
O02814;C0059;P257;2025-12-24;1;0,24;Tokopedia;Ramadhan
O02815;C0221;P261;2024-07-18;5;0,01;Shopee;12.12
O02816;C0950;P010;2025-04-19;1;0,09;App;Ramadhan
O02817;C0290;P152;2024-04-08;3;0,01;Tokopedia;None
O02818;C0898;P137;2024-02-08;3;0,2;Shopee;12.12
O02819;C0250;P168;2025-08-16;3;0,13;Shopee;12.12
O02820;C0110;P258;2024-04-19;4;0,03;Tokopedia;11.11
O02821;C0474;P068;2024-01-07;1;0,19;Tokopedia;12.12
O02822;C0767;P149;2024-07-20;1;0,4;Tokopedia;Ramadhan
O02823;C0710;P009;2024-08-08;1;0,29;Shopee;Ramadhan
O02824;C0460;P018;2024-08-10;5;0,2;App;11.11
O02825;C0815;P095;2025-11-19;2;0,29;Website;12.12
O02826;C0891;P006;2024-01-21;2;0,24;Tokopedia;None
O02827;C0666;P145;2025-10-13;5;0,29;App;None
O02828;C0017;P129;2025-01-22;5;0,39;Tokopedia;12.12
O02829;C0154;P004;2024-11-08;1;0,29;Website;Ramadhan
O02830;C0555;P037;2024-01-22;2;0,14;Shopee;11.11
O02831;C0336;P167;2025-11-23;4;0,09;App;Ramadhan
O02832;C0185;P248;2025-09-26;2;0,22;App;12.12
O02833;C0174;P254;2025-06-24;5;0,08;Tokopedia;12.12
O02834;C0836;P114;2025-03-21;1;0,03;Tokopedia;Ramadhan
O02835;C0275;P035;2024-07-10;4;0,27;Website;Ramadhan
O02836;C0840;P204;2025-06-02;2;0,12;Tokopedia;None
O02837;C0450;P265;2024-07-16;1;0,19;Website;11.11
O02838;C0925;P200;2025-08-24;2;0,25;Shopee;None
O02839;C0550;P297;2025-07-20;3;0,07;App;12.12
O02840;C0679;P180;2024-11-11;5;0,06;Website;None
O02841;C0277;P233;2024-01-12;5;0,24;Website;None
O02842;C0432;P119;2025-05-10;1;0,2;Tokopedia;11.11
O02843;C0029;P073;2025-12-28;2;0,32;Tokopedia;Ramadhan
O02844;C0149;P088;2025-11-21;1;0,03;Website;12.12
O02845;C0673;P209;2024-03-20;3;0,02;Shopee;Ramadhan
O02846;C0770;P156;2025-05-31;5;0,01;Shopee;None
O02847;C0722;P224;2024-08-03;3;0,15;Website;12.12
O02848;C0658;P067;2025-02-13;3;0,06;Shopee;None
O02849;C0895;P184;2024-12-20;4;0,22;App;Ramadhan
O02850;C0989;P133;2024-06-18;3;0,38;Website;Ramadhan
O02851;C0394;P021;2024-06-10;2;0,35;App;Ramadhan
O02852;C0567;P266;2024-09-30;4;0,3;Website;None
O02853;C0294;P222;2025-11-13;3;0,25;Shopee;None
O02854;C0047;P199;2024-04-15;1;0,14;Tokopedia;None
O02855;C0756;P262;2025-10-20;4;0,21;Website;11.11
O02856;C0867;P161;2024-06-14;4;0,1;Website;12.12
O02857;C0046;P297;2024-07-08;5;0,18;Website;11.11
O02858;C0648;P294;2025-06-14;1;0,14;Website;None
O02859;C0892;P013;2025-04-08;5;0,18;Tokopedia;None
O02860;C0851;P056;2025-09-12;4;0,3;App;11.11
O02861;C0174;P114;2024-07-31;1;0,09;Tokopedia;12.12
O02862;C0643;P097;2024-02-10;4;0,26;Website;None
O02863;C0346;P281;2025-09-20;2;0,36;Shopee;12.12
O02864;C0832;P264;2024-02-09;4;0,2;Shopee;12.12
O02865;C0785;P172;2024-03-31;5;0,28;Shopee;12.12
O02866;C0612;P107;2024-12-02;4;0,03;App;11.11
O02867;C0891;P255;2024-12-27;1;0,4;App;11.11
O02868;C0250;P028;2025-04-04;1;0,14;Tokopedia;Ramadhan
O02869;C0572;P278;2024-04-22;4;0,25;Shopee;11.11
O02870;C0445;P241;2024-04-17;2;0,16;Tokopedia;Ramadhan
O02871;C0330;P035;2025-02-10;3;0,19;Tokopedia;None
O02872;C0793;P076;2024-03-06;1;0,16;Website;Ramadhan
O02873;C0106;P218;2025-12-23;3;0,1;Shopee;Ramadhan
O02874;C0773;P159;2024-03-22;2;0,04;App;12.12
O02875;C0018;P048;2025-10-10;1;0,05;App;None
O02876;C0823;P192;2025-04-28;3;0,05;App;Ramadhan
O02877;C0772;P029;2024-08-05;2;0,39;Tokopedia;Ramadhan
O02878;C0256;P125;2025-12-02;2;0,4;Tokopedia;12.12
O02879;C0430;P158;2025-09-21;3;0,09;Tokopedia;11.11
O02880;C0261;P148;2024-10-19;3;0,25;Tokopedia;11.11
O02881;C0839;P134;2024-11-10;4;0,29;Website;12.12
O02882;C0139;P231;2024-03-19;4;0,29;Shopee;Ramadhan
O02883;C0312;P085;2024-05-09;2;0,03;Tokopedia;Ramadhan
O02884;C0326;P031;2024-09-18;1;0,1;Shopee;11.11
O02885;C0872;P063;2024-05-13;2;0,24;Shopee;11.11
O02886;C0240;P054;2024-04-03;5;0,29;Tokopedia;None
O02887;C0371;P139;2025-03-01;5;0,37;App;11.11
O02888;C0781;P068;2024-10-09;5;0,16;Tokopedia;11.11
O02889;C0658;P086;2024-02-25;4;0,34;App;Ramadhan
O02890;C0638;P197;2025-12-05;1;0,39;Tokopedia;None
O02891;C0171;P152;2025-06-02;4;0,2;Website;12.12
O02892;C0234;P119;2024-06-20;5;0,02;Website;None
O02893;C0857;P108;2025-12-06;2;0,29;Website;12.12
O02894;C0330;P179;2024-04-10;3;0,12;Shopee;12.12
O02895;C0359;P037;2024-08-08;1;0,24;Tokopedia;11.11
O02896;C0507;P203;2024-01-04;3;0,05;Tokopedia;12.12
O02897;C0556;P115;2024-10-09;2;0,02;Website;11.11
O02898;C0422;P006;2024-09-03;4;0,03;Website;12.12
O02899;C0677;P122;2024-11-02;1;0,14;Website;11.11
O02900;C0650;P266;2024-05-01;1;0,18;Website;Ramadhan
O02901;C0110;P237;2025-12-03;4;0,09;Website;Ramadhan
O02902;C0545;P057;2024-07-06;5;0,23;Website;None
O02903;C0550;P152;2024-08-29;5;0,08;Website;Ramadhan
O02904;C0942;P173;2024-08-07;1;0,07;Website;Ramadhan
O02905;C0264;P203;2024-03-04;4;0,26;Shopee;Ramadhan
O02906;C0731;P268;2024-05-04;2;0,07;Shopee;11.11
O02907;C0515;P005;2025-10-07;2;0,05;Tokopedia;12.12
O02908;C0860;P079;2025-10-19;1;0,1;App;12.12
O02909;C0823;P085;2025-06-16;2;0,13;Tokopedia;12.12
O02910;C0070;P231;2025-12-14;2;0,08;Tokopedia;11.11
O02911;C0653;P125;2025-01-10;1;0,34;App;None
O02912;C0778;P095;2025-08-12;4;0,01;App;11.11
O02913;C0783;P275;2025-08-11;1;0,18;App;11.11
O02914;C0868;P286;2025-12-02;4;0,09;Website;12.12
O02915;C0940;P299;2025-10-21;5;0,02;Tokopedia;11.11
O02916;C0388;P040;2024-12-27;5;0,18;App;Ramadhan
O02917;C0405;P275;2024-03-05;4;0,31;Shopee;Ramadhan
O02918;C0287;P057;2024-04-11;2;0,21;Tokopedia;12.12
O02919;C0291;P030;2025-08-13;3;0,15;Website;12.12
O02920;C0918;P240;2024-11-04;3;0,13;Website;12.12
O02921;C0221;P175;2025-12-21;3;0,25;App;11.11
O02922;C0111;P068;2025-02-03;3;0,02;Website;None
O02923;C0448;P200;2024-04-02;4;0,39;Website;None
O02924;C0998;P078;2025-06-30;2;0,29;Tokopedia;None
O02925;C0608;P168;2024-11-16;3;0,28;Shopee;11.11
O02926;C0265;P246;2025-05-27;5;0,09;Tokopedia;12.12
O02927;C0948;P165;2024-06-02;4;0,21;Website;None
O02928;C0512;P033;2024-12-28;4;0,02;Website;11.11
O02929;C0637;P261;2025-12-29;2;0,17;Tokopedia;Ramadhan
O02930;C0335;P194;2024-01-08;4;0,15;Shopee;12.12
O02931;C0528;P038;2025-12-08;3;0,07;Tokopedia;None
O02932;C0987;P074;2024-01-07;5;0,14;Shopee;12.12
O02933;C0802;P060;2025-04-23;2;0,11;App;12.12
O02934;C0616;P110;2025-04-01;5;0,09;Website;Ramadhan
O02935;C0983;P077;2025-01-17;2;0,3;Website;None
O02936;C0572;P195;2024-09-19;3;0,19;App;12.12
O02937;C0319;P208;2024-06-13;4;0,21;Tokopedia;Ramadhan
O02938;C0020;P179;2025-05-02;4;0,21;Tokopedia;11.11
O02939;C0730;P288;2025-10-07;4;0,04;App;12.12
O02940;C0054;P183;2024-01-11;3;0,16;Website;11.11
O02941;C0109;P232;2025-10-14;4;0,18;Website;11.11
O02942;C0632;P070;2025-11-25;5;0,18;Shopee;11.11
O02943;C0590;P018;2025-01-26;4;0,02;Shopee;12.12
O02944;C0847;P166;2024-09-16;5;0,1;Tokopedia;Ramadhan
O02945;C0516;P048;2025-12-10;2;0,32;Shopee;12.12
O02946;C0845;P050;2025-04-23;3;0,37;Shopee;Ramadhan
O02947;C0068;P117;2025-10-27;2;0,25;Website;None
O02948;C0591;P199;2024-01-28;4;0,4;Shopee;11.11
O02949;C0160;P113;2024-01-08;4;0,13;App;Ramadhan
O02950;C0045;P289;2025-07-23;2;0,33;App;None
O02951;C0447;P283;2025-03-19;3;0,25;Shopee;Ramadhan
O02952;C0509;P163;2024-07-11;3;0;Shopee;11.11
O02953;C0514;P300;2024-07-31;4;0,06;App;Ramadhan
O02954;C0533;P216;2024-10-09;5;0,25;Website;11.11
O02955;C0757;P230;2024-10-08;1;0,09;Website;12.12
O02956;C0979;P234;2024-09-01;4;0,27;Website;None
O02957;C0055;P013;2024-01-15;1;0,29;Shopee;Ramadhan
O02958;C0483;P244;2024-05-05;4;0,38;Shopee;Ramadhan
O02959;C0328;P005;2024-07-14;2;0,19;Website;12.12
O02960;C0890;P134;2024-07-05;5;0,35;App;None
O02961;C0193;P071;2025-01-18;3;0,1;Shopee;12.12
O02962;C0780;P026;2025-05-23;1;0,31;Shopee;None
O02963;C0737;P173;2024-01-30;4;0,25;App;None
O02964;C0540;P016;2024-01-09;5;0,22;Tokopedia;None
O02965;C0388;P261;2025-11-05;3;0,3;Shopee;None
O02966;C0921;P114;2025-06-21;2;0,09;Website;Ramadhan
O02967;C0789;P241;2024-09-25;5;0,06;App;12.12
O02968;C0411;P025;2024-10-19;4;0,08;Tokopedia;Ramadhan
O02969;C0802;P233;2024-09-22;2;0,25;App;Ramadhan
O02970;C0357;P088;2025-11-12;5;0,22;Website;12.12
O02971;C0200;P111;2024-10-29;2;0,3;App;12.12
O02972;C0699;P082;2025-10-14;1;0;Tokopedia;None
O02973;C0136;P108;2024-06-05;5;0,14;Shopee;None
O02974;C0943;P042;2024-06-03;4;0,19;Tokopedia;Ramadhan
O02975;C0968;P262;2025-08-01;3;0,06;App;Ramadhan
O02976;C0088;P106;2025-11-25;4;0,16;Shopee;12.12
O02977;C0016;P244;2025-06-21;2;0,4;Shopee;11.11
O02978;C0064;P067;2025-01-07;2;0,27;App;Ramadhan
O02979;C0931;P292;2024-11-28;3;0,23;Shopee;None
O02980;C0151;P019;2024-07-11;3;0,07;App;12.12
O02981;C0287;P080;2024-01-28;5;0,37;Tokopedia;Ramadhan
O02982;C0148;P282;2024-08-25;1;0,38;Tokopedia;12.12
O02983;C0943;P001;2024-06-03;3;0,21;Website;None
O02984;C0525;P209;2025-10-06;2;0,25;App;12.12
O02985;C0784;P053;2025-12-04;3;0,14;App;12.12
O02986;C0787;P027;2024-06-09;2;0,06;Shopee;Ramadhan
O02987;C0943;P212;2024-10-05;1;0,09;App;None
O02988;C0708;P191;2025-11-15;1;0,14;Website;Ramadhan
O02989;C0877;P014;2025-08-01;3;0,22;Website;11.11
O02990;C0976;P115;2024-03-23;2;0,39;Website;12.12
O02991;C0591;P235;2025-04-23;1;0,39;Tokopedia;12.12
O02992;C0663;P082;2025-01-16;2;0,21;Website;None
O02993;C0350;P222;2024-07-25;4;0,1;App;None
O02994;C0474;P218;2025-04-14;4;0,11;Tokopedia;11.11
O02995;C0355;P060;2025-06-15;4;0,38;Tokopedia;None
O02996;C0834;P100;2024-09-27;2;0,15;Shopee;12.12
O02997;C0345;P177;2025-04-02;2;0,02;Website;12.12
O02998;C0235;P296;2024-03-19;4;0,07;App;11.11
O02999;C0899;P109;2024-04-09;5;0,06;Shopee;11.11
O03000;C0254;P035;2024-01-14;4;0,3;Website;11.11
O03001;C0229;P045;2025-05-01;4;0,14;Tokopedia;11.11
O03002;C0340;P107;2024-11-10;3;0,27;Shopee;12.12
O03003;C0922;P019;2025-03-08;2;0,2;Website;Ramadhan
O03004;C0783;P222;2024-11-06;3;0,1;Website;12.12
O03005;C0830;P162;2025-01-26;2;0,09;Website;Ramadhan
O03006;C0945;P253;2025-03-21;3;0,35;Tokopedia;None
O03007;C0756;P059;2024-09-01;2;0,24;App;11.11
O03008;C0973;P035;2024-07-10;1;0,23;Tokopedia;11.11
O03009;C0212;P131;2024-02-12;4;0,14;App;12.12
O03010;C0696;P281;2024-01-30;4;0,33;App;12.12
O03011;C0149;P260;2025-11-27;2;0,37;Website;Ramadhan
O03012;C0712;P011;2025-05-18;4;0,23;Website;None
O03013;C0631;P278;2025-10-12;3;0,36;Website;None
O03014;C0468;P067;2024-11-17;5;0,25;Tokopedia;None
O03015;C0677;P068;2025-04-06;3;0,17;Tokopedia;None
O03016;C0514;P190;2024-07-10;4;0,14;Shopee;11.11
O03017;C0558;P184;2024-11-07;2;0,1;Tokopedia;Ramadhan
O03018;C0917;P179;2025-12-22;4;0,39;Shopee;None
O03019;C0627;P193;2024-12-08;5;0,39;Tokopedia;None
O03020;C0661;P103;2024-05-09;5;0,06;App;Ramadhan
O03021;C0809;P102;2024-06-11;1;0,31;Tokopedia;12.12
O03022;C0861;P097;2024-02-05;3;0,16;App;None
O03023;C0039;P129;2024-01-22;5;0,07;Tokopedia;None
O03024;C0422;P203;2025-06-07;3;0,03;Tokopedia;None
O03025;C0202;P240;2024-06-20;5;0,13;Tokopedia;11.11
O03026;C0875;P224;2024-03-14;4;0,01;Shopee;Ramadhan
O03027;C0272;P006;2024-08-29;4;0,09;Website;11.11
O03028;C0683;P143;2024-12-24;5;0,34;Tokopedia;None
O03029;C0650;P113;2025-05-02;4;0,25;Website;Ramadhan
O03030;C0470;P108;2025-03-18;5;0,28;Shopee;12.12
O03031;C0310;P098;2024-11-01;5;0,23;App;None
O03032;C0265;P261;2024-05-15;2;0,08;Tokopedia;None
O03033;C0805;P264;2024-06-18;1;0,21;Shopee;11.11
O03034;C0949;P092;2025-07-17;4;0,12;Tokopedia;12.12
O03035;C0052;P139;2024-10-03;4;0,04;Website;None
O03036;C0073;P295;2024-09-03;5;0,28;Tokopedia;None
O03037;C0790;P021;2025-05-05;5;0,18;Tokopedia;11.11
O03038;C0998;P285;2024-09-20;1;0,4;Website;None
O03039;C0823;P106;2025-07-26;1;0,11;App;None
O03040;C0241;P019;2025-02-21;2;0,04;Tokopedia;12.12
O03041;C0562;P159;2024-06-07;4;0,26;Shopee;11.11
O03042;C0015;P227;2024-06-12;2;0,34;App;None
O03043;C0864;P273;2024-03-18;2;0,3;Website;12.12
O03044;C0461;P087;2024-02-23;2;0,15;Website;12.12
O03045;C0289;P238;2024-11-16;4;0,08;Shopee;None
O03046;C0201;P121;2024-10-01;1;0,08;Shopee;12.12
O03047;C0330;P242;2024-01-10;4;0,32;Tokopedia;11.11
O03048;C0512;P089;2024-04-24;4;0,23;Website;11.11
O03049;C0283;P103;2024-04-25;2;0,24;Website;Ramadhan
O03050;C0526;P030;2024-08-30;3;0,37;App;Ramadhan
O03051;C0589;P031;2024-06-12;3;0,12;Website;Ramadhan
O03052;C0638;P109;2025-06-10;4;0,21;App;11.11
O03053;C0161;P199;2024-04-24;5;0,16;Tokopedia;12.12
O03054;C0511;P128;2025-12-29;1;0,18;App;11.11
O03055;C0779;P178;2025-07-19;5;0,16;Tokopedia;None
O03056;C0317;P166;2025-06-19;1;0,08;Tokopedia;Ramadhan
O03057;C0576;P183;2025-05-19;5;0,1;Shopee;12.12
O03058;C0130;P191;2024-07-15;5;0,2;Shopee;11.11
O03059;C0200;P084;2024-04-15;1;0,14;App;11.11
O03060;C0007;P217;2025-01-23;2;0,19;Tokopedia;None
O03061;C0910;P055;2025-07-27;1;0,33;Website;None
O03062;C0994;P130;2024-11-12;2;0,07;Website;12.12
O03063;C0524;P090;2025-03-15;3;0,18;Website;Ramadhan
O03064;C0375;P245;2024-01-02;5;0,16;Tokopedia;Ramadhan
O03065;C0132;P096;2025-06-21;3;0,36;Shopee;12.12
O03066;C0888;P148;2025-04-06;4;0,31;Tokopedia;11.11
O03067;C0448;P074;2024-09-23;4;0,16;Website;Ramadhan
O03068;C0537;P298;2025-06-02;5;0,3;Tokopedia;12.12
O03069;C0002;P227;2025-06-03;3;0,09;Website;Ramadhan
O03070;C0235;P196;2025-07-04;1;0,21;Website;Ramadhan
O03071;C0990;P007;2024-09-06;5;0,23;App;12.12
O03072;C0052;P096;2024-02-21;3;0,36;Website;None
O03073;C0571;P049;2024-03-03;1;0,06;Shopee;11.11
O03074;C0505;P094;2024-09-14;2;0,22;Tokopedia;None
O03075;C0268;P276;2025-02-05;2;0,09;Website;11.11
O03076;C0676;P230;2024-09-26;3;0,05;Shopee;11.11
O03077;C0565;P213;2025-11-23;5;0,17;Shopee;11.11
O03078;C0007;P089;2024-02-15;4;0,17;Shopee;12.12
O03079;C0497;P176;2024-04-30;3;0,33;Tokopedia;11.11
O03080;C0529;P081;2024-07-20;4;0,27;App;Ramadhan
O03081;C0777;P194;2024-01-23;1;0,04;Shopee;Ramadhan
O03082;C0573;P286;2024-09-07;5;0,12;App;Ramadhan
O03083;C0702;P169;2024-10-17;2;0,28;Website;11.11
O03084;C0492;P190;2024-08-19;5;0,07;App;None
O03085;C0928;P078;2025-12-25;1;0,12;Shopee;Ramadhan
O03086;C0378;P268;2025-02-20;4;0,21;Shopee;Ramadhan
O03087;C0335;P245;2025-09-30;3;0,07;Website;None
O03088;C0860;P128;2025-01-16;1;0,13;Shopee;None
O03089;C0631;P216;2024-10-12;1;0,3;App;None
O03090;C0538;P235;2025-09-10;3;0,26;Shopee;Ramadhan
O03091;C0385;P064;2024-01-24;1;0,15;App;12.12
O03092;C0772;P016;2025-12-14;3;0,05;App;12.12
O03093;C0919;P257;2025-04-01;5;0,09;Website;Ramadhan
O03094;C0807;P185;2025-02-07;3;0,38;App;11.11
O03095;C0146;P273;2025-06-29;1;0,14;Shopee;11.11
O03096;C0742;P210;2025-05-17;5;0,14;Tokopedia;12.12
O03097;C0778;P259;2025-07-02;1;0;App;None
O03098;C0293;P062;2024-05-29;3;0,1;Shopee;None
O03099;C0390;P051;2024-05-18;2;0,05;Website;11.11
O03100;C0072;P006;2024-03-21;2;0,39;App;11.11
O03101;C0948;P035;2025-04-04;1;0,11;Tokopedia;12.12
O03102;C0744;P203;2025-11-19;5;0,38;Shopee;None
O03103;C0728;P241;2024-05-02;1;0,27;Website;11.11
O03104;C0880;P032;2024-01-02;2;0,15;Tokopedia;12.12
O03105;C0505;P262;2025-01-02;5;0,36;Shopee;12.12
O03106;C0085;P062;2025-02-15;5;0,03;Tokopedia;12.12
O03107;C0008;P011;2024-01-06;5;0,19;App;12.12
O03108;C0093;P289;2025-04-15;3;0,12;App;None
O03109;C0006;P157;2025-07-07;3;0,08;App;12.12
O03110;C0437;P116;2025-03-13;4;0,33;App;None
O03111;C0542;P107;2024-06-24;3;0,35;Tokopedia;Ramadhan
O03112;C0925;P056;2025-12-13;5;0,39;Website;Ramadhan
O03113;C0498;P275;2025-09-09;3;0,14;Tokopedia;Ramadhan
O03114;C0149;P020;2024-01-27;4;0,03;Shopee;Ramadhan
O03115;C0109;P216;2024-06-29;4;0,3;Tokopedia;None
O03116;C0513;P248;2024-12-03;4;0,17;App;12.12
O03117;C0349;P013;2024-12-11;5;0,06;Shopee;Ramadhan
O03118;C0338;P102;2024-07-13;3;0;Shopee;Ramadhan
O03119;C0534;P209;2024-05-05;3;0,37;Tokopedia;11.11
O03120;C0787;P298;2024-07-31;2;0,21;Website;12.12
O03121;C0322;P232;2025-08-15;5;0,11;Tokopedia;12.12
O03122;C0520;P076;2024-01-26;4;0,09;Tokopedia;12.12
O03123;C0151;P084;2025-05-14;4;0,13;App;12.12
O03124;C0919;P022;2025-02-12;5;0,16;Shopee;11.11
O03125;C0206;P166;2025-07-30;4;0,33;App;11.11
O03126;C0692;P056;2024-06-08;2;0,17;Shopee;11.11
O03127;C0763;P136;2025-10-18;5;0,26;Website;Ramadhan
O03128;C0443;P188;2024-01-22;5;0,39;Website;Ramadhan
O03129;C0922;P181;2024-02-29;3;0,25;Website;11.11
O03130;C0867;P055;2024-09-12;3;0,11;App;None
O03131;C0352;P226;2024-06-27;4;0,34;Shopee;None
O03132;C0540;P189;2025-07-06;5;0,06;Shopee;11.11
O03133;C0478;P087;2024-12-23;1;0,2;Shopee;11.11
O03134;C0855;P234;2025-09-02;4;0,11;Website;11.11
O03135;C0760;P183;2024-05-02;3;0,25;Tokopedia;11.11
O03136;C0803;P154;2025-08-24;1;0,19;Tokopedia;None
O03137;C0645;P152;2024-10-25;3;0,36;Website;None
O03138;C0827;P241;2024-04-29;4;0,19;App;None
O03139;C0217;P133;2025-09-04;2;0,09;Tokopedia;11.11
O03140;C0613;P122;2024-08-10;5;0,23;Website;Ramadhan
O03141;C0028;P149;2024-05-03;4;0,31;Tokopedia;12.12
O03142;C0315;P273;2024-05-10;3;0,3;Website;None
O03143;C0609;P160;2024-06-15;3;0,21;Tokopedia;11.11
O03144;C0746;P254;2025-07-29;5;0,37;Tokopedia;None
O03145;C0151;P050;2024-10-17;3;0,02;App;Ramadhan
O03146;C0331;P077;2025-01-03;4;0,06;Website;Ramadhan
O03147;C0790;P274;2025-09-30;3;0,08;App;None
O03148;C0193;P264;2025-08-12;4;0,31;Shopee;None
O03149;C0061;P163;2024-05-10;3;0,28;Website;12.12
O03150;C0223;P021;2025-01-27;3;0,25;App;11.11
O03151;C0075;P069;2024-08-29;5;0,21;Website;11.11
O03152;C0012;P157;2024-04-10;1;0,16;Shopee;None
O03153;C0854;P081;2025-03-10;5;0,17;Website;12.12
O03154;C0394;P083;2025-08-18;2;0,39;Website;12.12
O03155;C0928;P198;2025-02-08;3;0,16;Shopee;12.12
O03156;C0109;P281;2024-07-07;5;0,08;Shopee;None
O03157;C0164;P240;2025-06-10;2;0,1;Website;12.12
O03158;C0184;P199;2024-11-18;1;0,24;Tokopedia;None
O03159;C0856;P111;2025-07-31;3;0,35;App;12.12
O03160;C0697;P196;2025-07-21;5;0,23;Shopee;11.11
O03161;C0007;P223;2025-12-09;4;0,25;Website;12.12
O03162;C0578;P292;2024-08-10;3;0;App;11.11
O03163;C0666;P267;2024-04-07;2;0,01;App;Ramadhan
O03164;C0672;P278;2024-07-06;1;0,11;Website;Ramadhan
O03165;C0868;P181;2025-10-05;5;0,12;App;11.11
O03166;C0462;P092;2024-08-04;4;0,26;Shopee;11.11
O03167;C0310;P238;2024-06-26;4;0,35;Website;Ramadhan
O03168;C0863;P034;2024-05-13;2;0,04;Tokopedia;None
O03169;C0206;P258;2025-03-21;4;0,22;Tokopedia;12.12
O03170;C0786;P239;2025-02-24;5;0,09;Tokopedia;12.12
O03171;C0502;P211;2025-11-25;2;0,2;Tokopedia;Ramadhan
O03172;C0161;P172;2025-07-25;2;0,13;Tokopedia;11.11
O03173;C0136;P116;2025-10-06;2;0,34;Shopee;Ramadhan
O03174;C0148;P129;2024-03-31;2;0,11;App;None
O03175;C0149;P211;2025-10-29;1;0,18;Shopee;Ramadhan
O03176;C0810;P109;2024-03-19;2;0,07;App;11.11
O03177;C0241;P148;2025-09-05;5;0,03;Shopee;None
O03178;C0905;P293;2025-05-29;4;0,01;App;11.11
O03179;C0380;P134;2024-04-03;2;0,37;Website;12.12
O03180;C0899;P089;2024-03-30;5;0,03;Shopee;12.12
O03181;C0337;P150;2025-10-10;2;0,3;App;Ramadhan
O03182;C0984;P129;2025-07-30;1;0,21;Shopee;None
O03183;C0679;P074;2025-06-08;3;0,17;Website;Ramadhan
O03184;C0745;P179;2024-01-03;2;0,16;App;Ramadhan
O03185;C0683;P155;2024-12-09;1;0,31;App;11.11
O03186;C0932;P206;2025-04-21;1;0,26;Website;Ramadhan
O03187;C0679;P040;2025-07-31;2;0,08;Website;Ramadhan
O03188;C0192;P232;2025-10-24;5;0,31;App;12.12
O03189;C0814;P148;2024-07-25;1;0,06;App;Ramadhan
O03190;C0025;P263;2025-04-15;3;0,36;Website;12.12
O03191;C0301;P045;2025-02-04;1;0,24;Tokopedia;Ramadhan
O03192;C0958;P104;2025-02-12;4;0,05;Shopee;12.12
O03193;C0243;P286;2024-11-22;5;0,18;Website;11.11
O03194;C0640;P206;2024-08-15;3;0,3;Shopee;11.11
O03195;C0707;P079;2024-11-01;5;0,24;Shopee;12.12
O03196;C0834;P118;2024-03-05;5;0,28;Website;12.12
O03197;C0019;P003;2025-12-18;4;0,08;Website;12.12
O03198;C0146;P270;2024-10-05;5;0,01;App;None
O03199;C0941;P067;2025-04-10;4;0,21;App;None
O03200;C0869;P042;2025-06-04;1;0,27;Website;12.12
O03201;C0961;P240;2025-03-19;4;0,33;Website;Ramadhan
O03202;C0484;P282;2024-04-06;4;0,15;App;11.11
O03203;C0238;P180;2025-11-19;5;0,33;Shopee;12.12
O03204;C0562;P109;2024-12-06;2;0,19;Tokopedia;11.11
O03205;C0182;P281;2025-06-05;3;0,07;Shopee;11.11
O03206;C0166;P042;2024-05-22;4;0,38;Shopee;12.12
O03207;C0949;P202;2025-03-20;2;0,19;Shopee;Ramadhan
O03208;C0960;P270;2025-11-04;1;0,2;App;12.12
O03209;C0491;P022;2025-06-25;4;0,36;Tokopedia;Ramadhan
O03210;C0228;P278;2025-10-25;2;0,08;Tokopedia;11.11
O03211;C0514;P294;2024-03-22;4;0,22;Tokopedia;Ramadhan
O03212;C0490;P175;2024-02-18;4;0,27;Website;11.11
O03213;C0875;P201;2024-10-30;5;0,33;Shopee;None
O03214;C0327;P197;2024-06-30;5;0,31;Shopee;11.11
O03215;C0546;P037;2024-09-14;4;0,01;Tokopedia;12.12
O03216;C0165;P128;2025-10-26;3;0,17;App;11.11
O03217;C0950;P286;2024-03-02;1;0,31;Shopee;Ramadhan
O03218;C0092;P194;2024-07-24;5;0,05;Website;Ramadhan
O03219;C0249;P195;2024-11-02;3;0,28;App;12.12
O03220;C0308;P244;2024-05-09;5;0,18;Tokopedia;None
O03221;C0812;P021;2024-11-30;3;0,09;Shopee;None
O03222;C0855;P086;2025-11-29;5;0,16;Website;11.11
O03223;C0583;P027;2024-10-03;3;0,07;Website;12.12
O03224;C0689;P268;2024-04-23;1;0,05;Tokopedia;12.12
O03225;C0120;P184;2025-10-21;2;0,02;Website;12.12
O03226;C0079;P028;2025-07-10;2;0,25;Tokopedia;11.11
O03227;C0809;P200;2025-04-23;5;0,21;Shopee;None
O03228;C0262;P046;2025-05-29;2;0,26;App;Ramadhan
O03229;C0135;P245;2024-05-22;5;0,27;Tokopedia;11.11
O03230;C0682;P117;2024-07-01;1;0,29;Tokopedia;None
O03231;C0406;P218;2025-07-16;3;0,03;Tokopedia;Ramadhan
O03232;C0850;P105;2025-03-10;2;0,16;Shopee;Ramadhan
O03233;C0182;P265;2024-06-04;1;0,06;Tokopedia;None
O03234;C0031;P289;2024-08-09;2;0,15;Tokopedia;Ramadhan
O03235;C0489;P182;2024-03-20;1;0,31;Tokopedia;None
O03236;C0752;P266;2025-11-05;4;0,35;Website;None
O03237;C0556;P002;2024-01-08;3;0,07;Shopee;None
O03238;C0352;P179;2025-03-28;3;0,2;Shopee;None
O03239;C0580;P111;2025-05-09;2;0,25;Shopee;Ramadhan
O03240;C0339;P248;2025-10-08;2;0,08;App;Ramadhan
O03241;C0496;P209;2025-01-29;4;0,06;App;None
O03242;C0181;P118;2024-06-20;5;0,39;Shopee;Ramadhan
O03243;C0327;P108;2024-11-17;2;0,1;Shopee;Ramadhan
O03244;C0203;P124;2024-01-10;5;0,11;Website;12.12
O03245;C0797;P038;2024-03-12;2;0,07;Shopee;12.12
O03246;C0303;P266;2024-11-25;4;0,17;Website;11.11
O03247;C0853;P278;2025-01-19;1;0,3;Website;12.12
O03248;C0001;P256;2025-07-05;1;0,05;App;None
O03249;C0313;P233;2025-12-03;4;0;App;None
O03250;C0972;P173;2025-07-06;2;0,08;Tokopedia;None
O03251;C0519;P236;2024-04-26;3;0,04;App;12.12
O03252;C0883;P054;2025-05-13;4;0,37;Tokopedia;12.12
O03253;C0887;P184;2024-02-17;5;0,02;App;Ramadhan
O03254;C0577;P128;2024-11-07;1;0,08;Shopee;12.12
O03255;C0111;P231;2025-10-10;5;0,16;App;None
O03256;C0902;P155;2025-08-27;3;0,08;Shopee;12.12
O03257;C0304;P195;2025-05-28;4;0,29;App;12.12
O03258;C0034;P183;2025-03-05;4;0,21;Shopee;11.11
O03259;C0340;P066;2024-03-29;4;0,22;Shopee;Ramadhan
O03260;C0692;P004;2025-02-10;2;0,1;Website;11.11
O03261;C0564;P287;2024-12-14;1;0,25;Tokopedia;11.11
O03262;C0636;P284;2024-06-20;3;0;Tokopedia;Ramadhan
O03263;C0701;P116;2025-11-17;5;0,31;Tokopedia;Ramadhan
O03264;C0078;P005;2025-05-29;3;0,18;Website;11.11
O03265;C0346;P043;2025-02-08;4;0,02;Shopee;None
O03266;C0692;P173;2024-04-18;2;0,02;Tokopedia;11.11
O03267;C0348;P066;2025-01-18;5;0,32;App;None
O03268;C0324;P181;2025-11-28;5;0,18;App;None
O03269;C0126;P059;2025-10-10;1;0,08;App;Ramadhan
O03270;C0017;P184;2025-10-26;2;0,38;Tokopedia;11.11
O03271;C0919;P059;2025-08-12;2;0,36;Shopee;12.12
O03272;C0041;P168;2025-06-27;3;0,34;Tokopedia;None
O03273;C0941;P265;2025-12-18;3;0,05;Website;None
O03274;C0918;P205;2025-11-12;3;0,32;Tokopedia;Ramadhan
O03275;C0524;P295;2025-03-10;5;0,02;Website;11.11
O03276;C0604;P221;2024-02-01;3;0,11;Tokopedia;None
O03277;C0190;P188;2024-12-10;3;0,18;Shopee;Ramadhan
O03278;C0655;P006;2024-10-24;5;0,14;Shopee;Ramadhan
O03279;C0256;P054;2024-02-10;3;0,04;Tokopedia;Ramadhan
O03280;C0793;P144;2024-06-09;5;0,23;App;None
O03281;C0227;P034;2024-06-20;1;0,01;Shopee;Ramadhan
O03282;C0438;P103;2024-02-13;5;0,28;Website;11.11
O03283;C0980;P152;2024-01-13;3;0,13;App;Ramadhan
O03284;C0471;P075;2025-11-22;3;0,11;App;12.12
O03285;C0028;P132;2025-11-27;5;0,19;Tokopedia;11.11
O03286;C0634;P030;2025-06-05;5;0,26;Shopee;11.11
O03287;C0046;P204;2024-04-05;1;0,11;Tokopedia;Ramadhan
O03288;C0838;P152;2024-01-15;3;0,07;Tokopedia;Ramadhan
O03289;C0457;P124;2024-02-11;4;0,16;Shopee;None
O03290;C0013;P231;2025-06-11;3;0,37;Tokopedia;Ramadhan
O03291;C0818;P162;2024-09-27;4;0,11;App;None
O03292;C0954;P278;2024-06-09;3;0,31;App;11.11
O03293;C0258;P002;2025-01-25;4;0,37;Website;12.12
O03294;C0275;P090;2025-11-01;2;0,01;Shopee;11.11
O03295;C0169;P134;2025-07-27;2;0,33;Tokopedia;Ramadhan
O03296;C0426;P075;2024-04-04;4;0,23;Tokopedia;Ramadhan
O03297;C0480;P009;2024-12-12;2;0,22;Tokopedia;11.11
O03298;C0757;P247;2024-11-23;5;0,04;Shopee;11.11
O03299;C0800;P016;2024-09-17;2;0,39;App;11.11
O03300;C0993;P295;2025-04-03;1;0,07;Website;None
O03301;C0014;P111;2025-07-29;3;0,33;Website;12.12
O03302;C0568;P025;2024-12-14;1;0,4;Shopee;None
O03303;C0851;P103;2025-08-05;4;0,06;App;Ramadhan
O03304;C0930;P163;2025-03-24;1;0,38;Tokopedia;None
O03305;C0692;P045;2025-11-23;1;0,01;Shopee;None
O03306;C0350;P133;2025-06-18;4;0,36;Tokopedia;11.11
O03307;C0251;P207;2024-06-17;3;0,17;Shopee;Ramadhan
O03308;C0255;P166;2024-03-04;5;0,15;App;11.11
O03309;C0395;P041;2024-12-16;3;0,33;Website;12.12
O03310;C0859;P120;2024-08-20;4;0,04;Tokopedia;None
O03311;C0372;P271;2025-12-01;1;0,24;Tokopedia;11.11
O03312;C0658;P059;2024-03-07;1;0,16;Tokopedia;12.12
O03313;C0336;P296;2025-05-12;2;0,1;Website;12.12
O03314;C0786;P186;2025-12-31;1;0,35;App;11.11
O03315;C0441;P011;2025-10-15;5;0,31;Shopee;Ramadhan
O03316;C0404;P110;2025-06-04;3;0,35;Website;11.11
O03317;C0535;P208;2024-01-22;5;0,28;Website;11.11
O03318;C0608;P059;2024-11-06;1;0,26;Shopee;12.12
O03319;C0742;P169;2024-07-06;3;0,36;Shopee;11.11
O03320;C0966;P048;2024-07-21;5;0,07;Website;Ramadhan
O03321;C0973;P236;2024-01-12;5;0,27;Website;11.11
O03322;C0831;P136;2025-04-28;1;0,39;Shopee;11.11
O03323;C0209;P215;2024-09-19;2;0,08;Tokopedia;None
O03324;C0090;P160;2025-09-24;3;0,17;Shopee;11.11
O03325;C0522;P258;2025-11-10;2;0,23;Tokopedia;11.11
O03326;C0536;P263;2025-08-25;1;0,05;App;Ramadhan
O03327;C0979;P291;2024-12-25;1;0,1;App;11.11
O03328;C0308;P257;2025-07-09;4;0,01;Website;Ramadhan
O03329;C0366;P078;2025-12-28;2;0,1;App;11.11
O03330;C0143;P285;2025-02-25;3;0,19;App;None
O03331;C0823;P224;2025-01-26;4;0,16;Tokopedia;12.12
O03332;C0989;P029;2025-01-11;2;0,3;Shopee;None
O03333;C0146;P266;2025-05-23;5;0,35;Tokopedia;11.11
O03334;C0571;P072;2024-03-10;3;0,3;Shopee;Ramadhan
O03335;C0486;P236;2025-06-13;4;0,01;App;12.12
O03336;C0024;P070;2024-01-08;5;0,21;App;Ramadhan
O03337;C0914;P211;2024-01-15;2;0,1;Shopee;11.11
O03338;C0185;P266;2024-01-19;3;0,23;Website;None
O03339;C0067;P282;2025-11-01;3;0,3;Website;12.12
O03340;C0826;P234;2024-03-18;4;0,28;App;None
O03341;C0645;P116;2025-01-28;1;0,07;Tokopedia;Ramadhan
O03342;C0678;P245;2024-10-14;2;0,09;Tokopedia;12.12
O03343;C0041;P232;2024-10-31;5;0,26;Tokopedia;11.11
O03344;C0401;P153;2025-05-12;3;0,13;Shopee;12.12
O03345;C0032;P161;2025-06-04;4;0,14;Shopee;None
O03346;C0880;P084;2025-02-21;4;0,02;Tokopedia;11.11
O03347;C0073;P229;2024-06-06;3;0,12;Website;11.11
O03348;C0030;P020;2024-01-06;5;0,02;Tokopedia;Ramadhan
O03349;C0913;P134;2025-06-19;1;0,05;Website;12.12
O03350;C0619;P015;2024-02-05;3;0,17;App;11.11
O03351;C0605;P067;2025-12-21;4;0,2;App;11.11
O03352;C0147;P186;2024-08-03;1;0,19;Website;12.12
O03353;C0986;P257;2024-03-18;1;0,11;Tokopedia;11.11
O03354;C0886;P106;2025-06-01;1;0,05;Website;None
O03355;C0889;P050;2025-05-05;4;0,09;Shopee;12.12
O03356;C0472;P261;2024-12-29;2;0,24;Tokopedia;None
O03357;C0689;P258;2024-06-02;2;0,39;Shopee;None
O03358;C0510;P033;2025-04-26;5;0,38;Tokopedia;Ramadhan
O03359;C0104;P060;2025-04-24;1;0,24;Tokopedia;12.12
O03360;C0404;P174;2024-10-09;2;0,2;Website;Ramadhan
O03361;C0534;P102;2025-03-18;5;0,05;Shopee;12.12
O03362;C0363;P073;2025-08-21;3;0,3;Website;None
O03363;C0558;P006;2025-10-01;1;0,33;Website;12.12
O03364;C0566;P100;2024-03-11;3;0,3;Website;12.12
O03365;C0450;P075;2024-01-22;1;0,2;Tokopedia;12.12
O03366;C0317;P188;2025-12-29;3;0,13;Tokopedia;None
O03367;C0591;P208;2025-04-01;4;0,37;Shopee;None
O03368;C0125;P289;2024-06-24;3;0,32;Tokopedia;12.12
O03369;C0693;P027;2024-11-10;4;0,05;App;None
O03370;C0003;P119;2024-07-30;1;0,23;Tokopedia;Ramadhan
O03371;C0073;P130;2024-03-02;4;0,03;Website;Ramadhan
O03372;C0705;P147;2024-12-07;3;0,17;App;11.11
O03373;C0038;P238;2024-07-06;5;0,32;Shopee;Ramadhan
O03374;C0278;P055;2024-07-19;3;0,06;App;Ramadhan
O03375;C0364;P119;2024-12-30;2;0,3;Tokopedia;12.12
O03376;C0887;P061;2025-03-07;3;0,08;Tokopedia;11.11
O03377;C0553;P084;2024-04-18;2;0,22;App;None
O03378;C0889;P114;2025-12-04;4;0,18;App;Ramadhan
O03379;C0098;P173;2025-08-19;3;0,02;Shopee;Ramadhan
O03380;C0088;P193;2024-10-04;1;0,11;Website;11.11
O03381;C0200;P183;2025-06-12;4;0,29;App;11.11
O03382;C0657;P213;2025-04-05;4;0,36;Tokopedia;Ramadhan
O03383;C0078;P011;2024-08-20;3;0,15;App;11.11
O03384;C0271;P249;2025-08-04;3;0,04;App;11.11
O03385;C0017;P014;2024-06-04;3;0,08;Shopee;Ramadhan
O03386;C0634;P220;2025-01-18;3;0,39;Tokopedia;11.11
O03387;C0037;P049;2025-01-02;5;0,28;Tokopedia;12.12
O03388;C0120;P107;2024-01-21;1;0,28;Shopee;Ramadhan
O03389;C0300;P272;2025-11-22;1;0,34;Shopee;Ramadhan
O03390;C0372;P151;2024-07-27;3;0,02;Shopee;None
O03391;C0259;P170;2024-08-10;5;0,05;App;12.12
O03392;C0638;P245;2024-08-04;1;0,09;Tokopedia;None
O03393;C0558;P175;2024-11-17;5;0,24;App;Ramadhan
O03394;C0715;P248;2025-11-23;4;0,1;Shopee;12.12
O03395;C0426;P094;2025-02-27;3;0,33;Shopee;Ramadhan
O03396;C0995;P093;2024-01-27;3;0;Tokopedia;11.11
O03397;C0793;P036;2024-05-24;3;0,21;App;11.11
O03398;C0738;P025;2024-01-19;4;0,29;App;12.12
O03399;C0777;P125;2025-09-04;1;0,28;App;Ramadhan
O03400;C0935;P010;2025-05-27;1;0,07;Website;None
O03401;C0677;P018;2025-11-03;5;0,38;Shopee;Ramadhan
O03402;C0847;P036;2025-04-09;2;0,01;App;None
O03403;C0611;P077;2025-07-31;5;0,05;Tokopedia;12.12
O03404;C0006;P286;2024-07-19;2;0,12;Shopee;12.12
O03405;C0357;P001;2024-10-19;1;0,1;Website;12.12
O03406;C0538;P289;2024-01-18;5;0,07;Website;11.11
O03407;C0850;P030;2025-09-18;5;0,2;App;None
O03408;C0193;P192;2024-09-27;2;0,18;App;Ramadhan
O03409;C0999;P216;2024-06-18;3;0,33;App;12.12
O03410;C0589;P222;2025-11-29;5;0,2;Tokopedia;None
O03411;C0469;P091;2025-09-09;2;0,3;Tokopedia;None
O03412;C0012;P059;2024-05-09;2;0,4;Shopee;Ramadhan
O03413;C0951;P259;2024-05-01;5;0,33;Tokopedia;11.11
O03414;C0360;P272;2024-07-27;2;0,19;Website;12.12
O03415;C0027;P030;2024-10-14;1;0,09;App;12.12
O03416;C0633;P176;2025-07-30;3;0,05;App;12.12
O03417;C0156;P101;2025-07-27;5;0,35;Tokopedia;12.12
O03418;C0103;P039;2025-03-06;5;0,3;Website;11.11
O03419;C0601;P220;2025-08-11;4;0,31;App;11.11
O03420;C0132;P275;2025-09-13;3;0,28;Tokopedia;12.12
O03421;C0049;P051;2025-03-21;3;0,23;Tokopedia;None
O03422;C0913;P064;2024-08-10;5;0,15;Tokopedia;None
O03423;C0545;P116;2024-07-17;3;0,24;App;12.12
O03424;C0804;P253;2024-12-02;4;0,15;App;None
O03425;C0279;P042;2024-07-05;5;0,04;Website;None
O03426;C0139;P013;2025-06-06;2;0,18;Shopee;None
O03427;C0173;P285;2024-12-03;1;0,03;Website;11.11
O03428;C0314;P225;2024-08-26;4;0,34;Tokopedia;12.12
O03429;C0789;P028;2024-01-12;4;0,19;Shopee;11.11
O03430;C0055;P266;2024-06-28;3;0,36;Tokopedia;11.11
O03431;C0293;P104;2025-05-15;1;0,15;App;11.11
O03432;C0822;P255;2025-10-12;2;0,3;App;11.11
O03433;C0253;P099;2024-10-09;3;0,37;Shopee;Ramadhan
O03434;C0389;P203;2024-06-24;4;0,29;App;Ramadhan
O03435;C0621;P256;2024-04-16;5;0,35;Website;None
O03436;C0886;P234;2025-07-13;5;0,21;Tokopedia;None
O03437;C0467;P216;2025-07-23;4;0,38;Website;Ramadhan
O03438;C0194;P155;2024-08-12;1;0,38;Tokopedia;Ramadhan
O03439;C0868;P254;2024-12-12;2;0,35;App;Ramadhan
O03440;C0810;P017;2025-04-07;4;0,3;Website;Ramadhan
O03441;C0967;P025;2025-03-12;5;0,02;Website;12.12
O03442;C0411;P010;2024-02-27;5;0,02;Shopee;12.12
O03443;C0263;P258;2024-04-20;2;0,32;App;Ramadhan
O03444;C0643;P071;2025-07-23;2;0,28;Website;None
O03445;C0374;P097;2025-06-25;4;0,24;Website;11.11
O03446;C0667;P298;2025-04-28;5;0,19;Shopee;11.11
O03447;C0500;P154;2024-02-25;2;0,12;Website;None
O03448;C0243;P058;2024-10-15;3;0,23;Website;Ramadhan
O03449;C0281;P270;2025-11-03;4;0,21;Tokopedia;11.11
O03450;C0860;P223;2024-11-21;2;0,27;Website;12.12
O03451;C0559;P068;2025-03-06;4;0,22;Website;12.12
O03452;C0939;P064;2025-03-06;5;0,08;Tokopedia;11.11
O03453;C0984;P072;2025-11-05;1;0,02;App;12.12
O03454;C0227;P232;2025-10-24;1;0,25;App;11.11
O03455;C0422;P070;2025-02-19;1;0,26;Tokopedia;12.12
O03456;C0988;P115;2025-08-08;5;0,12;Website;Ramadhan
O03457;C0917;P194;2024-06-11;5;0,39;App;12.12
O03458;C0330;P185;2024-08-16;3;0,18;App;11.11
O03459;C0115;P145;2025-03-21;4;0,15;Tokopedia;None
O03460;C0499;P118;2024-04-25;5;0,26;Website;12.12
O03461;C0630;P014;2025-09-07;2;0,14;App;12.12
O03462;C0242;P066;2025-07-30;3;0,14;Website;None
O03463;C0372;P088;2025-01-07;5;0,09;Tokopedia;12.12
O03464;C0004;P096;2025-05-12;3;0,06;Website;None
O03465;C0299;P224;2025-06-10;1;0,13;Tokopedia;12.12
O03466;C0191;P132;2024-05-02;5;0,04;Shopee;11.11
O03467;C0223;P007;2025-10-28;2;0,21;Shopee;None
O03468;C0047;P139;2024-01-25;3;0,34;App;12.12
O03469;C0348;P159;2025-07-14;2;0,25;App;Ramadhan
O03470;C0011;P290;2024-05-25;3;0,22;Shopee;None
O03471;C0920;P254;2024-02-16;1;0,1;Website;None
O03472;C0969;P286;2025-09-24;1;0,37;Website;12.12
O03473;C0714;P054;2024-05-25;3;0,38;Shopee;None
O03474;C0680;P060;2024-04-12;1;0,19;Website;11.11
O03475;C0479;P158;2024-10-30;3;0,18;App;11.11
O03476;C0664;P192;2024-04-12;5;0,16;App;Ramadhan
O03477;C0617;P240;2024-09-17;4;0,32;Tokopedia;12.12
O03478;C0983;P075;2024-05-29;1;0,27;App;11.11
O03479;C0255;P212;2024-11-16;2;0,07;Website;11.11
O03480;C0305;P204;2025-06-17;2;0,05;Website;12.12
O03481;C0355;P224;2024-12-29;5;0,13;Website;None
O03482;C0435;P212;2024-10-17;5;0,22;App;Ramadhan
O03483;C0614;P235;2024-03-06;4;0,37;Tokopedia;11.11
O03484;C0298;P179;2025-09-26;1;0,27;Website;11.11
O03485;C0761;P185;2024-06-08;4;0,37;App;Ramadhan
O03486;C0306;P010;2024-10-19;2;0,07;App;11.11
O03487;C0845;P129;2025-07-16;3;0,34;Shopee;11.11
O03488;C0371;P004;2024-05-06;4;0,1;Tokopedia;11.11
O03489;C0170;P220;2025-02-16;2;0,05;Tokopedia;None
O03490;C0139;P294;2024-03-31;2;0,12;Shopee;None
O03491;C0687;P219;2025-08-14;4;0,05;Website;12.12
O03492;C0374;P201;2025-07-20;1;0,24;App;12.12
O03493;C0223;P225;2025-11-01;4;0,28;Website;None
O03494;C0975;P263;2024-02-15;1;0,1;Website;12.12
O03495;C0285;P233;2024-04-29;1;0,22;Shopee;Ramadhan
O03496;C0779;P230;2025-10-06;5;0,19;Website;12.12
O03497;C0200;P109;2024-08-03;3;0,05;Tokopedia;11.11
O03498;C0281;P043;2024-05-02;5;0,36;Shopee;None
O03499;C0652;P107;2025-05-16;4;0,07;Website;11.11
O03500;C0220;P005;2024-11-24;2;0,36;Website;11.11
O03501;C0104;P056;2024-01-18;2;0,25;Website;11.11
O03502;C0910;P258;2024-04-22;3;0,4;App;12.12
O03503;C0619;P105;2024-01-24;2;0,22;App;12.12
O03504;C0267;P033;2024-12-13;2;0,21;Tokopedia;Ramadhan
O03505;C0966;P035;2025-03-27;3;0,14;App;None
O03506;C0169;P028;2025-05-15;2;0,09;Tokopedia;None
O03507;C0812;P252;2025-10-11;5;0,26;Website;None
O03508;C0941;P034;2024-07-20;4;0,08;Website;None
O03509;C0829;P223;2025-05-21;5;0,04;Shopee;None
O03510;C0055;P217;2025-08-09;5;0,08;Website;Ramadhan
O03511;C0610;P132;2024-07-19;4;0,13;App;11.11
O03512;C0027;P294;2025-06-22;3;0,22;Tokopedia;12.12
O03513;C0375;P076;2025-01-17;3;0,26;App;Ramadhan
O03514;C0386;P057;2024-02-08;2;0,39;Website;11.11
O03515;C0185;P054;2025-03-25;3;0,22;App;12.12
O03516;C0749;P213;2025-05-09;5;0,38;Tokopedia;12.12
O03517;C0088;P230;2025-09-27;2;0,38;App;12.12
O03518;C0037;P204;2024-03-28;3;0,22;App;Ramadhan
O03519;C0299;P174;2025-07-31;4;0,23;Website;12.12
O03520;C0698;P250;2024-04-23;3;0,31;Website;None
O03521;C0609;P096;2024-04-30;3;0,17;Shopee;None
O03522;C0727;P223;2024-03-07;1;0,01;App;12.12
O03523;C0350;P030;2024-09-09;3;0,32;Website;12.12
O03524;C0566;P211;2025-05-29;3;0,3;Website;11.11
O03525;C0411;P129;2025-11-27;5;0,03;Shopee;12.12
O03526;C0758;P020;2024-03-09;1;0,26;Shopee;None
O03527;C0403;P103;2025-11-07;5;0,01;Shopee;12.12
O03528;C0758;P065;2024-08-26;1;0,09;Website;12.12
O03529;C0309;P299;2024-10-26;1;0,07;Tokopedia;Ramadhan
O03530;C0817;P187;2024-04-30;4;0,12;Tokopedia;Ramadhan
O03531;C0282;P285;2024-08-21;4;0,2;Tokopedia;11.11
O03532;C0114;P031;2025-05-17;4;0,12;App;Ramadhan
O03533;C0524;P170;2024-02-12;5;0,25;Tokopedia;None
O03534;C0044;P245;2024-08-18;2;0,01;Shopee;12.12
O03535;C0193;P067;2024-08-09;1;0,34;Website;None
O03536;C0730;P042;2025-09-15;2;0,38;Website;11.11
O03537;C0151;P116;2024-06-29;5;0,14;Tokopedia;None
O03538;C0864;P264;2024-10-26;1;0,23;App;11.11
O03539;C0360;P003;2024-06-10;4;0,02;Shopee;11.11
O03540;C0069;P220;2024-01-25;2;0,07;Tokopedia;None
O03541;C0222;P087;2024-06-20;1;0,2;Shopee;12.12
O03542;C0420;P017;2024-05-22;5;0,26;Website;12.12
O03543;C0139;P275;2025-04-02;2;0,15;Shopee;None
O03544;C0842;P286;2024-08-10;2;0,32;Shopee;11.11
O03545;C0949;P160;2024-07-05;1;0,35;Shopee;Ramadhan
O03546;C0729;P187;2025-06-15;2;0,25;App;12.12
O03547;C0265;P208;2024-02-28;2;0,26;Shopee;12.12
O03548;C0688;P151;2025-02-07;1;0,15;Shopee;Ramadhan
O03549;C0165;P202;2025-05-21;1;0,03;Website;11.11
O03550;C0334;P182;2024-07-29;2;0,37;Tokopedia;None
O03551;C0838;P160;2025-10-03;1;0,06;Shopee;Ramadhan
O03552;C0245;P294;2024-10-10;1;0,13;Shopee;11.11
O03553;C0809;P280;2024-12-08;3;0,15;Tokopedia;None
O03554;C0312;P120;2024-03-24;4;0,37;Tokopedia;11.11
O03555;C0355;P045;2024-10-26;4;0,18;Tokopedia;Ramadhan
O03556;C0058;P088;2025-12-21;1;0,05;Tokopedia;12.12
O03557;C0645;P112;2025-12-17;2;0,18;App;11.11
O03558;C0897;P179;2025-06-06;2;0,28;Tokopedia;None
O03559;C0139;P141;2025-11-28;1;0,09;Tokopedia;12.12
O03560;C0275;P274;2025-01-21;2;0,31;Tokopedia;None
O03561;C0771;P189;2024-10-09;4;0,04;App;None
O03562;C0823;P194;2024-03-02;2;0,16;Shopee;12.12
O03563;C0560;P172;2025-05-29;1;0,4;Shopee;Ramadhan
O03564;C0720;P010;2024-08-24;1;0,19;Shopee;Ramadhan
O03565;C0712;P292;2024-05-03;2;0,15;Website;12.12
O03566;C0161;P185;2024-03-29;4;0,23;Website;Ramadhan
O03567;C0319;P176;2025-09-02;3;0,01;Website;None
O03568;C0249;P019;2024-02-15;3;0,39;Website;None
O03569;C0346;P277;2025-04-22;2;0,33;App;12.12
O03570;C0027;P019;2025-10-27;5;0,01;Shopee;12.12
O03571;C0024;P013;2024-06-18;3;0,29;Shopee;12.12
O03572;C0860;P186;2025-08-15;2;0,29;App;Ramadhan
O03573;C0241;P096;2024-01-09;5;0,17;Shopee;11.11
O03574;C0954;P055;2025-10-26;5;0,25;Website;None
O03575;C0163;P062;2025-12-19;3;0,02;App;Ramadhan
O03576;C0324;P034;2025-06-18;4;0,28;Website;None
O03577;C0895;P043;2024-02-15;3;0,35;Shopee;12.12
O03578;C0471;P055;2025-08-21;3;0,11;Website;11.11
O03579;C0391;P061;2025-07-01;2;0,37;Tokopedia;None
O03580;C0185;P278;2025-01-08;4;0,15;Tokopedia;11.11
O03581;C0099;P128;2025-03-08;1;0,03;Tokopedia;Ramadhan
O03582;C0709;P299;2024-07-14;1;0,07;Tokopedia;11.11
O03583;C0192;P236;2024-11-28;2;0,34;Tokopedia;11.11
O03584;C0605;P183;2024-12-02;4;0,36;Shopee;11.11
O03585;C0976;P013;2025-04-27;1;0,16;Tokopedia;11.11
O03586;C0109;P208;2024-07-16;5;0,3;Shopee;None
O03587;C0378;P001;2024-02-28;2;0,16;Tokopedia;12.12
O03588;C0647;P169;2024-07-27;4;0,24;Tokopedia;11.11
O03589;C0605;P254;2025-12-25;4;0,12;Shopee;None
O03590;C0058;P245;2024-12-10;2;0,18;Shopee;Ramadhan
O03591;C0723;P234;2025-08-17;3;0,3;Shopee;Ramadhan
O03592;C0248;P292;2025-01-03;4;0,26;Shopee;None
O03593;C0795;P093;2024-06-19;3;0,15;Tokopedia;None
O03594;C0317;P090;2024-07-02;4;0,08;Website;12.12
O03595;C0291;P173;2025-02-15;3;0;Shopee;Ramadhan
O03596;C0163;P125;2024-07-26;2;0,37;Tokopedia;11.11
O03597;C0820;P178;2024-08-03;5;0,23;Tokopedia;11.11
O03598;C0004;P067;2025-06-09;4;0,07;Tokopedia;Ramadhan
O03599;C0150;P062;2025-08-03;4;0,12;App;None
O03600;C0067;P056;2025-09-17;4;0,02;App;Ramadhan
O03601;C0425;P154;2024-04-25;3;0,17;Tokopedia;11.11
O03602;C0920;P220;2025-03-30;1;0,09;Website;12.12
O03603;C0130;P169;2025-08-27;2;0,24;Shopee;11.11
O03604;C0438;P073;2024-08-23;3;0,39;Website;12.12
O03605;C0978;P091;2025-07-05;3;0,15;Shopee;Ramadhan
O03606;C0860;P203;2025-06-14;5;0,08;Tokopedia;None
O03607;C0162;P156;2025-10-24;1;0,08;App;12.12
O03608;C0519;P120;2025-06-09;4;0,06;Tokopedia;Ramadhan
O03609;C0791;P190;2025-12-31;1;0,31;Website;None
O03610;C0018;P249;2024-12-08;3;0,33;Website;11.11
O03611;C0745;P026;2024-12-12;4;0,33;App;None
O03612;C0350;P066;2024-09-12;1;0,24;Tokopedia;11.11
O03613;C0984;P260;2025-08-14;2;0,23;Website;Ramadhan
O03614;C0927;P219;2025-10-20;1;0,08;Website;Ramadhan
O03615;C0194;P074;2024-08-30;2;0,27;Shopee;11.11
O03616;C0067;P094;2025-03-29;1;0,17;Shopee;12.12
O03617;C0930;P258;2025-03-21;5;0,19;Website;Ramadhan
O03618;C0552;P078;2024-09-17;4;0,11;Website;None
O03619;C0011;P094;2025-06-01;3;0,13;Shopee;12.12
O03620;C0901;P104;2024-07-24;1;0,25;Shopee;12.12
O03621;C0517;P204;2025-01-29;4;0,21;Shopee;12.12
O03622;C0969;P245;2024-11-30;2;0,08;Shopee;Ramadhan
O03623;C0372;P263;2025-12-08;1;0,08;Shopee;Ramadhan
O03624;C0182;P002;2024-02-01;3;0,14;Website;None
O03625;C0259;P226;2025-02-24;5;0,14;Shopee;None
O03626;C0987;P011;2024-06-27;4;0,13;App;12.12
O03627;C0958;P110;2024-08-26;2;0,26;App;12.12
O03628;C0319;P076;2024-05-11;5;0,15;Tokopedia;11.11
O03629;C0352;P030;2024-11-09;2;0,11;App;Ramadhan
O03630;C0903;P073;2024-08-12;2;0,15;Shopee;Ramadhan
O03631;C0297;P029;2025-01-06;5;0,04;Tokopedia;None
O03632;C0528;P219;2024-11-25;3;0,03;Tokopedia;12.12
O03633;C0442;P067;2025-06-23;4;0,25;App;12.12
O03634;C0131;P124;2025-11-10;5;0;App;12.12
O03635;C0634;P174;2024-11-05;4;0,25;App;Ramadhan
O03636;C0865;P085;2024-05-06;5;0,26;Shopee;None
O03637;C0403;P011;2024-01-07;2;0,25;Website;None
O03638;C0371;P006;2025-07-28;2;0,09;Website;12.12
O03639;C0872;P028;2025-08-29;4;0,11;Tokopedia;None
O03640;C0681;P073;2025-01-12;4;0,03;Shopee;12.12
O03641;C0954;P174;2025-07-20;4;0,34;Shopee;None
O03642;C0219;P184;2025-02-07;3;0,1;Tokopedia;11.11
O03643;C0188;P298;2024-03-11;3;0,28;Shopee;None
O03644;C0226;P087;2024-06-29;4;0,31;Website;Ramadhan
O03645;C0518;P163;2024-11-07;3;0,33;App;None
O03646;C0798;P136;2025-04-15;5;0,26;App;Ramadhan
O03647;C0930;P205;2024-04-20;5;0,27;Shopee;12.12
O03648;C0477;P132;2025-11-08;5;0,2;Tokopedia;11.11
O03649;C0835;P235;2024-11-20;2;0,23;App;Ramadhan
O03650;C0745;P170;2025-03-23;5;0,36;Shopee;None
O03651;C0832;P293;2025-09-21;5;0,31;Tokopedia;11.11
O03652;C0175;P026;2024-08-18;1;0,23;Tokopedia;11.11
O03653;C0006;P128;2025-11-26;5;0,2;Tokopedia;11.11
O03654;C0545;P128;2024-03-19;2;0,4;Shopee;11.11
O03655;C0659;P249;2024-05-18;3;0,16;App;12.12
O03656;C0550;P237;2024-05-29;4;0,27;Shopee;12.12
O03657;C0385;P115;2025-12-12;2;0,12;Tokopedia;Ramadhan
O03658;C0254;P182;2025-04-21;3;0,15;Shopee;12.12
O03659;C0641;P080;2024-01-21;3;0,4;Website;11.11
O03660;C0009;P290;2025-12-21;4;0,21;Shopee;12.12
O03661;C0372;P263;2024-07-15;1;0,28;App;None
O03662;C0291;P279;2024-05-05;3;0,25;Shopee;12.12
O03663;C0423;P280;2025-08-24;1;0,37;Tokopedia;12.12
O03664;C0277;P201;2024-12-11;5;0,24;Website;12.12
O03665;C0649;P099;2025-06-07;1;0,15;App;11.11
O03666;C0008;P288;2025-11-14;2;0,18;Shopee;None
O03667;C0038;P003;2025-06-18;3;0,01;App;11.11
O03668;C0696;P130;2024-09-09;2;0,21;Website;12.12
O03669;C0524;P259;2025-11-24;3;0,15;App;Ramadhan
O03670;C0418;P092;2024-12-13;3;0,14;Shopee;Ramadhan
O03671;C0921;P243;2024-01-16;4;0,01;Shopee;12.12
O03672;C0559;P140;2024-05-05;5;0,11;Shopee;11.11
O03673;C0811;P129;2024-05-23;4;0,14;App;11.11
O03674;C0748;P013;2024-04-05;3;0,08;Shopee;Ramadhan
O03675;C0105;P216;2025-03-31;3;0,36;Shopee;11.11
O03676;C0263;P169;2025-06-11;1;0,21;App;11.11
O03677;C0532;P069;2024-03-03;3;0;App;11.11
O03678;C0654;P064;2024-07-11;3;0,08;App;None
O03679;C0224;P203;2025-05-10;1;0;App;Ramadhan
O03680;C0674;P295;2025-02-09;4;0,19;App;Ramadhan
O03681;C0538;P252;2025-11-29;3;0,1;Website;11.11
O03682;C0519;P250;2024-05-25;2;0,04;App;None
O03683;C0948;P017;2025-05-15;2;0,22;Shopee;12.12
O03684;C0849;P029;2024-07-03;5;0,09;Website;Ramadhan
O03685;C0897;P299;2024-03-15;2;0,22;Website;11.11
O03686;C0707;P049;2024-04-25;5;0,27;Website;11.11
O03687;C0991;P236;2024-11-25;2;0,38;Tokopedia;None
O03688;C0877;P192;2024-10-11;5;0,38;Shopee;11.11
O03689;C0549;P159;2025-04-22;1;0,22;Shopee;Ramadhan
O03690;C0286;P289;2025-06-05;5;0;Website;Ramadhan
O03691;C0975;P015;2024-05-30;1;0,08;Shopee;12.12
O03692;C0832;P284;2025-07-17;5;0,32;Shopee;11.11
O03693;C0557;P107;2025-05-08;1;0,4;Shopee;None
O03694;C0134;P255;2025-03-13;5;0,05;Tokopedia;None
O03695;C0300;P178;2024-11-17;2;0,16;App;None
O03696;C0445;P287;2025-05-16;5;0,36;Shopee;11.11
O03697;C0207;P212;2024-01-01;1;0,32;Website;12.12
O03698;C0613;P053;2024-06-26;3;0,08;App;None
O03699;C0703;P212;2024-05-16;3;0,28;App;Ramadhan
O03700;C0797;P173;2024-07-27;4;0,35;Shopee;None
O03701;C0063;P074;2025-05-14;3;0,01;Tokopedia;None
O03702;C0713;P112;2025-03-04;3;0,19;Website;12.12
O03703;C0361;P052;2024-11-11;3;0,16;App;Ramadhan
O03704;C0073;P162;2025-05-17;4;0,18;App;12.12
O03705;C0681;P256;2024-01-31;2;0,18;Tokopedia;None
O03706;C0448;P054;2025-11-25;4;0,37;Tokopedia;11.11
O03707;C0214;P153;2024-03-28;4;0,16;Shopee;Ramadhan
O03708;C0027;P198;2025-06-18;3;0,29;Shopee;None
O03709;C0531;P027;2024-06-17;3;0,22;App;Ramadhan
O03710;C0604;P238;2024-11-09;2;0,34;App;Ramadhan
O03711;C0663;P140;2024-04-18;4;0,16;Tokopedia;None
O03712;C0993;P128;2024-02-06;1;0,27;Tokopedia;12.12
O03713;C0799;P026;2024-07-29;2;0,25;App;None
O03714;C0533;P206;2025-01-26;5;0,08;App;Ramadhan
O03715;C0482;P207;2024-11-19;4;0,06;Tokopedia;11.11
O03716;C0307;P102;2025-04-10;5;0,08;App;Ramadhan
O03717;C0067;P015;2025-11-16;5;0,14;Tokopedia;None
O03718;C0163;P164;2024-10-15;3;0,37;App;12.12
O03719;C0786;P255;2025-07-16;3;0,39;Tokopedia;12.12
O03720;C0651;P199;2024-07-02;1;0,17;Website;None
O03721;C0284;P230;2025-11-26;4;0,1;App;11.11
O03722;C0640;P007;2025-12-29;1;0,11;Tokopedia;11.11
O03723;C0943;P128;2025-09-18;5;0,38;Tokopedia;None
O03724;C0431;P189;2025-08-18;1;0,35;Website;12.12
O03725;C0975;P276;2024-04-08;5;0,21;Shopee;None
O03726;C0604;P149;2025-10-08;3;0,27;Website;12.12
O03727;C0696;P041;2024-04-24;4;0,29;Website;Ramadhan
O03728;C0001;P136;2025-11-02;2;0,17;Website;12.12
O03729;C0580;P209;2025-01-23;4;0,38;App;11.11
O03730;C0749;P282;2024-08-11;1;0,17;Shopee;12.12
O03731;C0294;P195;2024-12-01;1;0,35;Tokopedia;None
O03732;C0397;P219;2025-01-05;4;0,2;Shopee;11.11
O03733;C0529;P107;2024-04-07;3;0,28;Website;None
O03734;C0477;P214;2024-03-10;4;0,28;Website;11.11
O03735;C0798;P228;2025-11-02;1;0,3;Shopee;None
O03736;C0614;P034;2025-12-27;2;0,07;Tokopedia;None
O03737;C0371;P163;2025-10-11;1;0,08;Shopee;11.11
O03738;C0676;P006;2025-04-21;5;0,23;Tokopedia;12.12
O03739;C0457;P040;2025-10-20;4;0,11;App;None
O03740;C0211;P024;2024-01-08;4;0,03;Shopee;11.11
O03741;C0147;P074;2024-04-11;1;0,37;Tokopedia;11.11
O03742;C0314;P259;2025-11-04;4;0,06;Tokopedia;12.12
O03743;C0533;P061;2025-04-29;1;0,38;Shopee;12.12
O03744;C0795;P016;2024-10-24;5;0,31;Tokopedia;Ramadhan
O03745;C0344;P105;2024-10-30;1;0,38;App;Ramadhan
O03746;C0484;P141;2025-02-01;3;0,1;Tokopedia;11.11
O03747;C0003;P049;2025-11-27;2;0,28;App;11.11
O03748;C0103;P263;2025-05-13;1;0,27;App;12.12
O03749;C0375;P090;2024-02-10;1;0,36;App;12.12
O03750;C0638;P289;2025-04-11;4;0,29;Shopee;11.11
O03751;C0973;P209;2024-02-07;4;0,2;App;11.11
O03752;C0011;P291;2025-08-13;5;0,18;Website;Ramadhan
O03753;C0949;P064;2025-12-20;3;0,2;Shopee;11.11
O03754;C0642;P014;2024-11-07;4;0,33;Shopee;None
O03755;C0152;P242;2024-04-12;4;0,07;Shopee;None
O03756;C0168;P228;2025-10-11;3;0,39;Tokopedia;12.12
O03757;C0168;P294;2024-02-25;4;0,36;Tokopedia;11.11
O03758;C0526;P014;2025-06-15;5;0,08;Shopee;12.12
O03759;C0131;P172;2025-08-15;2;0,33;Website;11.11
O03760;C0068;P239;2024-09-30;2;0,14;Website;None
O03761;C0743;P046;2024-02-15;1;0,14;App;12.12
O03762;C0514;P074;2025-08-08;4;0,3;Tokopedia;11.11
O03763;C0451;P078;2025-05-21;3;0,36;Tokopedia;None
O03764;C0198;P152;2024-12-16;4;0,37;Website;None
O03765;C0049;P019;2024-01-03;2;0,24;Website;None
O03766;C0759;P008;2025-01-29;2;0,18;App;None
O03767;C0205;P279;2024-04-03;1;0,09;Website;Ramadhan
O03768;C0811;P091;2024-12-11;2;0,22;Website;12.12
O03769;C0789;P179;2024-07-22;3;0,08;App;None
O03770;C0095;P065;2025-02-08;4;0,26;App;12.12
O03771;C0051;P153;2024-09-30;3;0,12;Tokopedia;Ramadhan
O03772;C0032;P180;2025-04-23;5;0,06;Tokopedia;Ramadhan
O03773;C0320;P085;2024-02-14;3;0,25;Shopee;11.11
O03774;C0077;P109;2025-11-15;4;0,33;Tokopedia;12.12
O03775;C0027;P230;2024-05-16;2;0,37;App;12.12
O03776;C0045;P142;2024-08-05;5;0,01;Shopee;12.12
O03777;C0734;P048;2024-06-09;5;0,32;Shopee;None
O03778;C0226;P071;2025-10-13;2;0,22;Website;11.11
O03779;C0822;P092;2025-12-23;3;0,28;Shopee;11.11
O03780;C0212;P195;2024-07-28;1;0,14;Shopee;12.12
O03781;C0890;P038;2024-09-03;3;0,06;Shopee;12.12
O03782;C0749;P021;2025-03-02;1;0,09;Shopee;12.12
O03783;C0903;P102;2024-09-14;3;0,36;App;Ramadhan
O03784;C0823;P121;2025-12-23;5;0,01;Website;11.11
O03785;C0802;P221;2024-11-22;5;0,36;Website;11.11
O03786;C0717;P213;2024-02-09;1;0,02;Shopee;11.11
O03787;C0600;P075;2025-02-21;4;0,2;App;11.11
O03788;C0518;P031;2025-02-07;2;0,12;Tokopedia;11.11
O03789;C0361;P012;2024-12-17;1;0,31;App;11.11
O03790;C0493;P024;2024-11-14;3;0,16;Shopee;Ramadhan
O03791;C0167;P071;2024-01-02;1;0,29;App;11.11
O03792;C0676;P137;2025-11-09;1;0,03;App;None
O03793;C0155;P008;2024-01-17;1;0,34;Tokopedia;12.12
O03794;C0788;P087;2025-05-11;3;0,22;App;12.12
O03795;C0094;P230;2025-04-12;1;0,26;Shopee;None
O03796;C0815;P184;2024-01-12;3;0,1;App;12.12
O03797;C0689;P212;2024-11-25;1;0,1;Shopee;11.11
O03798;C0573;P067;2024-01-18;2;0,31;Website;12.12
O03799;C0928;P181;2025-07-16;2;0,07;Website;Ramadhan
O03800;C0614;P041;2025-03-02;5;0,08;Website;None
O03801;C0480;P175;2025-01-02;2;0,26;App;12.12
O03802;C0123;P084;2025-07-23;5;0,1;Tokopedia;None
O03803;C0334;P233;2024-12-22;4;0,15;Tokopedia;Ramadhan
O03804;C0934;P217;2024-09-29;4;0,05;Tokopedia;Ramadhan
O03805;C0911;P089;2024-08-28;4;0;Tokopedia;None
O03806;C0926;P152;2025-08-19;3;0,12;Tokopedia;11.11
O03807;C0971;P010;2024-12-07;4;0,02;Tokopedia;Ramadhan
O03808;C0096;P223;2025-11-26;2;0,13;Website;11.11
O03809;C0120;P278;2025-11-14;2;0,08;App;11.11
O03810;C0474;P212;2025-09-17;5;0;Shopee;11.11
O03811;C0546;P221;2025-01-20;2;0,35;Website;12.12
O03812;C0322;P009;2024-07-08;3;0,01;Shopee;Ramadhan
O03813;C0374;P056;2025-10-09;3;0,12;Tokopedia;12.12
O03814;C0525;P188;2025-07-14;4;0,14;App;None
O03815;C0949;P233;2024-10-19;1;0,32;Shopee;12.12
O03816;C0047;P128;2025-07-17;3;0,35;App;12.12
O03817;C0443;P231;2024-10-12;5;0,32;Website;None
O03818;C0355;P123;2025-09-09;4;0,1;App;None
O03819;C0091;P135;2025-08-10;2;0,07;App;Ramadhan
O03820;C0743;P021;2024-06-28;1;0,12;Tokopedia;12.12
O03821;C0020;P171;2024-04-05;5;0,03;Tokopedia;None
O03822;C0057;P243;2024-08-14;5;0,37;Website;11.11
O03823;C0760;P224;2025-09-01;3;0,35;App;11.11
O03824;C0451;P074;2025-01-23;2;0,25;Shopee;None
O03825;C0089;P154;2025-09-24;4;0,04;App;12.12
O03826;C0102;P145;2024-01-24;5;0,05;Website;12.12
O03827;C0210;P039;2024-01-30;2;0,36;Website;11.11
O03828;C0244;P263;2024-08-05;3;0,22;Shopee;11.11
O03829;C0259;P148;2025-11-24;1;0,02;Website;Ramadhan
O03830;C0978;P259;2024-06-11;2;0,27;App;12.12
O03831;C0063;P177;2024-09-10;4;0,06;App;Ramadhan
O03832;C0458;P272;2024-05-23;2;0,01;Tokopedia;11.11
O03833;C0419;P235;2024-03-01;5;0,17;Shopee;Ramadhan
O03834;C0245;P055;2025-11-18;1;0,05;Shopee;None
O03835;C0840;P180;2025-08-20;5;0,29;App;Ramadhan
O03836;C0840;P036;2024-01-14;1;0,34;Website;None
O03837;C0174;P210;2025-06-17;1;0,17;Website;12.12
O03838;C0874;P043;2025-09-27;1;0,29;Website;Ramadhan
O03839;C0447;P069;2025-03-22;5;0,26;Shopee;11.11
O03840;C0571;P178;2024-12-31;2;0,39;Shopee;None
O03841;C0550;P263;2024-09-07;4;0,38;Website;12.12
O03842;C0675;P294;2024-01-03;4;0,38;Shopee;11.11
O03843;C0736;P266;2025-10-12;4;0,14;Shopee;None
O03844;C0959;P238;2024-04-22;3;0,15;Website;12.12
O03845;C0538;P071;2024-01-04;2;0,13;Shopee;Ramadhan
O03846;C0664;P123;2025-01-01;5;0,25;Shopee;None
O03847;C0680;P133;2024-11-10;1;0,37;App;11.11
O03848;C0738;P124;2025-10-05;5;0,34;Shopee;11.11
O03849;C0603;P248;2025-10-30;1;0,39;App;None
O03850;C0410;P070;2025-08-15;3;0,23;Website;12.12
O03851;C0251;P223;2025-12-11;3;0,17;Website;None
O03852;C0447;P144;2024-10-19;2;0,25;Tokopedia;None
O03853;C0124;P096;2025-10-18;3;0,24;Tokopedia;12.12
O03854;C0644;P015;2025-03-14;4;0,38;App;12.12
O03855;C0352;P293;2024-03-29;2;0,14;Tokopedia;12.12
O03856;C0175;P289;2025-04-26;1;0,11;Tokopedia;Ramadhan
O03857;C0366;P215;2025-07-18;2;0,12;App;Ramadhan
O03858;C0838;P225;2025-10-16;4;0,09;Website;12.12
O03859;C0124;P044;2024-02-05;4;0,32;Shopee;Ramadhan
O03860;C0350;P005;2024-04-07;2;0,35;App;12.12
O03861;C0830;P139;2025-09-24;1;0,27;App;11.11
O03862;C0938;P300;2024-08-01;1;0,07;App;12.12
O03863;C0309;P096;2025-10-15;3;0,34;App;None
O03864;C0635;P218;2024-04-26;1;0,07;Tokopedia;None
O03865;C0512;P025;2025-03-05;5;0,4;App;None
O03866;C0585;P011;2025-10-03;4;0,05;Website;12.12
O03867;C0184;P028;2024-12-24;4;0,25;Shopee;Ramadhan
O03868;C0207;P281;2025-09-20;2;0,09;Website;12.12
O03869;C0738;P225;2025-05-16;4;0,07;Shopee;12.12
O03870;C0355;P120;2024-09-02;4;0,11;Website;12.12
O03871;C0334;P145;2024-08-09;4;0,28;App;12.12
O03872;C0886;P041;2025-07-09;3;0,1;Shopee;None
O03873;C0793;P028;2025-09-30;3;0,11;Tokopedia;Ramadhan
O03874;C0973;P243;2024-02-16;2;0,38;Website;Ramadhan
O03875;C0164;P287;2024-11-14;5;0,08;Shopee;None
O03876;C0500;P174;2025-03-12;4;0,03;Tokopedia;11.11
O03877;C0311;P251;2024-04-04;2;0,28;App;Ramadhan
O03878;C0124;P245;2025-07-24;2;0,4;Shopee;12.12
O03879;C0117;P235;2025-09-23;1;0,37;Shopee;Ramadhan
O03880;C0733;P151;2025-11-27;3;0,03;Shopee;None
O03881;C0316;P262;2024-11-30;2;0,36;App;Ramadhan
O03882;C0051;P258;2025-03-31;5;0,36;Shopee;12.12
O03883;C0706;P224;2024-07-19;5;0,28;Shopee;None
O03884;C0046;P136;2025-09-05;2;0,36;App;12.12
O03885;C0965;P027;2024-09-19;2;0,34;Website;12.12
O03886;C0385;P177;2024-04-12;2;0,23;Tokopedia;None
O03887;C0158;P266;2024-02-14;2;0,23;Shopee;12.12
O03888;C0817;P144;2025-02-20;5;0,12;Tokopedia;11.11
O03889;C0225;P100;2024-05-14;2;0,29;Shopee;12.12
O03890;C0432;P126;2025-02-25;3;0,09;Website;Ramadhan
O03891;C0243;P018;2025-06-17;5;0,28;Website;None
O03892;C0962;P239;2025-02-10;2;0,39;Tokopedia;12.12
O03893;C0422;P055;2024-05-19;3;0,26;Website;None
O03894;C0260;P010;2025-11-04;5;0,4;Website;Ramadhan
O03895;C0999;P023;2025-11-30;1;0,12;Shopee;11.11
O03896;C0984;P008;2025-04-27;2;0,08;Website;Ramadhan
O03897;C0460;P148;2024-08-05;5;0,28;App;11.11
O03898;C0092;P052;2025-01-14;2;0,34;Tokopedia;None
O03899;C0716;P058;2024-10-22;5;0,22;App;None
O03900;C0534;P242;2024-08-26;2;0,09;Website;12.12
O03901;C0963;P003;2024-08-05;5;0,36;Website;12.12
O03902;C0823;P004;2025-02-15;2;0,32;Website;11.11
O03903;C0032;P249;2025-01-10;2;0,26;Tokopedia;None
O03904;C0797;P110;2025-05-23;2;0,32;Tokopedia;12.12
O03905;C0033;P130;2024-04-09;3;0,27;Website;11.11
O03906;C0513;P296;2024-07-06;2;0,09;Tokopedia;12.12
O03907;C0793;P107;2025-01-04;2;0,28;Tokopedia;None
O03908;C0092;P064;2025-02-21;5;0,2;Shopee;Ramadhan
O03909;C0169;P010;2025-03-19;3;0,11;Website;Ramadhan
O03910;C0864;P189;2025-04-02;4;0,31;Shopee;11.11
O03911;C0861;P039;2024-04-24;2;0,38;Shopee;11.11
O03912;C0781;P072;2024-04-21;2;0,34;Tokopedia;11.11
O03913;C0998;P160;2025-02-01;3;0,06;App;None
O03914;C0093;P018;2025-02-19;5;0,01;Shopee;Ramadhan
O03915;C0905;P023;2024-08-29;1;0,22;Shopee;Ramadhan
O03916;C0821;P193;2025-08-07;1;0,11;App;None
O03917;C0536;P235;2024-10-05;1;0,07;Shopee;11.11
O03918;C0299;P192;2025-07-08;5;0,23;Website;12.12
O03919;C0023;P169;2025-05-15;1;0,2;Website;Ramadhan
O03920;C0348;P050;2024-07-09;1;0,3;Tokopedia;Ramadhan
O03921;C0650;P055;2024-11-11;3;0,4;Shopee;12.12
O03922;C0807;P223;2024-12-02;2;0,21;Tokopedia;None
O03923;C0432;P092;2025-11-14;1;0,06;Shopee;Ramadhan
O03924;C0544;P219;2025-06-19;5;0,36;Website;11.11
O03925;C0232;P047;2024-06-08;4;0,33;Tokopedia;11.11
O03926;C0473;P223;2024-01-12;5;0,34;Shopee;Ramadhan
O03927;C0642;P044;2025-03-02;2;0,09;Website;None
O03928;C0384;P240;2024-10-26;3;0,3;Website;11.11
O03929;C0793;P084;2025-11-01;2;0,22;Website;12.12
O03930;C0693;P048;2024-01-13;5;0,23;Website;Ramadhan
O03931;C0717;P177;2024-01-31;4;0,18;App;Ramadhan
O03932;C0735;P129;2024-10-21;3;0,27;Shopee;11.11
O03933;C0315;P042;2025-02-04;1;0,28;App;Ramadhan
O03934;C0646;P163;2024-11-27;3;0,32;Tokopedia;None
O03935;C0890;P237;2024-08-26;1;0,17;Tokopedia;12.12
O03936;C0394;P270;2024-05-31;3;0,18;Tokopedia;11.11
O03937;C0700;P279;2025-09-26;1;0,14;App;12.12
O03938;C0205;P253;2025-01-15;4;0,13;App;None
O03939;C0438;P103;2025-01-22;4;0,21;Website;12.12
O03940;C0647;P192;2024-10-06;2;0,18;Shopee;None
O03941;C0878;P062;2025-02-26;2;0,06;Tokopedia;11.11
O03942;C0711;P265;2024-10-16;3;0,31;Shopee;11.11
O03943;C0400;P246;2024-08-28;3;0,14;App;None
O03944;C0009;P212;2024-08-24;5;0,01;App;12.12
O03945;C0098;P154;2025-11-10;2;0,21;Website;12.12
O03946;C0256;P210;2025-04-20;1;0,28;App;11.11
O03947;C0587;P290;2025-02-16;4;0,2;App;12.12
O03948;C0049;P277;2025-12-04;4;0,04;Tokopedia;Ramadhan
O03949;C0228;P085;2024-10-02;4;0,23;Website;Ramadhan
O03950;C0147;P015;2024-09-12;4;0,03;Tokopedia;12.12
O03951;C0633;P106;2025-07-21;5;0,19;Shopee;None
O03952;C0176;P274;2024-12-09;5;0,26;Website;12.12
O03953;C0756;P076;2025-08-08;5;0,31;Tokopedia;11.11
O03954;C0410;P188;2025-11-26;3;0,31;App;12.12
O03955;C0170;P021;2024-06-13;3;0,13;App;None
O03956;C0754;P045;2024-02-27;1;0,12;Website;Ramadhan
O03957;C0453;P074;2024-03-14;1;0,02;Shopee;12.12
O03958;C0278;P091;2024-12-15;5;0,27;App;None
O03959;C0070;P082;2025-06-30;1;0,17;Tokopedia;Ramadhan
O03960;C0214;P271;2024-08-09;1;0,08;Tokopedia;12.12
O03961;C0872;P205;2025-06-17;4;0,25;Website;None
O03962;C0511;P262;2025-03-30;4;0,03;Tokopedia;Ramadhan
O03963;C0985;P171;2024-03-11;2;0,02;Shopee;Ramadhan
O03964;C0368;P130;2025-11-11;1;0,23;Website;12.12
O03965;C0633;P095;2024-06-12;3;0,04;App;11.11
O03966;C0287;P244;2025-08-05;1;0,24;Website;12.12
O03967;C0115;P205;2024-05-27;4;0,17;Shopee;12.12
O03968;C0084;P037;2025-08-10;5;0,17;Website;None
O03969;C0187;P022;2025-08-27;3;0,36;Tokopedia;11.11
O03970;C0388;P112;2024-11-27;1;0,18;Website;12.12
O03971;C0151;P176;2024-09-01;4;0,37;Tokopedia;None
O03972;C0138;P256;2024-07-12;1;0;Website;Ramadhan
O03973;C0014;P021;2025-10-19;1;0,09;App;12.12
O03974;C0771;P086;2025-11-10;4;0,24;Website;12.12
O03975;C0005;P032;2025-12-21;2;0,38;App;None
O03976;C0226;P176;2024-05-29;5;0,18;App;None
O03977;C0266;P092;2025-05-07;1;0,2;Tokopedia;12.12
O03978;C0056;P113;2025-07-13;3;0,16;App;12.12
O03979;C0758;P151;2025-08-03;3;0,3;Website;12.12
O03980;C0912;P105;2024-07-18;3;0,12;Website;None
O03981;C0754;P161;2024-12-15;3;0;Tokopedia;Ramadhan
O03982;C0233;P219;2025-12-22;1;0,03;Shopee;12.12
O03983;C0932;P048;2024-10-31;3;0,26;Website;None
O03984;C0669;P122;2024-12-02;4;0,24;App;12.12
O03985;C0698;P264;2024-06-16;1;0,09;Tokopedia;12.12
O03986;C0507;P219;2025-05-10;2;0,19;Website;11.11
O03987;C0381;P199;2025-05-13;4;0,23;Tokopedia;Ramadhan
O03988;C0916;P096;2025-01-03;1;0,11;App;Ramadhan
O03989;C0087;P203;2025-01-21;1;0,09;App;Ramadhan
O03990;C0464;P281;2025-11-13;5;0,17;Website;12.12
O03991;C0251;P293;2024-09-10;4;0,36;Tokopedia;None
O03992;C0365;P075;2025-05-15;2;0,14;App;Ramadhan
O03993;C0087;P148;2025-09-05;4;0,1;Shopee;Ramadhan
O03994;C0012;P213;2024-08-21;1;0,07;Website;11.11
O03995;C0739;P054;2025-12-19;1;0,02;Tokopedia;Ramadhan
O03996;C0186;P208;2024-09-04;3;0,13;Tokopedia;None
O03997;C0978;P051;2024-11-04;1;0,37;Website;11.11
O03998;C0778;P183;2025-03-06;2;0,06;Shopee;11.11
O03999;C0007;P030;2024-02-06;4;0,33;Website;12.12
O04000;C0406;P107;2024-09-28;5;0,27;App;11.11
O04001;C0215;P140;2025-04-12;5;0,2;Tokopedia;12.12
O04002;C0330;P101;2024-09-25;5;0,35;App;12.12
O04003;C0487;P300;2024-05-20;3;0,35;Website;11.11
O04004;C0425;P114;2024-01-22;2;0,22;Website;Ramadhan
O04005;C0238;P144;2024-04-18;3;0,18;App;11.11
O04006;C0711;P147;2025-11-08;2;0,06;App;None
O04007;C0805;P139;2025-01-08;3;0,01;Shopee;12.12
O04008;C0417;P165;2025-12-07;4;0,29;Shopee;12.12
O04009;C0579;P202;2024-10-12;4;0,33;Tokopedia;None
O04010;C0283;P018;2025-02-21;5;0,17;App;Ramadhan
O04011;C0511;P084;2025-04-17;4;0,32;App;None
O04012;C0485;P177;2025-08-18;5;0,09;App;None
O04013;C0259;P167;2024-04-04;4;0,21;Website;11.11
O04014;C0183;P292;2024-09-05;3;0,09;Website;11.11
O04015;C0501;P185;2025-06-03;2;0,12;Shopee;11.11
O04016;C0730;P145;2025-01-04;3;0,26;Tokopedia;None
O04017;C0996;P173;2024-11-22;2;0,38;Website;None
O04018;C0725;P193;2025-12-18;5;0,3;Website;11.11
O04019;C0900;P037;2024-06-15;5;0,11;Shopee;11.11
O04020;C0606;P132;2024-02-18;2;0,11;App;None
O04021;C0892;P098;2024-03-30;2;0,04;Shopee;None
O04022;C0496;P014;2025-07-27;2;0,34;Tokopedia;11.11
O04023;C0097;P206;2025-12-13;4;0,05;Tokopedia;Ramadhan
O04024;C0348;P238;2024-03-09;5;0,07;Website;Ramadhan
O04025;C0849;P038;2024-01-06;5;0,33;Tokopedia;11.11
O04026;C0950;P098;2024-12-01;4;0,17;Website;11.11
O04027;C0669;P201;2025-08-26;2;0,34;Website;12.12
O04028;C0662;P252;2025-09-22;4;0,15;Shopee;None
O04029;C0758;P172;2025-03-02;2;0,15;Website;12.12
O04030;C0391;P298;2024-09-12;2;0,11;App;11.11
O04031;C0560;P234;2024-11-12;5;0,27;App;12.12
O04032;C0267;P177;2025-01-31;1;0,33;Website;Ramadhan
O04033;C0565;P292;2024-03-04;4;0,25;Website;12.12
O04034;C0300;P255;2025-04-22;4;0,34;Shopee;11.11
O04035;C0734;P090;2024-11-26;3;0,38;Website;Ramadhan
O04036;C0629;P049;2024-10-25;3;0,25;Tokopedia;12.12
O04037;C0231;P045;2024-04-07;5;0,22;App;12.12
O04038;C0729;P068;2024-05-11;2;0,37;Shopee;12.12
O04039;C0543;P152;2025-02-22;3;0,2;Shopee;12.12
O04040;C0671;P260;2024-07-12;2;0,29;Shopee;11.11
O04041;C0721;P076;2025-03-02;5;0,14;Website;Ramadhan
O04042;C0637;P161;2025-12-10;4;0,34;Website;12.12
O04043;C0875;P121;2024-07-13;2;0,23;Shopee;12.12
O04044;C0885;P230;2024-11-16;4;0,15;App;Ramadhan
O04045;C0326;P028;2025-06-30;4;0,04;Shopee;12.12
O04046;C0029;P012;2025-06-03;3;0,25;App;None
O04047;C0842;P099;2025-01-01;2;0,38;Shopee;11.11
O04048;C0710;P139;2024-11-29;4;0,34;Website;11.11
O04049;C0902;P037;2025-02-07;3;0,4;Shopee;Ramadhan
O04050;C0729;P247;2025-09-09;1;0,02;Shopee;Ramadhan
O04051;C0232;P061;2025-01-18;4;0;Shopee;Ramadhan
O04052;C0447;P247;2025-09-12;4;0,2;Website;12.12
O04053;C0453;P096;2024-01-12;3;0,24;Shopee;12.12
O04054;C0256;P108;2025-02-16;5;0,12;Website;12.12
O04055;C0379;P247;2025-10-03;4;0,17;Website;Ramadhan
O04056;C0495;P005;2024-08-22;1;0,24;App;None
O04057;C0092;P253;2025-11-30;3;0,1;Shopee;12.12
O04058;C0071;P047;2024-02-13;2;0,36;App;None
O04059;C0607;P264;2024-07-09;2;0,37;Tokopedia;Ramadhan
O04060;C0859;P108;2025-05-01;4;0,25;Tokopedia;Ramadhan
O04061;C0885;P233;2024-12-09;4;0,31;Tokopedia;None
O04062;C0146;P153;2025-05-11;5;0,06;App;Ramadhan
O04063;C0434;P236;2025-12-17;2;0,37;Shopee;None
O04064;C0041;P171;2024-04-04;2;0,37;Website;None
O04065;C0087;P156;2025-03-25;3;0,1;Tokopedia;11.11
O04066;C0130;P233;2024-07-15;3;0,18;Tokopedia;Ramadhan
O04067;C0565;P240;2024-11-22;4;0,14;App;12.12
O04068;C0953;P164;2025-08-23;5;0,26;Shopee;None
O04069;C0358;P280;2025-03-24;2;0,08;Website;Ramadhan
O04070;C0327;P194;2024-03-22;4;0,05;Shopee;None
O04071;C0228;P084;2024-10-24;3;0,04;App;None
O04072;C0491;P233;2025-09-19;3;0,05;Shopee;11.11
O04073;C0325;P264;2025-11-14;5;0,12;Shopee;12.12
O04074;C0808;P015;2025-04-08;3;0,29;Shopee;12.12
O04075;C0390;P235;2025-06-15;2;0,26;Shopee;11.11
O04076;C0084;P203;2025-05-16;5;0,03;Website;None
O04077;C0032;P067;2025-11-15;3;0,29;Website;None
O04078;C0001;P284;2024-04-23;1;0,15;App;12.12
O04079;C0024;P031;2025-12-25;5;0,05;Shopee;11.11
O04080;C0508;P068;2024-05-08;5;0,14;App;11.11
O04081;C0090;P188;2024-10-29;5;0,19;App;12.12
O04082;C0097;P185;2024-07-23;1;0,39;Tokopedia;11.11
O04083;C0305;P095;2024-04-06;2;0,14;Website;12.12
O04084;C0677;P190;2025-11-08;1;0,32;Website;Ramadhan
O04085;C0181;P277;2024-01-17;2;0,07;Website;None
O04086;C0236;P147;2025-09-14;1;0,18;App;Ramadhan
O04087;C0092;P036;2024-03-13;5;0,16;Shopee;12.12
O04088;C0113;P174;2025-08-08;1;0,27;Tokopedia;11.11
O04089;C0943;P147;2024-12-07;3;0,1;Website;None
O04090;C0734;P248;2024-04-22;4;0,37;App;12.12
O04091;C0747;P226;2025-03-07;3;0,11;Shopee;Ramadhan
O04092;C0295;P156;2025-02-13;4;0,28;Website;12.12
O04093;C0789;P005;2024-09-11;5;0,16;App;11.11
O04094;C0819;P258;2025-03-11;1;0,1;App;None
O04095;C0567;P014;2025-10-12;1;0;Shopee;None
O04096;C0837;P289;2024-02-28;2;0,3;App;Ramadhan
O04097;C0047;P244;2025-08-08;5;0,1;Website;11.11
O04098;C0204;P279;2024-12-28;3;0,35;Tokopedia;Ramadhan
O04099;C0985;P157;2024-12-23;4;0,14;Tokopedia;12.12
O04100;C0960;P027;2025-05-04;2;0,22;Shopee;12.12
O04101;C0109;P003;2025-06-30;5;0,26;Tokopedia;Ramadhan
O04102;C0077;P221;2025-06-08;3;0,14;Shopee;None
O04103;C0238;P171;2025-12-19;3;0,17;Shopee;Ramadhan
O04104;C0410;P034;2025-05-10;2;0,4;Tokopedia;11.11
O04105;C0966;P004;2025-04-04;4;0,2;Shopee;None
O04106;C0960;P008;2024-11-13;5;0,36;Shopee;Ramadhan
O04107;C0068;P037;2024-08-11;2;0,33;Tokopedia;12.12
O04108;C0498;P250;2025-10-31;3;0,19;Shopee;Ramadhan
O04109;C0580;P199;2024-08-02;3;0,38;Tokopedia;12.12
O04110;C0329;P261;2024-04-14;3;0,29;App;None
O04111;C0845;P170;2025-04-25;3;0,09;App;11.11
O04112;C0354;P242;2025-07-26;3;0,08;Tokopedia;None
O04113;C0822;P085;2024-05-04;4;0,14;Shopee;11.11
O04114;C0945;P208;2024-03-10;5;0,28;Website;11.11
O04115;C0975;P232;2024-11-07;1;0,35;Tokopedia;Ramadhan
O04116;C0545;P240;2024-10-08;5;0,23;Shopee;None
O04117;C0583;P210;2025-01-02;5;0,16;Website;None
O04118;C0110;P109;2025-01-02;3;0,19;Website;Ramadhan
O04119;C0363;P224;2025-06-03;5;0,17;Website;None
O04120;C0030;P101;2024-12-22;4;0,18;App;None
O04121;C0914;P207;2024-01-06;4;0,27;Shopee;Ramadhan
O04122;C0207;P248;2025-04-01;2;0,38;App;Ramadhan
O04123;C0049;P088;2024-11-03;5;0,27;Shopee;Ramadhan
O04124;C0493;P222;2024-09-29;3;0,01;Website;12.12
O04125;C0224;P293;2024-03-19;4;0,24;Tokopedia;12.12
O04126;C0729;P038;2024-09-13;1;0,13;Tokopedia;12.12
O04127;C0813;P088;2025-09-23;3;0,17;Tokopedia;None
O04128;C0147;P089;2025-10-24;3;0,38;Tokopedia;11.11
O04129;C0090;P021;2025-11-05;3;0,3;App;Ramadhan
O04130;C0435;P070;2024-01-22;4;0,17;Tokopedia;None
O04131;C0441;P255;2025-02-18;2;0,23;Tokopedia;12.12
O04132;C0760;P009;2024-09-17;3;0,12;App;None
O04133;C0352;P130;2025-07-11;4;0,01;Website;None
O04134;C0275;P266;2024-06-03;5;0,21;Website;12.12
O04135;C0984;P058;2024-01-22;2;0,18;Tokopedia;None
O04136;C0522;P033;2024-08-27;4;0,36;Tokopedia;11.11
O04137;C0794;P207;2024-04-21;1;0,35;Shopee;Ramadhan
O04138;C0165;P277;2025-12-11;1;0,04;Website;12.12
O04139;C0019;P106;2025-08-07;5;0,07;App;12.12
O04140;C0416;P289;2025-02-17;1;0,29;Shopee;Ramadhan
O04141;C0287;P275;2024-05-24;1;0,02;Shopee;12.12
O04142;C0899;P188;2024-03-11;3;0,21;Shopee;12.12
O04143;C0855;P231;2025-02-15;3;0,08;Tokopedia;12.12
O04144;C0914;P002;2025-09-23;3;0,08;App;12.12
O04145;C0837;P067;2025-05-25;2;0,39;Website;12.12
O04146;C0145;P219;2025-03-22;3;0,14;Website;Ramadhan
O04147;C0546;P163;2025-06-05;5;0,21;Website;None
O04148;C0393;P266;2025-04-25;5;0,24;Website;11.11
O04149;C0695;P057;2024-01-20;3;0,39;Website;Ramadhan
O04150;C0586;P288;2025-11-25;2;0,29;Tokopedia;12.12
O04151;C0848;P138;2025-02-06;2;0,04;Shopee;12.12
O04152;C0212;P200;2024-07-11;5;0,25;Website;12.12
O04153;C0637;P224;2025-03-29;3;0,29;Website;11.11
O04154;C0909;P067;2024-02-12;2;0,14;App;Ramadhan
O04155;C0716;P204;2024-09-22;1;0,1;Tokopedia;11.11
O04156;C0930;P255;2024-09-24;1;0,1;Shopee;11.11
O04157;C0904;P290;2025-03-02;1;0,12;Tokopedia;None
O04158;C0692;P076;2025-04-03;3;0,39;Website;None
O04159;C0591;P173;2024-06-24;4;0,21;App;None
O04160;C0672;P173;2025-10-10;4;0,35;Tokopedia;Ramadhan
O04161;C0802;P049;2025-02-16;1;0,19;Website;11.11
O04162;C0257;P103;2025-05-07;2;0,21;App;11.11
O04163;C0465;P283;2024-03-31;4;0,34;Website;12.12
O04164;C0909;P269;2024-12-31;3;0,18;Website;11.11
O04165;C0457;P170;2024-05-26;5;0,38;Website;11.11
O04166;C0859;P275;2024-03-12;3;0,16;App;12.12
O04167;C0016;P066;2025-11-25;3;0,26;Website;Ramadhan
O04168;C0576;P068;2025-10-17;2;0,01;Website;12.12
O04169;C0917;P110;2025-07-19;2;0,1;App;11.11
O04170;C0366;P187;2025-07-16;1;0,28;Website;12.12
O04171;C0767;P220;2025-10-21;4;0,22;App;None
O04172;C0001;P069;2024-02-27;4;0,27;Shopee;None
O04173;C0717;P126;2024-11-08;3;0,31;Website;11.11
O04174;C0213;P257;2025-06-27;3;0,15;Shopee;12.12
O04175;C0976;P066;2025-07-24;2;0,03;Website;12.12
O04176;C0538;P035;2024-01-07;5;0,17;Website;11.11
O04177;C0160;P095;2024-11-15;5;0,01;Website;None
O04178;C0450;P212;2025-01-12;5;0,38;Shopee;11.11
O04179;C0048;P107;2025-06-29;4;0,16;Shopee;None
O04180;C0787;P233;2024-02-06;4;0,25;App;11.11
O04181;C0495;P061;2024-03-05;5;0,33;App;None
O04182;C0220;P143;2024-11-12;2;0,31;Website;11.11
O04183;C0958;P030;2025-07-03;4;0,26;Website;11.11
O04184;C0518;P214;2025-04-27;5;0;Tokopedia;12.12
O04185;C0879;P204;2025-03-09;2;0,27;App;None
O04186;C0315;P185;2025-02-09;5;0,35;Shopee;Ramadhan
O04187;C0642;P098;2025-07-24;2;0,12;Website;11.11
O04188;C0805;P243;2024-06-28;2;0,29;Website;None
O04189;C0171;P060;2025-10-21;5;0,38;Shopee;12.12
O04190;C0184;P235;2024-01-28;5;0,17;Website;11.11
O04191;C0768;P266;2024-01-27;2;0,02;App;11.11
O04192;C0621;P285;2025-01-23;3;0,22;Shopee;None
O04193;C0378;P024;2024-11-20;5;0,27;Website;None
O04194;C0478;P109;2025-08-08;4;0,22;App;Ramadhan
O04195;C0363;P099;2025-11-01;1;0,25;Tokopedia;Ramadhan
O04196;C0671;P130;2024-05-02;4;0,16;Website;Ramadhan
O04197;C0064;P089;2025-09-10;2;0,04;App;None
O04198;C0796;P078;2025-02-07;3;0,02;Shopee;Ramadhan
O04199;C0770;P090;2024-05-15;1;0,28;Tokopedia;11.11
O04200;C0035;P188;2025-02-11;3;0,05;Website;12.12
O04201;C0177;P059;2025-07-19;2;0,24;Tokopedia;12.12
O04202;C0046;P032;2024-08-25;5;0,04;Website;None
O04203;C0525;P044;2024-10-07;5;0,35;Tokopedia;None
O04204;C0597;P196;2024-10-01;5;0,23;Website;Ramadhan
O04205;C0131;P178;2024-04-03;2;0,05;Shopee;None
O04206;C0655;P181;2024-07-10;4;0,25;App;12.12
O04207;C0368;P149;2024-04-25;1;0,11;Tokopedia;None
O04208;C0121;P176;2025-04-17;5;0,33;App;None
O04209;C0515;P059;2024-10-28;4;0,05;Tokopedia;Ramadhan
O04210;C0856;P102;2025-12-03;2;0,08;App;None
O04211;C0013;P300;2024-05-02;3;0,4;Tokopedia;11.11
O04212;C0513;P143;2025-04-05;1;0,23;Tokopedia;12.12
O04213;C0838;P057;2025-08-06;4;0,22;Tokopedia;Ramadhan
O04214;C0651;P275;2024-10-01;3;0,1;Shopee;None
O04215;C0271;P028;2025-03-05;1;0,18;Website;None
O04216;C0674;P136;2024-08-13;4;0,21;Shopee;None
O04217;C0856;P023;2025-09-05;2;0,11;Tokopedia;Ramadhan
O04218;C0079;P270;2024-02-08;5;0,36;Shopee;11.11
O04219;C0336;P194;2024-05-15;1;0,26;Website;12.12
O04220;C0563;P057;2024-06-23;3;0,17;Website;None
O04221;C0314;P043;2024-01-09;3;0,36;Shopee;12.12
O04222;C0929;P099;2024-04-18;4;0,29;Website;None
O04223;C0875;P112;2025-10-13;2;0,31;Shopee;Ramadhan
O04224;C0327;P177;2025-09-08;3;0,24;App;12.12
O04225;C0253;P125;2024-02-27;4;0,11;Tokopedia;None
O04226;C0085;P026;2024-04-12;1;0,39;Tokopedia;12.12
O04227;C0249;P201;2024-09-30;3;0,09;Tokopedia;Ramadhan
O04228;C0850;P171;2024-12-29;3;0,19;App;Ramadhan
O04229;C0285;P130;2024-10-06;4;0,25;Shopee;Ramadhan
O04230;C0202;P280;2025-03-08;1;0,36;Shopee;11.11
O04231;C0725;P011;2025-03-09;1;0,26;App;None
O04232;C0528;P161;2025-09-21;4;0,14;Website;Ramadhan
O04233;C0086;P279;2025-02-01;4;0,09;Website;12.12
O04234;C0046;P044;2025-07-21;2;0,39;Shopee;None
O04235;C0680;P203;2024-07-13;5;0;Tokopedia;11.11
O04236;C0386;P046;2025-06-15;1;0,36;Website;11.11
O04237;C0047;P158;2025-02-15;1;0,38;App;12.12
O04238;C0551;P087;2025-02-28;4;0,29;Website;None
O04239;C0519;P180;2024-02-18;1;0,15;Website;Ramadhan
O04240;C0160;P033;2025-02-16;5;0,06;Tokopedia;12.12
O04241;C0210;P014;2025-05-19;4;0,18;Website;None
O04242;C0771;P122;2025-09-08;4;0,27;Tokopedia;11.11
O04243;C0912;P268;2025-11-04;3;0,19;Website;12.12
O04244;C0135;P156;2024-06-28;4;0,07;Tokopedia;12.12
O04245;C0336;P244;2024-03-30;1;0,2;Website;Ramadhan
O04246;C0421;P074;2024-07-28;3;0,37;App;None
O04247;C0085;P196;2025-07-24;1;0,06;Website;None
O04248;C0844;P274;2024-02-16;1;0,11;Website;Ramadhan
O04249;C0357;P090;2024-10-28;4;0,39;Shopee;Ramadhan
O04250;C0944;P185;2025-09-19;5;0,36;App;None
O04251;C0412;P102;2025-07-10;2;0,4;App;Ramadhan
O04252;C0585;P190;2024-03-23;1;0,13;Website;11.11
O04253;C0508;P013;2024-10-28;4;0,17;App;12.12
O04254;C0016;P129;2025-06-14;5;0,29;Tokopedia;11.11
O04255;C0279;P254;2024-08-16;4;0,14;Website;11.11
O04256;C0574;P117;2024-06-24;1;0,12;App;None
O04257;C0199;P135;2024-07-12;1;0,18;Shopee;None
O04258;C0289;P012;2025-12-02;5;0,31;Tokopedia;12.12
O04259;C0236;P294;2024-06-27;4;0,09;Website;11.11
O04260;C0941;P259;2024-07-21;5;0,37;Website;Ramadhan
O04261;C0060;P109;2025-02-12;5;0,12;App;11.11
O04262;C0919;P289;2025-01-08;4;0,39;Shopee;12.12
O04263;C0823;P026;2024-08-10;3;0,02;App;12.12
O04264;C0566;P194;2025-11-10;1;0,07;Shopee;None
O04265;C0615;P119;2024-12-03;5;0,39;Shopee;None
O04266;C0612;P056;2025-11-11;2;0,07;Tokopedia;12.12
O04267;C0265;P221;2025-05-22;4;0,16;Shopee;None
O04268;C0611;P082;2025-03-16;4;0,15;App;None
O04269;C0034;P289;2025-11-03;4;0,34;Shopee;11.11
O04270;C0220;P097;2025-02-25;3;0,05;Website;12.12
O04271;C0798;P038;2024-03-14;3;0,09;App;11.11
O04272;C0010;P161;2024-07-02;2;0,2;Shopee;Ramadhan
O04273;C0343;P039;2024-07-10;2;0,21;Tokopedia;Ramadhan
O04274;C0172;P263;2025-08-24;1;0,39;Tokopedia;11.11
O04275;C0612;P176;2025-05-10;2;0,34;App;11.11
O04276;C0647;P025;2024-09-07;2;0,38;Tokopedia;Ramadhan
O04277;C0425;P208;2025-08-02;3;0,36;Tokopedia;12.12
O04278;C0039;P268;2024-01-17;4;0,37;App;None
O04279;C0503;P208;2024-01-05;4;0,14;Shopee;None
O04280;C0699;P273;2025-08-21;2;0,14;App;None
O04281;C0113;P150;2025-06-22;3;0,36;Shopee;12.12
O04282;C0261;P220;2024-06-03;2;0,32;App;None
O04283;C0646;P218;2024-01-21;4;0,36;Shopee;11.11
O04284;C0141;P238;2024-03-24;3;0,32;Website;12.12
O04285;C0308;P169;2025-09-13;1;0,35;Shopee;None
O04286;C0531;P157;2024-03-24;5;0,35;Shopee;Ramadhan
O04287;C0634;P133;2025-01-02;3;0,3;App;12.12
O04288;C0833;P198;2025-09-05;3;0,13;Shopee;Ramadhan
O04289;C0518;P149;2024-03-21;1;0,19;App;12.12
O04290;C0992;P147;2025-04-20;2;0,19;App;11.11
O04291;C0043;P228;2025-08-06;3;0,32;Tokopedia;12.12
O04292;C0459;P146;2024-11-09;4;0,11;Website;11.11
O04293;C0399;P075;2024-06-07;5;0,11;App;None
O04294;C0397;P007;2025-08-09;3;0,17;Website;Ramadhan
O04295;C0464;P042;2024-10-05;4;0,29;Shopee;Ramadhan
O04296;C0564;P214;2024-05-17;4;0,13;Shopee;12.12
O04297;C0098;P137;2024-12-10;1;0,19;Shopee;12.12
O04298;C0508;P037;2024-06-23;2;0,24;Shopee;11.11
O04299;C0768;P198;2025-11-25;3;0,05;App;11.11
O04300;C0758;P275;2024-04-27;2;0,29;Website;11.11
O04301;C0812;P189;2024-02-14;3;0,31;Shopee;Ramadhan
O04302;C0448;P116;2025-06-18;3;0,08;Tokopedia;None
O04303;C0463;P226;2025-07-26;3;0,22;Tokopedia;Ramadhan
O04304;C0176;P105;2024-03-10;3;0,2;Website;11.11
O04305;C0473;P240;2025-02-24;4;0,06;Shopee;Ramadhan
O04306;C0249;P093;2025-01-31;5;0,35;App;12.12
O04307;C0327;P252;2024-07-26;4;0,07;Website;12.12
O04308;C0895;P173;2024-08-13;5;0,38;Shopee;11.11
O04309;C0654;P038;2024-09-25;5;0,12;Website;None
O04310;C0848;P087;2025-02-14;3;0,12;Tokopedia;12.12
O04311;C0981;P112;2024-07-17;2;0,37;Website;None
O04312;C0290;P138;2025-08-10;1;0,05;Tokopedia;12.12
O04313;C0282;P001;2025-07-22;2;0,28;Tokopedia;Ramadhan
O04314;C0529;P011;2024-09-20;2;0,25;Shopee;None
O04315;C0145;P298;2024-06-20;4;0,3;Shopee;11.11
O04316;C0702;P099;2024-12-27;5;0,21;App;12.12
O04317;C0638;P204;2024-12-03;1;0,14;Shopee;12.12
O04318;C0940;P190;2025-01-26;4;0,08;Tokopedia;Ramadhan
O04319;C0211;P120;2024-02-12;1;0,28;App;None
O04320;C0025;P113;2024-11-29;1;0,29;Tokopedia;11.11
O04321;C0384;P035;2025-10-04;2;0,27;App;11.11
O04322;C0362;P201;2025-03-16;1;0,05;Website;None
O04323;C0655;P143;2025-01-27;4;0,19;Tokopedia;11.11
O04324;C0612;P049;2025-01-23;2;0,22;Website;Ramadhan
O04325;C0880;P150;2025-07-09;5;0,21;Shopee;None
O04326;C0356;P136;2025-01-10;4;0,31;Shopee;11.11
O04327;C0382;P286;2025-06-04;2;0,39;Tokopedia;Ramadhan
O04328;C0263;P109;2024-12-03;2;0,08;Shopee;12.12
O04329;C0537;P143;2025-01-07;1;0,26;Tokopedia;12.12
O04330;C0337;P133;2025-12-11;1;0,23;Website;None
O04331;C0857;P077;2024-09-13;1;0,19;App;Ramadhan
O04332;C0822;P033;2025-11-04;1;0,25;Tokopedia;Ramadhan
O04333;C0509;P293;2024-10-01;4;0,11;Shopee;None
O04334;C0972;P096;2024-10-13;5;0,34;Shopee;Ramadhan
O04335;C0746;P171;2025-10-20;2;0,05;Website;None
O04336;C0148;P055;2024-01-23;3;0,24;Tokopedia;12.12
O04337;C0889;P083;2025-08-21;1;0,21;Shopee;None
O04338;C0274;P105;2024-08-22;4;0,11;Website;None
O04339;C0131;P060;2024-05-05;3;0,23;App;11.11
O04340;C0608;P120;2025-11-04;2;0,05;Tokopedia;None
O04341;C0942;P267;2024-10-03;5;0,31;Shopee;Ramadhan
O04342;C0189;P177;2024-07-26;3;0,09;Tokopedia;None
O04343;C0219;P204;2024-12-18;3;0,03;Tokopedia;Ramadhan
O04344;C0502;P101;2025-12-01;3;0,11;Website;11.11
O04345;C0182;P161;2025-11-22;5;0,03;Tokopedia;None
O04346;C0029;P032;2025-07-16;5;0,25;Shopee;11.11
O04347;C0608;P228;2025-01-17;2;0,34;Tokopedia;Ramadhan
O04348;C0238;P001;2025-03-22;3;0,35;Tokopedia;Ramadhan
O04349;C0847;P221;2025-11-17;5;0,1;App;Ramadhan
O04350;C0895;P260;2024-04-27;3;0,05;Tokopedia;11.11
O04351;C0113;P081;2024-03-10;5;0,13;Website;11.11
O04352;C0594;P099;2025-07-15;4;0,38;Website;Ramadhan
O04353;C0505;P049;2024-01-09;5;0,17;Website;11.11
O04354;C0773;P224;2025-06-17;3;0,18;Website;Ramadhan
O04355;C0678;P029;2025-12-23;2;0,23;App;None
O04356;C0830;P043;2024-01-27;2;0,38;App;Ramadhan
O04357;C0329;P085;2025-01-30;4;0,07;Shopee;None
O04358;C0715;P120;2025-03-09;2;0,11;App;12.12
O04359;C0718;P024;2025-10-31;5;0,23;App;11.11
O04360;C0995;P156;2025-01-13;2;0,23;Website;Ramadhan
O04361;C0233;P165;2025-10-22;4;0,15;Website;None
O04362;C0453;P069;2025-02-15;1;0,29;App;Ramadhan
O04363;C0211;P055;2025-03-19;3;0,24;Shopee;Ramadhan
O04364;C0258;P057;2024-11-19;4;0,4;App;11.11
O04365;C0788;P147;2025-08-06;2;0,01;Shopee;12.12
O04366;C0028;P121;2024-08-22;1;0,2;Website;Ramadhan
O04367;C0427;P167;2024-09-26;3;0,35;Website;Ramadhan
O04368;C0771;P248;2024-09-27;4;0,07;App;None
O04369;C0428;P146;2025-02-08;1;0,07;App;12.12
O04370;C0284;P014;2024-03-28;2;0,17;Website;12.12
O04371;C0997;P107;2024-02-07;2;0,17;Shopee;None
O04372;C0094;P183;2024-11-22;2;0,24;Tokopedia;None
O04373;C0560;P036;2025-06-05;2;0,37;Tokopedia;12.12
O04374;C0800;P243;2024-06-27;1;0,27;Tokopedia;12.12
O04375;C0111;P059;2025-01-11;1;0,1;Tokopedia;Ramadhan
O04376;C0311;P246;2024-02-13;2;0,27;Shopee;12.12
O04377;C0974;P298;2024-10-25;5;0,32;Website;11.11
O04378;C0774;P275;2025-01-23;4;0,28;Tokopedia;12.12
O04379;C0002;P293;2024-09-25;2;0,26;Tokopedia;11.11
O04380;C0994;P270;2024-01-01;2;0,36;Website;None
O04381;C0817;P293;2024-06-18;3;0,04;Shopee;11.11
O04382;C0495;P041;2025-11-22;5;0,07;Shopee;None
O04383;C0079;P069;2025-06-10;3;0,4;Tokopedia;Ramadhan
O04384;C0907;P067;2025-02-21;3;0,09;Tokopedia;Ramadhan
O04385;C0866;P142;2024-12-30;5;0,14;App;Ramadhan
O04386;C0686;P082;2024-10-31;4;0,08;Tokopedia;None
O04387;C0130;P082;2024-07-24;3;0,21;App;11.11
O04388;C0837;P184;2025-07-31;5;0,01;Shopee;11.11
O04389;C0912;P262;2024-03-04;5;0,32;Shopee;11.11
O04390;C0532;P162;2024-02-14;4;0,05;Shopee;12.12
O04391;C0718;P102;2024-12-22;2;0,25;Website;None
O04392;C0415;P055;2025-11-22;4;0,02;Website;12.12
O04393;C0096;P290;2024-11-03;5;0,1;Website;12.12
O04394;C0962;P106;2025-07-12;3;0,26;Tokopedia;Ramadhan
O04395;C0821;P218;2025-11-07;4;0,31;Website;None
O04396;C0734;P153;2025-06-02;1;0,18;Tokopedia;Ramadhan
O04397;C0703;P218;2024-07-02;5;0,37;App;Ramadhan
O04398;C0488;P128;2024-04-21;3;0,25;Tokopedia;11.11
O04399;C0812;P027;2024-08-29;1;0,13;App;12.12
O04400;C0001;P234;2025-03-26;4;0,2;Shopee;Ramadhan
O04401;C0403;P173;2025-06-18;3;0,38;App;None
O04402;C0341;P102;2025-09-16;1;0,09;Shopee;Ramadhan
O04403;C0573;P222;2024-01-28;3;0,14;Tokopedia;11.11
O04404;C0730;P108;2025-09-07;3;0,21;Website;None
O04405;C0817;P153;2024-10-05;3;0,33;Shopee;12.12
O04406;C0872;P009;2024-01-01;4;0,26;Website;12.12
O04407;C0149;P207;2024-12-19;5;0,13;Tokopedia;Ramadhan
O04408;C0054;P079;2024-12-25;5;0,3;App;11.11
O04409;C0656;P258;2025-08-07;5;0,1;Website;None
O04410;C0208;P012;2025-08-24;5;0,04;Website;None
O04411;C0441;P049;2024-02-21;5;0,36;Website;None
O04412;C0662;P213;2025-09-21;2;0,37;Shopee;12.12
O04413;C0571;P094;2024-05-04;3;0,08;Shopee;12.12
O04414;C0072;P270;2024-01-21;3;0,15;Shopee;Ramadhan
O04415;C0664;P052;2024-03-14;3;0,08;App;12.12
O04416;C0746;P171;2025-07-10;3;0,07;Tokopedia;Ramadhan
O04417;C0431;P185;2025-09-11;5;0,3;App;None
O04418;C0439;P032;2024-12-18;3;0,09;App;12.12
O04419;C0637;P287;2025-08-03;1;0,08;Shopee;11.11
O04420;C0885;P248;2024-05-07;5;0,36;Tokopedia;Ramadhan
O04421;C0634;P105;2024-04-24;5;0,06;App;Ramadhan
O04422;C0824;P132;2024-06-24;1;0,39;App;Ramadhan
O04423;C0175;P100;2024-01-29;3;0,3;Website;None
O04424;C0724;P168;2025-09-01;1;0,02;Website;None
O04425;C0798;P014;2025-06-23;1;0,19;Website;12.12
O04426;C0895;P296;2025-04-18;3;0,09;Tokopedia;12.12
O04427;C0563;P117;2025-11-17;5;0,21;Tokopedia;11.11
O04428;C0301;P153;2024-02-15;2;0,29;Shopee;Ramadhan
O04429;C0586;P254;2025-03-30;2;0,34;Tokopedia;Ramadhan
O04430;C0111;P002;2024-01-11;3;0,36;Tokopedia;None
O04431;C0695;P080;2024-01-03;4;0,06;Shopee;None
O04432;C0771;P087;2025-03-08;1;0,25;Website;Ramadhan
O04433;C0353;P131;2025-06-26;2;0,33;Tokopedia;Ramadhan
O04434;C0047;P245;2025-03-03;4;0,22;App;Ramadhan
O04435;C0358;P131;2024-02-17;5;0,01;Tokopedia;12.12
O04436;C0557;P213;2025-05-28;4;0,37;Tokopedia;None
O04437;C0573;P050;2024-11-21;3;0,18;App;Ramadhan
O04438;C0650;P136;2024-11-13;5;0,31;Website;11.11
O04439;C0216;P054;2025-05-05;3;0,25;Website;None
O04440;C0122;P053;2025-05-30;3;0,31;Website;12.12
O04441;C0023;P013;2024-02-03;3;0,05;Tokopedia;12.12
O04442;C0255;P076;2024-09-29;1;0,27;Website;None
O04443;C0810;P118;2024-07-30;1;0,22;Shopee;None
O04444;C0729;P021;2024-10-30;2;0,16;Shopee;None
O04445;C0387;P171;2024-05-01;1;0,38;App;None
O04446;C0228;P253;2025-04-10;2;0,29;Shopee;None
O04447;C0051;P272;2024-04-30;1;0,29;Shopee;Ramadhan
O04448;C0596;P062;2024-10-08;1;0,19;Tokopedia;11.11
O04449;C0226;P002;2024-06-14;4;0,15;Shopee;12.12
O04450;C0795;P101;2024-07-10;4;0,38;Shopee;Ramadhan
O04451;C0433;P200;2024-05-25;1;0,12;Tokopedia;11.11
O04452;C0140;P012;2024-12-31;5;0,17;Shopee;None
O04453;C0655;P233;2025-09-14;2;0,04;Tokopedia;None
O04454;C0539;P234;2025-01-21;4;0,19;Shopee;12.12
O04455;C0300;P214;2024-07-13;1;0,25;App;Ramadhan
O04456;C0088;P198;2024-03-07;3;0,38;App;12.12
O04457;C0107;P080;2024-05-11;3;0,06;Shopee;None
O04458;C0593;P031;2024-10-06;1;0,35;Website;12.12
O04459;C0541;P042;2024-09-26;1;0,1;Website;12.12
O04460;C0952;P018;2024-03-31;1;0,35;Website;None
O04461;C0997;P109;2024-04-07;3;0,32;Tokopedia;None
O04462;C0696;P246;2025-08-21;5;0,13;App;None
O04463;C0317;P178;2024-08-30;5;0,01;App;11.11
O04464;C0440;P252;2025-06-02;4;0,12;App;12.12
O04465;C0814;P207;2024-05-14;3;0,29;Website;12.12
O04466;C0499;P045;2025-03-16;3;0,22;App;Ramadhan
O04467;C0055;P078;2025-09-23;4;0,05;App;None
O04468;C0637;P270;2025-05-10;5;0,25;Website;None
O04469;C0752;P082;2024-07-19;2;0,18;Shopee;12.12
O04470;C0803;P144;2025-11-21;5;0,01;Tokopedia;11.11
O04471;C0574;P069;2024-11-29;1;0,28;App;None
O04472;C0913;P021;2025-07-16;1;0,29;Website;None
O04473;C0671;P237;2025-07-17;3;0,06;Shopee;12.12
O04474;C0440;P184;2025-05-26;4;0,1;Website;None
O04475;C0436;P127;2025-01-07;3;0,27;Shopee;11.11
O04476;C0185;P163;2024-07-04;5;0,36;App;None
O04477;C0133;P129;2025-11-07;5;0,32;App;None
O04478;C0159;P134;2024-12-30;1;0,33;Website;Ramadhan
O04479;C0408;P173;2025-01-11;1;0,18;Website;Ramadhan
O04480;C0473;P082;2024-12-15;4;0,32;Tokopedia;12.12
O04481;C0084;P144;2025-08-04;4;0,08;Shopee;None
O04482;C0005;P207;2025-05-29;1;0,22;Shopee;12.12
O04483;C0199;P131;2025-06-19;3;0,01;Shopee;None
O04484;C0209;P183;2024-09-13;2;0,17;Tokopedia;Ramadhan
O04485;C0935;P033;2025-01-13;3;0,12;Shopee;None
O04486;C0620;P291;2024-08-23;4;0,25;App;Ramadhan
O04487;C0755;P286;2024-10-28;1;0,21;Shopee;Ramadhan
O04488;C0058;P050;2025-05-22;3;0,32;Shopee;Ramadhan
O04489;C0215;P216;2025-08-13;1;0,27;App;11.11
O04490;C0986;P152;2024-10-15;3;0,33;Shopee;12.12
O04491;C0349;P242;2025-10-31;2;0,36;Tokopedia;12.12
O04492;C0298;P105;2024-06-10;4;0,15;Tokopedia;12.12
O04493;C0090;P131;2024-10-02;2;0,01;Website;Ramadhan
O04494;C0831;P140;2024-12-11;3;0,07;Tokopedia;None
O04495;C0981;P059;2025-12-17;1;0,08;Shopee;12.12
O04496;C0646;P250;2025-02-25;2;0,18;App;12.12
O04497;C0396;P274;2025-05-28;5;0,28;App;None
O04498;C0065;P018;2025-04-23;2;0,24;Tokopedia;None
O04499;C0184;P076;2025-07-12;2;0,02;Shopee;None
O04500;C0617;P020;2025-11-15;3;0,17;Tokopedia;Ramadhan
O04501;C0028;P117;2024-09-25;4;0,03;Tokopedia;None
O04502;C0614;P198;2024-07-04;3;0,31;Website;12.12
O04503;C0444;P125;2025-05-26;5;0,04;Shopee;None
O04504;C0921;P243;2024-07-13;4;0,08;Shopee;11.11
O04505;C0387;P066;2025-08-17;4;0,39;App;11.11
O04506;C0340;P202;2025-09-09;5;0,18;App;None
O04507;C0514;P256;2025-10-30;4;0,12;Shopee;12.12
O04508;C0025;P129;2025-06-27;4;0,04;Shopee;11.11
O04509;C0766;P094;2024-04-18;3;0,28;Shopee;None
O04510;C0481;P271;2024-06-11;4;0,38;Shopee;None
O04511;C0811;P068;2024-06-08;5;0,16;Website;Ramadhan
O04512;C0511;P127;2024-12-22;3;0,31;Website;12.12
O04513;C0156;P073;2025-03-10;5;0,11;App;11.11
O04514;C0169;P169;2024-05-13;3;0,34;Tokopedia;None
O04515;C0312;P119;2025-12-25;4;0,24;Tokopedia;Ramadhan
O04516;C0535;P093;2025-01-12;1;0,19;App;12.12
O04517;C0045;P063;2024-10-04;2;0,01;Tokopedia;Ramadhan
O04518;C0028;P229;2025-07-08;3;0,09;Website;12.12
O04519;C0220;P120;2025-10-22;3;0,01;Website;11.11
O04520;C0573;P276;2025-12-29;3;0,12;Tokopedia;11.11
O04521;C0968;P243;2024-03-28;1;0,06;App;Ramadhan
O04522;C0812;P287;2024-06-29;2;0,31;Tokopedia;Ramadhan
O04523;C0425;P224;2025-06-19;3;0,02;Shopee;12.12
O04524;C0100;P180;2025-08-21;5;0,15;App;12.12
O04525;C0610;P205;2024-08-16;4;0,13;App;None
O04526;C0200;P288;2024-10-12;4;0,22;Tokopedia;Ramadhan
O04527;C0524;P012;2025-12-07;3;0,05;Website;12.12
O04528;C0849;P291;2024-02-22;1;0,26;Website;None
O04529;C0422;P020;2025-11-09;4;0,04;App;12.12
O04530;C0231;P230;2024-01-01;2;0,09;Shopee;11.11
O04531;C0442;P295;2025-07-15;2;0,15;Tokopedia;11.11
O04532;C0311;P116;2025-01-06;2;0,02;App;12.12
O04533;C0095;P054;2024-12-11;2;0;Website;None
O04534;C0479;P283;2025-10-10;2;0,27;App;Ramadhan
O04535;C0265;P186;2024-03-30;2;0,2;Tokopedia;11.11
O04536;C0309;P247;2024-12-27;5;0,2;Website;None
O04537;C0591;P239;2024-11-26;4;0,13;Shopee;Ramadhan
O04538;C0389;P145;2024-12-27;2;0,08;Shopee;11.11
O04539;C0873;P216;2024-08-05;3;0,32;Shopee;11.11
O04540;C0103;P232;2025-10-24;3;0,32;Tokopedia;Ramadhan
O04541;C0598;P195;2024-06-21;1;0,2;Tokopedia;None
O04542;C0761;P183;2024-10-13;4;0,05;Shopee;11.11
O04543;C0150;P168;2024-04-30;3;0,15;App;None
O04544;C0017;P300;2024-01-22;1;0,39;Shopee;None
O04545;C0658;P014;2025-06-06;5;0,32;Shopee;Ramadhan
O04546;C0647;P287;2024-02-23;3;0,35;Website;Ramadhan
O04547;C0434;P122;2025-08-21;2;0,24;Shopee;12.12
O04548;C0291;P121;2024-01-03;5;0,08;Website;None
O04549;C0088;P234;2024-08-07;3;0,16;App;12.12
O04550;C0639;P159;2024-11-09;5;0,3;Shopee;None
O04551;C0831;P036;2024-01-27;5;0,31;Tokopedia;Ramadhan
O04552;C0374;P168;2025-09-22;5;0,35;Website;12.12
O04553;C0755;P205;2025-08-21;2;0,04;App;11.11
O04554;C0380;P210;2024-05-10;3;0,21;App;11.11
O04555;C0917;P177;2025-04-13;3;0,27;Tokopedia;None
O04556;C0230;P106;2025-10-03;4;0,26;Shopee;12.12
O04557;C0865;P107;2025-10-04;4;0,1;Website;12.12
O04558;C0330;P098;2024-05-18;3;0,39;Tokopedia;None
O04559;C0058;P068;2024-11-05;2;0,34;Website;11.11
O04560;C0244;P279;2025-07-26;3;0,36;Website;None
O04561;C0050;P031;2024-08-21;1;0,32;Website;11.11
O04562;C0741;P248;2025-05-06;4;0,39;Tokopedia;12.12
O04563;C0421;P263;2025-07-20;4;0,09;Tokopedia;11.11
O04564;C0089;P299;2025-08-08;1;0,3;App;11.11
O04565;C0198;P233;2024-03-11;5;0,23;Tokopedia;None
O04566;C0075;P074;2024-02-16;5;0,17;Shopee;11.11
O04567;C0431;P071;2024-05-26;5;0,26;Website;11.11
O04568;C0247;P102;2025-12-15;4;0,14;Shopee;Ramadhan
O04569;C1000;P143;2025-03-09;5;0,23;App;None
O04570;C0336;P169;2024-09-29;5;0,06;App;12.12
O04571;C0191;P205;2025-01-07;4;0,1;Shopee;11.11
O04572;C0524;P197;2024-08-14;4;0,02;Shopee;11.11
O04573;C0354;P007;2024-04-10;1;0,36;App;Ramadhan
O04574;C0554;P055;2024-07-04;4;0,28;Website;None
O04575;C0268;P127;2025-03-22;1;0,09;App;Ramadhan
O04576;C0185;P224;2025-11-14;4;0,12;Website;None
O04577;C0254;P225;2024-04-20;3;0,14;Shopee;12.12
O04578;C0826;P082;2025-07-28;3;0,18;App;Ramadhan
O04579;C0291;P019;2024-08-07;1;0,38;App;None
O04580;C0088;P237;2024-05-05;5;0,35;Website;Ramadhan
O04581;C0576;P170;2025-05-30;2;0,22;App;Ramadhan
O04582;C0833;P076;2025-11-25;5;0,27;Shopee;11.11
O04583;C0153;P120;2024-11-14;3;0,32;Tokopedia;12.12
O04584;C0839;P176;2024-11-16;3;0,3;Website;None
O04585;C0459;P076;2024-01-17;1;0,35;App;12.12
O04586;C0575;P168;2025-04-07;4;0,25;App;Ramadhan
O04587;C0937;P052;2025-11-29;1;0,26;Shopee;11.11
O04588;C0974;P293;2024-08-18;2;0,18;App;Ramadhan
O04589;C0921;P003;2024-10-09;1;0,18;Shopee;11.11
O04590;C0780;P287;2025-06-30;4;0,18;Website;12.12
O04591;C0894;P061;2025-03-07;4;0,36;Shopee;Ramadhan
O04592;C0497;P228;2024-09-30;1;0,15;Shopee;None
O04593;C0434;P069;2024-11-30;1;0,2;Shopee;12.12
O04594;C0233;P086;2024-03-01;5;0,38;Website;None
O04595;C0547;P174;2024-07-25;2;0,19;App;11.11
O04596;C0142;P230;2024-03-24;3;0,29;Website;12.12
O04597;C0527;P256;2024-02-03;3;0,01;Shopee;12.12
O04598;C0686;P277;2025-07-30;4;0,02;Shopee;12.12
O04599;C0088;P222;2024-07-14;2;0,23;App;12.12
O04600;C0756;P045;2025-09-19;3;0,07;App;11.11
O04601;C0449;P096;2025-07-09;2;0,3;App;11.11
O04602;C0570;P167;2025-11-20;3;0,29;Shopee;12.12
O04603;C0372;P045;2025-04-14;3;0,34;Website;11.11
O04604;C0238;P184;2024-12-04;3;0,2;Shopee;Ramadhan
O04605;C0428;P169;2024-04-28;5;0,12;Website;11.11
O04606;C0835;P072;2025-09-18;3;0,16;Website;Ramadhan
O04607;C0155;P123;2025-06-13;5;0,33;Shopee;11.11
O04608;C0663;P022;2024-12-01;4;0,35;Website;Ramadhan
O04609;C0094;P188;2024-04-22;1;0,19;Tokopedia;12.12
O04610;C0537;P058;2025-02-07;1;0,34;Website;Ramadhan
O04611;C0075;P053;2024-12-02;1;0,05;Tokopedia;12.12
O04612;C0454;P232;2024-07-13;4;0,13;Website;Ramadhan
O04613;C0167;P199;2025-06-12;5;0,37;Shopee;11.11
O04614;C0426;P187;2025-01-16;2;0,25;Tokopedia;11.11
O04615;C0304;P179;2024-01-21;5;0,21;Website;None
O04616;C0490;P229;2024-05-29;3;0,39;Shopee;None
O04617;C1000;P158;2025-01-18;2;0,36;Website;11.11
O04618;C0476;P018;2024-04-08;5;0,2;Website;None
O04619;C0122;P157;2025-04-24;5;0,06;Tokopedia;12.12
O04620;C0835;P137;2024-06-18;5;0,09;Website;11.11
O04621;C0981;P189;2024-01-09;2;0,29;App;None
O04622;C0124;P158;2024-07-11;1;0,37;Shopee;None
O04623;C0597;P159;2024-08-10;4;0,27;Shopee;11.11
O04624;C0133;P053;2025-08-06;5;0,05;Website;Ramadhan
O04625;C0967;P099;2024-10-09;1;0,24;App;None
O04626;C0095;P283;2025-01-26;5;0,12;Website;11.11
O04627;C0094;P066;2025-09-22;3;0,26;Tokopedia;12.12
O04628;C0564;P225;2024-06-07;2;0,21;Shopee;None
O04629;C0048;P043;2024-06-04;5;0,05;Website;12.12
O04630;C0234;P038;2024-09-04;3;0,23;Tokopedia;12.12
O04631;C0764;P272;2025-08-22;5;0,12;Shopee;Ramadhan
O04632;C0705;P066;2024-07-14;3;0,18;Website;11.11
O04633;C0588;P164;2024-02-21;4;0,38;Shopee;None
O04634;C0275;P284;2024-05-08;3;0,25;Shopee;Ramadhan
O04635;C0450;P225;2024-05-12;2;0,22;App;11.11
O04636;C0797;P115;2024-07-06;4;0,28;App;12.12
O04637;C0297;P240;2025-01-18;2;0,19;App;Ramadhan
O04638;C0394;P065;2025-09-19;1;0,28;Tokopedia;12.12
O04639;C0122;P179;2024-11-22;5;0,12;Tokopedia;Ramadhan
O04640;C0557;P216;2025-07-25;3;0,15;Website;12.12
O04641;C0451;P265;2025-03-15;3;0,07;App;11.11
O04642;C0790;P226;2024-09-20;2;0,37;Website;None
O04643;C0949;P295;2024-03-13;4;0,26;Shopee;None
O04644;C0081;P249;2024-06-23;3;0,08;Tokopedia;11.11
O04645;C0108;P138;2025-06-12;4;0,2;Website;None
O04646;C0640;P284;2024-09-30;3;0,01;Tokopedia;12.12
O04647;C0202;P151;2024-08-04;5;0,1;Tokopedia;11.11
O04648;C0225;P100;2024-01-05;5;0,38;Shopee;None
O04649;C0620;P293;2024-12-06;5;0,22;App;11.11
O04650;C0809;P089;2025-09-27;2;0,06;Website;None
O04651;C0535;P260;2024-09-18;1;0,24;App;None
O04652;C0421;P279;2025-03-21;2;0,35;Tokopedia;12.12
O04653;C0463;P290;2025-03-28;4;0,24;Shopee;11.11
O04654;C0728;P223;2024-04-09;2;0,02;Shopee;11.11
O04655;C0886;P277;2025-10-15;3;0,26;App;None
O04656;C0831;P033;2024-08-14;4;0,2;Shopee;12.12
O04657;C0729;P241;2024-05-23;5;0,07;Tokopedia;11.11
O04658;C0636;P254;2024-04-02;4;0,3;Tokopedia;Ramadhan
O04659;C0984;P205;2024-09-30;3;0,1;Website;12.12
O04660;C0092;P130;2025-01-02;3;0,08;App;None
O04661;C0272;P164;2024-12-28;2;0,31;Tokopedia;12.12
O04662;C0728;P136;2024-05-31;1;0,17;Website;None
O04663;C0157;P138;2025-02-11;1;0,02;Website;Ramadhan
O04664;C0241;P265;2025-12-03;5;0,26;App;11.11
O04665;C0726;P194;2025-05-10;1;0,34;Website;12.12
O04666;C0230;P149;2025-04-28;5;0,39;App;12.12
O04667;C0255;P254;2025-01-26;1;0,4;App;Ramadhan
O04668;C0319;P142;2024-04-14;2;0,24;Tokopedia;11.11
O04669;C0085;P045;2024-01-11;4;0,38;App;Ramadhan
O04670;C0676;P073;2025-02-02;2;0,22;Shopee;Ramadhan
O04671;C0591;P065;2024-07-19;2;0,12;Website;None
O04672;C0537;P064;2024-01-16;3;0,37;Tokopedia;12.12
O04673;C0784;P223;2024-04-07;2;0,22;Tokopedia;Ramadhan
O04674;C0642;P005;2025-08-21;2;0,22;Shopee;None
O04675;C0531;P118;2024-07-02;4;0,34;App;12.12
O04676;C0762;P255;2025-04-22;3;0,33;App;12.12
O04677;C0258;P130;2025-04-27;2;0,22;Website;None
O04678;C0145;P266;2025-02-09;1;0,08;Shopee;11.11
O04679;C0076;P248;2025-05-23;5;0,3;Tokopedia;Ramadhan
O04680;C0166;P299;2025-08-25;3;0,01;App;12.12
O04681;C0611;P285;2025-04-22;2;0,2;Shopee;Ramadhan
O04682;C0579;P014;2024-11-21;2;0,07;App;Ramadhan
O04683;C0344;P087;2024-04-14;3;0,19;Website;12.12
O04684;C0876;P297;2025-06-03;5;0,13;Website;None
O04685;C0667;P274;2024-10-14;3;0,14;App;11.11
O04686;C0564;P007;2025-03-04;4;0,4;Shopee;12.12
O04687;C0350;P256;2024-12-10;1;0,32;Website;12.12
O04688;C0106;P159;2024-01-14;2;0,37;Website;Ramadhan
O04689;C0803;P213;2025-07-02;4;0,21;Website;Ramadhan
O04690;C0527;P055;2025-04-15;4;0,36;Website;12.12
O04691;C0459;P254;2025-04-28;5;0,1;Shopee;Ramadhan
O04692;C0737;P178;2025-02-08;5;0,27;App;12.12
O04693;C0127;P001;2025-03-17;3;0,22;Website;Ramadhan
O04694;C0976;P294;2024-05-10;3;0,2;Tokopedia;11.11
O04695;C0096;P298;2025-03-23;4;0,18;Tokopedia;Ramadhan
O04696;C0555;P175;2025-10-22;5;0,18;Website;11.11
O04697;C0106;P299;2024-11-21;5;0,37;App;12.12
O04698;C0464;P105;2024-06-15;2;0,16;Tokopedia;11.11
O04699;C0632;P034;2025-04-03;4;0,12;Tokopedia;12.12
O04700;C0114;P150;2024-03-09;3;0,29;App;None
O04701;C0268;P154;2024-01-13;4;0,02;Website;None
O04702;C0248;P080;2024-10-25;3;0,06;Tokopedia;Ramadhan
O04703;C0440;P132;2024-12-10;4;0,22;Website;None
O04704;C0645;P139;2025-02-13;2;0,27;App;None
O04705;C0735;P120;2025-08-10;3;0,38;Shopee;Ramadhan
O04706;C0003;P212;2024-04-25;1;0,3;Tokopedia;12.12
O04707;C0493;P011;2024-09-15;2;0,07;Tokopedia;Ramadhan
O04708;C0260;P107;2024-12-28;3;0,03;Website;11.11
O04709;C0913;P168;2024-12-29;5;0,15;App;12.12
O04710;C0380;P157;2024-02-09;5;0,36;Shopee;11.11
O04711;C0050;P286;2024-04-01;4;0,35;Website;Ramadhan
O04712;C0121;P064;2024-05-22;1;0,26;Tokopedia;None
O04713;C0460;P057;2025-03-01;3;0,05;App;11.11
O04714;C0970;P228;2024-11-16;3;0,23;Tokopedia;12.12
O04715;C0536;P053;2025-02-27;4;0,38;Tokopedia;Ramadhan
O04716;C0047;P103;2025-10-08;3;0,02;Website;None
O04717;C0471;P006;2024-03-25;3;0,04;Shopee;None
O04718;C0874;P132;2025-08-30;4;0,05;Website;12.12
O04719;C0147;P086;2025-08-01;5;0,28;Tokopedia;None
O04720;C0079;P241;2024-01-03;1;0,2;Website;12.12
O04721;C0478;P176;2025-08-19;4;0,01;App;None
O04722;C0759;P266;2024-04-07;2;0,2;Website;Ramadhan
O04723;C0809;P029;2025-07-12;1;0,07;App;Ramadhan
O04724;C0363;P234;2025-10-17;1;0,38;Shopee;12.12
O04725;C0643;P054;2025-12-12;2;0,34;Tokopedia;11.11
O04726;C0405;P247;2025-08-08;1;0,12;App;12.12
O04727;C0934;P234;2024-03-11;1;0,39;Tokopedia;12.12
O04728;C0169;P270;2024-01-29;3;0,39;Website;11.11
O04729;C0476;P209;2024-12-16;3;0,23;Shopee;11.11
O04730;C0545;P043;2025-03-09;2;0,31;Tokopedia;None
O04731;C0729;P189;2024-04-01;5;0,31;Website;12.12
O04732;C0318;P018;2025-05-27;1;0,02;Shopee;Ramadhan
O04733;C0668;P078;2024-07-01;3;0,09;Shopee;None
O04734;C0464;P061;2024-04-09;4;0,16;App;12.12
O04735;C0152;P095;2025-11-29;1;0,19;Tokopedia;None
O04736;C0373;P269;2024-01-21;3;0,32;Tokopedia;Ramadhan
O04737;C0912;P230;2024-10-13;3;0,28;App;12.12
O04738;C0827;P164;2025-09-08;2;0,17;App;Ramadhan
O04739;C0197;P170;2024-10-06;2;0,27;Tokopedia;11.11
O04740;C0040;P034;2024-03-14;1;0,11;Shopee;Ramadhan
O04741;C0588;P208;2024-07-14;4;0,39;Tokopedia;None
O04742;C0091;P113;2025-12-03;2;0,19;App;None
O04743;C0020;P166;2024-11-02;5;0,28;Website;None
O04744;C0903;P144;2025-11-16;3;0,03;Website;None
O04745;C0865;P203;2024-05-27;5;0,29;Shopee;Ramadhan
O04746;C0905;P218;2025-05-20;4;0,31;Tokopedia;Ramadhan
O04747;C0318;P005;2025-08-13;3;0,13;Website;12.12
O04748;C0657;P104;2024-11-05;5;0,23;Tokopedia;None
O04749;C0794;P215;2025-07-09;3;0,27;Shopee;None
O04750;C0884;P183;2025-11-13;1;0,04;App;12.12
O04751;C0038;P280;2025-08-13;3;0,14;Shopee;11.11
O04752;C0984;P030;2025-11-04;1;0,11;Shopee;Ramadhan
O04753;C0335;P143;2025-10-08;4;0,06;App;11.11
O04754;C0133;P198;2025-09-02;2;0,04;Website;None
O04755;C0339;P172;2025-06-05;3;0,28;App;Ramadhan
O04756;C0281;P011;2025-09-14;1;0,33;Tokopedia;None
O04757;C0230;P258;2025-01-03;3;0,21;Tokopedia;11.11
O04758;C0192;P063;2024-03-07;5;0,22;Tokopedia;None
O04759;C0788;P290;2025-07-04;5;0,26;Shopee;Ramadhan
O04760;C0484;P223;2025-09-08;3;0,4;App;Ramadhan
O04761;C0278;P191;2025-03-09;4;0,39;Shopee;11.11
O04762;C0805;P274;2024-09-26;1;0,34;Shopee;12.12
O04763;C0658;P041;2025-05-01;5;0,2;App;None
O04764;C0759;P293;2024-02-15;1;0,27;Website;None
O04765;C0484;P268;2024-04-16;5;0,4;Tokopedia;Ramadhan
O04766;C0605;P106;2025-03-17;2;0,22;App;Ramadhan
O04767;C0631;P236;2025-05-18;1;0,34;Website;Ramadhan
O04768;C0655;P155;2024-04-14;3;0,12;Shopee;11.11
O04769;C0413;P204;2025-05-15;2;0,17;Website;11.11
O04770;C0350;P090;2025-02-09;2;0,23;Tokopedia;11.11
O04771;C0729;P231;2025-05-21;1;0,08;Shopee;12.12
O04772;C0851;P031;2024-10-17;3;0,07;Tokopedia;None
O04773;C0345;P178;2024-06-01;3;0,34;Tokopedia;12.12
O04774;C0366;P245;2024-07-06;3;0,07;Shopee;11.11
O04775;C0991;P130;2024-01-09;2;0,19;Shopee;12.12
O04776;C0768;P180;2025-06-23;5;0,3;Shopee;12.12
O04777;C0123;P131;2025-02-13;3;0,09;Shopee;12.12
O04778;C0110;P012;2025-01-16;2;0,01;Website;None
O04779;C0023;P112;2024-12-13;5;0,04;Tokopedia;11.11
O04780;C0319;P259;2025-12-26;3;0;Tokopedia;12.12
O04781;C0472;P099;2024-12-03;2;0,15;Tokopedia;12.12
O04782;C0964;P054;2025-06-09;5;0,34;Shopee;Ramadhan
O04783;C0704;P229;2024-09-01;4;0,31;Shopee;12.12
O04784;C0604;P187;2025-07-14;2;0,18;Website;11.11
O04785;C0276;P054;2025-03-18;2;0,03;Shopee;None
O04786;C0204;P171;2025-12-13;1;0,16;Tokopedia;11.11
O04787;C0954;P268;2025-03-13;3;0,08;Shopee;12.12
O04788;C0336;P238;2024-04-16;5;0,2;App;Ramadhan
O04789;C0116;P184;2025-07-04;5;0,37;Tokopedia;11.11
O04790;C0184;P099;2024-08-20;3;0,35;Shopee;11.11
O04791;C0281;P203;2025-10-21;4;0,3;Shopee;12.12
O04792;C0424;P063;2024-10-24;5;0,27;Website;12.12
O04793;C0230;P283;2024-11-04;1;0,27;App;None
O04794;C0334;P234;2025-01-04;3;0,04;Tokopedia;Ramadhan
O04795;C0655;P248;2024-11-26;5;0,02;Tokopedia;12.12
O04796;C0433;P088;2024-11-02;1;0,14;Tokopedia;11.11
O04797;C0877;P011;2024-02-21;3;0,33;Tokopedia;Ramadhan
O04798;C0595;P259;2024-11-21;5;0,22;Tokopedia;Ramadhan
O04799;C0309;P010;2025-08-21;2;0,23;Shopee;None
O04800;C0756;P185;2024-12-20;5;0,32;App;12.12
O04801;C0701;P212;2024-10-08;2;0,22;Tokopedia;11.11
O04802;C0155;P184;2024-02-14;3;0,31;Website;None
O04803;C0915;P034;2024-02-29;3;0,1;Tokopedia;None
O04804;C0036;P135;2024-08-22;1;0,03;Tokopedia;11.11
O04805;C0926;P217;2024-05-27;3;0,24;Website;None
O04806;C0580;P245;2025-04-09;1;0,32;Tokopedia;12.12
O04807;C0818;P146;2024-06-27;2;0,15;Shopee;Ramadhan
O04808;C0817;P284;2024-03-19;3;0,27;App;12.12
O04809;C0582;P271;2025-01-31;2;0,2;Shopee;None
O04810;C0469;P242;2025-03-28;1;0,09;Website;12.12
O04811;C0031;P128;2025-09-11;4;0,3;Shopee;None
O04812;C0767;P021;2024-10-26;2;0,15;Tokopedia;11.11
O04813;C0118;P247;2025-09-04;4;0;Shopee;11.11
O04814;C0003;P184;2024-09-10;3;0,05;App;12.12
O04815;C0380;P121;2025-04-18;3;0,18;Tokopedia;12.12
O04816;C0086;P282;2024-07-09;1;0,15;Website;12.12
O04817;C0150;P271;2025-05-25;1;0,17;Shopee;12.12
O04818;C0977;P015;2025-09-29;4;0,2;Website;None
O04819;C0256;P057;2024-07-31;2;0,39;Tokopedia;None
O04820;C0115;P131;2024-05-02;1;0,09;Website;None
O04821;C0899;P080;2025-09-29;4;0,12;Shopee;11.11
O04822;C0661;P032;2025-04-24;2;0,1;Tokopedia;None
O04823;C0546;P013;2024-10-26;3;0,29;Shopee;11.11
O04824;C0437;P226;2025-07-22;4;0,02;App;Ramadhan
O04825;C0499;P034;2025-09-04;4;0,33;Shopee;11.11
O04826;C0556;P225;2025-12-21;2;0,32;App;12.12
O04827;C0928;P218;2024-01-29;3;0,18;App;Ramadhan
O04828;C0171;P171;2024-04-23;5;0,06;App;None
O04829;C0796;P237;2024-07-26;2;0,07;Shopee;None
O04830;C0936;P300;2024-04-04;4;0,3;Website;11.11
O04831;C0381;P081;2025-09-06;5;0,02;App;11.11
O04832;C0043;P262;2025-11-22;5;0,22;Website;12.12
O04833;C0837;P159;2024-06-28;2;0,12;Website;11.11
O04834;C0295;P147;2025-02-25;5;0,29;Shopee;12.12
O04835;C0914;P104;2025-02-09;1;0,2;Shopee;None
O04836;C0183;P142;2024-07-03;2;0,14;Website;11.11
O04837;C0789;P176;2025-12-25;4;0,07;App;Ramadhan
O04838;C0961;P198;2025-08-05;2;0,23;App;11.11
O04839;C0508;P148;2024-06-16;1;0,33;Tokopedia;Ramadhan
O04840;C0738;P257;2024-06-16;4;0,15;Tokopedia;11.11
O04841;C0485;P089;2025-12-23;3;0,14;Website;12.12
O04842;C0011;P033;2024-06-06;2;0,1;Shopee;Ramadhan
O04843;C0319;P291;2025-02-13;1;0,07;Shopee;Ramadhan
O04844;C0948;P248;2025-12-26;3;0,02;Shopee;11.11
O04845;C0928;P278;2024-03-14;1;0,08;Website;None
O04846;C0347;P004;2025-12-13;2;0,25;Tokopedia;11.11
O04847;C0653;P266;2025-03-31;1;0,27;Shopee;11.11
O04848;C0089;P176;2025-05-01;4;0,31;Tokopedia;Ramadhan
O04849;C0490;P082;2025-01-06;5;0,16;Website;Ramadhan
O04850;C0189;P084;2025-08-08;4;0,26;App;Ramadhan
O04851;C0596;P121;2024-01-31;4;0,3;Tokopedia;Ramadhan
O04852;C0929;P009;2025-10-12;3;0,33;App;11.11
O04853;C0026;P210;2024-01-25;4;0,03;Website;11.11
O04854;C0054;P175;2025-06-23;5;0,12;Tokopedia;12.12
O04855;C0546;P076;2024-09-09;3;0,2;Website;11.11
O04856;C0658;P173;2024-03-10;4;0,1;App;Ramadhan
O04857;C0049;P058;2024-04-07;3;0,31;Shopee;Ramadhan
O04858;C0881;P085;2024-04-01;4;0,24;App;12.12
O04859;C0795;P270;2025-07-27;1;0,33;Website;11.11
O04860;C0956;P212;2024-08-24;1;0,06;Website;11.11
O04861;C0921;P259;2024-05-19;1;0,21;Shopee;11.11
O04862;C0158;P077;2024-09-09;4;0,01;Website;None
O04863;C0416;P027;2024-09-12;2;0,32;App;Ramadhan
O04864;C0654;P300;2024-07-02;1;0,39;Website;12.12
O04865;C0527;P184;2025-02-13;2;0,38;Website;None
O04866;C0279;P200;2024-12-24;4;0,25;App;None
O04867;C0153;P015;2024-09-28;4;0,08;Tokopedia;12.12
O04868;C0896;P168;2024-05-17;3;0,02;Website;11.11
O04869;C0656;P199;2024-07-17;4;0,38;Tokopedia;Ramadhan
O04870;C0313;P063;2025-04-21;2;0,16;App;12.12
O04871;C0828;P048;2025-12-18;5;0,02;App;Ramadhan
O04872;C0955;P202;2025-08-10;5;0,02;Shopee;None
O04873;C0985;P207;2024-04-11;4;0,35;Shopee;12.12
O04874;C0528;P271;2024-07-06;5;0,38;Tokopedia;None
O04875;C0565;P147;2024-02-10;2;0,35;App;None
O04876;C0929;P095;2024-04-19;4;0,34;Website;12.12
O04877;C0745;P004;2025-02-13;5;0,32;Website;None
O04878;C0339;P213;2024-03-31;4;0,36;Shopee;Ramadhan
O04879;C0330;P027;2024-01-17;5;0,2;Shopee;12.12
O04880;C0704;P132;2025-07-29;4;0,15;App;11.11
O04881;C0520;P049;2025-06-21;4;0,31;Website;12.12
O04882;C0175;P295;2025-03-01;5;0,34;Tokopedia;None
O04883;C0271;P072;2025-06-21;2;0,38;Website;Ramadhan
O04884;C0454;P111;2025-01-07;5;0,16;Website;Ramadhan
O04885;C0686;P051;2024-03-09;4;0,25;Shopee;Ramadhan
O04886;C0744;P155;2025-12-04;4;0,1;App;11.11
O04887;C0961;P078;2024-12-22;2;0,17;Tokopedia;Ramadhan
O04888;C0802;P185;2025-02-21;5;0,05;App;11.11
O04889;C0520;P177;2024-11-07;4;0,38;Tokopedia;None
O04890;C0600;P203;2024-06-17;3;0,02;Website;11.11
O04891;C0615;P095;2025-02-01;4;0,08;App;11.11
O04892;C0532;P114;2025-06-07;3;0,39;Shopee;Ramadhan
O04893;C0937;P069;2025-12-06;2;0,39;Shopee;12.12
O04894;C0163;P223;2024-10-25;3;0,24;App;Ramadhan
O04895;C0274;P128;2025-07-16;2;0,03;Shopee;12.12
O04896;C0161;P089;2025-04-11;3;0,37;Shopee;11.11
O04897;C0490;P175;2024-04-04;1;0,05;Website;12.12
O04898;C0317;P295;2025-04-02;5;0,23;Shopee;None
O04899;C0375;P019;2025-09-06;4;0,2;Shopee;None
O04900;C0196;P216;2025-04-23;5;0,36;Website;11.11
O04901;C0396;P081;2025-12-04;4;0,2;Tokopedia;None
O04902;C0911;P042;2025-02-25;3;0,04;Shopee;None
O04903;C1000;P172;2025-08-17;2;0,05;App;None
O04904;C0024;P200;2024-07-26;3;0,01;App;11.11
O04905;C0494;P025;2025-08-30;4;0,02;Shopee;12.12
O04906;C0396;P201;2025-09-01;5;0,33;App;11.11
O04907;C0186;P137;2024-03-17;4;0,31;Shopee;12.12
O04908;C0321;P095;2025-12-28;1;0,3;App;None
O04909;C0308;P089;2025-10-13;5;0,22;Shopee;12.12
O04910;C0526;P107;2024-09-04;1;0,02;Website;11.11
O04911;C0652;P047;2025-07-23;3;0,11;App;11.11
O04912;C0470;P149;2025-06-02;5;0,26;Tokopedia;11.11
O04913;C0895;P150;2025-11-14;5;0,14;Shopee;Ramadhan
O04914;C0115;P032;2025-10-27;4;0,09;Website;12.12
O04915;C0029;P267;2024-05-02;4;0,27;Tokopedia;None
O04916;C0675;P236;2025-04-04;3;0,06;App;12.12
O04917;C0174;P238;2025-01-12;3;0,39;Shopee;None
O04918;C0048;P267;2025-04-30;3;0,2;Shopee;Ramadhan
O04919;C0202;P104;2025-03-08;1;0,15;Tokopedia;12.12
O04920;C0694;P279;2025-03-01;1;0,36;Website;None
O04921;C0542;P012;2025-06-27;2;0,05;App;Ramadhan
O04922;C0571;P192;2025-10-17;3;0,32;Website;12.12
O04923;C0370;P221;2024-07-29;2;0,19;Tokopedia;11.11
O04924;C0068;P275;2025-12-21;5;0,35;Website;Ramadhan
O04925;C0690;P134;2025-08-14;1;0,09;Shopee;Ramadhan
O04926;C0292;P152;2024-04-03;4;0,07;Tokopedia;None
O04927;C0730;P084;2024-03-07;4;0,02;Website;Ramadhan
O04928;C0689;P218;2024-03-07;2;0,36;Tokopedia;12.12
O04929;C0205;P031;2025-12-04;1;0,2;Website;Ramadhan
O04930;C0492;P194;2024-01-18;5;0,09;App;None
O04931;C0473;P050;2025-03-22;2;0,29;Shopee;12.12
O04932;C0718;P203;2025-01-15;5;0,39;Shopee;12.12
O04933;C0771;P140;2024-08-10;3;0,09;Shopee;Ramadhan
O04934;C0686;P028;2024-07-15;1;0,4;Website;11.11
O04935;C0243;P022;2025-06-04;1;0,27;Tokopedia;11.11
O04936;C0844;P007;2024-11-27;2;0,39;App;Ramadhan
O04937;C0824;P253;2025-10-02;1;0,12;Shopee;11.11
O04938;C0106;P102;2025-05-06;3;0,37;App;11.11
O04939;C0739;P205;2025-01-12;4;0,17;Tokopedia;None
O04940;C0432;P131;2024-09-03;5;0,13;Website;Ramadhan
O04941;C0898;P039;2024-02-04;4;0,35;Tokopedia;None
O04942;C0607;P141;2025-08-15;3;0,06;App;Ramadhan
O04943;C0700;P127;2024-08-05;4;0,12;App;None
O04944;C0987;P073;2024-07-08;1;0,11;App;12.12
O04945;C0451;P224;2024-01-06;4;0,36;Shopee;None
O04946;C0679;P093;2024-06-30;4;0,19;Shopee;Ramadhan
O04947;C0396;P291;2024-06-19;5;0,18;Website;11.11
O04948;C0932;P202;2024-01-31;4;0,08;Shopee;12.12
O04949;C0555;P151;2024-01-18;3;0,26;App;Ramadhan
O04950;C0442;P300;2025-01-16;4;0,23;App;None
O04951;C0457;P259;2025-07-14;4;0,27;Shopee;11.11
O04952;C0612;P272;2024-12-18;4;0,04;Website;None
O04953;C0267;P214;2025-10-28;3;0,35;App;None
O04954;C0122;P079;2025-11-27;1;0,15;Website;Ramadhan
O04955;C0480;P159;2024-09-27;5;0,31;App;Ramadhan
O04956;C0413;P004;2025-03-26;5;0,27;Tokopedia;None
O04957;C0581;P046;2024-06-30;4;0,36;Shopee;Ramadhan
O04958;C0158;P077;2024-12-16;3;0,23;Shopee;None
O04959;C0924;P055;2024-11-10;4;0,03;Website;None
O04960;C0874;P032;2025-08-15;3;0,3;Website;12.12
O04961;C0562;P297;2025-01-24;3;0,09;Website;11.11
O04962;C0395;P196;2024-11-18;5;0,22;Tokopedia;11.11
O04963;C0615;P287;2024-05-31;4;0,25;Website;None
O04964;C0468;P007;2024-06-10;5;0,31;Tokopedia;12.12
O04965;C0249;P290;2024-05-22;2;0,06;Website;None
O04966;C0213;P124;2025-06-26;4;0,23;Website;11.11
O04967;C0911;P204;2025-09-13;5;0,21;App;None
O04968;C0724;P162;2025-11-30;5;0,33;Shopee;11.11
O04969;C0083;P016;2024-07-15;2;0,2;Website;12.12
O04970;C0699;P020;2025-01-18;4;0,22;Shopee;11.11
O04971;C0360;P057;2024-05-12;1;0,18;App;11.11
O04972;C0475;P026;2025-09-07;1;0,3;Tokopedia;None
O04973;C0717;P190;2024-04-27;4;0,34;App;Ramadhan
O04974;C0872;P020;2024-10-02;4;0,32;Website;12.12
O04975;C0367;P142;2024-03-24;4;0,25;Website;None
O04976;C0695;P205;2024-11-20;5;0,2;Tokopedia;11.11
O04977;C0033;P107;2024-08-21;1;0,35;Website;None
O04978;C0086;P096;2024-04-29;2;0,15;App;Ramadhan
O04979;C0057;P239;2024-09-21;4;0,24;App;Ramadhan
O04980;C0354;P012;2024-03-02;1;0,2;Tokopedia;Ramadhan
O04981;C0400;P078;2025-09-13;3;0,26;App;Ramadhan
O04982;C0355;P086;2024-03-31;3;0,37;Website;None
O04983;C0137;P148;2024-05-02;2;0,36;Shopee;Ramadhan
O04984;C0313;P167;2024-03-29;3;0,29;App;11.11
O04985;C0514;P063;2025-05-15;4;0,15;App;Ramadhan
O04986;C0710;P075;2024-01-04;4;0,4;App;12.12
O04987;C0368;P153;2025-04-15;2;0,35;App;12.12
O04988;C0939;P026;2025-10-27;4;0,3;Shopee;Ramadhan
O04989;C0936;P143;2025-11-07;2;0,38;Shopee;12.12
O04990;C0897;P226;2024-06-07;1;0,04;Website;12.12
O04991;C0145;P044;2024-09-02;5;0,22;Shopee;11.11
O04992;C0337;P273;2025-12-25;2;0,33;Shopee;None
O04993;C0543;P256;2025-03-05;4;0,3;Website;11.11
O04994;C0832;P290;2024-03-21;2;0,38;Shopee;None
O04995;C0772;P075;2025-10-26;4;0,14;Website;None
O04996;C0743;P096;2024-09-09;1;0,34;Tokopedia;11.11
O04997;C0953;P014;2024-06-23;2;0;App;None
O04998;C0139;P267;2024-01-03;2;0,12;Website;None
O04999;C0105;P228;2024-07-01;2;0,35;Shopee;Ramadhan
O05000;C0492;P164;2024-11-13;5;0,02;Shopee;Ramadhan
O05001;C0079;P012;2024-07-26;3;0,02;Tokopedia;Ramadhan
O05002;C0644;P175;2024-02-26;1;0,03;Tokopedia;None
O05003;C0800;P155;2025-01-23;1;0,28;Tokopedia;None
O05004;C0746;P127;2024-07-19;1;0,4;App;11.11
O05005;C0797;P080;2025-10-26;3;0,36;App;Ramadhan
O05006;C0218;P300;2025-08-13;2;0,32;Website;11.11
O05007;C0408;P258;2024-04-08;1;0,28;Tokopedia;11.11
O05008;C0034;P234;2025-11-12;1;0,33;Website;Ramadhan
O05009;C0026;P277;2024-09-03;3;0,03;Shopee;11.11
O05010;C0325;P078;2024-03-15;3;0,23;App;Ramadhan
O05011;C0410;P116;2025-08-21;5;0,13;App;11.11
O05012;C0607;P294;2024-10-18;3;0,1;Shopee;Ramadhan
O05013;C0255;P259;2025-04-22;1;0,09;Website;12.12
O05014;C0313;P011;2024-11-14;5;0;Tokopedia;None
O05015;C0255;P004;2024-10-09;4;0,26;Tokopedia;Ramadhan
O05016;C0714;P141;2025-11-12;2;0;Shopee;Ramadhan
O05017;C0037;P204;2025-02-27;2;0,11;Shopee;11.11
O05018;C0595;P138;2025-02-16;3;0,33;Website;12.12
O05019;C0166;P215;2025-03-13;4;0,26;Shopee;Ramadhan
O05020;C0464;P101;2025-03-10;2;0,27;Tokopedia;Ramadhan
O05021;C0848;P058;2024-06-12;3;0,18;Website;Ramadhan
O05022;C0588;P228;2025-10-22;3;0,32;Tokopedia;Ramadhan
O05023;C0140;P193;2025-10-08;1;0,39;Shopee;11.11
O05024;C0228;P291;2025-08-23;4;0,01;Shopee;12.12
O05025;C0577;P194;2025-08-11;5;0,09;Website;11.11
O05026;C0363;P019;2024-09-04;5;0,35;Website;None
O05027;C0551;P171;2024-11-21;3;0,15;Tokopedia;12.12
O05028;C0377;P229;2025-09-01;2;0,39;Shopee;None
O05029;C0678;P223;2024-02-19;5;0,21;Tokopedia;11.11
O05030;C0553;P164;2024-10-23;3;0,1;Website;Ramadhan
O05031;C0247;P238;2024-06-28;2;0,23;Shopee;Ramadhan
O05032;C0508;P155;2025-11-05;5;0,14;App;11.11
O05033;C0842;P185;2024-06-28;2;0,06;App;12.12
O05034;C0584;P056;2024-05-15;5;0,37;Shopee;None
O05035;C0838;P110;2025-12-04;5;0,03;Website;12.12
O05036;C0236;P057;2025-12-05;1;0,05;Shopee;Ramadhan
O05037;C0903;P268;2025-05-13;4;0,03;Tokopedia;Ramadhan
O05038;C0071;P257;2025-12-28;3;0,31;Website;Ramadhan
O05039;C0713;P222;2024-03-25;2;0,09;Shopee;None
O05040;C0437;P082;2024-04-30;1;0,09;App;Ramadhan
O05041;C0040;P215;2024-04-26;4;0,07;Shopee;Ramadhan
O05042;C0898;P007;2024-07-05;1;0,32;Shopee;12.12
O05043;C0223;P149;2025-04-14;3;0,29;Shopee;Ramadhan
O05044;C0219;P045;2024-02-19;5;0,02;Tokopedia;Ramadhan
O05045;C0683;P113;2025-09-16;3;0,08;Website;12.12
O05046;C0838;P085;2025-04-21;3;0,33;Website;None
O05047;C0312;P014;2024-05-10;1;0,27;Website;12.12
O05048;C0240;P210;2025-06-29;5;0,17;Website;Ramadhan
O05049;C0964;P039;2025-12-28;4;0,31;App;None
O05050;C0698;P283;2024-12-26;3;0,28;Website;12.12
O05051;C0197;P294;2025-01-13;3;0,35;App;12.12
O05052;C0994;P270;2025-12-18;5;0,06;Tokopedia;None
O05053;C0168;P237;2025-10-20;4;0,26;Website;11.11
O05054;C0104;P071;2024-06-07;3;0,04;Shopee;12.12
O05055;C0160;P295;2024-09-14;1;0,33;Tokopedia;Ramadhan
O05056;C0952;P218;2025-08-23;4;0,32;Website;None
O05057;C0208;P280;2025-05-05;3;0,22;Tokopedia;12.12
O05058;C0780;P279;2024-12-04;2;0,17;Tokopedia;Ramadhan
O05059;C0272;P061;2024-07-20;1;0,36;Shopee;Ramadhan
O05060;C0525;P183;2024-10-03;3;0,15;Shopee;Ramadhan
O05061;C0546;P155;2024-01-31;1;0,06;Tokopedia;11.11
O05062;C0005;P187;2025-01-07;1;0,16;Tokopedia;None
O05063;C0920;P069;2025-11-28;5;0,11;Website;11.11
O05064;C0473;P289;2025-09-09;5;0,28;Tokopedia;11.11
O05065;C0824;P234;2024-06-13;5;0,2;Shopee;Ramadhan
O05066;C0849;P053;2025-01-07;4;0,27;Website;Ramadhan
O05067;C0782;P127;2025-12-03;3;0,07;Website;12.12
O05068;C0408;P165;2024-10-25;5;0,18;Tokopedia;None
O05069;C0947;P240;2025-10-08;5;0,05;Shopee;None
O05070;C0246;P108;2024-01-20;2;0,27;App;12.12
O05071;C0131;P131;2025-11-19;1;0,08;App;None
O05072;C0601;P148;2024-09-28;4;0,23;Shopee;Ramadhan
O05073;C0458;P290;2024-04-24;5;0,29;Shopee;12.12
O05074;C0056;P026;2024-05-25;4;0,34;Shopee;None
O05075;C0827;P246;2024-04-27;3;0,09;Website;11.11
O05076;C0605;P280;2025-08-22;3;0,32;Website;11.11
O05077;C0061;P182;2024-07-28;1;0,13;App;Ramadhan
O05078;C0677;P036;2025-03-26;5;0,04;Tokopedia;11.11
O05079;C0868;P111;2025-01-06;3;0,03;Shopee;11.11
O05080;C0583;P258;2025-06-09;4;0,37;App;None
O05081;C0624;P103;2025-08-20;3;0,33;Tokopedia;12.12
O05082;C0840;P018;2025-07-12;3;0,14;Shopee;Ramadhan
O05083;C0967;P266;2024-11-01;4;0,4;Shopee;12.12
O05084;C0142;P055;2024-08-16;5;0,35;Tokopedia;Ramadhan
O05085;C0942;P242;2025-03-30;2;0,08;Website;11.11
O05086;C0509;P117;2025-03-06;1;0,09;App;11.11
O05087;C0867;P097;2024-05-25;4;0,34;Shopee;12.12
O05088;C0462;P291;2025-04-19;3;0,37;Shopee;12.12
O05089;C0476;P084;2024-08-11;5;0,25;App;12.12
O05090;C0995;P288;2024-07-24;4;0,21;Tokopedia;Ramadhan
O05091;C0891;P180;2024-06-06;1;0,21;Website;12.12
O05092;C0100;P128;2024-05-27;2;0,05;Website;12.12
O05093;C0210;P267;2025-03-04;1;0,11;Tokopedia;12.12
O05094;C0533;P193;2024-08-21;3;0,19;Tokopedia;None
O05095;C0826;P010;2024-05-26;2;0,05;App;None
O05096;C0819;P220;2025-06-18;2;0,03;Website;11.11
O05097;C0418;P283;2025-05-28;1;0,27;Website;None
O05098;C0723;P024;2024-11-28;4;0,12;Shopee;None
O05099;C0192;P177;2025-07-09;1;0,01;Website;11.11
O05100;C0046;P046;2025-01-28;1;0,35;App;11.11
O05101;C1000;P243;2025-08-06;5;0,34;Shopee;12.12
O05102;C0532;P026;2025-04-09;1;0;Tokopedia;None
O05103;C0965;P103;2025-05-05;4;0,13;App;None
O05104;C0306;P187;2025-08-22;4;0,06;Website;11.11
O05105;C0971;P012;2024-07-22;1;0,14;Tokopedia;12.12
O05106;C0945;P048;2024-11-24;3;0,22;Tokopedia;None
O05107;C0412;P175;2025-10-18;2;0,12;Website;11.11
O05108;C0530;P092;2024-01-02;1;0,07;Website;None
O05109;C0047;P198;2024-02-10;4;0,27;Tokopedia;None
O05110;C0964;P046;2024-12-26;1;0,38;Tokopedia;12.12
O05111;C0672;P132;2025-11-22;3;0,12;Shopee;11.11
O05112;C0256;P279;2024-09-13;3;0,2;App;11.11
O05113;C0750;P119;2024-10-10;2;0,29;Website;11.11
O05114;C0987;P007;2024-01-22;2;0,18;Website;12.12
O05115;C0181;P047;2024-09-15;4;0,26;Shopee;11.11
O05116;C0151;P064;2025-09-14;5;0,16;Website;Ramadhan
O05117;C0669;P108;2025-09-14;4;0,14;App;None
O05118;C0006;P034;2024-02-22;1;0,34;App;12.12
O05119;C0535;P006;2024-05-25;3;0,17;Website;12.12
O05120;C0362;P226;2024-01-30;3;0,03;Tokopedia;None
O05121;C0303;P219;2025-04-26;1;0,33;App;None
O05122;C0459;P296;2024-03-27;2;0,14;Shopee;Ramadhan
O05123;C0010;P167;2024-09-25;1;0,07;Shopee;Ramadhan
O05124;C0408;P075;2025-10-19;2;0,35;Website;Ramadhan
O05125;C0318;P258;2025-10-06;4;0,23;Shopee;None
O05126;C0161;P132;2024-03-19;4;0,35;App;11.11
O05127;C0679;P243;2025-02-17;3;0,39;Tokopedia;None
O05128;C0805;P230;2024-05-16;2;0,05;App;None
O05129;C0786;P186;2025-04-09;3;0,37;App;None
O05130;C0250;P178;2024-10-07;4;0,29;App;Ramadhan
O05131;C0507;P078;2024-07-30;3;0,13;App;None
O05132;C0493;P277;2025-11-19;5;0,28;Shopee;Ramadhan
O05133;C0648;P035;2025-10-11;1;0,33;Shopee;11.11
O05134;C0825;P003;2024-06-07;2;0,35;Website;12.12
O05135;C0438;P300;2025-01-13;3;0,11;Tokopedia;11.11
O05136;C0161;P094;2025-10-04;4;0,14;Website;12.12
O05137;C0807;P068;2024-01-19;4;0,4;App;12.12
O05138;C0957;P070;2025-01-16;2;0,37;Website;11.11
O05139;C0540;P188;2025-04-03;1;0,37;Website;11.11
O05140;C0417;P021;2024-02-06;1;0,23;App;11.11
O05141;C0070;P010;2025-02-23;4;0,39;Tokopedia;11.11
O05142;C0354;P151;2025-02-05;1;0,2;Tokopedia;None
O05143;C0924;P096;2025-03-30;3;0,14;Tokopedia;12.12
O05144;C0247;P258;2024-10-05;2;0,2;Website;12.12
O05145;C0034;P205;2025-07-07;5;0,21;Tokopedia;Ramadhan
O05146;C0941;P031;2025-11-29;3;0,21;Shopee;None
O05147;C0413;P042;2025-09-02;2;0,35;Shopee;12.12
O05148;C0112;P078;2025-04-19;3;0,15;Website;11.11
O05149;C0110;P071;2025-04-10;1;0,02;Shopee;12.12
O05150;C0991;P114;2025-03-29;1;0,08;Website;Ramadhan
O05151;C0060;P292;2025-05-05;1;0,2;Tokopedia;12.12
O05152;C0942;P144;2025-01-06;3;0,23;Website;11.11
O05153;C0575;P229;2025-09-02;1;0,29;Shopee;11.11
O05154;C0682;P133;2024-10-29;5;0,16;App;12.12
O05155;C0718;P188;2025-10-26;5;0,03;Shopee;None
O05156;C0250;P205;2025-07-21;1;0,35;Website;11.11
O05157;C0086;P194;2025-07-20;5;0,3;Website;12.12
O05158;C0305;P271;2024-11-06;1;0,02;App;None
O05159;C0932;P051;2025-08-12;4;0,19;Shopee;12.12
O05160;C0013;P134;2025-03-22;3;0,4;Tokopedia;None
O05161;C0773;P211;2025-10-17;2;0,21;Website;None
O05162;C0854;P065;2024-08-07;3;0,22;Website;12.12
O05163;C0188;P290;2024-08-28;4;0,28;Tokopedia;None
O05164;C0621;P222;2025-09-04;1;0,4;App;12.12
O05165;C0603;P237;2024-11-08;4;0,02;Website;12.12
O05166;C0384;P068;2024-03-29;4;0,1;Website;11.11
O05167;C0497;P120;2024-03-04;3;0,35;App;11.11
O05168;C0562;P095;2024-01-10;5;0,02;App;12.12
O05169;C0202;P025;2024-10-04;3;0,18;Website;12.12
O05170;C0715;P268;2024-05-10;5;0,1;Website;11.11
O05171;C0294;P161;2025-11-21;4;0,17;App;None
O05172;C0063;P037;2024-04-29;3;0,18;Shopee;12.12
O05173;C0868;P131;2025-08-02;5;0,14;App;11.11
O05174;C0376;P207;2025-02-21;3;0,26;Shopee;11.11
O05175;C0174;P044;2025-06-18;3;0,15;Shopee;None
O05176;C0099;P285;2024-03-25;1;0,35;Website;None
O05177;C0028;P054;2024-08-01;4;0,29;App;11.11
O05178;C0782;P101;2024-09-10;4;0,09;Website;11.11
O05179;C0539;P285;2025-06-29;3;0,12;App;11.11
O05180;C0816;P009;2025-06-03;1;0,32;Tokopedia;Ramadhan
O05181;C0805;P237;2025-07-29;2;0,28;Shopee;11.11
O05182;C0282;P214;2024-01-17;1;0,23;App;None
O05183;C0615;P282;2024-09-06;5;0,12;Tokopedia;None
O05184;C0562;P217;2025-11-27;1;0,29;App;11.11
O05185;C0329;P055;2024-12-18;3;0,26;Tokopedia;None
O05186;C0931;P138;2025-01-24;3;0,36;Website;Ramadhan
O05187;C0752;P200;2024-04-18;1;0,21;App;Ramadhan
O05188;C0599;P038;2025-12-25;3;0,31;Tokopedia;Ramadhan
O05189;C0471;P075;2025-03-09;3;0,06;Tokopedia;12.12
O05190;C0636;P258;2025-06-12;5;0,19;App;Ramadhan
O05191;C0498;P250;2025-09-14;3;0,18;Website;None
O05192;C0935;P193;2025-02-05;3;0,32;Shopee;None
O05193;C0013;P027;2024-01-16;4;0,4;Tokopedia;None
O05194;C0837;P279;2025-08-01;1;0,08;Tokopedia;11.11
O05195;C0237;P274;2025-10-04;2;0,31;Website;None
O05196;C0805;P167;2025-09-04;2;0,03;Website;11.11
O05197;C0980;P125;2024-10-17;5;0,07;Website;11.11
O05198;C0326;P272;2024-12-02;2;0,03;Tokopedia;Ramadhan
O05199;C0720;P143;2025-02-16;5;0,27;App;11.11
O05200;C0206;P178;2024-08-30;4;0,15;Shopee;11.11
O05201;C0935;P246;2025-08-07;5;0,16;Shopee;11.11
O05202;C0560;P043;2024-07-25;5;0,25;Tokopedia;Ramadhan
O05203;C0637;P143;2025-01-21;4;0,01;App;Ramadhan
O05204;C0831;P280;2024-06-17;3;0,02;Shopee;None
O05205;C0532;P178;2025-01-15;5;0,39;App;11.11
O05206;C0984;P291;2025-03-14;1;0,08;App;None
O05207;C0156;P079;2024-12-26;2;0,38;Shopee;12.12
O05208;C0109;P176;2024-10-07;1;0,25;Website;None
O05209;C0849;P278;2025-11-29;2;0,23;Website;11.11
O05210;C0824;P097;2024-11-18;4;0,04;Tokopedia;11.11
O05211;C0349;P289;2025-06-15;4;0,01;Shopee;Ramadhan
O05212;C0502;P046;2025-04-11;3;0,04;Website;None
O05213;C0710;P286;2024-06-26;1;0;Tokopedia;11.11
O05214;C0988;P130;2024-09-15;5;0,35;App;11.11
O05215;C0472;P115;2025-10-02;2;0,08;App;12.12
O05216;C0026;P144;2025-10-27;5;0,37;Website;None
O05217;C0900;P114;2024-04-11;2;0,07;Shopee;12.12
O05218;C0779;P058;2025-01-05;1;0,19;Tokopedia;12.12
O05219;C0081;P101;2024-04-06;3;0,29;Shopee;11.11
O05220;C0657;P288;2024-04-15;2;0,31;Website;11.11
O05221;C0788;P116;2025-03-22;2;0,23;App;None
O05222;C0981;P008;2025-12-28;1;0,4;Tokopedia;12.12
O05223;C0023;P292;2024-10-19;4;0,2;Tokopedia;Ramadhan
O05224;C0361;P204;2025-04-27;1;0,38;App;None
O05225;C0212;P055;2024-12-05;3;0,02;Website;Ramadhan
O05226;C0406;P253;2024-05-02;3;0,06;Tokopedia;11.11
O05227;C0613;P014;2025-09-15;5;0,15;Shopee;None
O05228;C0785;P187;2025-01-14;4;0,33;Shopee;12.12
O05229;C0114;P187;2025-01-15;5;0,37;Shopee;Ramadhan
O05230;C0762;P190;2025-03-07;3;0,32;Website;12.12
O05231;C0683;P292;2025-08-12;4;0,27;Tokopedia;Ramadhan
O05232;C0186;P124;2025-10-28;5;0,14;Shopee;None
O05233;C0016;P130;2024-12-27;4;0,21;Shopee;11.11
O05234;C0020;P129;2024-01-28;5;0,2;Shopee;None
O05235;C0523;P018;2024-05-17;2;0,25;App;None
O05236;C0884;P164;2025-05-31;5;0,24;App;12.12
O05237;C0272;P127;2025-04-23;4;0,09;Tokopedia;11.11
O05238;C0873;P164;2025-12-29;5;0,21;App;11.11
O05239;C0857;P256;2025-04-12;2;0,04;Website;12.12
O05240;C0264;P044;2024-11-28;2;0,08;App;None
O05241;C0231;P282;2025-10-20;4;0,23;Shopee;None
O05242;C0700;P067;2025-03-23;2;0,13;Shopee;Ramadhan
O05243;C0388;P175;2024-07-24;3;0,26;Shopee;None
O05244;C0262;P159;2025-09-05;3;0;Tokopedia;12.12
O05245;C0563;P039;2024-02-09;1;0,08;Tokopedia;11.11
O05246;C0502;P076;2024-06-12;4;0,12;Shopee;11.11
O05247;C0310;P268;2024-07-22;5;0,06;Website;11.11
O05248;C0694;P222;2025-11-22;4;0,31;Website;Ramadhan
O05249;C0927;P081;2024-12-19;5;0,25;Tokopedia;11.11
O05250;C0591;P083;2024-04-02;5;0,24;Shopee;12.12
O05251;C0530;P032;2024-08-16;2;0,11;App;None
O05252;C0606;P008;2024-05-07;1;0,24;Website;None
O05253;C0565;P164;2024-12-26;5;0,16;Website;12.12
O05254;C0191;P143;2025-11-26;3;0,19;Website;12.12
O05255;C0191;P232;2025-08-13;5;0,09;Tokopedia;None
O05256;C0518;P205;2024-08-17;3;0,33;Shopee;Ramadhan
O05257;C0240;P192;2025-07-13;2;0,4;Tokopedia;None
O05258;C0937;P207;2025-03-04;2;0,23;App;Ramadhan
O05259;C0088;P204;2025-07-02;2;0,36;Tokopedia;12.12
O05260;C0554;P219;2025-12-27;4;0,02;Tokopedia;12.12
O05261;C0826;P247;2025-07-13;4;0,02;Tokopedia;Ramadhan
O05262;C0534;P245;2025-03-24;4;0,18;App;None
O05263;C0360;P115;2025-04-05;2;0,34;App;Ramadhan
O05264;C0859;P299;2025-06-06;2;0,09;Tokopedia;11.11
O05265;C0256;P007;2024-11-22;4;0,19;Shopee;None
O05266;C0298;P300;2024-04-03;2;0,27;App;12.12
O05267;C0675;P149;2025-03-08;5;0,29;App;12.12
O05268;C0354;P189;2024-09-25;5;0,31;Shopee;11.11
O05269;C0787;P111;2024-05-23;5;0,08;Shopee;12.12
O05270;C0711;P179;2024-03-03;3;0,05;Shopee;Ramadhan
O05271;C0113;P147;2025-04-08;4;0,03;Website;Ramadhan
O05272;C0746;P152;2025-04-18;1;0,17;Tokopedia;11.11
O05273;C0568;P297;2025-11-26;1;0,24;Website;None
O05274;C0354;P201;2024-06-16;5;0,21;App;11.11
O05275;C0291;P095;2025-02-03;1;0,08;Tokopedia;Ramadhan
O05276;C0048;P133;2024-03-25;3;0,3;Tokopedia;Ramadhan
O05277;C0823;P066;2025-01-23;4;0,05;Website;Ramadhan
O05278;C0538;P227;2025-09-26;1;0,06;Tokopedia;None
O05279;C0667;P169;2024-07-13;4;0,07;Website;None
O05280;C0731;P215;2025-01-30;5;0,38;Tokopedia;12.12
O05281;C0974;P201;2024-11-06;1;0,1;App;Ramadhan
O05282;C0053;P261;2025-04-23;5;0,09;Tokopedia;11.11
O05283;C0780;P225;2025-02-18;3;0,26;Tokopedia;11.11
O05284;C0311;P015;2025-03-26;1;0,31;Tokopedia;11.11
O05285;C0413;P297;2024-08-16;5;0,03;Shopee;Ramadhan
O05286;C0072;P048;2024-06-30;3;0,35;Shopee;12.12
O05287;C0493;P059;2024-02-25;4;0,21;Tokopedia;Ramadhan
O05288;C0857;P027;2024-09-16;1;0,1;Tokopedia;12.12
O05289;C0639;P285;2024-01-15;5;0,06;Tokopedia;12.12
O05290;C0174;P201;2024-02-02;2;0,02;App;11.11
O05291;C0935;P132;2025-11-10;1;0,37;Website;12.12
O05292;C0628;P295;2025-03-24;2;0,38;Website;12.12
O05293;C0996;P006;2024-06-18;4;0,07;Shopee;12.12
O05294;C0392;P243;2024-12-22;2;0,2;Website;None
O05295;C0261;P243;2024-09-04;5;0,33;App;None
O05296;C0961;P129;2024-09-07;2;0,25;Shopee;11.11
O05297;C0171;P297;2024-10-13;1;0,17;Shopee;None
O05298;C0833;P133;2025-10-28;5;0,19;App;None
O05299;C0226;P015;2024-05-19;1;0,38;Shopee;Ramadhan
O05300;C0266;P177;2024-10-20;5;0,14;Website;None
O05301;C0445;P134;2024-04-10;5;0,37;Website;None
O05302;C0330;P143;2024-11-04;4;0,05;Shopee;None
O05303;C0497;P001;2025-10-08;2;0,23;App;12.12
O05304;C0831;P281;2024-08-29;3;0,38;Website;Ramadhan
O05305;C0372;P199;2025-12-18;4;0,24;Website;None
O05306;C0214;P097;2025-09-30;5;0,3;Shopee;Ramadhan
O05307;C0909;P243;2024-06-15;5;0,37;App;11.11
O05308;C0379;P055;2025-12-23;2;0,02;Tokopedia;11.11
O05309;C0095;P052;2024-09-16;5;0,23;Shopee;Ramadhan
O05310;C0124;P256;2025-12-25;1;0,12;Shopee;11.11
O05311;C0031;P061;2024-08-05;2;0,16;Website;Ramadhan
O05312;C0858;P167;2025-03-22;3;0,3;Tokopedia;11.11
O05313;C0753;P114;2025-02-09;3;0,37;Shopee;11.11
O05314;C0291;P270;2025-08-23;1;0,02;App;12.12
O05315;C0693;P077;2024-03-12;3;0,04;Tokopedia;None
O05316;C0988;P170;2024-09-17;1;0,35;Shopee;11.11
O05317;C0567;P115;2025-01-03;3;0,17;App;12.12
O05318;C0325;P021;2024-03-17;1;0,4;Website;None
O05319;C0488;P097;2025-10-08;2;0,28;Shopee;12.12
O05320;C0388;P124;2025-02-16;1;0,13;Website;12.12
O05321;C0887;P213;2024-08-13;1;0,28;Shopee;Ramadhan
O05322;C0089;P053;2025-09-07;2;0,12;Website;None
O05323;C0647;P048;2024-01-11;2;0,09;Tokopedia;11.11
O05324;C0712;P182;2025-12-15;3;0,32;Tokopedia;12.12
O05325;C0519;P100;2024-11-14;3;0,24;Shopee;11.11
O05326;C0815;P153;2025-07-11;2;0,12;Website;12.12
O05327;C0427;P089;2024-08-07;2;0,21;Tokopedia;11.11
O05328;C0721;P094;2024-08-09;2;0,22;Shopee;12.12
O05329;C0414;P165;2024-08-31;3;0,09;Website;12.12
O05330;C0154;P299;2025-05-13;4;0,18;Tokopedia;11.11
O05331;C0786;P290;2024-10-14;2;0,38;Website;Ramadhan
O05332;C0551;P164;2024-05-06;4;0,29;Tokopedia;11.11
O05333;C0164;P269;2025-04-04;1;0,13;Tokopedia;12.12
O05334;C0341;P092;2024-02-22;1;0,36;Website;Ramadhan
O05335;C0379;P203;2024-01-07;5;0,07;App;Ramadhan
O05336;C0274;P082;2024-11-25;5;0,13;Website;None
O05337;C0838;P244;2024-07-07;4;0,01;Tokopedia;None
O05338;C0062;P092;2024-09-18;3;0,2;Shopee;Ramadhan
O05339;C0626;P108;2024-06-04;4;0,19;App;11.11
O05340;C0608;P257;2025-06-18;3;0,4;App;11.11
O05341;C0927;P081;2024-08-01;5;0,3;Tokopedia;None
O05342;C0887;P200;2024-10-20;1;0,33;App;11.11
O05343;C0880;P157;2025-04-07;1;0,07;App;None
O05344;C0831;P286;2024-10-12;5;0,05;Website;Ramadhan
O05345;C0329;P007;2024-03-19;2;0,03;Shopee;Ramadhan
O05346;C0794;P045;2024-06-07;1;0,21;Tokopedia;None
O05347;C0683;P074;2025-08-03;5;0,24;Website;11.11
O05348;C0550;P202;2024-12-24;5;0,16;Shopee;None
O05349;C0007;P103;2025-07-08;2;0,22;Website;None
O05350;C0653;P139;2024-06-28;4;0,33;App;Ramadhan
O05351;C0515;P088;2025-10-15;5;0,38;App;None
O05352;C0985;P061;2024-10-20;4;0,05;Shopee;12.12
O05353;C0860;P298;2024-12-14;4;0,16;Website;Ramadhan
O05354;C0738;P101;2024-05-18;1;0,2;App;Ramadhan
O05355;C0138;P015;2025-09-12;5;0,34;Shopee;11.11
O05356;C0533;P213;2024-01-22;4;0,06;Tokopedia;Ramadhan
O05357;C0842;P214;2025-10-26;3;0,19;Website;Ramadhan
O05358;C0524;P223;2024-07-30;4;0,4;Shopee;Ramadhan
O05359;C0468;P271;2024-12-14;2;0,16;Tokopedia;12.12
O05360;C0375;P211;2025-01-25;3;0,13;Shopee;11.11
O05361;C0726;P193;2024-06-19;5;0,27;App;11.11
O05362;C0316;P102;2024-05-27;4;0,12;Website;11.11
O05363;C0037;P173;2025-12-19;5;0,24;Website;11.11
O05364;C0167;P049;2025-05-23;2;0,3;Shopee;Ramadhan
O05365;C0203;P093;2024-08-23;3;0,34;App;12.12
O05366;C0532;P250;2025-10-13;4;0,16;App;11.11
O05367;C0531;P219;2025-02-20;4;0,35;App;11.11
O05368;C0263;P142;2025-09-21;1;0,28;Website;None
O05369;C0104;P258;2024-07-28;1;0,27;Shopee;12.12
O05370;C0074;P040;2025-06-23;3;0,08;Tokopedia;11.11
O05371;C0051;P014;2025-03-02;5;0,07;Tokopedia;11.11
O05372;C0390;P267;2025-03-20;3;0,32;Shopee;11.11
O05373;C0657;P216;2025-06-07;5;0,17;App;12.12
O05374;C0544;P121;2025-07-27;3;0,09;Tokopedia;Ramadhan
O05375;C0312;P087;2025-10-19;4;0,35;Tokopedia;11.11
O05376;C0483;P058;2024-12-08;1;0,25;App;11.11
O05377;C0019;P145;2024-01-11;3;0,38;Tokopedia;11.11
O05378;C0724;P134;2025-03-11;3;0,3;Website;12.12
O05379;C0059;P116;2025-01-23;4;0,32;Shopee;None
O05380;C0491;P180;2024-11-27;5;0,13;App;None
O05381;C0560;P137;2025-08-15;1;0,35;Shopee;Ramadhan
O05382;C0860;P006;2025-04-10;1;0,37;Tokopedia;11.11
O05383;C0846;P105;2025-07-13;4;0,27;Tokopedia;11.11
O05384;C0258;P280;2024-01-09;2;0,04;Tokopedia;11.11
O05385;C0101;P018;2024-10-05;1;0,4;App;12.12
O05386;C0927;P137;2025-09-30;4;0,1;Tokopedia;None
O05387;C0591;P099;2024-09-23;5;0,29;Website;Ramadhan
O05388;C0226;P159;2024-02-27;4;0,01;Shopee;None
O05389;C0361;P155;2025-10-26;4;0,07;App;12.12
O05390;C0754;P256;2025-07-28;4;0,23;App;11.11
O05391;C0309;P228;2024-09-09;4;0,22;Tokopedia;None
O05392;C0109;P171;2025-02-05;2;0,26;Website;12.12
O05393;C0171;P097;2025-12-20;5;0,29;Shopee;None
O05394;C0609;P169;2024-07-15;2;0,13;App;12.12
O05395;C0101;P214;2025-08-29;2;0,12;Shopee;11.11
O05396;C0611;P194;2025-06-20;3;0,31;Shopee;None
O05397;C0346;P093;2024-02-17;4;0,01;App;12.12
O05398;C0495;P166;2024-11-02;5;0,11;Tokopedia;12.12
O05399;C0367;P166;2024-07-17;1;0,29;Shopee;11.11
O05400;C0012;P196;2025-05-28;4;0,29;Website;None
O05401;C0879;P268;2025-10-04;3;0,32;App;12.12
O05402;C0010;P232;2025-12-11;4;0,4;Tokopedia;None
O05403;C0776;P007;2024-11-26;3;0,01;App;None
O05404;C0949;P116;2024-03-07;1;0,11;App;Ramadhan
O05405;C0341;P175;2025-02-15;2;0,12;Shopee;11.11
O05406;C0642;P053;2025-12-10;3;0,2;App;12.12
O05407;C0382;P082;2024-07-29;3;0,27;Shopee;11.11
O05408;C0032;P206;2024-11-13;2;0,1;Shopee;11.11
O05409;C0550;P059;2024-06-08;1;0,14;Tokopedia;Ramadhan
O05410;C0288;P077;2025-04-22;2;0,05;Shopee;None
O05411;C0934;P071;2025-01-17;5;0,08;Shopee;11.11
O05412;C0201;P121;2024-05-12;5;0,22;Tokopedia;Ramadhan
O05413;C0002;P207;2025-06-15;2;0,34;Tokopedia;Ramadhan
O05414;C0662;P105;2024-04-21;1;0,36;App;12.12
O05415;C0742;P230;2024-05-17;2;0,19;Website;11.11
O05416;C0714;P028;2025-08-30;1;0,16;Tokopedia;11.11
O05417;C0032;P185;2025-10-19;5;0,23;Tokopedia;12.12
O05418;C0647;P002;2025-05-22;3;0,35;Shopee;12.12
O05419;C0006;P103;2025-02-23;4;0,04;Shopee;11.11
O05420;C0574;P270;2024-08-01;1;0,12;App;Ramadhan
O05421;C0170;P138;2024-11-18;5;0,38;App;Ramadhan
O05422;C0239;P185;2024-12-25;3;0,05;Shopee;11.11
O05423;C0877;P127;2025-03-21;4;0,32;Tokopedia;12.12
O05424;C0983;P105;2025-04-21;5;0,31;Shopee;11.11
O05425;C0017;P194;2024-05-09;2;0,03;App;12.12
O05426;C0605;P270;2024-07-31;4;0,39;App;Ramadhan
O05427;C0384;P010;2024-11-29;5;0,22;Tokopedia;12.12
O05428;C0351;P110;2025-05-26;2;0,25;Shopee;11.11
O05429;C0564;P188;2024-02-16;2;0,17;Tokopedia;11.11
O05430;C0503;P163;2025-02-21;4;0,36;Website;11.11
O05431;C0849;P243;2025-04-01;4;0,15;Website;None
O05432;C0293;P300;2025-09-18;2;0,35;Tokopedia;11.11
O05433;C0086;P289;2024-04-21;5;0,21;Website;None
O05434;C0731;P263;2024-02-24;3;0,1;Tokopedia;None
O05435;C0713;P035;2025-05-18;1;0,27;Shopee;12.12
O05436;C0396;P021;2025-09-04;3;0,11;Tokopedia;11.11
O05437;C0571;P014;2024-11-18;4;0,39;Tokopedia;11.11
O05438;C0178;P271;2025-11-29;3;0,23;App;12.12
O05439;C0487;P050;2025-06-15;2;0,2;Website;Ramadhan
O05440;C0002;P094;2025-07-24;5;0,27;Website;11.11
O05441;C0434;P036;2025-05-25;3;0,3;Shopee;Ramadhan
O05442;C0029;P104;2024-02-12;3;0,18;App;None
O05443;C0343;P272;2025-10-13;4;0,34;Website;12.12
O05444;C0379;P225;2025-08-01;5;0,25;Tokopedia;None
O05445;C0093;P085;2024-12-05;3;0,16;Tokopedia;12.12
O05446;C0832;P075;2025-04-05;3;0,11;Website;None
O05447;C0256;P137;2024-02-22;5;0,11;Website;None
O05448;C0565;P119;2025-07-16;1;0,1;Website;None
O05449;C0467;P289;2024-05-05;5;0,29;Website;11.11
O05450;C0343;P188;2025-05-07;3;0,26;Shopee;12.12
O05451;C0463;P147;2025-09-22;4;0,17;App;11.11
O05452;C0977;P221;2025-10-16;5;0,32;Tokopedia;Ramadhan
O05453;C0379;P111;2024-06-02;3;0,26;Shopee;11.11
O05454;C0969;P065;2025-04-20;5;0,22;Tokopedia;None
O05455;C0948;P065;2024-10-18;5;0,33;Shopee;12.12
O05456;C0213;P279;2024-09-01;2;0,08;App;12.12
O05457;C0920;P092;2024-03-17;2;0,28;Tokopedia;11.11
O05458;C0062;P059;2024-11-02;3;0,14;App;12.12
O05459;C0463;P286;2024-08-26;3;0,37;Website;11.11
O05460;C0225;P100;2024-04-26;2;0,26;Website;None
O05461;C0958;P285;2024-12-18;3;0,29;Website;11.11
O05462;C0449;P153;2024-05-04;2;0,17;Website;12.12
O05463;C0135;P208;2025-08-02;5;0,38;Tokopedia;Ramadhan
O05464;C0391;P090;2025-04-21;2;0,38;Shopee;Ramadhan
O05465;C0740;P213;2025-07-08;4;0,16;Tokopedia;11.11
O05466;C0429;P029;2024-07-21;3;0,08;App;None
O05467;C0487;P227;2025-07-12;5;0,16;Website;11.11
O05468;C0585;P214;2024-12-07;5;0,28;Shopee;Ramadhan
O05469;C0019;P071;2025-06-20;3;0,33;Tokopedia;11.11
O05470;C0843;P157;2024-06-20;5;0,14;App;11.11
O05471;C0889;P218;2024-05-29;1;0,23;Website;None
O05472;C0887;P098;2025-05-30;2;0,22;Website;None
O05473;C0324;P029;2025-04-28;2;0,39;Tokopedia;12.12
O05474;C0959;P056;2025-02-28;4;0,01;App;12.12
O05475;C0313;P088;2024-07-05;2;0,26;Shopee;Ramadhan
O05476;C0435;P205;2024-05-04;2;0,34;Shopee;Ramadhan
O05477;C0453;P299;2024-02-01;1;0,31;Website;None
O05478;C0506;P269;2025-04-28;5;0,32;App;None
O05479;C0974;P223;2025-04-15;4;0,29;Shopee;11.11
O05480;C0774;P145;2025-12-09;5;0,39;Tokopedia;11.11
O05481;C0608;P130;2024-01-30;4;0,26;App;12.12
O05482;C0703;P300;2025-05-26;2;0,15;App;11.11
O05483;C0215;P199;2024-11-20;5;0,02;Shopee;None
O05484;C0296;P173;2025-08-30;3;0,19;Shopee;11.11
O05485;C0897;P229;2024-09-03;2;0,18;Shopee;12.12
O05486;C0447;P195;2024-02-18;4;0,33;App;None
O05487;C0503;P051;2025-11-29;4;0,24;Shopee;None
O05488;C0252;P010;2025-06-22;4;0,01;Tokopedia;12.12
O05489;C0691;P020;2024-07-06;1;0,02;Shopee;None
O05490;C0196;P221;2024-01-26;5;0,05;App;11.11
O05491;C0505;P006;2024-12-27;4;0,25;Website;12.12
O05492;C0685;P015;2025-07-18;2;0,05;Website;11.11
O05493;C0740;P067;2025-07-19;5;0,34;Website;12.12
O05494;C0305;P123;2025-03-12;5;0,36;App;12.12
O05495;C0138;P032;2025-06-22;4;0,24;Website;Ramadhan
O05496;C0335;P078;2025-03-06;4;0,12;Shopee;Ramadhan
O05497;C0055;P035;2024-03-04;1;0,13;App;Ramadhan
O05498;C0366;P177;2025-05-23;3;0,32;App;None
O05499;C0680;P142;2025-12-14;1;0,06;App;None
O05500;C0543;P092;2025-07-28;1;0,05;Tokopedia;None
O05501;C0179;P045;2025-11-03;1;0,18;Tokopedia;Ramadhan
O05502;C0941;P189;2025-11-27;3;0,26;Tokopedia;11.11
O05503;C0854;P281;2024-02-03;1;0,07;Website;None
O05504;C0207;P012;2025-06-11;2;0,25;Tokopedia;11.11
O05505;C0059;P201;2024-10-16;5;0,35;Tokopedia;11.11
O05506;C0044;P223;2024-11-19;1;0,24;Shopee;None
O05507;C0404;P007;2024-09-18;4;0,13;App;Ramadhan
O05508;C0144;P165;2025-07-10;1;0,2;Website;12.12
O05509;C0447;P222;2024-01-20;5;0,03;App;Ramadhan
O05510;C0497;P045;2025-09-13;3;0,21;Tokopedia;Ramadhan
O05511;C0321;P001;2024-08-13;4;0,01;App;Ramadhan
O05512;C0903;P053;2024-03-19;5;0,23;App;12.12
O05513;C0949;P004;2024-12-11;3;0,05;Shopee;Ramadhan
O05514;C0968;P167;2024-03-06;2;0,39;Website;None
O05515;C0025;P073;2025-01-14;5;0,32;Website;Ramadhan
O05516;C0266;P276;2024-09-19;2;0,06;Shopee;12.12
O05517;C0624;P071;2025-03-21;1;0,15;Shopee;11.11
O05518;C0018;P068;2024-08-14;5;0,08;Tokopedia;None
O05519;C0030;P300;2024-01-16;5;0,3;App;None
O05520;C0769;P198;2024-09-12;2;0,36;Shopee;Ramadhan
O05521;C0645;P122;2025-12-05;4;0,02;Website;Ramadhan
O05522;C0286;P190;2024-06-21;5;0,15;Website;None
O05523;C0914;P253;2024-10-28;2;0,32;Tokopedia;None
O05524;C0564;P099;2024-08-06;4;0,04;Shopee;12.12
O05525;C0057;P039;2025-10-28;5;0,09;Shopee;Ramadhan
O05526;C0344;P262;2024-04-18;3;0,33;Shopee;12.12
O05527;C0024;P212;2024-01-29;1;0,34;Shopee;11.11
O05528;C0729;P166;2025-06-03;2;0,37;Tokopedia;12.12
O05529;C0973;P134;2024-03-04;1;0,29;App;12.12
O05530;C0834;P178;2024-01-27;1;0,14;App;Ramadhan
O05531;C0674;P216;2025-05-09;4;0,1;Website;Ramadhan
O05532;C0472;P176;2025-05-15;1;0,32;Website;None
O05533;C0767;P151;2025-02-11;1;0,08;App;Ramadhan
O05534;C0905;P115;2025-08-21;4;0,28;Shopee;None
O05535;C0248;P002;2025-12-05;4;0,14;Tokopedia;11.11
O05536;C0526;P205;2025-10-12;2;0,05;Tokopedia;11.11
O05537;C0546;P218;2025-04-02;2;0,22;Tokopedia;12.12
O05538;C0888;P190;2025-01-18;3;0,31;Website;Ramadhan
O05539;C0028;P161;2025-02-24;4;0,34;App;11.11
O05540;C0366;P093;2025-10-14;3;0,14;App;11.11
O05541;C0547;P093;2024-07-28;4;0,13;Shopee;None
O05542;C0533;P184;2024-10-06;5;0,31;Shopee;None
O05543;C0279;P089;2024-01-19;2;0,25;Tokopedia;None
O05544;C0431;P214;2024-05-14;5;0,13;Tokopedia;12.12
O05545;C0085;P221;2025-03-17;4;0,38;Website;None
O05546;C0315;P225;2024-11-29;5;0,11;App;11.11
O05547;C0523;P210;2025-12-06;2;0,35;Tokopedia;Ramadhan
O05548;C0202;P215;2024-03-03;3;0,33;Shopee;None
O05549;C0957;P149;2025-05-08;3;0,21;App;Ramadhan
O05550;C0734;P134;2024-09-27;5;0,07;Website;Ramadhan
O05551;C0100;P003;2025-09-11;1;0,17;Tokopedia;12.12
O05552;C0279;P296;2024-08-20;4;0,22;App;None
O05553;C0134;P038;2024-05-03;3;0,36;App;Ramadhan
O05554;C0432;P027;2025-11-26;5;0,29;Website;None
O05555;C0581;P043;2025-05-26;1;0,09;Tokopedia;11.11
O05556;C0472;P153;2025-08-30;2;0,27;Shopee;Ramadhan
O05557;C0161;P254;2024-02-24;4;0,25;Shopee;None
O05558;C0734;P246;2024-10-04;4;0,13;Shopee;None
O05559;C0495;P017;2024-06-25;4;0,12;App;Ramadhan
O05560;C0233;P221;2025-07-19;3;0,34;Tokopedia;None
O05561;C0513;P024;2024-04-11;4;0,04;Shopee;Ramadhan
O05562;C0234;P261;2025-05-13;3;0,28;Website;12.12
O05563;C0782;P235;2025-06-16;4;0,32;Website;12.12
O05564;C0507;P026;2024-08-22;5;0,15;Website;None
O05565;C0237;P290;2024-11-13;5;0,11;Shopee;11.11
O05566;C0371;P035;2025-07-03;1;0,06;Website;None
O05567;C0729;P113;2025-04-28;2;0,1;App;12.12
O05568;C0208;P275;2025-01-16;2;0,2;App;11.11
O05569;C0702;P257;2024-11-23;3;0,22;Shopee;12.12
O05570;C0607;P224;2025-05-26;3;0,37;Website;11.11
O05571;C0886;P097;2025-02-11;2;0,21;App;None
O05572;C0375;P235;2025-01-22;1;0,37;Shopee;None
O05573;C0533;P035;2024-04-10;1;0,14;App;12.12
O05574;C0620;P217;2024-07-31;5;0,01;App;12.12
O05575;C0944;P133;2024-01-20;3;0,01;Tokopedia;12.12
O05576;C0702;P013;2025-07-20;3;0,06;Website;12.12
O05577;C0926;P159;2024-10-16;2;0,12;Tokopedia;12.12
O05578;C0307;P291;2024-01-01;2;0,24;Shopee;12.12
O05579;C0160;P031;2024-04-01;5;0,17;Tokopedia;None
O05580;C0700;P045;2024-03-29;2;0,24;Website;Ramadhan
O05581;C0783;P289;2025-02-04;2;0,1;Website;11.11
O05582;C0115;P280;2025-06-27;4;0,24;Tokopedia;12.12
O05583;C0089;P259;2024-12-14;1;0,27;App;None
O05584;C0273;P085;2025-09-09;5;0,02;Shopee;Ramadhan
O05585;C0947;P062;2024-08-09;3;0,3;Website;12.12
O05586;C0431;P279;2025-01-22;2;0,13;App;None
O05587;C0442;P144;2025-01-03;4;0,39;Tokopedia;None
O05588;C0176;P007;2024-11-19;5;0,03;Shopee;None
O05589;C0720;P048;2024-04-06;4;0,24;App;None
O05590;C0447;P025;2025-09-04;4;0,1;Tokopedia;11.11
O05591;C0469;P286;2025-11-20;1;0,08;Website;12.12
O05592;C0730;P209;2024-07-21;3;0,06;Shopee;Ramadhan
O05593;C0254;P284;2025-02-25;2;0,37;App;Ramadhan
O05594;C0355;P006;2024-06-01;1;0,01;Tokopedia;11.11
O05595;C0661;P089;2024-02-21;4;0,15;Tokopedia;None
O05596;C0661;P092;2024-07-30;4;0,18;Website;None
O05597;C0239;P002;2024-07-02;3;0,05;Tokopedia;Ramadhan
O05598;C0435;P030;2024-11-21;4;0,2;Website;11.11
O05599;C0139;P249;2025-10-03;3;0,02;Tokopedia;11.11
O05600;C0703;P258;2025-02-14;3;0,4;Tokopedia;None
O05601;C0743;P029;2025-02-26;3;0,32;Shopee;12.12
O05602;C0338;P300;2024-06-11;1;0,12;Website;12.12
O05603;C0792;P277;2025-01-19;3;0,37;Shopee;11.11
O05604;C0032;P295;2024-09-22;5;0,15;Website;12.12
O05605;C0593;P135;2025-11-28;5;0,23;Website;11.11
O05606;C0715;P080;2024-10-05;4;0,09;Shopee;11.11
O05607;C0188;P261;2025-07-22;5;0,28;Tokopedia;Ramadhan
O05608;C0366;P253;2025-11-09;5;0,27;App;11.11
O05609;C0688;P089;2025-11-11;1;0,21;Website;11.11
O05610;C0658;P259;2024-06-20;5;0,13;Shopee;12.12
O05611;C0136;P087;2024-02-16;2;0,24;Website;11.11
O05612;C0378;P021;2024-06-21;4;0,15;App;None
O05613;C0046;P078;2025-03-04;2;0,29;Tokopedia;None
O05614;C0247;P268;2024-08-08;4;0,39;Website;Ramadhan
O05615;C0477;P191;2025-01-30;4;0,32;Website;Ramadhan
O05616;C0618;P207;2024-12-27;4;0,06;Website;12.12
O05617;C0790;P230;2024-01-12;3;0,3;Tokopedia;None
O05618;C0215;P084;2025-04-21;3;0,07;App;None
O05619;C0662;P025;2025-02-06;5;0,36;Shopee;12.12
O05620;C0823;P073;2024-11-17;4;0,32;Shopee;None
O05621;C0164;P146;2025-07-31;2;0,38;Website;Ramadhan
O05622;C0878;P126;2024-08-11;3;0,07;Shopee;None
O05623;C0640;P137;2024-01-22;3;0,2;Website;12.12
O05624;C0851;P280;2025-02-27;2;0,08;App;11.11
O05625;C0691;P144;2024-12-04;1;0,17;App;12.12
O05626;C0274;P032;2024-11-12;5;0,05;Tokopedia;None
O05627;C0135;P080;2024-05-22;2;0,21;Shopee;None
O05628;C0257;P066;2024-09-22;5;0,03;Website;12.12
O05629;C0055;P163;2024-06-05;3;0,25;Shopee;Ramadhan
O05630;C0537;P124;2024-11-06;1;0,02;Shopee;Ramadhan
O05631;C0431;P004;2025-10-11;2;0,23;App;12.12
O05632;C0210;P216;2025-12-03;2;0,17;App;None
O05633;C0040;P157;2025-12-29;2;0,14;Tokopedia;11.11
O05634;C0365;P240;2025-04-10;4;0,32;App;Ramadhan
O05635;C0183;P124;2025-07-06;1;0,12;Shopee;12.12
O05636;C0128;P005;2025-06-26;1;0,05;Tokopedia;Ramadhan
O05637;C0981;P065;2024-10-12;2;0,34;Website;12.12
O05638;C0121;P243;2025-02-11;2;0,39;Shopee;11.11
O05639;C0092;P153;2025-02-01;5;0,23;Shopee;Ramadhan
O05640;C0589;P035;2025-10-31;4;0,09;Tokopedia;11.11
O05641;C0980;P210;2024-08-03;1;0,19;Shopee;11.11
O05642;C0154;P186;2024-12-04;5;0,39;Website;Ramadhan
O05643;C0844;P072;2025-06-11;5;0,36;Website;12.12
O05644;C0809;P247;2025-11-11;5;0,13;Tokopedia;None
O05645;C0156;P069;2025-08-23;3;0,16;Shopee;11.11
O05646;C0939;P123;2025-04-06;2;0,38;Website;Ramadhan
O05647;C0793;P143;2024-05-27;3;0,23;Tokopedia;None
O05648;C0580;P087;2025-02-27;1;0,11;Shopee;12.12
O05649;C0101;P154;2025-11-07;5;0,2;Tokopedia;None
O05650;C0277;P165;2024-03-05;2;0,2;Tokopedia;Ramadhan
O05651;C0120;P152;2024-04-08;2;0,24;App;11.11
O05652;C0085;P150;2024-04-25;1;0,16;App;11.11
O05653;C0299;P053;2024-12-06;2;0,23;Shopee;11.11
O05654;C0605;P181;2024-08-25;2;0,09;App;Ramadhan
O05655;C0727;P025;2025-01-13;5;0,22;App;None
O05656;C0538;P247;2025-02-14;3;0,33;Tokopedia;None
O05657;C0350;P051;2025-06-18;3;0,09;App;Ramadhan
O05658;C0109;P039;2024-03-04;2;0,16;Website;12.12
O05659;C0248;P215;2024-11-23;1;0,05;App;12.12
O05660;C0241;P007;2024-11-23;1;0,14;Website;Ramadhan
O05661;C0910;P169;2024-04-10;3;0,32;Shopee;12.12
O05662;C0566;P289;2025-01-04;5;0,27;Website;12.12
O05663;C0462;P270;2024-03-17;3;0,05;App;11.11
O05664;C0395;P155;2025-01-05;2;0,29;Shopee;Ramadhan
O05665;C0746;P110;2024-03-27;1;0,35;Tokopedia;None
O05666;C0952;P012;2025-02-20;2;0,28;App;11.11
O05667;C0413;P103;2025-10-11;2;0,24;Tokopedia;11.11
O05668;C0389;P186;2024-06-10;4;0,36;Shopee;Ramadhan
O05669;C0392;P283;2024-06-05;4;0,07;Website;Ramadhan
O05670;C0289;P179;2025-07-24;4;0,35;Tokopedia;12.12
O05671;C0778;P194;2024-08-21;4;0,12;Shopee;11.11
O05672;C0902;P267;2025-08-12;2;0,31;Shopee;None
O05673;C0672;P091;2025-06-14;3;0,25;Tokopedia;None
O05674;C0352;P265;2025-10-26;5;0,03;App;None
O05675;C0617;P200;2024-04-30;5;0,23;Website;None
O05676;C0391;P281;2024-12-26;1;0,11;Website;None
O05677;C0036;P112;2025-09-22;4;0,21;Tokopedia;Ramadhan
O05678;C0694;P278;2024-01-24;3;0,39;Shopee;None
O05679;C0250;P007;2025-06-24;1;0,16;Website;11.11
O05680;C0427;P066;2024-05-17;4;0,39;Website;None
O05681;C0102;P247;2025-07-26;3;0,18;Website;None
O05682;C0904;P138;2024-10-01;3;0,38;Tokopedia;11.11
O05683;C0785;P025;2025-07-03;5;0,14;Shopee;11.11
O05684;C0054;P170;2025-08-12;1;0,06;App;12.12
O05685;C0291;P070;2024-10-07;1;0,26;Website;11.11
O05686;C0242;P167;2025-02-18;3;0,13;Tokopedia;11.11
O05687;C0194;P028;2024-03-12;4;0,18;Shopee;None
O05688;C0507;P102;2024-03-16;4;0,33;Website;Ramadhan
O05689;C0252;P215;2024-06-09;5;0,06;Shopee;Ramadhan
O05690;C0194;P122;2024-09-13;5;0,26;Shopee;11.11
O05691;C0328;P165;2024-07-02;5;0,38;Shopee;11.11
O05692;C0368;P030;2025-11-15;1;0,18;Shopee;12.12
O05693;C0999;P196;2025-12-16;1;0;Tokopedia;None
O05694;C0981;P066;2025-11-15;5;0,3;Shopee;11.11
O05695;C0417;P158;2024-11-18;1;0,06;Tokopedia;12.12
O05696;C0017;P117;2024-05-31;3;0,33;Tokopedia;11.11
O05697;C0772;P065;2025-02-11;1;0,07;Website;None
O05698;C0106;P076;2024-08-11;4;0,25;Tokopedia;Ramadhan
O05699;C0427;P142;2025-04-18;1;0,28;Website;12.12
O05700;C0446;P202;2024-08-12;2;0,2;Website;Ramadhan
O05701;C0243;P058;2024-01-24;5;0,12;Tokopedia;Ramadhan
O05702;C0560;P126;2025-08-17;3;0,29;App;11.11
O05703;C0227;P107;2024-04-18;5;0,31;Website;Ramadhan
O05704;C0750;P220;2024-01-09;4;0;Shopee;Ramadhan
O05705;C0372;P243;2025-05-30;2;0;Shopee;Ramadhan
O05706;C0761;P169;2024-08-29;2;0,17;App;12.12
O05707;C0294;P042;2024-02-09;5;0,26;Tokopedia;11.11
O05708;C0252;P165;2025-12-24;1;0,17;Website;12.12
O05709;C0326;P082;2025-07-24;4;0,06;App;None
O05710;C0165;P298;2025-03-31;4;0,12;Website;11.11
O05711;C0172;P080;2025-04-06;1;0,18;Shopee;11.11
O05712;C0724;P231;2025-10-02;5;0,37;Tokopedia;None
O05713;C0470;P062;2024-11-12;5;0,31;Website;11.11
O05714;C0259;P209;2024-07-20;3;0,18;Tokopedia;None
O05715;C0240;P176;2025-06-04;5;0,23;Website;12.12
O05716;C0846;P082;2025-02-20;5;0,01;Shopee;Ramadhan
O05717;C0366;P067;2024-05-10;5;0,35;App;None
O05718;C0359;P154;2025-01-26;5;0,38;Website;12.12
O05719;C0606;P094;2024-03-21;3;0,39;App;11.11
O05720;C0244;P227;2024-07-06;5;0,38;Website;11.11
O05721;C0580;P076;2024-09-01;3;0,21;App;11.11
O05722;C0104;P267;2025-06-08;3;0,34;App;None
O05723;C0244;P006;2025-06-27;5;0,32;Tokopedia;Ramadhan
O05724;C0972;P144;2025-02-09;5;0,08;Tokopedia;None
O05725;C0370;P033;2024-07-06;5;0,39;App;12.12
O05726;C0948;P278;2025-02-13;3;0,21;Tokopedia;12.12
O05727;C0558;P125;2024-11-02;4;0,32;App;11.11
O05728;C0980;P255;2025-02-10;4;0,12;Tokopedia;None
O05729;C0330;P150;2025-07-08;1;0,37;Tokopedia;Ramadhan
O05730;C0333;P193;2025-09-08;3;0,06;App;12.12
O05731;C0592;P295;2025-09-01;3;0,14;Website;11.11
O05732;C0261;P143;2024-04-01;1;0,07;App;None
O05733;C0085;P184;2025-03-15;5;0,26;Website;12.12
O05734;C0367;P150;2024-07-24;4;0,38;Website;Ramadhan
O05735;C0025;P281;2024-06-09;3;0,04;Website;Ramadhan
O05736;C0536;P136;2025-08-06;1;0,01;Website;12.12
O05737;C0440;P043;2024-11-05;2;0,18;Website;12.12
O05738;C0205;P145;2024-06-16;1;0,35;Website;Ramadhan
O05739;C0700;P123;2024-03-19;4;0,2;App;11.11
O05740;C0192;P099;2024-03-16;2;0,05;App;11.11
O05741;C0497;P063;2025-04-25;4;0,08;Tokopedia;12.12
O05742;C0098;P043;2025-08-10;4;0,03;Tokopedia;12.12
O05743;C0950;P282;2025-06-14;2;0,35;App;12.12
O05744;C0895;P090;2024-03-23;5;0,16;Website;Ramadhan
O05745;C0593;P238;2025-04-28;1;0,33;Shopee;Ramadhan
O05746;C0040;P175;2025-10-04;5;0,27;Website;Ramadhan
O05747;C0494;P156;2025-02-11;4;0,4;Shopee;Ramadhan
O05748;C0806;P293;2024-09-02;4;0,06;Website;12.12
O05749;C0726;P158;2024-07-03;3;0,29;App;None
O05750;C0287;P237;2024-03-10;5;0,35;Tokopedia;12.12
O05751;C0129;P044;2024-11-14;1;0,23;Tokopedia;11.11
O05752;C0918;P254;2024-04-07;1;0,28;App;11.11
O05753;C0724;P155;2024-06-15;2;0,14;Tokopedia;11.11
O05754;C0315;P159;2025-10-24;3;0,07;Tokopedia;Ramadhan
O05755;C0532;P032;2025-01-12;5;0,29;Website;Ramadhan
O05756;C0617;P298;2024-01-11;3;0,2;Tokopedia;Ramadhan
O05757;C0882;P064;2024-08-19;1;0,13;Shopee;None
O05758;C0430;P076;2024-12-05;1;0,37;App;None
O05759;C0487;P278;2025-02-08;1;0,19;App;Ramadhan
O05760;C0874;P271;2024-03-21;5;0,19;Shopee;Ramadhan
O05761;C0861;P281;2024-09-15;5;0,17;Tokopedia;None
O05762;C0947;P127;2024-07-29;5;0,06;Shopee;None
O05763;C0112;P037;2024-10-05;5;0,12;Website;12.12
O05764;C0906;P115;2024-03-09;1;0,38;Tokopedia;Ramadhan
O05765;C0039;P172;2025-06-19;4;0,09;Shopee;None
O05766;C0992;P152;2024-09-12;3;0,18;Shopee;12.12
O05767;C0494;P134;2024-08-28;1;0,02;Tokopedia;Ramadhan
O05768;C0245;P160;2024-08-21;5;0,32;Website;12.12
O05769;C0173;P151;2024-03-22;5;0,3;Website;Ramadhan
O05770;C0144;P015;2025-12-14;4;0,02;Website;Ramadhan
O05771;C0859;P171;2025-11-04;4;0,27;Tokopedia;11.11
O05772;C0165;P161;2024-12-01;2;0,37;Shopee;None
O05773;C0881;P183;2025-07-06;4;0,14;App;11.11
O05774;C0260;P196;2025-09-20;2;0,15;Website;None
O05775;C0279;P256;2024-09-17;4;0,01;Shopee;Ramadhan
O05776;C0583;P270;2025-09-16;1;0,07;Tokopedia;12.12
O05777;C0551;P202;2024-09-21;3;0,03;Tokopedia;None
O05778;C0954;P169;2024-05-01;5;0,03;App;Ramadhan
O05779;C0889;P266;2025-09-24;5;0,05;Tokopedia;11.11
O05780;C0711;P254;2025-08-16;5;0,02;Website;Ramadhan
O05781;C0151;P192;2024-03-03;5;0,19;Shopee;12.12
O05782;C0560;P231;2024-09-24;1;0,28;Tokopedia;None
O05783;C0564;P056;2024-01-25;3;0,16;Shopee;None
O05784;C0556;P200;2024-02-15;1;0,31;Shopee;None
O05785;C0901;P294;2025-04-27;5;0,23;Shopee;12.12
O05786;C0381;P165;2025-04-22;2;0,18;Shopee;None
O05787;C0161;P091;2025-08-16;3;0,26;Website;Ramadhan
O05788;C0085;P237;2025-07-04;5;0,31;App;Ramadhan
O05789;C0046;P150;2024-11-24;1;0,1;Website;None
O05790;C0948;P136;2025-11-05;2;0,16;Website;12.12
O05791;C0801;P165;2025-06-13;4;0,16;App;11.11
O05792;C0432;P206;2025-09-21;3;0,15;App;None
O05793;C0684;P057;2025-11-12;1;0,01;App;None
O05794;C0992;P077;2025-01-05;4;0,3;Website;None
O05795;C0874;P236;2024-11-03;3;0,14;Website;12.12
O05796;C0221;P053;2025-08-17;1;0,32;Tokopedia;Ramadhan
O05797;C0121;P001;2025-11-20;3;0,08;Shopee;None
O05798;C0498;P121;2024-04-14;2;0,19;Shopee;Ramadhan
O05799;C0463;P083;2024-06-17;5;0,01;Tokopedia;11.11
O05800;C0099;P086;2024-11-09;3;0,16;Shopee;None
O05801;C0843;P045;2025-09-15;3;0,12;Tokopedia;12.12
O05802;C0671;P223;2025-10-23;5;0,34;Website;12.12
O05803;C0148;P088;2024-11-17;1;0,19;Tokopedia;11.11
O05804;C0709;P167;2025-06-28;3;0,15;App;Ramadhan
O05805;C0516;P175;2025-05-17;3;0,35;App;12.12
O05806;C0488;P154;2024-10-04;3;0,03;Website;12.12
O05807;C0508;P014;2024-04-29;5;0,31;App;Ramadhan
O05808;C0130;P238;2025-09-10;2;0,06;Website;12.12
O05809;C0343;P166;2024-12-14;1;0,19;Shopee;None
O05810;C0560;P093;2025-01-27;4;0,25;Shopee;11.11
O05811;C0505;P155;2025-07-27;3;0,15;Website;11.11
O05812;C0442;P048;2025-03-20;3;0,3;App;12.12
O05813;C0460;P109;2025-01-20;2;0,2;Tokopedia;12.12
O05814;C0391;P202;2024-06-25;2;0;Shopee;Ramadhan
O05815;C0425;P143;2025-04-23;4;0,08;Shopee;Ramadhan
O05816;C0735;P149;2025-05-17;3;0,2;Website;11.11
O05817;C0801;P028;2024-05-23;3;0,37;Website;Ramadhan
O05818;C0630;P300;2025-02-08;2;0,35;Shopee;None
O05819;C0234;P221;2025-11-27;5;0,16;Website;Ramadhan
O05820;C0064;P090;2024-05-21;2;0,07;Shopee;None
O05821;C0576;P223;2024-11-08;1;0,26;App;12.12
O05822;C0676;P066;2024-09-17;1;0,02;App;Ramadhan
O05823;C0472;P236;2024-07-07;4;0,06;Shopee;Ramadhan
O05824;C0339;P203;2024-06-10;3;0,18;Shopee;11.11
O05825;C0732;P162;2025-02-15;4;0,3;App;12.12
O05826;C0731;P251;2024-07-17;4;0,01;Shopee;12.12
O05827;C0172;P156;2025-03-25;5;0,35;App;None
O05828;C0845;P002;2025-06-24;4;0,08;App;Ramadhan
O05829;C0089;P074;2024-10-27;1;0,16;Website;Ramadhan
O05830;C0681;P207;2024-08-30;3;0,29;Website;11.11
O05831;C0722;P284;2025-12-05;4;0,01;Shopee;12.12
O05832;C0568;P253;2024-02-24;5;0,15;App;11.11
O05833;C0311;P128;2025-10-06;4;0,14;Website;None
O05834;C0606;P292;2025-07-23;2;0,24;App;11.11
O05835;C0738;P241;2025-06-15;1;0,24;Shopee;None
O05836;C0783;P292;2025-02-27;5;0,26;App;Ramadhan
O05837;C0515;P100;2024-11-02;3;0,31;Shopee;11.11
O05838;C0824;P251;2025-12-28;5;0,31;Tokopedia;12.12
O05839;C0148;P209;2024-06-04;5;0,09;Shopee;Ramadhan
O05840;C0007;P133;2024-05-14;4;0,22;Tokopedia;11.11
O05841;C0686;P039;2025-12-24;5;0,26;Website;None
O05842;C0234;P041;2024-10-24;3;0,1;Shopee;11.11
O05843;C0954;P200;2024-09-14;2;0,12;Shopee;12.12
O05844;C0745;P073;2025-11-15;3;0,27;Website;Ramadhan
O05845;C0458;P016;2024-01-20;1;0,25;Tokopedia;11.11
O05846;C0456;P126;2024-05-25;5;0,38;Website;11.11
O05847;C0544;P215;2024-05-11;1;0,38;Tokopedia;None
O05848;C0318;P044;2025-08-15;1;0,16;Website;11.11
O05849;C0725;P170;2024-10-04;1;0,17;Shopee;Ramadhan
O05850;C0727;P239;2024-08-23;1;0,39;Tokopedia;12.12
O05851;C0541;P217;2024-04-03;5;0,02;App;Ramadhan
O05852;C0255;P235;2024-10-05;2;0,02;Shopee;None
O05853;C0087;P122;2025-12-09;2;0,35;Tokopedia;11.11
O05854;C0624;P059;2024-08-01;1;0,04;Website;Ramadhan
O05855;C0024;P299;2024-11-16;2;0,03;Tokopedia;11.11
O05856;C0908;P224;2024-06-05;5;0,28;App;Ramadhan
O05857;C0492;P261;2025-07-02;1;0,09;Website;None
O05858;C0880;P245;2024-08-11;5;0,05;Tokopedia;12.12
O05859;C0641;P283;2025-08-30;2;0,23;Tokopedia;11.11
O05860;C0081;P115;2025-10-11;1;0,22;Tokopedia;11.11
O05861;C0971;P121;2025-07-26;3;0,04;Website;None
O05862;C0434;P067;2024-05-16;4;0,18;Shopee;None
O05863;C0635;P142;2025-08-02;4;0,3;Website;12.12
O05864;C0537;P022;2025-03-16;4;0,19;Shopee;None
O05865;C0068;P045;2024-05-03;2;0,3;App;None
O05866;C0799;P229;2024-01-07;1;0,11;App;None
O05867;C0653;P060;2024-09-07;1;0,15;Shopee;11.11
O05868;C0121;P024;2025-09-06;5;0,02;App;12.12
O05869;C0183;P079;2024-09-10;5;0,27;Website;12.12
O05870;C0241;P155;2025-03-28;4;0,3;App;Ramadhan
O05871;C0923;P224;2025-10-27;2;0,25;Website;None
O05872;C0805;P104;2025-02-15;4;0,3;Tokopedia;Ramadhan
O05873;C0687;P008;2024-09-03;4;0,27;Website;12.12
O05874;C0336;P022;2024-05-02;3;0,33;Shopee;None
O05875;C0442;P043;2024-03-16;2;0,31;App;11.11
O05876;C0872;P095;2024-02-15;3;0,3;Shopee;Ramadhan
O05877;C0914;P138;2024-05-20;4;0,3;Website;11.11
O05878;C0883;P021;2025-08-18;2;0,16;Shopee;Ramadhan
O05879;C0617;P095;2025-07-14;4;0,37;App;None
O05880;C0025;P113;2024-11-07;1;0,2;Website;11.11
O05881;C0462;P026;2025-10-12;3;0,08;Website;12.12
O05882;C0272;P280;2024-07-16;2;0,27;App;None
O05883;C0330;P110;2025-01-05;5;0,24;App;11.11
O05884;C0934;P088;2025-08-07;1;0,32;Tokopedia;Ramadhan
O05885;C0984;P077;2024-12-21;1;0,04;Tokopedia;11.11
O05886;C0153;P125;2024-06-30;2;0,02;Tokopedia;Ramadhan
O05887;C0638;P235;2024-05-20;5;0,29;Website;Ramadhan
O05888;C0629;P115;2025-07-27;3;0,21;Website;12.12
O05889;C0160;P174;2024-12-15;3;0,3;Tokopedia;12.12
O05890;C0795;P079;2025-07-27;3;0,34;Website;12.12
O05891;C0846;P130;2025-07-02;2;0,17;Website;None
O05892;C0952;P296;2024-07-22;1;0,08;Website;Ramadhan
O05893;C0137;P171;2025-02-24;4;0,22;Tokopedia;11.11
O05894;C0177;P115;2025-01-17;1;0,19;Shopee;None
O05895;C0022;P287;2024-04-19;1;0,25;Tokopedia;None
O05896;C0534;P233;2024-12-27;2;0,04;App;None
O05897;C0259;P259;2025-01-18;5;0,27;App;None
O05898;C0021;P277;2024-09-22;2;0,04;Shopee;12.12
O05899;C0163;P072;2024-05-17;5;0,33;App;12.12
O05900;C0337;P201;2024-08-29;2;0,04;Shopee;None
O05901;C0170;P285;2024-03-20;2;0,11;Website;12.12
O05902;C0417;P050;2025-12-16;3;0,13;Website;Ramadhan
O05903;C0623;P022;2024-03-28;1;0,11;Shopee;11.11
O05904;C0605;P199;2024-03-24;4;0,31;Website;Ramadhan
O05905;C0315;P145;2025-03-28;2;0,36;Website;Ramadhan
O05906;C0512;P273;2024-03-30;3;0,07;Website;12.12
O05907;C0417;P135;2025-08-15;5;0,16;Tokopedia;12.12
O05908;C0681;P090;2024-12-24;5;0,35;Tokopedia;Ramadhan
O05909;C1000;P097;2024-05-13;2;0,4;Shopee;11.11
O05910;C0315;P197;2025-06-23;3;0,27;Shopee;11.11
O05911;C0259;P194;2025-02-05;1;0,39;Tokopedia;Ramadhan
O05912;C0324;P219;2025-12-28;5;0,31;App;Ramadhan
O05913;C0696;P238;2024-04-07;3;0,05;Website;Ramadhan
O05914;C0909;P169;2025-10-04;5;0,39;Tokopedia;12.12
O05915;C0899;P134;2024-04-06;4;0,15;App;11.11
O05916;C0095;P155;2025-02-06;2;0,35;Website;12.12
O05917;C0732;P071;2025-11-24;5;0,02;Tokopedia;None
O05918;C0791;P228;2024-08-12;3;0,05;App;11.11
O05919;C0412;P062;2024-08-13;3;0,13;Website;11.11
O05920;C0125;P076;2025-01-01;1;0,04;Shopee;Ramadhan
O05921;C0473;P248;2024-01-17;2;0,35;App;11.11
O05922;C0134;P183;2025-05-17;2;0,2;Website;11.11
O05923;C0378;P206;2024-06-14;1;0,39;Website;Ramadhan
O05924;C0929;P053;2025-02-15;4;0,31;App;Ramadhan
O05925;C0787;P006;2024-10-11;1;0,29;Website;Ramadhan
O05926;C0239;P123;2025-11-17;2;0,26;App;11.11
O05927;C0444;P250;2025-09-26;1;0,17;Website;Ramadhan
O05928;C0845;P280;2024-12-28;2;0,14;Shopee;None
O05929;C0838;P240;2025-04-13;3;0,16;Shopee;11.11
O05930;C0779;P098;2024-04-04;1;0,31;Website;12.12
O05931;C0314;P145;2025-05-13;4;0,1;Shopee;12.12
O05932;C0047;P120;2025-10-10;1;0,29;Tokopedia;Ramadhan
O05933;C0587;P296;2024-12-07;2;0,24;Website;None
O05934;C0332;P295;2024-11-30;4;0,27;Shopee;Ramadhan
O05935;C0712;P073;2024-11-27;3;0,35;Shopee;None
O05936;C0421;P030;2024-04-19;3;0,32;Website;None
O05937;C0879;P089;2025-11-15;1;0,01;Tokopedia;11.11
O05938;C0397;P059;2025-11-09;3;0,29;Tokopedia;12.12
O05939;C0218;P026;2024-03-17;4;0,23;Shopee;None
O05940;C0227;P170;2025-02-04;1;0,2;Shopee;None
O05941;C0917;P256;2024-08-02;5;0,21;App;12.12
O05942;C0974;P039;2024-05-27;3;0,24;Website;11.11
O05943;C0927;P257;2024-03-02;3;0,32;Tokopedia;None
O05944;C0938;P293;2024-04-22;4;0,09;Website;Ramadhan
O05945;C0778;P281;2024-07-15;2;0,19;Shopee;None
O05946;C0828;P248;2024-07-26;5;0,12;Website;Ramadhan
O05947;C0514;P079;2025-10-02;1;0,12;Tokopedia;None
O05948;C0811;P177;2024-04-04;5;0,32;Tokopedia;12.12
O05949;C0748;P040;2024-07-18;3;0;Tokopedia;11.11
O05950;C0796;P007;2025-12-18;5;0,12;App;Ramadhan
O05951;C0629;P183;2024-02-21;2;0,28;Website;11.11
O05952;C0029;P272;2025-11-08;4;0,13;Shopee;12.12
O05953;C0264;P121;2025-03-24;5;0,21;Shopee;12.12
O05954;C0027;P004;2024-11-13;3;0,08;Shopee;11.11
O05955;C0340;P182;2024-07-17;5;0,04;App;12.12
O05956;C0107;P109;2024-01-12;3;0,16;Website;11.11
O05957;C0611;P179;2025-04-08;2;0,09;Shopee;12.12
O05958;C0787;P038;2025-08-03;3;0,15;App;11.11
O05959;C0323;P135;2025-01-07;5;0,17;Tokopedia;Ramadhan
O05960;C0346;P115;2025-12-22;4;0,1;Shopee;12.12
O05961;C0197;P161;2025-08-04;3;0,18;Tokopedia;None
O05962;C0293;P164;2025-07-30;5;0,06;Website;11.11
O05963;C0257;P257;2025-02-09;4;0,05;Website;None
O05964;C0653;P230;2024-08-05;5;0,21;Tokopedia;11.11
O05965;C0677;P204;2025-07-22;4;0,26;App;12.12
O05966;C0621;P205;2024-06-19;1;0,05;Shopee;Ramadhan
O05967;C0442;P194;2024-01-27;4;0,32;Website;11.11
O05968;C0968;P065;2025-06-07;4;0,09;Tokopedia;None
O05969;C0415;P132;2025-09-09;1;0,16;App;11.11
O05970;C0857;P266;2024-10-21;2;0,02;Tokopedia;12.12
O05971;C0474;P154;2024-01-08;4;0,04;Shopee;None
O05972;C0343;P226;2024-10-20;1;0,04;App;12.12
O05973;C0321;P203;2025-09-09;5;0;App;11.11
O05974;C0258;P008;2025-08-04;5;0,35;Tokopedia;11.11
O05975;C0759;P217;2025-01-18;2;0,32;Tokopedia;None
O05976;C0122;P262;2024-02-22;1;0,16;App;None
O05977;C0605;P246;2025-12-21;1;0,13;Tokopedia;12.12
O05978;C0668;P252;2024-06-06;4;0,22;Website;12.12
O05979;C0777;P271;2024-10-10;2;0,2;Shopee;Ramadhan
O05980;C0187;P063;2025-10-19;2;0,13;Shopee;12.12
O05981;C0479;P108;2025-12-16;5;0,33;Shopee;None
O05982;C0341;P167;2024-11-03;2;0,29;Website;None
O05983;C0240;P159;2024-10-27;2;0,3;Shopee;Ramadhan
O05984;C0845;P164;2025-01-19;5;0,38;Website;None
O05985;C0660;P149;2024-07-10;1;0,14;App;None
O05986;C0338;P208;2024-08-03;1;0,09;App;None
O05987;C0880;P135;2025-09-01;3;0,4;Website;12.12
O05988;C0244;P156;2024-02-01;4;0,4;Shopee;12.12
O05989;C0094;P208;2024-01-02;2;0,24;Website;Ramadhan
O05990;C0541;P117;2024-10-09;1;0,37;Shopee;11.11
O05991;C0061;P195;2025-05-10;4;0,01;Website;11.11
O05992;C0392;P225;2025-08-12;5;0,39;App;11.11
O05993;C0881;P141;2024-01-12;2;0,07;Tokopedia;None
O05994;C0781;P179;2025-01-10;2;0,36;Tokopedia;12.12
O05995;C0285;P002;2025-06-21;3;0,13;Tokopedia;12.12
O05996;C0667;P157;2025-12-23;5;0,05;Tokopedia;None
O05997;C0906;P128;2025-06-05;1;0,28;Tokopedia;None
O05998;C0115;P046;2025-05-10;2;0,27;App;11.11
O05999;C0650;P246;2025-04-01;3;0,26;Tokopedia;11.11
O06000;C0224;P092;2024-10-03;3;0,25;Website;Ramadhan
O06001;C0437;P036;2025-01-28;2;0,21;Website;12.12
O06002;C0382;P125;2025-11-07;2;0,37;Website;11.11
O06003;C0328;P289;2024-05-11;1;0,26;Tokopedia;11.11
O06004;C0554;P115;2025-05-30;5;0,34;Tokopedia;None
O06005;C0668;P187;2025-12-17;2;0,39;Shopee;12.12
O06006;C0450;P206;2024-03-30;1;0,32;Website;12.12
O06007;C0541;P093;2025-04-22;5;0,06;Shopee;Ramadhan
O06008;C0117;P007;2025-09-20;2;0,05;Website;12.12
O06009;C0281;P297;2025-04-06;4;0,03;App;Ramadhan
O06010;C0107;P234;2025-02-11;1;0,25;Website;11.11
O06011;C0591;P096;2024-06-14;1;0,33;Shopee;11.11
O06012;C0189;P259;2025-04-04;3;0,32;Website;12.12
O06013;C0816;P082;2025-11-14;2;0,16;App;Ramadhan
O06014;C0862;P021;2025-05-13;2;0,37;Tokopedia;None
O06015;C0488;P082;2025-05-18;5;0,03;Shopee;None
O06016;C0208;P285;2024-02-08;5;0,09;App;12.12
O06017;C0430;P231;2024-07-02;1;0,12;Tokopedia;None
O06018;C0836;P292;2025-08-15;4;0,03;Tokopedia;12.12
O06019;C0860;P149;2025-07-31;3;0,18;Tokopedia;None
O06020;C0363;P213;2025-02-15;1;0,24;App;12.12
O06021;C0793;P081;2025-02-07;2;0,17;Shopee;11.11
O06022;C0108;P148;2025-12-29;5;0,32;Shopee;12.12
O06023;C0273;P060;2024-03-22;5;0,26;Website;11.11
O06024;C0398;P220;2024-06-17;2;0,22;Website;Ramadhan
O06025;C0660;P177;2025-10-08;5;0,2;Tokopedia;11.11
O06026;C0384;P280;2024-02-26;3;0,16;Website;11.11
O06027;C0242;P294;2025-04-25;5;0,26;Website;12.12
O06028;C0002;P078;2024-10-19;1;0,38;App;Ramadhan
O06029;C0844;P179;2025-01-18;1;0,03;App;12.12
O06030;C0584;P204;2024-10-07;3;0,25;Website;None
O06031;C0471;P048;2025-11-25;2;0,04;Shopee;11.11
O06032;C0178;P113;2024-01-10;1;0,22;App;12.12
O06033;C0470;P207;2024-10-20;1;0,14;App;11.11
O06034;C0885;P230;2025-01-14;3;0,12;Tokopedia;12.12
O06035;C0416;P238;2024-08-23;1;0,08;Tokopedia;Ramadhan
O06036;C0738;P039;2024-05-10;5;0,09;Shopee;11.11
O06037;C0958;P268;2025-12-01;1;0,34;Shopee;12.12
O06038;C0067;P025;2024-10-25;5;0,18;Website;11.11
O06039;C0969;P096;2025-05-20;4;0,24;App;Ramadhan
O06040;C0724;P267;2025-03-10;2;0,2;Tokopedia;11.11
O06041;C0512;P188;2024-06-18;4;0,39;Tokopedia;11.11
O06042;C0049;P296;2024-09-23;3;0,25;App;12.12
O06043;C0475;P058;2024-09-25;2;0,05;Tokopedia;11.11
O06044;C0264;P031;2025-06-17;2;0,39;Website;None
O06045;C0734;P010;2024-12-27;1;0,22;Tokopedia;11.11
O06046;C0685;P089;2024-11-26;3;0,06;Website;None
O06047;C0127;P075;2025-05-17;4;0,36;Shopee;None
O06048;C0052;P277;2024-04-03;1;0,13;App;12.12
O06049;C0610;P172;2025-05-15;3;0,22;Shopee;11.11
O06050;C0596;P279;2024-07-14;5;0,07;Website;11.11
O06051;C0814;P030;2024-07-09;2;0,38;App;None
O06052;C0717;P277;2025-03-30;4;0,37;Shopee;12.12
O06053;C0399;P075;2024-03-07;1;0,39;Website;11.11
O06054;C0006;P089;2024-01-17;3;0,39;Tokopedia;11.11
O06055;C0834;P166;2025-09-24;1;0,03;Shopee;11.11
O06056;C0232;P084;2025-12-04;1;0,34;Tokopedia;11.11
O06057;C0009;P078;2024-02-24;1;0,09;Tokopedia;12.12
O06058;C0110;P020;2024-05-11;5;0,37;Website;None
O06059;C0424;P070;2025-05-28;5;0,28;Tokopedia;Ramadhan
O06060;C0336;P126;2025-04-23;4;0,37;Shopee;12.12
O06061;C0085;P160;2025-02-11;3;0,12;Shopee;Ramadhan
O06062;C0031;P064;2024-02-24;1;0,26;Shopee;11.11
O06063;C0281;P234;2025-05-20;1;0,22;App;None
O06064;C0880;P292;2024-03-17;5;0,09;Website;12.12
O06065;C0749;P067;2025-08-19;5;0,32;Tokopedia;None
O06066;C0977;P272;2024-07-30;2;0,33;Website;Ramadhan
O06067;C0063;P043;2024-10-01;1;0,2;App;Ramadhan
O06068;C0868;P063;2025-09-19;1;0,03;Shopee;12.12
O06069;C0546;P033;2025-09-16;1;0,22;Website;Ramadhan
O06070;C0274;P087;2024-01-16;2;0,05;App;11.11
O06071;C0324;P057;2024-08-15;5;0,29;Shopee;12.12
O06072;C0029;P201;2024-12-04;3;0,35;Website;11.11
O06073;C0884;P024;2025-12-26;4;0;App;Ramadhan
O06074;C0662;P056;2024-07-16;3;0,09;App;Ramadhan
O06075;C0461;P053;2024-03-05;1;0,13;Website;11.11
O06076;C0680;P286;2025-04-18;1;0,21;Shopee;Ramadhan
O06077;C0073;P246;2025-06-12;5;0,05;Shopee;Ramadhan
O06078;C0355;P184;2025-06-23;1;0,05;Website;12.12
O06079;C0244;P027;2025-10-14;2;0,16;Tokopedia;Ramadhan
O06080;C0472;P044;2025-08-04;5;0,27;App;None
O06081;C0515;P240;2025-03-22;3;0,29;App;Ramadhan
O06082;C0521;P080;2025-04-06;2;0,16;Website;None
O06083;C0826;P010;2024-07-22;4;0,18;Shopee;Ramadhan
O06084;C0523;P196;2024-11-05;2;0,23;Website;Ramadhan
O06085;C0981;P156;2024-07-02;3;0,1;Tokopedia;Ramadhan
O06086;C0025;P237;2025-09-08;1;0,29;Shopee;11.11
O06087;C0256;P266;2024-08-31;4;0,08;Tokopedia;12.12
O06088;C0651;P014;2025-09-11;3;0,28;App;Ramadhan
O06089;C0378;P052;2025-02-17;2;0,08;Website;None
O06090;C0466;P260;2025-02-25;5;0,36;Shopee;11.11
O06091;C0158;P035;2024-06-26;1;0,27;Shopee;None
O06092;C0440;P108;2024-11-05;5;0,1;Website;11.11
O06093;C0720;P101;2025-01-13;2;0,18;Website;12.12
O06094;C0627;P300;2025-08-02;2;0,35;Shopee;None
O06095;C0073;P193;2025-12-02;5;0,02;Tokopedia;Ramadhan
O06096;C0972;P034;2025-03-27;1;0,08;Shopee;None
O06097;C0852;P171;2025-10-09;2;0,23;Tokopedia;12.12
O06098;C0773;P266;2025-10-30;1;0,05;Shopee;None
O06099;C0941;P291;2025-09-09;2;0,28;Website;None
O06100;C0777;P270;2024-02-25;5;0,23;Shopee;None
O06101;C0690;P015;2025-01-05;5;0,34;Website;Ramadhan
O06102;C0091;P059;2024-10-18;2;0,05;Website;11.11
O06103;C0954;P297;2025-11-04;3;0,13;App;None
O06104;C0847;P101;2025-05-04;4;0,35;Shopee;11.11
O06105;C0634;P232;2025-01-27;1;0,35;Shopee;Ramadhan
O06106;C0934;P092;2025-09-13;2;0,22;App;12.12
O06107;C0242;P045;2024-12-01;4;0,17;Shopee;None
O06108;C0896;P213;2025-08-26;2;0,37;Website;Ramadhan
O06109;C0514;P046;2025-02-18;5;0,08;App;Ramadhan
O06110;C0783;P264;2025-04-01;5;0,06;Website;Ramadhan
O06111;C0103;P047;2025-03-29;1;0,27;App;Ramadhan
O06112;C0906;P250;2025-07-17;4;0,16;Tokopedia;None
O06113;C0929;P035;2025-12-13;2;0,27;Tokopedia;Ramadhan
O06114;C0624;P162;2024-09-08;3;0,03;Website;11.11
O06115;C0969;P108;2024-12-11;3;0,06;App;12.12
O06116;C0689;P159;2025-10-24;1;0,19;Shopee;None
O06117;C0713;P246;2025-03-26;4;0,33;Shopee;12.12
O06118;C0604;P022;2024-03-15;3;0,01;Shopee;11.11
O06119;C0177;P176;2025-06-07;2;0,03;App;12.12
O06120;C0012;P161;2024-07-07;2;0,15;Shopee;None
O06121;C0005;P038;2025-05-11;2;0,1;Tokopedia;12.12
O06122;C0440;P012;2024-10-22;2;0,31;App;11.11
O06123;C0104;P185;2024-12-31;4;0,39;Shopee;11.11
O06124;C0049;P014;2024-08-07;1;0,14;Shopee;12.12
O06125;C0289;P252;2024-01-02;2;0,25;App;11.11
O06126;C0211;P250;2024-05-09;4;0,33;Website;12.12
O06127;C0826;P049;2025-11-18;4;0,33;Website;11.11
O06128;C0618;P228;2024-01-18;2;0,06;Website;None
O06129;C0746;P055;2025-09-14;1;0,24;Tokopedia;12.12
O06130;C0258;P249;2025-08-21;5;0,08;App;Ramadhan
O06131;C0387;P160;2024-08-02;3;0;Shopee;None
O06132;C0112;P034;2025-09-29;1;0,01;Tokopedia;11.11
O06133;C0286;P024;2024-04-04;4;0,39;App;Ramadhan
O06134;C0884;P290;2024-09-24;4;0,24;Website;None
O06135;C0576;P090;2024-11-27;3;0,17;Tokopedia;11.11
O06136;C0287;P001;2024-02-12;1;0,07;Tokopedia;None
O06137;C0585;P186;2024-06-28;5;0,03;Website;12.12
O06138;C0790;P203;2024-01-20;1;0,03;App;None
O06139;C0258;P015;2024-12-22;5;0,16;Tokopedia;11.11
O06140;C0192;P209;2024-08-14;2;0,16;App;Ramadhan
O06141;C0116;P066;2025-03-11;2;0,11;Shopee;None
O06142;C0314;P198;2025-03-16;1;0,26;App;11.11
O06143;C0162;P193;2024-05-23;1;0,34;Tokopedia;Ramadhan
O06144;C0316;P072;2024-07-10;2;0,24;Website;11.11
O06145;C0385;P200;2024-09-07;4;0,28;Tokopedia;11.11
O06146;C0584;P070;2025-05-06;3;0,36;App;12.12
O06147;C0649;P094;2025-09-21;2;0,37;Shopee;Ramadhan
O06148;C0480;P281;2025-09-20;2;0,21;App;None
O06149;C0836;P058;2024-10-21;5;0,33;App;11.11
O06150;C0188;P163;2025-12-30;3;0,13;Shopee;Ramadhan
O06151;C0302;P200;2024-11-24;4;0,38;Tokopedia;None
O06152;C0868;P116;2024-02-01;4;0,26;Website;None
O06153;C0687;P205;2025-10-07;1;0,21;Shopee;None
O06154;C0760;P244;2025-09-22;2;0,4;Tokopedia;11.11
O06155;C0358;P084;2024-04-17;3;0,32;Tokopedia;None
O06156;C0019;P079;2025-06-07;1;0,35;App;12.12
O06157;C0210;P207;2025-06-03;2;0,02;Shopee;None
O06158;C0927;P246;2025-01-29;1;0,21;Tokopedia;12.12
O06159;C0973;P048;2025-08-15;5;0,05;Website;12.12
O06160;C0113;P077;2025-10-10;3;0,06;Website;12.12
O06161;C0293;P243;2025-03-19;1;0,23;Shopee;None
O06162;C0682;P073;2024-09-22;2;0,22;Tokopedia;11.11
O06163;C0865;P250;2025-03-17;2;0,01;Tokopedia;11.11
O06164;C0791;P211;2024-09-20;4;0,25;Tokopedia;None
O06165;C0902;P194;2024-01-30;2;0,23;App;Ramadhan
O06166;C0710;P300;2024-08-09;5;0,31;Tokopedia;None
O06167;C0153;P297;2025-02-02;3;0,13;Shopee;11.11
O06168;C0743;P144;2025-10-31;5;0,19;Website;Ramadhan
O06169;C0525;P293;2025-10-08;4;0,23;Website;12.12
O06170;C0968;P017;2024-09-08;4;0,18;Tokopedia;11.11
O06171;C0162;P004;2025-08-06;1;0,22;Shopee;Ramadhan
O06172;C0321;P135;2025-06-15;3;0,17;App;Ramadhan
O06173;C0428;P081;2024-01-29;3;0;App;Ramadhan
O06174;C0249;P025;2025-11-12;3;0,16;App;None
O06175;C0833;P182;2025-07-23;2;0,27;Website;Ramadhan
O06176;C0481;P186;2025-12-23;2;0,03;Shopee;12.12
O06177;C0144;P016;2025-04-03;3;0,25;Shopee;Ramadhan
O06178;C0812;P176;2025-02-20;2;0,18;Website;None
O06179;C0463;P054;2025-01-06;4;0,13;Website;11.11
O06180;C0517;P143;2024-11-22;3;0,38;Tokopedia;Ramadhan
O06181;C0166;P091;2025-04-10;1;0,32;Tokopedia;Ramadhan
O06182;C0982;P268;2025-07-01;2;0,35;App;None
O06183;C0068;P148;2024-07-20;1;0,29;Tokopedia;11.11
O06184;C0379;P261;2024-06-01;3;0,16;Website;None
O06185;C0362;P059;2025-06-20;3;0,27;Tokopedia;None
O06186;C0167;P109;2025-11-20;2;0,03;Tokopedia;None
O06187;C0337;P082;2025-09-22;4;0,21;Tokopedia;None
O06188;C0090;P223;2024-12-31;5;0,12;App;Ramadhan
O06189;C0279;P028;2025-09-06;5;0,35;Website;None
O06190;C0758;P186;2024-12-17;2;0,36;Tokopedia;11.11
O06191;C0171;P114;2024-07-10;5;0,07;Website;12.12
O06192;C0351;P081;2024-01-11;2;0,26;Shopee;Ramadhan
O06193;C0883;P111;2025-01-15;2;0,27;Shopee;None
O06194;C0897;P272;2025-09-06;3;0,33;Website;11.11
O06195;C0598;P161;2024-09-11;1;0,13;Tokopedia;Ramadhan
O06196;C0903;P174;2024-12-15;5;0,04;Website;11.11
O06197;C0046;P118;2025-03-24;3;0,31;Shopee;12.12
O06198;C0949;P140;2025-12-03;3;0,36;Website;None
O06199;C0028;P159;2025-09-02;5;0,09;App;11.11
O06200;C0839;P051;2024-07-14;4;0,13;App;None
O06201;C0233;P116;2025-07-23;4;0,22;Website;None
O06202;C0917;P120;2025-06-09;2;0,33;App;11.11
O06203;C0373;P198;2025-04-17;4;0,2;Tokopedia;Ramadhan
O06204;C0181;P052;2025-06-25;4;0,28;App;Ramadhan
O06205;C0207;P061;2025-12-12;5;0,26;Shopee;11.11
O06206;C0767;P190;2024-08-22;1;0,03;Website;12.12
O06207;C0239;P282;2025-04-18;5;0,39;Shopee;12.12
O06208;C0761;P171;2024-07-03;1;0,25;Tokopedia;11.11
O06209;C0713;P041;2025-10-24;1;0,28;Tokopedia;12.12
O06210;C0014;P092;2024-11-30;1;0,26;Tokopedia;11.11
O06211;C0074;P217;2025-12-23;5;0,33;Tokopedia;12.12
O06212;C0484;P074;2024-04-26;5;0,08;Shopee;12.12
O06213;C0016;P007;2025-06-12;2;0,31;Shopee;Ramadhan
O06214;C0716;P244;2024-07-22;2;0,26;Website;Ramadhan
O06215;C0936;P139;2025-04-08;2;0,14;Website;11.11
O06216;C0028;P165;2024-12-25;3;0,07;Website;Ramadhan
O06217;C0038;P269;2025-09-11;2;0,1;App;11.11
O06218;C0617;P130;2025-01-05;5;0,17;Tokopedia;11.11
O06219;C0765;P284;2024-05-23;4;0,16;Website;12.12
O06220;C0208;P170;2024-01-31;3;0,04;App;11.11
O06221;C0191;P140;2024-07-20;3;0,04;App;12.12
O06222;C0528;P069;2025-10-22;1;0,18;App;None
O06223;C0959;P024;2024-01-25;3;0,39;App;11.11
O06224;C0481;P249;2024-07-22;3;0;Shopee;11.11
O06225;C0246;P122;2024-10-20;1;0,33;Tokopedia;Ramadhan
O06226;C0066;P133;2025-07-23;1;0,32;Tokopedia;Ramadhan
O06227;C0490;P117;2025-03-20;2;0,2;Tokopedia;12.12
O06228;C1000;P159;2025-07-20;5;0,04;Shopee;11.11
O06229;C0283;P152;2025-07-24;4;0,14;App;None
O06230;C0859;P267;2025-10-16;4;0,08;App;None
O06231;C0628;P099;2025-05-18;3;0,19;Tokopedia;None
O06232;C0082;P186;2025-12-28;5;0,24;Website;11.11
O06233;C0343;P166;2024-04-19;1;0,39;App;None
O06234;C0221;P004;2025-10-16;2;0,24;Shopee;11.11
O06235;C0354;P227;2024-05-19;4;0,17;Website;Ramadhan
O06236;C0346;P019;2024-10-13;3;0,06;Website;Ramadhan
O06237;C0054;P041;2024-07-07;3;0,13;App;12.12
O06238;C0078;P218;2024-06-03;5;0,4;App;Ramadhan
O06239;C0718;P055;2024-10-23;5;0,28;Shopee;12.12
O06240;C0249;P056;2024-07-25;2;0,08;App;12.12
O06241;C0912;P082;2025-05-31;5;0,07;Website;11.11
O06242;C0476;P230;2024-05-11;2;0,33;App;Ramadhan
O06243;C0261;P136;2024-04-03;4;0,03;App;12.12
O06244;C0448;P206;2024-09-04;1;0,33;App;12.12
O06245;C0219;P217;2025-06-09;5;0,07;App;None
O06246;C0882;P030;2025-01-29;5;0,37;Shopee;11.11
O06247;C0616;P029;2024-05-14;5;0,22;App;12.12
O06248;C0345;P173;2025-02-27;2;0,3;Website;12.12
O06249;C0037;P267;2024-10-10;2;0,4;Tokopedia;12.12
O06250;C0213;P057;2024-10-05;4;0,07;Website;None
O06251;C0050;P151;2024-06-29;1;0,11;Website;Ramadhan
O06252;C0551;P020;2025-11-22;3;0,08;App;11.11
O06253;C0987;P252;2025-12-26;1;0,34;App;Ramadhan
O06254;C0606;P119;2025-11-02;5;0,38;Shopee;Ramadhan
O06255;C0313;P026;2025-11-03;5;0,34;Website;None
O06256;C0182;P203;2025-07-12;2;0,4;App;None
O06257;C0508;P026;2024-11-19;4;0,02;Tokopedia;None
O06258;C0343;P166;2024-11-23;4;0,34;App;12.12
O06259;C0781;P145;2024-07-30;3;0,35;Tokopedia;None
O06260;C0634;P268;2024-07-29;1;0,08;Tokopedia;Ramadhan
O06261;C0902;P052;2024-07-14;4;0,02;Tokopedia;Ramadhan
O06262;C0402;P198;2024-04-26;1;0,12;App;Ramadhan
O06263;C0066;P061;2024-07-06;2;0,13;Tokopedia;None
O06264;C0038;P256;2025-06-30;3;0,22;Shopee;11.11
O06265;C0668;P111;2025-01-23;4;0,36;Tokopedia;11.11
O06266;C0617;P099;2024-05-05;5;0,19;Website;12.12
O06267;C0045;P191;2025-10-25;5;0,02;App;12.12
O06268;C0834;P088;2025-08-06;2;0,08;Tokopedia;12.12
O06269;C0955;P248;2024-01-10;3;0,08;Tokopedia;12.12
O06270;C0239;P119;2024-03-02;5;0,09;Shopee;12.12
O06271;C0127;P107;2025-01-01;3;0,14;Website;11.11
O06272;C0260;P076;2025-09-10;2;0,18;Shopee;12.12
O06273;C0089;P280;2025-05-29;4;0,32;Tokopedia;12.12
O06274;C0204;P091;2024-12-30;3;0,08;Tokopedia;11.11
O06275;C0621;P089;2025-12-04;1;0,09;Website;11.11
O06276;C0672;P131;2025-04-27;2;0,28;App;11.11
O06277;C0019;P127;2024-03-03;4;0,37;Website;Ramadhan
O06278;C0435;P055;2025-08-07;2;0,3;App;Ramadhan
O06279;C0871;P004;2025-05-10;5;0,28;App;11.11
O06280;C0825;P156;2025-06-21;1;0,3;Website;Ramadhan
O06281;C0483;P028;2025-12-07;2;0,22;Website;Ramadhan
O06282;C0128;P080;2024-02-17;2;0,16;Shopee;None
O06283;C0278;P041;2024-12-17;4;0,36;Tokopedia;None
O06284;C0466;P065;2024-05-30;5;0,2;Shopee;None
O06285;C0402;P188;2024-09-16;5;0,2;Website;None
O06286;C0227;P272;2024-11-05;3;0,37;Website;12.12
O06287;C0105;P013;2025-01-19;1;0,15;Tokopedia;Ramadhan
O06288;C0231;P251;2025-07-29;1;0,09;Website;None
O06289;C0797;P083;2024-02-29;5;0,09;Shopee;12.12
O06290;C0898;P264;2025-08-01;2;0,33;App;Ramadhan
O06291;C0516;P030;2024-08-09;3;0,02;App;Ramadhan
O06292;C0354;P085;2024-09-08;3;0,27;App;11.11
O06293;C0572;P146;2024-07-14;5;0,03;Tokopedia;12.12
O06294;C0260;P145;2025-11-07;1;0,03;Tokopedia;11.11
O06295;C0384;P126;2025-04-27;3;0,19;Website;Ramadhan
O06296;C0360;P171;2025-02-22;2;0,39;App;11.11
O06297;C0737;P151;2025-02-27;2;0,11;Website;Ramadhan
O06298;C0661;P288;2024-07-22;2;0,3;Shopee;11.11
O06299;C0603;P275;2024-02-04;1;0,39;Website;12.12
O06300;C0800;P198;2025-03-06;5;0,13;Tokopedia;None
O06301;C0780;P076;2024-03-13;3;0,06;App;11.11
O06302;C0753;P202;2025-03-27;5;0,15;Website;None
O06303;C0711;P175;2025-10-31;3;0,34;Shopee;None
O06304;C0368;P219;2024-12-31;2;0,12;App;12.12
O06305;C0361;P126;2024-05-02;3;0,25;Shopee;12.12
O06306;C0770;P173;2024-11-15;1;0,25;Shopee;Ramadhan
O06307;C0646;P059;2025-12-01;1;0,3;Website;None
O06308;C0212;P122;2024-08-20;5;0,27;App;12.12
O06309;C0936;P273;2025-04-26;5;0,11;Shopee;12.12
O06310;C0379;P241;2025-06-18;1;0,15;Website;None
O06311;C0687;P116;2024-05-07;1;0,1;App;Ramadhan
O06312;C0408;P036;2024-01-09;5;0,09;Website;12.12
O06313;C0718;P241;2024-01-03;2;0,28;Shopee;12.12
O06314;C0034;P215;2024-01-07;5;0,36;App;12.12
O06315;C0192;P015;2025-02-05;4;0,34;Shopee;12.12
O06316;C0570;P040;2025-01-06;3;0,07;Tokopedia;Ramadhan
O06317;C0017;P251;2025-11-13;2;0,15;Tokopedia;Ramadhan
O06318;C0524;P114;2025-01-08;1;0,11;App;None
O06319;C0177;P066;2024-05-17;4;0,04;App;Ramadhan
O06320;C0520;P063;2025-09-10;4;0,08;Shopee;None
O06321;C0316;P245;2025-03-08;1;0,33;Shopee;11.11
O06322;C0156;P275;2025-10-20;1;0,35;Shopee;None
O06323;C0926;P174;2025-06-19;2;0,05;Tokopedia;None
O06324;C0174;P103;2024-03-19;3;0,02;Shopee;None
O06325;C0014;P099;2025-08-27;1;0,26;Website;11.11
O06326;C0264;P079;2024-02-18;3;0,27;Shopee;None
O06327;C0068;P207;2025-11-21;3;0,12;Shopee;11.11
O06328;C0803;P169;2024-12-13;1;0,29;Shopee;None
O06329;C0012;P209;2024-07-09;2;0,25;App;None
O06330;C0049;P143;2024-12-04;5;0,06;Shopee;12.12
O06331;C0224;P087;2024-05-09;5;0,36;App;None
O06332;C0237;P124;2025-12-28;2;0,01;Website;Ramadhan
O06333;C0420;P140;2025-08-04;4;0,35;App;None
O06334;C0085;P224;2024-10-17;3;0,1;Website;None
O06335;C0841;P120;2024-09-14;5;0,1;Tokopedia;12.12
O06336;C0063;P197;2024-02-23;4;0,25;Tokopedia;12.12
O06337;C0389;P188;2025-06-29;4;0,05;Shopee;Ramadhan
O06338;C0322;P155;2025-10-04;2;0,21;Tokopedia;Ramadhan
O06339;C0036;P161;2025-12-03;1;0,05;Tokopedia;12.12
O06340;C0755;P300;2024-03-21;5;0,18;Website;None
O06341;C0544;P168;2025-09-07;5;0;App;11.11
O06342;C0179;P289;2024-02-20;2;0,13;App;Ramadhan
O06343;C0318;P282;2024-10-05;4;0,05;Shopee;12.12
O06344;C0296;P294;2024-01-07;1;0,29;Tokopedia;Ramadhan
O06345;C0782;P233;2024-04-26;1;0,4;App;12.12
O06346;C0886;P225;2025-03-13;5;0,11;Tokopedia;12.12
O06347;C0785;P291;2024-08-17;3;0,02;Tokopedia;12.12
O06348;C0300;P095;2024-01-26;4;0,16;Website;11.11
O06349;C0753;P108;2024-10-22;4;0,23;App;11.11
O06350;C0053;P185;2025-06-02;5;0;Tokopedia;12.12
O06351;C0316;P046;2024-07-03;2;0,28;Tokopedia;11.11
O06352;C0390;P235;2025-04-25;3;0,1;App;12.12
O06353;C0378;P112;2025-10-10;3;0,34;Tokopedia;12.12
O06354;C0080;P244;2024-03-15;1;0,19;App;Ramadhan
O06355;C0317;P148;2025-10-03;2;0,07;Tokopedia;11.11
O06356;C0999;P298;2025-02-08;4;0,35;Website;11.11
O06357;C0113;P006;2025-03-04;1;0,22;Shopee;12.12
O06358;C0164;P033;2024-09-26;5;0,04;Website;None
O06359;C0491;P189;2025-10-05;2;0,04;Website;None
O06360;C0808;P006;2025-04-18;3;0,19;App;Ramadhan
O06361;C0812;P283;2024-07-29;3;0,09;App;Ramadhan
O06362;C0800;P050;2024-05-04;5;0,11;Website;Ramadhan
O06363;C0930;P147;2025-04-26;3;0,22;App;None
O06364;C0631;P139;2024-07-13;2;0,37;Tokopedia;11.11
O06365;C0988;P111;2024-10-23;2;0,29;App;12.12
O06366;C0056;P245;2025-02-20;5;0,03;App;Ramadhan
O06367;C0949;P083;2024-04-11;3;0,01;Website;12.12
O06368;C0701;P274;2024-05-25;5;0;Tokopedia;Ramadhan
O06369;C0037;P159;2025-07-20;4;0,1;Website;Ramadhan
O06370;C0644;P157;2024-03-14;3;0,13;Shopee;12.12
O06371;C0993;P270;2025-09-06;5;0,39;App;12.12
O06372;C0560;P024;2025-04-22;1;0,28;Website;11.11
O06373;C0493;P253;2024-11-17;4;0,02;Shopee;Ramadhan
O06374;C0617;P138;2024-05-29;4;0,17;Shopee;11.11
O06375;C0990;P129;2025-08-08;2;0,38;Website;Ramadhan
O06376;C0873;P017;2024-07-13;2;0,19;Tokopedia;12.12
O06377;C0693;P026;2024-08-07;1;0,39;Tokopedia;None
O06378;C0497;P201;2025-07-08;5;0,27;App;12.12
O06379;C0091;P292;2025-12-23;1;0,26;App;Ramadhan
O06380;C0205;P016;2024-12-16;3;0,15;Tokopedia;12.12
O06381;C0734;P056;2025-06-11;2;0,25;App;11.11
O06382;C0315;P063;2025-08-09;1;0,31;Tokopedia;11.11
O06383;C0204;P143;2025-11-12;1;0,38;Website;None
O06384;C0378;P068;2024-07-30;4;0,02;App;None
O06385;C0171;P050;2024-03-26;5;0,37;Website;12.12
O06386;C0344;P134;2025-06-03;2;0,4;Shopee;11.11
O06387;C0297;P217;2025-12-07;5;0,25;App;None
O06388;C0476;P081;2025-10-02;3;0,31;Tokopedia;None
O06389;C0402;P048;2024-09-19;3;0,39;Shopee;12.12
O06390;C0320;P088;2025-03-15;2;0,13;Website;12.12
O06391;C1000;P175;2025-11-21;4;0,3;Tokopedia;Ramadhan
O06392;C0738;P226;2025-08-14;5;0,1;App;Ramadhan
O06393;C0550;P157;2024-11-16;3;0,32;Website;Ramadhan
O06394;C0855;P040;2025-01-11;2;0,15;Shopee;None
O06395;C0118;P054;2024-02-01;1;0,38;Website;12.12
O06396;C0938;P100;2025-07-28;4;0,02;Shopee;Ramadhan
O06397;C0042;P263;2024-09-16;4;0,3;Tokopedia;Ramadhan
O06398;C0545;P098;2025-10-12;3;0,24;Tokopedia;12.12
O06399;C0086;P098;2024-05-02;1;0,04;Tokopedia;None
O06400;C0655;P191;2025-07-10;3;0,12;Shopee;12.12
O06401;C0428;P027;2025-08-14;4;0,12;App;None
O06402;C0818;P272;2025-06-20;1;0,06;Shopee;None
O06403;C0707;P297;2024-08-25;2;0,31;Website;12.12
O06404;C0853;P140;2024-04-12;3;0,02;App;Ramadhan
O06405;C0369;P115;2025-11-01;4;0,04;Website;11.11
O06406;C0614;P037;2025-07-21;2;0;Website;11.11
O06407;C0398;P097;2024-11-21;3;0,2;Website;Ramadhan
O06408;C0029;P159;2025-02-02;1;0,23;Website;11.11
O06409;C0837;P016;2025-04-02;4;0,11;Website;None
O06410;C0832;P048;2024-11-19;5;0,14;Shopee;12.12
O06411;C0298;P209;2024-04-12;4;0,23;Shopee;Ramadhan
O06412;C0201;P110;2025-01-28;5;0,14;Website;Ramadhan
O06413;C0243;P246;2024-09-18;4;0,11;Website;11.11
O06414;C0654;P085;2024-10-02;3;0,17;Website;11.11
O06415;C0131;P262;2025-01-05;4;0,33;Tokopedia;None
O06416;C0085;P286;2025-12-13;4;0,22;App;11.11
O06417;C0962;P023;2024-03-14;4;0,11;App;11.11
O06418;C0348;P220;2024-07-03;1;0,26;App;Ramadhan
O06419;C0349;P156;2025-12-14;5;0,13;Tokopedia;None
O06420;C0195;P204;2024-07-09;1;0,06;Tokopedia;Ramadhan
O06421;C0917;P067;2025-10-27;3;0,12;Shopee;12.12
O06422;C0002;P015;2024-01-11;3;0,29;Tokopedia;12.12
O06423;C0657;P110;2025-02-11;5;0,19;App;12.12
O06424;C0610;P278;2025-03-16;3;0,27;App;11.11
O06425;C0803;P084;2024-10-18;5;0,2;App;11.11
O06426;C0246;P116;2025-03-29;4;0,12;Shopee;None
O06427;C0003;P140;2025-04-19;4;0,27;Website;12.12
O06428;C0454;P129;2025-10-16;5;0,3;Tokopedia;12.12
O06429;C0054;P026;2024-08-16;5;0,38;Shopee;Ramadhan
O06430;C0759;P017;2025-09-17;1;0,31;Shopee;Ramadhan
O06431;C0922;P119;2025-01-23;3;0,3;Shopee;11.11
O06432;C0395;P136;2024-01-03;4;0,09;Shopee;11.11
O06433;C0358;P085;2024-11-15;2;0,28;App;Ramadhan
O06434;C0546;P050;2024-04-22;5;0,32;Tokopedia;11.11
O06435;C0755;P120;2024-04-10;5;0,26;App;12.12
O06436;C0385;P157;2024-12-21;2;0,15;Website;Ramadhan
O06437;C0919;P254;2024-09-16;3;0,14;Shopee;11.11
O06438;C0613;P242;2025-01-03;5;0,21;Tokopedia;Ramadhan
O06439;C0040;P056;2024-07-25;5;0,3;Tokopedia;11.11
O06440;C0776;P281;2024-12-30;5;0,33;App;None
O06441;C0941;P145;2024-09-08;2;0,31;Website;None
O06442;C0203;P102;2024-08-01;4;0,07;App;None
O06443;C0262;P247;2025-03-05;5;0,22;App;11.11
O06444;C0199;P072;2025-01-22;5;0,26;App;Ramadhan
O06445;C0925;P038;2024-03-27;1;0,2;App;None
O06446;C0428;P050;2024-08-17;5;0,38;App;11.11
O06447;C0450;P131;2024-04-22;4;0,03;Tokopedia;11.11
O06448;C0701;P068;2024-09-20;2;0,35;App;Ramadhan
O06449;C0967;P188;2024-05-30;4;0,08;Shopee;12.12
O06450;C0422;P012;2024-10-10;5;0,06;Tokopedia;11.11
O06451;C0504;P127;2025-01-02;1;0,07;Website;12.12
O06452;C0770;P062;2025-10-21;2;0,38;Shopee;None
O06453;C0008;P223;2025-02-15;2;0,38;Website;12.12
O06454;C0396;P218;2025-05-21;4;0,35;App;12.12
O06455;C0021;P067;2024-06-26;2;0,31;App;12.12
O06456;C0056;P182;2025-07-07;3;0,08;Website;11.11
O06457;C0178;P099;2024-01-14;3;0,37;Shopee;12.12
O06458;C0813;P037;2024-06-14;2;0,25;Website;Ramadhan
O06459;C0136;P246;2024-08-19;2;0,27;App;Ramadhan
O06460;C0720;P136;2024-12-29;4;0,26;Website;11.11
O06461;C0285;P293;2024-04-10;4;0,33;App;None
O06462;C0447;P132;2024-09-29;1;0,39;Shopee;Ramadhan
O06463;C0564;P272;2024-03-23;5;0,02;Tokopedia;11.11
O06464;C0318;P297;2025-08-25;3;0,18;Website;None
O06465;C0165;P227;2024-10-20;3;0,34;Shopee;11.11
O06466;C0690;P029;2025-01-06;1;0,18;App;12.12
O06467;C0136;P119;2024-12-08;5;0,36;Website;12.12
O06468;C0564;P210;2025-03-31;1;0,34;Website;12.12
O06469;C0286;P141;2024-10-16;2;0,26;App;None
O06470;C0156;P164;2024-02-23;4;0,1;Website;None
O06471;C0145;P001;2024-06-25;4;0,15;Website;11.11
O06472;C0600;P164;2025-04-18;4;0,2;Tokopedia;Ramadhan
O06473;C0030;P140;2024-02-17;4;0,32;App;12.12
O06474;C0955;P081;2025-03-07;4;0,26;Website;Ramadhan
O06475;C0028;P286;2024-04-06;1;0,13;Shopee;Ramadhan
O06476;C0933;P283;2025-12-04;2;0,31;Website;Ramadhan
O06477;C0654;P225;2024-03-28;4;0,23;Tokopedia;None
O06478;C0057;P153;2024-11-20;3;0,06;Website;None
O06479;C0421;P086;2024-09-08;4;0,09;App;Ramadhan
O06480;C0593;P052;2025-11-17;4;0,18;Tokopedia;Ramadhan
O06481;C0693;P109;2024-04-01;1;0,33;App;12.12
O06482;C0315;P207;2024-06-06;5;0,08;Shopee;11.11
O06483;C0037;P276;2024-09-20;4;0,01;Website;11.11
O06484;C0844;P021;2025-03-23;2;0,39;Website;12.12
O06485;C0834;P013;2025-04-28;4;0,33;Shopee;11.11
O06486;C0894;P164;2025-06-03;5;0,17;Tokopedia;12.12
O06487;C0946;P061;2024-10-30;2;0,02;Website;12.12
O06488;C0394;P078;2025-01-11;5;0,21;App;Ramadhan
O06489;C0832;P030;2025-09-10;3;0,24;Shopee;None
O06490;C0478;P259;2025-05-19;1;0,01;App;None
O06491;C0051;P051;2025-05-04;2;0,32;App;11.11
O06492;C0867;P141;2025-09-06;5;0,36;Website;Ramadhan
O06493;C0963;P046;2024-10-01;2;0,15;Shopee;None
O06494;C0396;P237;2024-03-23;3;0,03;Tokopedia;Ramadhan
O06495;C0697;P048;2025-08-05;4;0,28;App;None
O06496;C0776;P268;2024-10-07;5;0,17;Website;None
O06497;C0992;P269;2025-11-09;1;0,1;Tokopedia;12.12
O06498;C0451;P073;2024-12-01;5;0,33;Website;None
O06499;C0058;P191;2025-06-23;5;0,11;Shopee;11.11
O06500;C0620;P139;2024-03-21;4;0,09;App;11.11
O06501;C0289;P228;2025-03-14;4;0,13;App;None
O06502;C0747;P206;2025-11-21;2;0,09;Shopee;11.11
O06503;C0041;P099;2024-01-14;2;0,31;Shopee;11.11
O06504;C0314;P144;2024-08-09;2;0,21;App;11.11
O06505;C0571;P220;2025-12-15;3;0;Website;12.12
O06506;C0824;P091;2024-09-16;3;0,39;Shopee;None
O06507;C0650;P190;2024-07-14;4;0,29;Shopee;12.12
O06508;C0629;P056;2024-01-20;2;0,29;Tokopedia;None
O06509;C0128;P171;2025-12-15;5;0,33;App;None
O06510;C0717;P099;2025-08-01;3;0,09;App;Ramadhan
O06511;C0724;P259;2024-01-22;2;0,22;App;None
O06512;C0092;P117;2025-03-03;2;0,03;Shopee;12.12
O06513;C0795;P200;2024-09-25;1;0,38;Website;12.12
O06514;C0102;P191;2024-02-17;3;0,4;Tokopedia;None
O06515;C0050;P284;2024-04-11;1;0,37;Tokopedia;11.11
O06516;C0417;P006;2024-04-27;1;0,02;Tokopedia;None
O06517;C0498;P205;2024-04-08;1;0;Tokopedia;12.12
O06518;C0044;P146;2024-11-29;3;0,31;App;Ramadhan
O06519;C0347;P201;2025-06-01;2;0,17;App;None
O06520;C0813;P271;2025-04-09;5;0,27;Tokopedia;11.11
O06521;C0252;P230;2024-02-21;5;0,39;Tokopedia;Ramadhan
O06522;C0181;P040;2025-03-27;4;0,35;Tokopedia;11.11
O06523;C0109;P093;2024-10-16;5;0,04;Shopee;12.12
O06524;C0743;P225;2024-05-21;1;0,09;Website;12.12
O06525;C0090;P208;2025-06-21;5;0,09;Website;11.11
O06526;C0310;P014;2024-01-04;4;0,34;Shopee;11.11
O06527;C0196;P038;2024-12-27;4;0,26;Website;11.11
O06528;C0339;P104;2024-09-02;5;0,06;Shopee;None
O06529;C0652;P064;2025-05-27;2;0,13;Shopee;12.12
O06530;C0524;P001;2025-01-03;2;0,3;Tokopedia;12.12
O06531;C0806;P110;2024-07-03;1;0,36;Shopee;Ramadhan
O06532;C0908;P047;2024-07-14;4;0,08;App;12.12
O06533;C0539;P281;2025-09-30;1;0,24;Tokopedia;None
O06534;C0631;P100;2024-05-10;2;0,4;App;None
O06535;C0258;P220;2024-08-30;1;0,1;Tokopedia;11.11
O06536;C0747;P174;2024-04-08;2;0,3;Shopee;12.12
O06537;C0633;P038;2024-10-03;1;0,27;Shopee;12.12
O06538;C0711;P055;2024-06-13;1;0,01;Website;12.12
O06539;C0577;P155;2024-10-31;1;0,13;Tokopedia;Ramadhan
O06540;C0201;P082;2025-05-27;3;0,24;Shopee;11.11
O06541;C0705;P143;2024-12-09;3;0,03;Shopee;12.12
O06542;C0308;P216;2025-03-28;5;0,37;Website;11.11
O06543;C0292;P134;2024-10-26;3;0,01;App;None
O06544;C0082;P208;2025-11-22;3;0,26;App;11.11
O06545;C0120;P155;2024-04-29;4;0,26;Website;Ramadhan
O06546;C0440;P238;2025-12-24;4;0,23;App;Ramadhan
O06547;C0446;P016;2024-12-15;4;0,01;App;12.12
O06548;C0878;P224;2025-12-20;3;0,05;Shopee;12.12
O06549;C0168;P214;2025-05-20;5;0,15;App;12.12
O06550;C0637;P075;2024-10-25;2;0,4;App;11.11
O06551;C0083;P281;2024-02-10;1;0,14;Shopee;11.11
O06552;C0601;P295;2025-06-06;2;0,3;Website;Ramadhan
O06553;C0889;P207;2024-09-04;5;0,27;Tokopedia;None
O06554;C0559;P285;2024-07-18;1;0,18;Tokopedia;Ramadhan
O06555;C0553;P178;2025-11-24;5;0,26;App;Ramadhan
O06556;C0349;P050;2024-01-29;2;0,38;Website;12.12
O06557;C0033;P085;2025-03-10;3;0,31;App;Ramadhan
O06558;C0463;P111;2025-09-21;5;0,27;Website;None
O06559;C0735;P024;2024-05-17;2;0,39;Tokopedia;None
O06560;C0742;P270;2025-12-21;3;0,32;App;Ramadhan
O06561;C0784;P067;2025-10-13;2;0,01;Tokopedia;Ramadhan
O06562;C0431;P084;2025-12-03;2;0,21;Website;11.11
O06563;C0248;P273;2025-03-28;2;0,21;Shopee;None
O06564;C0585;P196;2025-12-26;4;0,27;App;None
O06565;C0056;P024;2025-09-05;2;0,35;Tokopedia;None
O06566;C0008;P064;2024-12-18;1;0,37;App;None
O06567;C0149;P282;2024-06-20;5;0,19;Shopee;12.12
O06568;C0255;P172;2024-11-03;5;0,24;App;None
O06569;C0042;P001;2024-12-03;4;0,01;Tokopedia;11.11
O06570;C0263;P222;2025-06-25;5;0,28;Shopee;11.11
O06571;C0688;P095;2025-03-17;4;0,04;App;Ramadhan
O06572;C0194;P144;2025-08-11;4;0,18;Shopee;None
O06573;C0806;P132;2025-10-16;4;0,27;App;Ramadhan
O06574;C0211;P079;2024-04-17;4;0,3;Website;12.12
O06575;C0136;P201;2025-01-18;1;0,11;App;12.12
O06576;C0592;P098;2025-08-08;3;0,21;App;12.12
O06577;C0955;P211;2025-11-18;5;0,11;Tokopedia;11.11
O06578;C0830;P076;2024-02-10;4;0,04;Tokopedia;Ramadhan
O06579;C0399;P219;2025-05-20;1;0,32;Shopee;11.11
O06580;C0152;P257;2024-07-03;3;0,3;Tokopedia;Ramadhan
O06581;C0337;P124;2025-09-20;3;0,22;Website;None
O06582;C0049;P288;2024-02-23;4;0,28;Tokopedia;None
O06583;C0645;P158;2025-07-14;5;0,21;Tokopedia;12.12
O06584;C0842;P282;2024-07-26;5;0,29;Shopee;12.12
O06585;C0621;P086;2025-10-27;5;0,39;App;Ramadhan
O06586;C0967;P070;2024-03-02;3;0,13;Website;None
O06587;C0669;P169;2024-03-26;3;0,12;App;None
O06588;C0207;P086;2025-08-12;4;0,03;App;12.12
O06589;C0330;P099;2024-10-11;5;0,35;Tokopedia;11.11
O06590;C0384;P178;2025-03-12;4;0,27;Website;None
O06591;C0400;P038;2025-03-14;3;0,25;App;None
O06592;C0196;P067;2025-08-30;4;0,07;Website;Ramadhan
O06593;C0416;P213;2025-11-27;3;0,08;Shopee;12.12
O06594;C0326;P249;2024-09-24;5;0,36;Shopee;Ramadhan
O06595;C0644;P246;2024-01-09;4;0,38;Tokopedia;None
O06596;C0062;P237;2024-10-06;3;0,36;Shopee;Ramadhan
O06597;C0930;P074;2025-01-31;3;0,33;Website;11.11
O06598;C0084;P232;2024-12-04;5;0,12;Shopee;11.11
O06599;C0915;P299;2024-03-14;1;0,34;Shopee;11.11
O06600;C0257;P005;2025-01-15;3;0,19;Website;11.11
O06601;C0121;P072;2025-07-04;5;0,12;Tokopedia;None
O06602;C0605;P110;2025-04-24;1;0,18;Website;11.11
O06603;C0657;P205;2025-01-14;2;0,16;Shopee;None
O06604;C0333;P202;2025-01-14;4;0,04;Website;11.11
O06605;C0345;P075;2024-02-02;2;0,34;Tokopedia;Ramadhan
O06606;C0509;P142;2024-12-25;2;0,31;Shopee;12.12
O06607;C0148;P119;2025-07-31;1;0,13;Website;None
O06608;C1000;P068;2025-01-29;5;0,37;App;Ramadhan
O06609;C0166;P179;2024-05-04;4;0,34;Shopee;11.11
O06610;C0305;P004;2024-05-06;2;0,27;Shopee;None
O06611;C0697;P290;2025-09-02;4;0,22;Website;Ramadhan
O06612;C0956;P203;2025-07-19;1;0,03;Tokopedia;12.12
O06613;C0521;P089;2025-03-30;5;0,17;Website;Ramadhan
O06614;C0955;P223;2024-04-10;2;0,12;Tokopedia;12.12
O06615;C0655;P253;2024-09-06;5;0,39;Website;12.12
O06616;C0168;P071;2024-02-01;2;0,02;Shopee;12.12
O06617;C0601;P016;2024-06-24;3;0,05;App;11.11
O06618;C0266;P126;2024-10-08;1;0,22;Website;11.11
O06619;C0065;P101;2024-03-31;5;0,16;App;Ramadhan
O06620;C0447;P118;2024-01-14;3;0,16;App;12.12
O06621;C0493;P288;2024-06-30;4;0,22;Website;12.12
O06622;C0048;P025;2025-03-11;5;0,06;App;11.11
O06623;C0572;P124;2024-06-26;5;0,38;Shopee;11.11
O06624;C0421;P018;2024-09-03;3;0,16;Website;12.12
O06625;C0673;P081;2025-09-13;5;0,29;Shopee;11.11
O06626;C0412;P296;2024-04-25;3;0,17;Website;12.12
O06627;C0880;P037;2025-05-24;4;0,25;App;None
O06628;C0241;P089;2024-09-26;3;0,07;Tokopedia;11.11
O06629;C0952;P033;2025-08-09;5;0,24;Tokopedia;11.11
O06630;C0523;P202;2025-10-03;3;0,33;Tokopedia;Ramadhan
O06631;C0040;P086;2024-07-01;5;0,21;App;12.12
O06632;C0450;P099;2025-02-20;2;0,14;Shopee;None
O06633;C0360;P122;2025-12-07;5;0,05;Shopee;11.11
O06634;C0898;P242;2025-09-30;1;0,19;Website;None
O06635;C0854;P059;2024-06-01;1;0,17;Website;12.12
O06636;C0324;P161;2024-01-03;2;0,05;Tokopedia;12.12
O06637;C0894;P103;2025-09-06;3;0,11;Website;Ramadhan
O06638;C0228;P016;2024-03-22;5;0,35;App;12.12
O06639;C0188;P289;2024-12-04;5;0,23;Shopee;Ramadhan
O06640;C0089;P143;2025-04-16;4;0,04;App;11.11
O06641;C0456;P101;2025-06-09;2;0,15;Tokopedia;11.11
O06642;C0376;P252;2024-01-19;5;0,32;App;None
O06643;C0697;P017;2024-11-21;3;0,35;Tokopedia;11.11
O06644;C0281;P123;2024-07-10;3;0,26;Website;11.11
O06645;C0730;P254;2025-10-05;5;0,39;App;Ramadhan
O06646;C0868;P076;2024-07-01;5;0,17;App;Ramadhan
O06647;C0508;P150;2025-07-02;2;0,12;Tokopedia;11.11
O06648;C0567;P240;2025-01-16;4;0,35;Shopee;None
O06649;C0232;P259;2025-08-18;4;0;Tokopedia;None
O06650;C0704;P147;2024-04-19;1;0,01;Tokopedia;None
O06651;C0949;P247;2024-06-29;1;0,17;Tokopedia;Ramadhan
O06652;C0440;P265;2025-06-26;5;0,17;Tokopedia;12.12
O06653;C0131;P094;2024-01-01;1;0,03;App;None
O06654;C0840;P017;2024-07-22;4;0,35;App;None
O06655;C0255;P123;2025-09-06;2;0,11;Shopee;11.11
O06656;C0773;P240;2024-11-16;4;0,33;Shopee;Ramadhan
O06657;C0843;P143;2024-04-21;2;0,26;App;None
O06658;C0642;P240;2024-04-23;4;0,28;Website;12.12
O06659;C0758;P166;2025-08-01;1;0,03;Tokopedia;12.12
O06660;C0556;P248;2024-01-18;2;0,15;Shopee;Ramadhan
O06661;C0585;P149;2025-06-10;5;0,36;Shopee;None
O06662;C0284;P162;2025-02-18;4;0,1;Website;None
O06663;C0199;P254;2024-12-18;2;0,15;Tokopedia;None
O06664;C0218;P181;2024-03-10;5;0,24;Tokopedia;11.11
O06665;C0648;P110;2025-02-09;3;0,39;Tokopedia;11.11
O06666;C0698;P166;2025-07-08;4;0,1;Website;12.12
O06667;C0872;P028;2024-11-24;1;0,27;Website;11.11
O06668;C0802;P029;2024-02-19;1;0,26;Tokopedia;Ramadhan
O06669;C0961;P153;2025-02-18;4;0,12;Tokopedia;Ramadhan
O06670;C0616;P138;2024-12-21;2;0,29;Shopee;11.11
O06671;C0004;P085;2024-05-19;1;0,33;Tokopedia;11.11
O06672;C0806;P088;2024-12-13;3;0,18;Shopee;12.12
O06673;C0453;P268;2024-04-23;1;0,26;Tokopedia;Ramadhan
O06674;C0546;P204;2025-11-05;5;0,39;App;None
O06675;C0825;P157;2024-07-02;1;0,25;App;Ramadhan
O06676;C0815;P210;2024-09-21;4;0,22;Website;None
O06677;C0698;P251;2024-05-24;3;0,01;App;11.11
O06678;C0893;P137;2024-03-20;1;0,16;App;Ramadhan
O06679;C0471;P232;2024-05-24;5;0,34;Shopee;None
O06680;C0918;P191;2025-12-26;3;0,25;App;Ramadhan
O06681;C0274;P187;2024-07-23;2;0,34;App;Ramadhan
O06682;C0518;P193;2025-11-02;2;0,22;Tokopedia;Ramadhan
O06683;C0784;P101;2024-11-02;1;0,31;App;11.11
O06684;C0129;P159;2024-08-25;2;0,01;Website;None
O06685;C0437;P248;2024-10-07;4;0,35;Website;None
O06686;C0908;P125;2024-05-14;3;0,32;Shopee;11.11
O06687;C0085;P291;2025-03-11;1;0,28;Tokopedia;11.11
O06688;C0232;P012;2025-02-08;3;0,39;Shopee;12.12
O06689;C0199;P119;2024-05-04;1;0,36;App;Ramadhan
O06690;C0931;P241;2024-10-04;1;0,05;Tokopedia;11.11
O06691;C0507;P274;2025-08-05;5;0,28;App;12.12
O06692;C0949;P212;2024-07-13;1;0,34;App;None
O06693;C0298;P117;2024-04-09;3;0,34;Website;12.12
O06694;C0964;P064;2025-09-12;3;0,24;Tokopedia;Ramadhan
O06695;C0267;P272;2024-05-12;1;0,05;App;11.11
O06696;C0535;P088;2024-04-12;4;0,13;Website;11.11
O06697;C0198;P095;2024-11-22;1;0,02;Tokopedia;Ramadhan
O06698;C0181;P171;2025-09-14;4;0,14;Website;Ramadhan
O06699;C0790;P052;2025-05-25;3;0,04;Website;12.12
O06700;C0763;P232;2024-10-21;5;0,29;Shopee;12.12
O06701;C0165;P176;2025-12-23;5;0,17;App;None
O06702;C0532;P198;2025-12-30;2;0,38;Shopee;Ramadhan
O06703;C0969;P039;2025-05-11;3;0;Shopee;None
O06704;C0118;P020;2025-04-27;3;0,07;App;11.11
O06705;C0008;P191;2025-05-14;5;0,3;Tokopedia;11.11
O06706;C0009;P183;2025-07-17;5;0,26;App;Ramadhan
O06707;C0815;P258;2025-05-28;1;0,02;Shopee;11.11
O06708;C0124;P271;2025-01-27;2;0,1;Shopee;11.11
O06709;C0258;P175;2025-06-01;2;0,03;Website;11.11
O06710;C0969;P184;2024-06-03;3;0,07;Tokopedia;11.11
O06711;C0156;P063;2025-12-17;2;0,25;Tokopedia;11.11
O06712;C0669;P295;2024-04-22;5;0,35;Tokopedia;None
O06713;C0705;P204;2025-07-23;4;0,05;Shopee;12.12
O06714;C0437;P015;2024-02-09;1;0,16;Shopee;12.12
O06715;C0487;P244;2025-05-01;1;0,02;Website;12.12
O06716;C0379;P054;2025-01-29;2;0,13;Tokopedia;11.11
O06717;C0632;P008;2024-02-04;5;0,12;App;Ramadhan
O06718;C0091;P004;2025-03-07;4;0,09;Shopee;Ramadhan
O06719;C0822;P076;2025-07-02;1;0,38;Shopee;12.12
O06720;C0404;P249;2024-09-01;2;0,04;Tokopedia;12.12
O06721;C0437;P004;2025-03-22;3;0,31;Tokopedia;12.12
O06722;C0372;P204;2024-05-18;3;0,29;Website;Ramadhan
O06723;C0270;P066;2024-11-11;1;0,13;App;12.12
O06724;C0054;P165;2024-10-07;2;0,03;Website;11.11
O06725;C0230;P246;2025-08-18;4;0,27;Shopee;None
O06726;C0536;P211;2024-10-11;4;0,21;Tokopedia;12.12
O06727;C0943;P215;2025-05-09;4;0,39;Tokopedia;None
O06728;C0790;P257;2024-12-21;2;0,01;Tokopedia;None
O06729;C0824;P282;2024-05-18;3;0,04;Shopee;11.11
O06730;C0418;P183;2025-09-03;5;0,2;Website;12.12
O06731;C0503;P235;2024-12-06;5;0,38;Tokopedia;11.11
O06732;C0922;P065;2024-07-09;3;0,16;App;12.12
O06733;C0568;P143;2025-07-18;1;0,37;App;None
O06734;C0088;P094;2024-08-02;3;0,24;Shopee;11.11
O06735;C0253;P141;2024-11-02;2;0,24;App;None
O06736;C0395;P095;2024-12-03;2;0,14;Shopee;None
O06737;C0149;P217;2024-11-07;1;0,1;Website;Ramadhan
O06738;C0307;P031;2024-06-18;5;0,11;Tokopedia;Ramadhan
O06739;C0447;P039;2024-03-17;3;0,18;Shopee;None
O06740;C0070;P274;2025-11-08;4;0,29;Tokopedia;12.12
O06741;C0199;P288;2024-12-26;2;0,38;Website;Ramadhan
O06742;C0867;P098;2024-07-22;3;0,15;Shopee;12.12
O06743;C0295;P175;2025-06-14;5;0,31;Shopee;12.12
O06744;C0752;P082;2025-12-25;3;0,14;Website;Ramadhan
O06745;C0294;P233;2024-12-13;4;0,15;Tokopedia;None
O06746;C0986;P081;2025-12-09;5;0,04;App;Ramadhan
O06747;C0203;P293;2025-12-20;5;0,25;App;12.12
O06748;C0644;P070;2024-05-14;3;0,24;App;Ramadhan
O06749;C0869;P114;2025-09-15;2;0,13;Shopee;12.12
O06750;C0315;P118;2025-05-31;3;0,27;Website;12.12
O06751;C0426;P254;2024-11-25;3;0,18;Website;Ramadhan
O06752;C0362;P259;2025-11-23;3;0,28;Website;Ramadhan
O06753;C0404;P177;2024-08-09;2;0,14;Shopee;Ramadhan
O06754;C0232;P084;2025-08-24;1;0,3;Website;Ramadhan
O06755;C0873;P178;2024-01-11;4;0,4;App;11.11
O06756;C0737;P203;2025-04-06;5;0,18;App;None
O06757;C0137;P050;2024-05-14;1;0,37;Tokopedia;None
O06758;C0392;P051;2024-06-17;2;0,11;Tokopedia;12.12
O06759;C0511;P262;2024-05-05;2;0,17;App;None
O06760;C0420;P204;2024-01-06;4;0,09;Shopee;None
O06761;C0060;P210;2025-02-12;4;0,01;Website;None
O06762;C0789;P300;2024-12-02;5;0,4;App;None
O06763;C0561;P018;2024-10-26;5;0,25;Website;Ramadhan
O06764;C0600;P229;2024-03-28;5;0,16;Tokopedia;12.12
O06765;C0126;P211;2024-05-12;3;0,39;App;Ramadhan
O06766;C0293;P283;2024-08-14;5;0,35;Shopee;11.11
O06767;C0057;P277;2025-01-20;1;0,04;Tokopedia;Ramadhan
O06768;C0273;P241;2024-07-16;3;0,31;App;12.12
O06769;C0627;P100;2024-01-24;1;0,11;Website;11.11
O06770;C0919;P147;2025-06-11;2;0,04;Tokopedia;Ramadhan
O06771;C0503;P251;2024-01-04;4;0,4;App;12.12
O06772;C0146;P208;2024-07-03;4;0,26;Tokopedia;None
O06773;C0779;P001;2024-01-04;5;0,16;App;12.12
O06774;C0437;P101;2025-12-18;3;0,06;Tokopedia;11.11
O06775;C0708;P054;2024-05-15;4;0,04;App;11.11
O06776;C0304;P114;2024-06-08;2;0,06;App;None
O06777;C0363;P146;2025-08-26;3;0,03;Shopee;Ramadhan
O06778;C0763;P162;2024-06-09;1;0,03;Shopee;None
O06779;C0224;P180;2025-11-16;5;0,25;Website;11.11
O06780;C0529;P230;2024-11-20;3;0,22;Website;None
O06781;C0655;P132;2025-11-27;4;0,38;App;Ramadhan
O06782;C0049;P013;2024-07-12;4;0,3;Website;Ramadhan
O06783;C0010;P234;2025-08-29;2;0,35;Website;Ramadhan
O06784;C0325;P216;2025-09-09;3;0,31;Shopee;Ramadhan
O06785;C0991;P017;2025-03-30;1;0,06;Tokopedia;Ramadhan
O06786;C0870;P177;2025-09-29;5;0,07;Shopee;11.11
O06787;C0700;P139;2024-06-22;4;0,1;Website;None
O06788;C0044;P225;2025-07-11;1;0,06;Website;12.12
O06789;C0044;P245;2024-01-06;3;0,01;Tokopedia;Ramadhan
O06790;C0648;P275;2025-12-03;4;0,01;Shopee;12.12
O06791;C0124;P042;2025-01-06;3;0,01;Tokopedia;11.11
O06792;C0831;P101;2024-04-07;2;0,03;Tokopedia;11.11
O06793;C0707;P156;2024-11-16;3;0,29;Shopee;12.12
O06794;C0772;P290;2025-11-10;1;0,06;Website;None
O06795;C0423;P109;2024-03-14;3;0,36;App;12.12
O06796;C0991;P031;2025-01-12;4;0,09;App;12.12
O06797;C0151;P267;2025-09-15;3;0,24;App;None
O06798;C0422;P020;2024-02-03;5;0,39;Tokopedia;None
O06799;C0570;P041;2025-02-07;3;0,15;App;11.11
O06800;C0144;P005;2025-04-20;1;0,1;Tokopedia;12.12
O06801;C0489;P207;2024-03-30;2;0,3;Website;11.11
O06802;C0612;P291;2024-12-28;1;0,3;Website;None
O06803;C0371;P244;2025-09-22;5;0,37;Shopee;11.11
O06804;C0056;P213;2025-08-17;1;0,09;Shopee;12.12
O06805;C0297;P260;2024-08-02;1;0,4;Tokopedia;11.11
O06806;C0538;P194;2025-08-09;4;0,07;App;Ramadhan
O06807;C0236;P096;2024-12-02;5;0,08;Shopee;11.11
O06808;C0197;P198;2024-12-01;4;0,38;App;None
O06809;C0109;P100;2025-10-08;5;0,08;Shopee;Ramadhan
O06810;C0926;P158;2024-09-06;5;0,27;Tokopedia;Ramadhan
O06811;C0119;P052;2024-03-28;5;0,17;App;12.12
O06812;C0067;P176;2025-09-10;1;0,38;Tokopedia;None
O06813;C0179;P216;2024-05-15;2;0,32;Tokopedia;Ramadhan
O06814;C0839;P107;2024-09-03;5;0,17;Tokopedia;12.12
O06815;C0860;P232;2025-02-09;1;0,21;Shopee;None
O06816;C0519;P283;2025-03-27;2;0,16;Tokopedia;None
O06817;C0572;P192;2025-04-01;2;0;Shopee;None
O06818;C0673;P212;2025-03-19;3;0,27;App;Ramadhan
O06819;C0253;P032;2024-10-15;3;0,04;App;11.11
O06820;C0374;P129;2025-12-27;2;0,06;Website;11.11
O06821;C0202;P271;2024-08-12;2;0,23;App;Ramadhan
O06822;C0481;P164;2025-10-17;2;0,17;Shopee;Ramadhan
O06823;C0505;P006;2024-04-23;5;0,02;App;None
O06824;C0654;P255;2025-10-08;5;0,03;Tokopedia;Ramadhan
O06825;C0643;P267;2024-07-07;3;0,12;App;12.12
O06826;C0181;P031;2024-05-18;5;0,19;Shopee;None
O06827;C0603;P012;2025-11-24;4;0,2;Shopee;Ramadhan
O06828;C0209;P014;2025-09-24;1;0,18;Tokopedia;12.12
O06829;C0119;P104;2025-03-16;2;0,39;App;12.12
O06830;C0880;P289;2025-06-07;1;0,14;Shopee;Ramadhan
O06831;C0845;P071;2024-03-20;1;0,22;App;None
O06832;C0168;P058;2025-04-22;3;0,13;App;12.12
O06833;C0043;P246;2025-07-05;2;0,05;Website;Ramadhan
O06834;C0708;P239;2025-03-21;4;0,01;Shopee;12.12
O06835;C0659;P079;2025-12-11;2;0,37;Shopee;None
O06836;C0594;P201;2025-02-07;3;0,21;Tokopedia;None
O06837;C0146;P126;2024-02-06;4;0,14;App;None
O06838;C0658;P268;2025-12-21;4;0,06;Website;Ramadhan
O06839;C0857;P225;2024-09-30;4;0,13;Shopee;Ramadhan
O06840;C0937;P068;2025-10-11;2;0,34;Shopee;12.12
O06841;C0747;P092;2025-12-03;3;0,3;Shopee;Ramadhan
O06842;C0136;P272;2024-06-26;3;0,37;Tokopedia;11.11
O06843;C0482;P055;2025-07-06;5;0,33;Tokopedia;None
O06844;C0436;P033;2025-02-04;2;0,27;Website;12.12
O06845;C0690;P300;2024-03-06;3;0,11;Shopee;Ramadhan
O06846;C0504;P129;2025-10-30;4;0,05;App;12.12
O06847;C0854;P232;2025-10-15;5;0,28;Shopee;12.12
O06848;C0682;P143;2025-01-02;1;0,31;Tokopedia;12.12
O06849;C0255;P182;2024-07-01;1;0,25;App;12.12
O06850;C0535;P255;2025-06-04;2;0,04;Shopee;None
O06851;C0266;P281;2024-08-20;3;0,01;App;Ramadhan
O06852;C0733;P109;2025-01-04;1;0,2;Tokopedia;Ramadhan
O06853;C0451;P074;2025-09-05;5;0,31;Shopee;None
O06854;C0589;P224;2024-02-26;5;0,11;App;12.12
O06855;C0177;P190;2025-06-25;5;0,23;Website;11.11
O06856;C0331;P230;2024-08-06;2;0,22;App;Ramadhan
O06857;C0425;P005;2025-06-21;5;0,12;App;Ramadhan
O06858;C0183;P285;2024-10-03;3;0,17;Website;12.12
O06859;C0164;P110;2024-02-18;4;0,21;App;None
O06860;C0701;P222;2025-10-06;3;0,04;Website;None
O06861;C0755;P269;2024-02-12;2;0,27;Tokopedia;Ramadhan
O06862;C0935;P292;2025-03-31;2;0,3;App;None
O06863;C0630;P241;2025-08-16;1;0,1;Tokopedia;12.12
O06864;C0246;P219;2025-09-08;2;0,18;App;12.12
O06865;C0517;P200;2024-03-21;5;0,19;Tokopedia;12.12
O06866;C0617;P046;2024-04-24;4;0,39;Tokopedia;Ramadhan
O06867;C0193;P042;2025-06-23;5;0,22;Website;None
O06868;C0916;P111;2025-10-15;1;0,32;App;None
O06869;C0289;P234;2024-12-09;5;0,24;Tokopedia;12.12
O06870;C0734;P206;2025-11-04;4;0,01;Tokopedia;None
O06871;C0390;P157;2025-08-13;1;0,18;Tokopedia;11.11
O06872;C0167;P032;2025-02-11;1;0,32;App;Ramadhan
O06873;C0702;P202;2024-02-18;1;0,31;Website;12.12
O06874;C0331;P235;2025-02-11;1;0,34;Website;11.11
O06875;C0800;P178;2025-06-11;2;0,15;Shopee;Ramadhan
O06876;C0715;P101;2024-10-09;3;0,35;Tokopedia;None
O06877;C0909;P106;2025-10-10;4;0,17;App;Ramadhan
O06878;C0632;P241;2024-05-20;5;0,05;Shopee;11.11
O06879;C0310;P225;2024-11-13;1;0,35;Shopee;12.12
O06880;C0462;P185;2025-12-18;4;0,21;Shopee;11.11
O06881;C0294;P161;2024-02-17;4;0,27;Tokopedia;12.12
O06882;C0369;P249;2025-07-16;5;0,04;Tokopedia;11.11
O06883;C0212;P195;2025-01-25;3;0,02;Shopee;12.12
O06884;C0305;P015;2025-11-28;4;0,14;Tokopedia;12.12
O06885;C0410;P250;2025-03-02;4;0,24;Shopee;12.12
O06886;C0813;P130;2024-12-01;4;0,11;Shopee;11.11
O06887;C0002;P265;2024-02-06;1;0,11;App;11.11
O06888;C0453;P008;2025-09-12;2;0,04;Shopee;None
O06889;C0819;P243;2024-04-28;2;0,17;Tokopedia;Ramadhan
O06890;C0195;P004;2024-05-05;1;0,12;Website;None
O06891;C0039;P074;2025-08-02;3;0,06;Shopee;11.11
O06892;C0930;P176;2025-07-31;1;0,12;App;None
O06893;C0740;P090;2024-04-20;2;0,13;App;None
O06894;C0939;P076;2025-01-02;3;0,38;Shopee;Ramadhan
O06895;C0926;P053;2024-05-10;4;0,37;App;12.12
O06896;C0446;P045;2024-09-21;5;0,32;Shopee;None
O06897;C0042;P051;2025-12-14;2;0,37;App;12.12
O06898;C0801;P055;2025-10-27;1;0,35;Tokopedia;11.11
O06899;C0024;P198;2024-12-21;5;0,09;Shopee;None
O06900;C0793;P104;2024-06-09;4;0,17;Tokopedia;Ramadhan
O06901;C0168;P129;2024-05-31;1;0,04;Shopee;None
O06902;C0370;P088;2024-11-05;5;0,2;Tokopedia;Ramadhan
O06903;C0519;P230;2025-11-21;4;0,25;App;None
O06904;C0419;P199;2025-03-11;5;0,02;Tokopedia;11.11
O06905;C0252;P115;2024-03-18;5;0,37;Tokopedia;12.12
O06906;C0568;P090;2024-01-05;4;0,1;App;12.12
O06907;C0332;P207;2025-02-23;3;0,35;Website;Ramadhan
O06908;C0321;P022;2024-04-01;3;0,34;Tokopedia;None
O06909;C0117;P140;2024-02-10;3;0,1;Tokopedia;None
O06910;C0505;P279;2025-03-29;5;0,3;Website;11.11
O06911;C0511;P088;2024-08-05;4;0,21;App;12.12
O06912;C0857;P101;2024-12-27;3;0,35;Tokopedia;None
O06913;C0932;P275;2024-11-12;4;0,19;Tokopedia;12.12
O06914;C0216;P130;2025-09-11;2;0,24;Shopee;None
O06915;C0995;P193;2024-02-12;3;0,03;Tokopedia;12.12
O06916;C0816;P191;2025-10-06;4;0,01;Shopee;12.12
O06917;C0923;P195;2024-08-03;1;0,23;Shopee;None
O06918;C0756;P080;2025-12-01;2;0,39;Tokopedia;11.11
O06919;C0957;P219;2025-04-01;5;0,38;App;Ramadhan
O06920;C0803;P168;2025-12-02;5;0,36;App;Ramadhan
O06921;C0285;P005;2025-01-31;1;0,2;Tokopedia;11.11
O06922;C0936;P168;2025-07-09;4;0,21;App;None
O06923;C0302;P209;2024-02-08;3;0,11;Shopee;Ramadhan
O06924;C0212;P005;2025-02-15;4;0,24;App;11.11
O06925;C0231;P120;2024-02-26;3;0,35;Tokopedia;11.11
O06926;C0947;P054;2024-12-17;2;0,29;Shopee;12.12
O06927;C0173;P228;2024-01-04;3;0,22;Shopee;Ramadhan
O06928;C0471;P214;2025-01-21;5;0,09;Shopee;Ramadhan
O06929;C0788;P160;2025-09-01;1;0,23;Website;11.11
O06930;C0992;P138;2025-06-28;3;0,38;App;Ramadhan
O06931;C0575;P120;2025-04-12;3;0,22;Tokopedia;11.11
O06932;C0864;P050;2024-12-10;4;0,3;App;None
O06933;C0805;P040;2024-12-01;3;0,15;App;None
O06934;C0797;P263;2025-04-17;2;0,24;Tokopedia;12.12
O06935;C0242;P191;2024-04-25;2;0,36;Shopee;Ramadhan
O06936;C0776;P248;2024-08-10;5;0,07;Shopee;12.12
O06937;C0251;P079;2024-11-15;4;0,22;App;12.12
O06938;C0726;P229;2025-10-26;1;0,1;App;12.12
O06939;C0994;P277;2024-04-12;5;0,21;Shopee;Ramadhan
O06940;C0436;P186;2024-12-03;2;0,03;Tokopedia;12.12
O06941;C0098;P125;2024-12-10;1;0,19;Tokopedia;12.12
O06942;C0896;P079;2025-06-10;1;0,16;App;12.12
O06943;C0319;P043;2025-12-10;4;0,33;Website;11.11
O06944;C0187;P080;2024-06-12;2;0,11;Website;11.11
O06945;C0981;P014;2024-06-21;4;0,26;Shopee;12.12
O06946;C0637;P287;2025-05-11;1;0,34;Website;11.11
O06947;C0729;P224;2024-01-29;1;0,32;Website;Ramadhan
O06948;C0920;P179;2024-10-29;4;0,34;Tokopedia;12.12
O06949;C0429;P139;2024-02-24;4;0,39;App;11.11
O06950;C0704;P183;2025-10-31;1;0,11;Tokopedia;None
O06951;C0421;P073;2024-08-09;3;0,19;App;11.11
O06952;C0442;P257;2024-05-23;3;0,13;App;11.11
O06953;C0261;P165;2025-11-15;5;0,21;Tokopedia;12.12
O06954;C0552;P092;2024-03-15;5;0,12;Tokopedia;Ramadhan
O06955;C0513;P237;2025-10-22;5;0,27;Tokopedia;11.11
O06956;C0633;P108;2024-10-23;3;0,13;Website;11.11
O06957;C0092;P221;2024-05-17;4;0,21;Tokopedia;Ramadhan
O06958;C0841;P024;2024-04-04;2;0,27;Tokopedia;None
O06959;C0678;P212;2025-09-22;5;0,22;App;None
O06960;C0330;P038;2025-01-22;5;0,09;Website;12.12
O06961;C0729;P005;2024-06-20;2;0,26;Website;11.11
O06962;C0376;P018;2024-10-12;1;0,33;Shopee;11.11
O06963;C0416;P239;2025-05-19;4;0,04;Tokopedia;12.12
O06964;C0612;P075;2024-03-28;5;0,4;Tokopedia;None
O06965;C0941;P162;2024-11-24;2;0,29;App;Ramadhan
O06966;C0754;P028;2024-04-12;1;0,1;Shopee;12.12
O06967;C0288;P300;2025-02-20;5;0,34;App;None
O06968;C0151;P161;2024-12-30;4;0,16;App;11.11
O06969;C0457;P034;2024-11-06;1;0,23;Tokopedia;Ramadhan
O06970;C0716;P067;2025-10-25;4;0,38;Website;None
O06971;C0348;P213;2025-01-26;2;0,15;App;None
O06972;C0801;P094;2024-03-04;5;0,12;App;None
O06973;C0948;P120;2025-01-29;4;0,05;Website;11.11
O06974;C0480;P045;2025-10-27;2;0,26;App;None
O06975;C0566;P219;2024-01-07;4;0,24;Shopee;12.12
O06976;C0975;P023;2024-11-14;3;0,2;Website;11.11
O06977;C0737;P056;2024-10-19;1;0,31;App;None
O06978;C0757;P143;2024-10-08;5;0,04;Website;11.11
O06979;C0382;P050;2025-12-20;2;0,31;Shopee;None
O06980;C0412;P225;2024-07-25;4;0,39;Shopee;12.12
O06981;C0052;P245;2025-07-30;1;0,07;Tokopedia;12.12
O06982;C0616;P222;2025-02-07;3;0,24;Website;12.12
O06983;C0447;P087;2025-07-25;1;0,03;App;11.11
O06984;C0361;P041;2025-07-20;5;0,4;Shopee;None
O06985;C0228;P212;2025-05-04;5;0,27;Tokopedia;12.12
O06986;C0857;P008;2025-08-12;2;0,33;Website;11.11
O06987;C0205;P055;2025-08-08;5;0,19;App;Ramadhan
O06988;C0832;P182;2024-08-26;4;0,36;Tokopedia;12.12
O06989;C0164;P232;2024-09-16;2;0,11;Tokopedia;11.11
O06990;C0759;P101;2024-03-18;2;0,14;Shopee;Ramadhan
O06991;C0960;P057;2025-03-24;2;0,36;Website;11.11
O06992;C0646;P240;2025-03-15;5;0,06;App;Ramadhan
O06993;C0185;P263;2025-06-15;2;0,17;Tokopedia;11.11
O06994;C0552;P118;2025-06-11;2;0,24;Website;12.12
O06995;C0405;P045;2024-08-05;4;0,21;App;11.11
O06996;C0954;P162;2025-10-04;5;0,1;Tokopedia;12.12
O06997;C0165;P018;2025-03-04;3;0,11;Tokopedia;12.12
O06998;C0822;P249;2025-08-18;3;0,15;Website;None
O06999;C0176;P178;2024-05-14;3;0,25;App;Ramadhan
O07000;C0676;P078;2024-01-24;5;0,38;Tokopedia;11.11
O07001;C0303;P267;2025-01-29;4;0,04;Shopee;Ramadhan
O07002;C0325;P194;2025-08-19;3;0,01;App;None
O07003;C0132;P150;2025-02-16;5;0,18;Website;11.11
O07004;C0232;P175;2024-08-11;5;0,29;Website;11.11
O07005;C0624;P034;2025-09-16;3;0,1;Shopee;12.12
O07006;C0002;P267;2025-08-12;5;0,02;Tokopedia;12.12
O07007;C0917;P095;2025-09-30;2;0,01;App;12.12
O07008;C0515;P045;2025-12-19;2;0,07;Shopee;None
O07009;C0151;P007;2025-09-04;5;0,09;Tokopedia;Ramadhan
O07010;C0015;P109;2024-01-05;1;0,27;Shopee;11.11
O07011;C0205;P039;2024-04-22;1;0,17;Tokopedia;None
O07012;C0833;P109;2025-06-29;3;0,17;Tokopedia;11.11
O07013;C0506;P075;2024-12-31;2;0,16;Website;12.12
O07014;C0902;P288;2025-01-18;3;0,07;Shopee;12.12
O07015;C0598;P256;2025-06-07;2;0,17;Website;11.11
O07016;C0850;P252;2024-02-20;5;0,03;Shopee;11.11
O07017;C0290;P099;2024-08-23;5;0,01;Shopee;12.12
O07018;C0082;P092;2025-04-19;4;0,17;App;Ramadhan
O07019;C0340;P281;2025-02-19;2;0,21;App;Ramadhan
O07020;C0731;P053;2024-06-28;3;0,04;Tokopedia;11.11
O07021;C0598;P300;2025-06-09;1;0,03;Tokopedia;Ramadhan
O07022;C0923;P262;2024-11-30;1;0,2;Website;None
O07023;C0803;P285;2025-12-21;2;0,06;App;11.11
O07024;C0949;P025;2024-01-09;4;0,04;Tokopedia;11.11
O07025;C0753;P069;2025-01-03;4;0,14;App;12.12
O07026;C0734;P266;2025-02-17;5;0,21;Shopee;Ramadhan
O07027;C0986;P022;2025-06-10;5;0,34;App;None
O07028;C0831;P275;2024-11-19;2;0,06;App;None
O07029;C0997;P050;2024-03-11;4;0,34;Tokopedia;11.11
O07030;C0047;P179;2024-04-26;1;0,08;Website;12.12
O07031;C0829;P016;2024-07-29;2;0,31;App;Ramadhan
O07032;C0864;P011;2025-04-19;1;0,04;Website;12.12
O07033;C0385;P058;2025-09-20;2;0,27;Website;None
O07034;C0558;P295;2024-07-01;4;0,39;Shopee;12.12
O07035;C0492;P266;2024-07-06;5;0,35;App;12.12
O07036;C0380;P274;2024-04-28;3;0,07;App;12.12
O07037;C0204;P265;2025-10-11;5;0,27;Tokopedia;11.11
O07038;C0524;P036;2025-08-01;2;0,23;Website;Ramadhan
O07039;C0661;P045;2024-02-28;4;0,28;Tokopedia;None
O07040;C0516;P229;2025-09-21;4;0,26;App;11.11
O07041;C0163;P058;2025-12-02;2;0,14;Website;12.12
O07042;C0336;P277;2024-06-20;4;0,24;App;12.12
O07043;C0904;P213;2024-02-11;5;0,36;Website;None
O07044;C0470;P141;2025-08-25;4;0,23;Website;None
O07045;C0345;P298;2024-12-10;1;0,39;Shopee;12.12
O07046;C0858;P172;2024-04-09;5;0,13;Tokopedia;Ramadhan
O07047;C0262;P238;2024-02-12;5;0,35;Shopee;12.12
O07048;C0838;P068;2024-10-31;5;0,02;Tokopedia;None
O07049;C0614;P113;2025-03-27;4;0,3;Shopee;None
O07050;C0507;P118;2025-01-11;4;0,02;Shopee;12.12
O07051;C0683;P014;2025-04-05;3;0,24;Shopee;12.12
O07052;C0949;P184;2025-01-26;2;0,15;App;None
O07053;C0233;P163;2024-12-07;1;0,1;Tokopedia;12.12
O07054;C0337;P173;2024-06-05;2;0,22;Shopee;11.11
O07055;C0374;P223;2025-07-24;4;0,3;Website;Ramadhan
O07056;C0465;P161;2024-09-28;1;0,3;Shopee;Ramadhan
O07057;C0121;P051;2024-05-27;4;0,39;Shopee;11.11
O07058;C0174;P297;2024-02-29;5;0,01;Tokopedia;Ramadhan
O07059;C0501;P052;2025-01-20;3;0,21;App;11.11
O07060;C0563;P214;2024-11-30;2;0,15;Website;Ramadhan
O07061;C0071;P127;2024-10-30;1;0,37;Shopee;Ramadhan
O07062;C0637;P068;2024-02-04;4;0,24;Tokopedia;11.11
O07063;C0881;P007;2025-11-17;4;0,29;Tokopedia;Ramadhan
O07064;C0626;P213;2025-09-02;4;0,19;Website;Ramadhan
O07065;C0965;P243;2025-11-06;3;0,38;App;11.11
O07066;C0820;P143;2024-11-18;1;0,3;Tokopedia;12.12
O07067;C0833;P156;2024-05-02;2;0,27;Website;11.11
O07068;C0097;P052;2024-08-23;2;0,1;Website;11.11
O07069;C0251;P193;2025-07-21;3;0,29;Shopee;11.11
O07070;C0355;P226;2024-08-19;3;0,28;Website;None
O07071;C0689;P148;2025-03-13;2;0,21;Tokopedia;11.11
O07072;C0377;P092;2025-04-09;4;0,09;App;11.11
O07073;C0203;P072;2024-04-25;3;0,22;Shopee;11.11
O07074;C0335;P175;2024-10-13;4;0,08;App;11.11
O07075;C0252;P226;2024-10-09;5;0,22;Website;11.11
O07076;C0211;P106;2024-01-26;5;0,09;Website;Ramadhan
O07077;C0556;P296;2025-05-15;1;0,38;App;11.11
O07078;C0511;P258;2024-08-14;2;0,39;App;11.11
O07079;C0827;P148;2024-04-06;3;0,18;Website;11.11
O07080;C0203;P104;2025-11-11;4;0,31;Shopee;Ramadhan
O07081;C0175;P211;2025-02-24;5;0,09;App;11.11
O07082;C0166;P107;2025-11-27;3;0,36;Tokopedia;11.11
O07083;C0072;P209;2025-04-24;2;0,32;Tokopedia;None
O07084;C0328;P115;2024-06-23;3;0,24;Tokopedia;12.12
O07085;C0779;P030;2025-11-06;3;0,01;App;None
O07086;C0883;P137;2024-02-11;1;0,35;Tokopedia;11.11
O07087;C0278;P060;2024-09-10;3;0,01;App;Ramadhan
O07088;C0718;P256;2025-01-22;4;0,2;Shopee;Ramadhan
O07089;C0626;P084;2025-02-21;4;0,03;Website;Ramadhan
O07090;C0911;P228;2024-12-02;4;0,36;Shopee;11.11
O07091;C0557;P240;2024-11-25;5;0,29;Tokopedia;11.11
O07092;C0801;P037;2024-12-22;1;0,38;Tokopedia;None
O07093;C0684;P075;2025-04-07;5;0,35;Shopee;11.11
O07094;C0826;P143;2024-12-22;3;0,03;App;11.11
O07095;C0828;P277;2024-04-13;3;0,1;App;Ramadhan
O07096;C0996;P016;2024-06-10;3;0,2;Website;Ramadhan
O07097;C0176;P052;2024-06-27;1;0,28;Website;None
O07098;C0144;P176;2025-05-17;3;0,27;Website;11.11
O07099;C0927;P060;2025-09-01;2;0,11;App;Ramadhan
O07100;C0728;P266;2025-04-30;2;0,02;App;None
O07101;C0465;P213;2024-05-23;5;0,07;App;11.11
O07102;C0179;P130;2024-05-17;5;0,31;Tokopedia;Ramadhan
O07103;C0161;P186;2024-10-03;3;0,18;Website;11.11
O07104;C0874;P233;2025-03-14;2;0,2;Shopee;11.11
O07105;C0799;P233;2025-03-25;5;0,15;Website;11.11
O07106;C0987;P152;2024-04-30;5;0,34;App;11.11
O07107;C0172;P291;2024-09-26;4;0,05;App;11.11
O07108;C0572;P156;2024-09-30;2;0,06;Shopee;11.11
O07109;C0170;P283;2025-01-22;1;0,05;App;11.11
O07110;C0714;P022;2025-05-21;3;0,19;Shopee;11.11
O07111;C0741;P228;2024-10-05;5;0,36;Website;Ramadhan
O07112;C0560;P131;2025-03-06;5;0,1;Website;None
O07113;C0829;P115;2024-07-24;1;0,07;Tokopedia;12.12
O07114;C0646;P113;2025-02-27;5;0,1;Website;Ramadhan
O07115;C0212;P054;2025-11-19;2;0,38;Website;11.11
O07116;C0580;P292;2024-04-16;4;0,02;Tokopedia;12.12
O07117;C0660;P285;2025-12-02;4;0,39;Website;None
O07118;C0209;P289;2024-04-06;1;0,3;Tokopedia;11.11
O07119;C0614;P036;2024-03-28;3;0,31;Website;Ramadhan
O07120;C0198;P212;2024-06-21;5;0,03;Shopee;11.11
O07121;C0314;P044;2025-11-20;3;0,15;App;11.11
O07122;C0911;P298;2024-07-21;3;0,07;Website;None
O07123;C0821;P076;2025-10-25;2;0,19;App;12.12
O07124;C0616;P046;2024-04-29;2;0;App;Ramadhan
O07125;C0061;P099;2024-04-05;5;0,29;Tokopedia;Ramadhan
O07126;C0712;P287;2024-10-17;4;0,14;Website;11.11
O07127;C0561;P256;2025-07-08;3;0,13;App;None
O07128;C0850;P157;2025-12-24;4;0,18;Tokopedia;11.11
O07129;C0720;P223;2025-08-26;4;0,29;App;None
O07130;C0602;P047;2025-08-08;3;0,06;Website;Ramadhan
O07131;C0285;P137;2024-03-22;4;0,28;Website;None
O07132;C0032;P066;2024-01-02;3;0,33;Shopee;None
O07133;C0302;P193;2024-07-16;1;0,11;App;Ramadhan
O07134;C0220;P191;2025-01-09;1;0,38;App;12.12
O07135;C0846;P114;2025-05-12;4;0,37;Shopee;12.12
O07136;C0469;P209;2024-04-12;4;0,06;Shopee;Ramadhan
O07137;C0106;P164;2024-12-26;5;0,37;Shopee;Ramadhan
O07138;C0956;P109;2025-05-29;4;0,2;App;None
O07139;C0798;P018;2025-08-31;4;0,13;Website;Ramadhan
O07140;C0836;P148;2024-10-28;5;0,04;Shopee;12.12
O07141;C0375;P108;2024-05-18;5;0,32;App;12.12
O07142;C0869;P028;2025-02-28;4;0,38;Tokopedia;None
O07143;C0004;P214;2025-07-27;4;0,13;App;11.11
O07144;C0526;P272;2024-05-23;4;0,03;Shopee;None
O07145;C0157;P299;2024-09-08;2;0,12;Shopee;Ramadhan
O07146;C0726;P109;2024-12-27;3;0,03;Tokopedia;12.12
O07147;C0295;P230;2025-09-30;4;0,15;App;None
O07148;C0355;P262;2025-03-14;3;0,09;Tokopedia;Ramadhan
O07149;C0420;P197;2024-11-10;5;0,21;Website;None
O07150;C0200;P260;2024-09-16;4;0,24;Website;Ramadhan
O07151;C0345;P230;2024-08-27;1;0,22;App;11.11
O07152;C0748;P150;2024-01-15;1;0,15;Website;Ramadhan
O07153;C0222;P264;2025-10-11;5;0,24;Website;None
O07154;C0360;P016;2025-01-26;3;0,15;Tokopedia;12.12
O07155;C0400;P203;2024-12-26;4;0,08;Shopee;None
O07156;C0692;P271;2024-03-23;5;0,07;App;None
O07157;C0474;P005;2024-11-27;1;0,29;Tokopedia;11.11
O07158;C0411;P084;2025-08-05;5;0,11;Website;None
O07159;C0961;P141;2024-11-15;4;0,05;Website;Ramadhan
O07160;C0058;P145;2025-10-10;3;0,34;Shopee;11.11
O07161;C0904;P295;2024-10-16;2;0,33;App;Ramadhan
O07162;C0384;P289;2025-06-14;4;0,21;Website;Ramadhan
O07163;C0438;P138;2024-11-13;4;0,38;Tokopedia;12.12
O07164;C0023;P283;2025-05-12;2;0,07;Shopee;None
O07165;C0088;P207;2025-06-19;4;0,35;Website;11.11
O07166;C0734;P120;2024-01-11;1;0,35;Tokopedia;11.11
O07167;C0021;P195;2024-07-05;4;0,15;Tokopedia;Ramadhan
O07168;C0159;P009;2024-04-11;4;0,04;Shopee;11.11
O07169;C0706;P242;2024-10-03;3;0,19;Website;12.12
O07170;C0358;P198;2024-07-25;1;0,19;Tokopedia;12.12
O07171;C0052;P296;2025-05-23;1;0,11;App;Ramadhan
O07172;C0037;P098;2024-10-15;1;0,03;Website;None
O07173;C0455;P049;2024-08-25;5;0;Website;None
O07174;C0820;P033;2025-03-12;2;0,31;Tokopedia;Ramadhan
O07175;C0255;P162;2025-02-12;3;0,13;Shopee;None
O07176;C0868;P036;2025-08-13;4;0,3;Tokopedia;11.11
O07177;C0828;P207;2024-10-27;4;0,33;App;11.11
O07178;C0873;P244;2025-09-09;1;0,17;Tokopedia;Ramadhan
O07179;C0251;P143;2025-08-13;5;0,24;Website;12.12
O07180;C0925;P080;2024-02-23;2;0,25;Shopee;11.11
O07181;C0617;P073;2025-01-07;4;0,1;App;Ramadhan
O07182;C0570;P175;2025-08-16;2;0,28;Tokopedia;12.12
O07183;C0543;P156;2025-05-05;5;0,13;App;Ramadhan
O07184;C0311;P038;2025-03-10;2;0,18;Website;12.12
O07185;C0964;P229;2025-07-29;3;0,26;Tokopedia;None
O07186;C0099;P250;2025-12-19;1;0,04;Website;Ramadhan
O07187;C0904;P237;2024-08-18;3;0,22;Shopee;12.12
O07188;C0606;P031;2025-07-19;4;0,29;Tokopedia;Ramadhan
O07189;C0596;P059;2025-02-08;4;0,06;Website;11.11
O07190;C0053;P243;2024-11-05;2;0,02;Tokopedia;11.11
O07191;C0594;P292;2025-04-14;5;0,04;App;11.11
O07192;C0371;P280;2024-03-24;1;0,07;Shopee;11.11
O07193;C0917;P024;2025-07-04;5;0,2;Tokopedia;12.12
O07194;C0088;P144;2024-03-10;1;0,19;Shopee;11.11
O07195;C0394;P120;2024-10-28;1;0,01;Website;Ramadhan
O07196;C0952;P081;2024-06-26;4;0,07;Website;None
O07197;C0464;P144;2024-08-03;5;0,12;Website;Ramadhan
O07198;C0791;P014;2024-09-13;3;0,18;App;11.11
O07199;C0602;P022;2025-09-20;2;0,33;App;11.11
O07200;C0287;P146;2025-07-11;3;0,29;Shopee;None
O07201;C0627;P225;2025-06-23;2;0,08;Shopee;Ramadhan
O07202;C0048;P091;2024-02-08;5;0,13;Tokopedia;Ramadhan
O07203;C0124;P023;2024-10-23;1;0,29;Website;11.11
O07204;C0157;P195;2025-08-08;2;0,2;App;12.12
O07205;C0220;P257;2024-04-03;5;0,36;Website;Ramadhan
O07206;C0702;P207;2024-03-11;3;0,24;Tokopedia;None
O07207;C0322;P244;2024-12-24;5;0,01;App;Ramadhan
O07208;C0165;P273;2024-04-23;5;0,08;Website;12.12
O07209;C0598;P022;2024-09-25;3;0,12;App;11.11
O07210;C0245;P095;2025-03-08;1;0,05;Tokopedia;None
O07211;C0986;P239;2024-07-09;5;0,4;App;None
O07212;C0055;P073;2025-11-09;5;0,2;Shopee;12.12
O07213;C0979;P018;2024-11-06;3;0,29;Shopee;Ramadhan
O07214;C0899;P261;2025-06-11;4;0,12;Tokopedia;12.12
O07215;C0842;P023;2025-12-17;2;0,17;Tokopedia;None
O07216;C0505;P096;2025-12-02;3;0,29;Shopee;11.11
O07217;C0481;P053;2025-12-21;4;0,17;Website;12.12
O07218;C0970;P151;2024-02-25;3;0,33;Website;12.12
O07219;C0168;P285;2025-03-12;5;0,16;Shopee;Ramadhan
O07220;C0512;P298;2025-12-20;1;0,3;Shopee;None
O07221;C0021;P009;2024-07-02;4;0,18;Shopee;11.11
O07222;C0269;P070;2025-09-27;4;0,34;Tokopedia;11.11
O07223;C0822;P120;2025-08-03;4;0,08;Shopee;12.12
O07224;C0565;P046;2025-08-13;2;0,06;Shopee;None
O07225;C0418;P023;2025-01-03;4;0,19;Tokopedia;Ramadhan
O07226;C0750;P031;2024-07-09;4;0,1;App;12.12
O07227;C0901;P184;2025-10-09;5;0,37;Website;12.12
O07228;C0638;P067;2025-10-03;4;0,04;Website;Ramadhan
O07229;C0580;P028;2024-12-05;3;0,17;Website;None
O07230;C0489;P258;2025-11-10;5;0,28;Shopee;None
O07231;C0467;P228;2025-10-19;5;0,35;Website;Ramadhan
O07232;C0825;P079;2024-05-18;3;0,14;Website;12.12
O07233;C0061;P292;2025-07-07;4;0;App;12.12
O07234;C0657;P241;2024-07-06;4;0,4;Website;12.12
O07235;C0435;P238;2025-12-14;3;0,05;Shopee;Ramadhan
O07236;C0767;P081;2025-12-16;4;0,06;Tokopedia;11.11
O07237;C0092;P174;2025-07-01;1;0,39;Shopee;12.12
O07238;C0230;P200;2025-12-09;4;0;Tokopedia;None
O07239;C0361;P027;2024-03-27;2;0,12;Tokopedia;None
O07240;C0116;P151;2025-10-02;4;0,25;Tokopedia;12.12
O07241;C0915;P137;2025-08-27;1;0,21;Website;None
O07242;C0078;P024;2025-04-29;4;0,09;App;12.12
O07243;C0515;P281;2024-02-11;5;0,28;Shopee;Ramadhan
O07244;C0318;P108;2025-06-26;5;0,4;Website;Ramadhan
O07245;C0314;P291;2024-05-18;4;0,27;Tokopedia;12.12
O07246;C0659;P236;2025-02-04;1;0,24;Tokopedia;12.12
O07247;C0655;P024;2024-09-09;3;0,36;Shopee;None
O07248;C0499;P243;2024-12-18;1;0,28;Website;11.11
O07249;C0569;P015;2025-03-26;4;0;Website;12.12
O07250;C0079;P118;2024-09-22;2;0,13;App;12.12
O07251;C0869;P203;2025-03-18;3;0,15;Shopee;None
O07252;C0991;P224;2025-07-17;3;0,2;App;None
O07253;C0584;P141;2025-10-08;5;0,11;Tokopedia;12.12
O07254;C0070;P238;2024-12-13;4;0,05;Tokopedia;Ramadhan
O07255;C0104;P028;2024-10-18;1;0,23;App;11.11
O07256;C0636;P171;2024-10-01;5;0,36;Tokopedia;Ramadhan
O07257;C0097;P268;2024-06-29;1;0,07;Website;None
O07258;C0955;P238;2024-06-28;4;0,28;Tokopedia;Ramadhan
O07259;C0486;P132;2024-05-17;5;0,31;App;12.12
O07260;C0113;P134;2024-09-10;2;0,34;Shopee;None
O07261;C0483;P223;2024-09-02;4;0,18;App;None
O07262;C0954;P044;2024-01-30;3;0,32;Tokopedia;None
O07263;C0501;P070;2025-04-11;3;0,17;Website;Ramadhan
O07264;C0569;P184;2024-09-08;4;0,35;Shopee;Ramadhan
O07265;C0180;P056;2024-05-11;1;0,15;Tokopedia;Ramadhan
O07266;C0151;P103;2025-02-02;5;0,22;Tokopedia;None
O07267;C0569;P027;2024-11-25;4;0,38;Website;Ramadhan
O07268;C0135;P198;2024-05-24;1;0,17;App;Ramadhan
O07269;C0483;P197;2025-08-17;1;0,05;App;12.12
O07270;C0302;P182;2025-06-29;4;0,33;App;None
O07271;C0031;P156;2024-10-22;1;0,14;Tokopedia;Ramadhan
O07272;C0107;P137;2025-03-22;4;0,32;App;11.11
O07273;C0210;P293;2024-12-11;4;0,05;Tokopedia;11.11
O07274;C0335;P119;2024-06-14;1;0,07;Tokopedia;12.12
O07275;C0973;P037;2025-03-03;3;0,03;Website;None
O07276;C0806;P194;2025-07-06;1;0,29;Tokopedia;Ramadhan
O07277;C0137;P280;2025-08-26;2;0,2;Shopee;11.11
O07278;C0912;P210;2025-04-07;5;0,26;Tokopedia;None
O07279;C0188;P196;2025-05-02;5;0,32;Tokopedia;11.11
O07280;C0860;P238;2025-10-06;4;0,29;Shopee;Ramadhan
O07281;C0088;P189;2025-08-26;3;0,04;Shopee;12.12
O07282;C0307;P127;2025-01-29;4;0,2;Tokopedia;12.12
O07283;C0061;P121;2025-01-27;4;0,23;Shopee;11.11
O07284;C0765;P281;2024-12-13;5;0;App;Ramadhan
O07285;C0566;P068;2024-09-04;2;0,28;App;Ramadhan
O07286;C0619;P039;2025-04-09;1;0,17;Shopee;12.12
O07287;C0698;P046;2024-08-19;1;0,33;Shopee;11.11
O07288;C0556;P233;2025-11-21;4;0,29;Tokopedia;12.12
O07289;C0787;P271;2025-10-01;5;0,15;App;Ramadhan
O07290;C0916;P113;2025-08-25;4;0,39;App;12.12
O07291;C0698;P120;2024-02-17;2;0,24;Website;12.12
O07292;C0715;P018;2025-01-16;1;0,15;Shopee;Ramadhan
O07293;C0321;P007;2025-10-31;1;0,1;App;12.12
O07294;C0828;P278;2024-12-12;2;0,26;Tokopedia;None
O07295;C0113;P001;2024-02-02;1;0,23;Website;11.11
O07296;C0411;P271;2025-11-02;5;0,27;Shopee;Ramadhan
O07297;C0730;P289;2024-11-28;3;0,13;App;Ramadhan
O07298;C0170;P139;2024-09-25;1;0,28;Tokopedia;12.12
O07299;C0009;P208;2024-03-04;5;0,2;App;Ramadhan
O07300;C0618;P276;2024-11-03;5;0,12;Website;Ramadhan
O07301;C0596;P196;2024-09-03;5;0,14;Tokopedia;None
O07302;C0282;P269;2025-08-08;5;0,14;Shopee;12.12
O07303;C0492;P150;2024-03-18;4;0,26;Website;12.12
O07304;C0830;P006;2025-11-19;4;0,01;Tokopedia;11.11
O07305;C0090;P223;2025-12-18;1;0,14;App;Ramadhan
O07306;C0002;P149;2025-07-21;1;0,21;Shopee;Ramadhan
O07307;C0415;P137;2025-04-26;5;0,31;Tokopedia;11.11
O07308;C0551;P241;2025-02-02;2;0,21;Website;11.11
O07309;C0220;P159;2024-04-03;1;0,22;App;None
O07310;C0323;P029;2024-10-31;1;0,22;Tokopedia;12.12
O07311;C0789;P245;2024-12-05;4;0,21;App;None
O07312;C0422;P014;2024-06-07;4;0,01;Website;Ramadhan
O07313;C0790;P182;2024-06-16;3;0,03;Shopee;11.11
O07314;C0865;P279;2024-10-01;3;0,02;Shopee;11.11
O07315;C0211;P086;2025-12-24;1;0,22;Shopee;Ramadhan
O07316;C0750;P177;2024-02-22;4;0,14;App;11.11
O07317;C0635;P170;2025-12-20;4;0,36;Shopee;12.12
O07318;C0636;P245;2025-10-13;4;0,05;App;Ramadhan
O07319;C0107;P151;2024-01-12;1;0,29;Shopee;Ramadhan
O07320;C0456;P118;2025-05-27;3;0,01;Website;Ramadhan
O07321;C0109;P189;2024-09-02;3;0,17;App;12.12
O07322;C0098;P258;2024-08-28;4;0,03;Website;None
O07323;C0634;P221;2025-11-10;1;0,02;Website;11.11
O07324;C0810;P220;2025-09-23;2;0,24;Shopee;None
O07325;C0080;P060;2025-07-10;4;0,34;Tokopedia;Ramadhan
O07326;C0641;P119;2024-05-30;3;0,02;App;Ramadhan
O07327;C0596;P177;2025-06-06;3;0,09;App;None
O07328;C0514;P043;2025-04-19;2;0,3;Website;12.12
O07329;C0663;P186;2025-10-17;3;0,32;App;None
O07330;C0060;P171;2025-11-19;1;0,39;Shopee;12.12
O07331;C0130;P243;2025-10-05;3;0,18;Tokopedia;None
O07332;C0812;P055;2025-05-28;5;0,04;Tokopedia;Ramadhan
O07333;C0541;P136;2024-08-01;4;0,27;Shopee;Ramadhan
O07334;C0402;P065;2025-02-04;5;0,27;App;12.12
O07335;C0280;P204;2024-05-29;4;0,25;App;12.12
O07336;C0518;P258;2024-11-05;2;0,1;App;11.11
O07337;C0946;P054;2024-03-02;4;0,39;Website;12.12
O07338;C0944;P243;2025-10-31;3;0,28;Website;12.12
O07339;C0155;P275;2024-06-04;3;0,01;Tokopedia;None
O07340;C0019;P037;2024-12-19;4;0,22;Website;12.12
O07341;C0146;P169;2025-11-23;2;0,04;Website;11.11
O07342;C0552;P082;2024-08-11;3;0,17;Tokopedia;12.12
O07343;C0007;P041;2024-06-16;5;0,04;Tokopedia;None
O07344;C0433;P160;2024-04-24;1;0,04;Shopee;11.11
O07345;C0923;P211;2025-08-18;4;0,19;Shopee;12.12
O07346;C0322;P296;2024-08-11;1;0,37;Website;12.12
O07347;C0089;P079;2024-10-01;4;0,32;App;12.12
O07348;C0427;P270;2024-07-14;5;0,07;Tokopedia;12.12
O07349;C0760;P138;2025-10-10;5;0,31;Website;Ramadhan
O07350;C0030;P043;2025-03-16;3;0,1;Tokopedia;12.12
O07351;C0633;P178;2025-02-15;3;0,28;Website;12.12
O07352;C0195;P267;2024-10-25;3;0,26;Shopee;12.12
O07353;C0072;P010;2025-03-01;2;0,35;Website;11.11
O07354;C0833;P087;2024-07-19;1;0,22;Shopee;None
O07355;C0404;P260;2025-08-15;4;0,1;Shopee;12.12
O07356;C0420;P097;2025-01-05;4;0,14;Shopee;None
O07357;C0662;P280;2025-09-06;4;0,01;Website;None
O07358;C0094;P195;2025-12-05;3;0,18;App;11.11
O07359;C0676;P018;2025-06-12;3;0,24;Shopee;11.11
O07360;C0353;P090;2024-11-02;5;0,26;App;11.11
O07361;C0938;P194;2024-04-10;4;0,23;Website;12.12
O07362;C0067;P198;2024-05-05;1;0,1;Tokopedia;12.12
O07363;C0756;P266;2025-06-10;5;0,11;Website;Ramadhan
O07364;C0217;P016;2025-05-13;1;0,22;App;12.12
O07365;C0911;P095;2025-06-06;1;0,15;Tokopedia;12.12
O07366;C0581;P241;2025-05-06;2;0,01;Website;12.12
O07367;C0056;P299;2025-07-12;4;0,27;Website;None
O07368;C0004;P187;2024-12-11;2;0,19;Website;12.12
O07369;C0469;P227;2024-09-16;2;0,26;App;None
O07370;C0262;P249;2025-04-21;5;0,35;App;12.12
O07371;C0482;P290;2024-01-02;1;0,1;Shopee;12.12
O07372;C0774;P104;2025-03-17;2;0,31;Tokopedia;None
O07373;C0293;P260;2025-08-27;2;0,23;Tokopedia;Ramadhan
O07374;C0596;P192;2025-11-10;2;0,27;App;None
O07375;C0274;P147;2025-05-08;1;0,2;Website;None
O07376;C0068;P080;2024-11-24;5;0,11;Tokopedia;11.11
O07377;C0928;P031;2024-06-16;1;0,14;Shopee;None
O07378;C0454;P060;2025-10-31;2;0,17;Website;None
O07379;C0318;P236;2024-01-11;1;0,2;App;11.11
O07380;C0244;P192;2025-09-30;5;0,3;Tokopedia;12.12
O07381;C0741;P049;2025-03-17;1;0,02;Shopee;11.11
O07382;C0526;P010;2025-08-17;2;0,27;App;11.11
O07383;C0805;P104;2024-12-11;4;0,28;Tokopedia;12.12
O07384;C0528;P012;2024-07-05;5;0,21;Website;Ramadhan
O07385;C0937;P273;2024-01-03;3;0,29;Shopee;None
O07386;C0077;P131;2024-05-04;3;0,16;Website;None
O07387;C0483;P107;2025-05-04;5;0,06;Website;Ramadhan
O07388;C0742;P100;2024-05-30;4;0,18;Tokopedia;12.12
O07389;C0885;P122;2025-11-23;3;0,09;Tokopedia;None
O07390;C0822;P240;2025-03-26;2;0,29;Shopee;None
O07391;C0930;P189;2024-08-13;1;0,23;Shopee;11.11
O07392;C0839;P087;2024-07-08;5;0,36;Shopee;11.11
O07393;C0183;P215;2025-03-28;4;0,09;App;Ramadhan
O07394;C0343;P242;2024-09-24;2;0,25;Shopee;11.11
O07395;C0097;P160;2025-07-31;5;0,06;Tokopedia;None
O07396;C0740;P281;2024-08-23;2;0,16;Website;11.11
O07397;C0902;P145;2024-05-01;1;0,13;Shopee;12.12
O07398;C0147;P183;2024-05-07;4;0,17;Shopee;Ramadhan
O07399;C0532;P162;2025-07-09;4;0,16;Shopee;12.12
O07400;C0079;P082;2025-03-24;3;0,29;Website;Ramadhan
O07401;C0038;P205;2024-02-16;2;0,07;Website;12.12
O07402;C0099;P224;2024-11-05;3;0,14;Shopee;Ramadhan
O07403;C0902;P120;2025-03-09;4;0,3;Website;None
O07404;C0710;P032;2024-05-20;1;0,31;App;12.12
O07405;C0946;P073;2024-11-22;2;0,33;Shopee;None
O07406;C0642;P020;2024-02-22;1;0,34;Shopee;Ramadhan
O07407;C0973;P192;2024-09-11;4;0,36;Shopee;11.11
O07408;C0862;P222;2025-05-08;5;0,02;Tokopedia;Ramadhan
O07409;C0486;P016;2025-01-29;1;0,36;Website;None
O07410;C0162;P230;2024-11-17;5;0,35;Shopee;None
O07411;C0445;P180;2024-03-19;3;0,2;Tokopedia;None
O07412;C0543;P207;2024-03-22;3;0,24;Website;12.12
O07413;C0493;P258;2024-08-11;2;0,22;Website;None
O07414;C0914;P008;2025-04-29;5;0,3;Website;Ramadhan
O07415;C0520;P238;2025-08-08;2;0,14;Website;12.12
O07416;C0224;P174;2025-12-20;2;0,16;App;Ramadhan
O07417;C0860;P236;2024-07-01;2;0,27;Tokopedia;11.11
O07418;C0028;P293;2025-01-27;4;0,02;Tokopedia;12.12
O07419;C0405;P184;2025-05-16;4;0,24;Website;Ramadhan
O07420;C0966;P132;2024-05-29;1;0,17;App;11.11
O07421;C0726;P146;2025-03-21;4;0,13;Shopee;11.11
O07422;C0631;P254;2025-07-02;4;0,08;Shopee;12.12
O07423;C0042;P110;2024-10-26;4;0,01;Shopee;11.11
O07424;C0372;P049;2024-11-19;1;0,35;Tokopedia;Ramadhan
O07425;C0776;P224;2025-08-21;2;0,18;App;Ramadhan
O07426;C0503;P190;2025-01-01;3;0,35;Shopee;12.12
O07427;C0755;P118;2025-09-03;5;0,39;App;12.12
O07428;C0213;P236;2025-05-13;4;0,11;App;11.11
O07429;C0483;P125;2024-05-12;5;0,1;App;None
O07430;C0528;P099;2025-08-11;3;0,24;Tokopedia;Ramadhan
O07431;C0564;P035;2025-09-20;4;0,34;Website;12.12
O07432;C0660;P160;2024-02-12;3;0,35;Shopee;12.12
O07433;C0584;P127;2024-09-17;4;0,01;Website;Ramadhan
O07434;C0024;P173;2025-12-06;4;0,31;App;11.11
O07435;C0288;P075;2024-02-18;2;0,05;Tokopedia;11.11
O07436;C0417;P173;2024-05-12;3;0,37;App;11.11
O07437;C0306;P241;2024-05-19;3;0,18;Website;12.12
O07438;C0793;P274;2024-10-28;4;0,23;Tokopedia;Ramadhan
O07439;C0425;P192;2024-12-21;5;0,06;Website;Ramadhan
O07440;C0292;P031;2025-12-12;3;0,26;App;None
O07441;C0886;P133;2024-05-27;1;0,24;App;11.11
O07442;C0196;P291;2025-04-16;1;0,06;Tokopedia;12.12
O07443;C0791;P017;2025-04-26;1;0,37;Tokopedia;None
O07444;C0650;P122;2024-03-04;2;0,22;Tokopedia;None
O07445;C0784;P182;2024-03-29;2;0,29;Website;Ramadhan
O07446;C0432;P100;2024-09-19;4;0,34;Tokopedia;Ramadhan
O07447;C0108;P098;2025-06-23;3;0,15;Shopee;Ramadhan
O07448;C0682;P235;2024-11-05;5;0,12;Shopee;11.11
O07449;C0014;P102;2025-03-02;4;0,26;Tokopedia;12.12
O07450;C0438;P073;2025-05-04;4;0,12;Shopee;Ramadhan
O07451;C0188;P036;2025-04-15;4;0,14;Shopee;None
O07452;C0529;P111;2024-04-26;4;0,37;App;12.12
O07453;C0354;P209;2025-05-24;2;0,33;Website;11.11
O07454;C0446;P165;2024-07-18;5;0,04;Tokopedia;11.11
O07455;C0477;P209;2024-11-21;1;0,28;App;Ramadhan
O07456;C0893;P129;2024-08-28;5;0,15;Tokopedia;None
O07457;C0801;P113;2024-12-04;1;0,23;Tokopedia;Ramadhan
O07458;C0376;P229;2024-05-24;3;0,31;Website;None
O07459;C0602;P081;2025-12-07;2;0,07;Website;12.12
O07460;C0717;P295;2025-08-18;1;0,07;Website;12.12
O07461;C0894;P100;2024-08-11;5;0,14;Website;None
O07462;C0682;P192;2025-02-02;5;0,04;Tokopedia;12.12
O07463;C0717;P137;2024-06-29;4;0,19;Website;None
O07464;C0633;P128;2024-05-05;4;0,07;Website;None
O07465;C0045;P218;2024-05-23;4;0,28;App;None
O07466;C0843;P166;2024-03-16;5;0,36;App;None
O07467;C0912;P066;2025-12-19;2;0,35;App;11.11
O07468;C0854;P203;2025-04-23;3;0,17;Shopee;12.12
O07469;C0269;P240;2024-04-16;2;0,15;Shopee;Ramadhan
O07470;C0079;P269;2024-12-21;1;0,23;Tokopedia;12.12
O07471;C0426;P192;2025-08-02;3;0,14;Shopee;None
O07472;C0286;P300;2025-09-16;3;0,25;Tokopedia;None
O07473;C0210;P027;2025-10-25;2;0,03;Tokopedia;12.12
O07474;C0060;P067;2024-06-21;1;0,27;Tokopedia;11.11
O07475;C0512;P186;2024-06-23;2;0,03;Website;11.11
O07476;C0668;P097;2024-03-06;1;0,03;Shopee;11.11
O07477;C0905;P260;2025-09-14;1;0,39;App;12.12
O07478;C0687;P278;2025-10-05;5;0,04;Shopee;Ramadhan
O07479;C0722;P065;2025-09-27;5;0,24;Shopee;11.11
O07480;C0522;P013;2024-12-07;2;0,4;Tokopedia;None
O07481;C0478;P091;2025-07-13;5;0,31;Tokopedia;11.11
O07482;C0545;P029;2024-04-06;5;0,27;App;12.12
O07483;C0729;P188;2025-09-02;4;0,1;Shopee;Ramadhan
O07484;C0849;P244;2024-11-24;3;0,38;Shopee;None
O07485;C0415;P194;2025-10-09;2;0,22;Tokopedia;None
O07486;C0504;P127;2025-07-03;1;0,27;Tokopedia;12.12
O07487;C0745;P202;2025-05-27;2;0,39;Shopee;11.11
O07488;C0438;P086;2024-09-21;1;0,05;Shopee;None
O07489;C0622;P240;2024-09-05;4;0,34;App;11.11
O07490;C0387;P030;2025-03-14;3;0,38;App;None
O07491;C0618;P112;2025-08-24;4;0,14;Shopee;11.11
O07492;C0173;P204;2024-01-02;1;0,15;App;12.12
O07493;C0304;P258;2025-07-20;4;0,01;App;None
O07494;C0478;P300;2025-08-06;5;0,34;Tokopedia;None
O07495;C0440;P272;2024-01-04;1;0,27;Tokopedia;12.12
O07496;C0368;P106;2024-07-23;1;0,01;Shopee;None
O07497;C0872;P125;2024-02-12;1;0,27;Website;None
O07498;C0633;P224;2024-06-13;2;0,37;Shopee;None
O07499;C0994;P081;2025-12-11;2;0,06;Tokopedia;Ramadhan
O07500;C0281;P010;2024-02-02;4;0,1;Shopee;11.11
O07501;C0825;P220;2025-09-11;5;0,1;App;Ramadhan
O07502;C0315;P230;2024-04-26;4;0,09;Tokopedia;12.12
O07503;C0488;P068;2024-03-29;2;0,13;Website;Ramadhan
O07504;C0575;P045;2024-01-24;2;0,25;App;11.11
O07505;C0317;P235;2025-01-08;4;0,12;Tokopedia;Ramadhan
O07506;C0342;P104;2024-09-05;4;0,26;App;None
O07507;C0880;P059;2025-05-09;4;0,15;App;None
O07508;C0178;P285;2025-07-13;3;0,3;App;11.11
O07509;C0839;P292;2024-12-08;5;0,11;Shopee;Ramadhan
O07510;C0345;P231;2024-05-16;5;0,27;Tokopedia;12.12
O07511;C0425;P088;2025-06-15;2;0,08;Website;Ramadhan
O07512;C0617;P288;2025-12-16;2;0,21;Tokopedia;Ramadhan
O07513;C0978;P293;2025-12-21;3;0,22;Tokopedia;None
O07514;C0811;P232;2024-08-26;2;0,4;Tokopedia;Ramadhan
O07515;C0132;P075;2024-10-12;5;0,1;Website;None
O07516;C0433;P152;2024-03-21;5;0,4;Website;Ramadhan
O07517;C0808;P047;2024-09-22;5;0,06;Website;Ramadhan
O07518;C0012;P238;2025-05-06;1;0,35;Website;11.11
O07519;C0904;P141;2024-08-15;3;0,3;Tokopedia;11.11
O07520;C0384;P071;2025-10-21;2;0,1;Website;12.12
O07521;C0267;P279;2025-09-03;4;0,06;Tokopedia;None
O07522;C0829;P233;2025-03-06;3;0,15;Shopee;12.12
O07523;C0167;P221;2024-10-22;5;0,05;Shopee;Ramadhan
O07524;C0478;P189;2025-01-10;5;0,05;Shopee;None
O07525;C0524;P078;2024-09-12;2;0,22;Shopee;None
O07526;C0919;P001;2024-12-13;5;0;Tokopedia;None
O07527;C0903;P264;2025-05-19;5;0,25;Shopee;None
O07528;C0293;P048;2025-04-26;4;0,22;App;None
O07529;C0083;P131;2024-11-17;4;0,11;Tokopedia;None
O07530;C0479;P034;2024-08-28;1;0,09;Tokopedia;11.11
O07531;C0790;P192;2025-12-16;5;0,31;Shopee;11.11
O07532;C0169;P262;2024-06-15;2;0,24;Tokopedia;11.11
O07533;C0406;P242;2024-05-26;1;0,21;App;12.12
O07534;C0309;P294;2025-03-15;5;0,24;Website;None
O07535;C0151;P004;2024-03-24;2;0,06;Shopee;None
O07536;C0151;P154;2024-07-30;3;0,06;Website;11.11
O07537;C0984;P236;2025-05-24;1;0;Tokopedia;None
O07538;C0249;P123;2024-03-09;3;0,39;App;Ramadhan
O07539;C0179;P265;2024-01-26;3;0,06;Tokopedia;None
O07540;C0195;P194;2024-07-15;3;0,15;App;None
O07541;C0235;P052;2025-12-12;4;0,22;Website;None
O07542;C0060;P125;2024-06-07;2;0,32;Tokopedia;None
O07543;C0454;P131;2025-12-15;4;0,07;App;Ramadhan
O07544;C0149;P094;2025-12-12;2;0,17;Shopee;12.12
O07545;C0024;P117;2025-08-25;2;0,13;Website;None
O07546;C0404;P277;2024-08-24;1;0,24;Shopee;Ramadhan
O07547;C0014;P121;2025-11-03;2;0,23;Shopee;Ramadhan
O07548;C0639;P170;2025-10-22;1;0,14;Website;12.12
O07549;C0429;P009;2024-12-29;1;0,21;Shopee;Ramadhan
O07550;C0951;P102;2025-07-04;1;0,12;Website;None
O07551;C0454;P177;2025-04-23;1;0,32;Shopee;Ramadhan
O07552;C0111;P190;2025-05-07;2;0,14;App;12.12
O07553;C0031;P204;2025-10-28;5;0,34;Website;Ramadhan
O07554;C0442;P220;2024-06-02;3;0,39;App;11.11
O07555;C0876;P288;2025-03-18;2;0,32;Tokopedia;None
O07556;C0001;P284;2025-02-20;3;0,32;App;None
O07557;C0979;P182;2025-11-21;4;0,14;Website;None
O07558;C0584;P170;2024-07-05;2;0,01;Tokopedia;Ramadhan
O07559;C0656;P025;2024-11-19;5;0,26;Shopee;11.11
O07560;C0358;P015;2025-05-27;5;0,29;Shopee;Ramadhan
O07561;C0489;P246;2024-02-23;2;0,39;Tokopedia;None
O07562;C0590;P185;2024-03-29;5;0,06;Website;None
O07563;C0868;P168;2024-12-04;3;0,04;Website;11.11
O07564;C0060;P191;2024-06-09;4;0,11;App;None
O07565;C0318;P124;2025-02-25;2;0,07;App;None
O07566;C0022;P073;2024-03-29;1;0,26;Tokopedia;12.12
O07567;C0816;P244;2024-03-10;5;0,31;Website;Ramadhan
O07568;C0006;P245;2025-11-10;1;0,18;Website;Ramadhan
O07569;C0494;P268;2025-01-30;1;0,01;Shopee;12.12
O07570;C0114;P221;2025-11-29;4;0,24;Tokopedia;Ramadhan
O07571;C0571;P167;2025-06-06;1;0,33;App;None
O07572;C0299;P246;2024-11-05;1;0,03;Tokopedia;None
O07573;C0870;P220;2025-09-14;1;0,23;Website;None
O07574;C0516;P224;2025-04-26;3;0,24;App;11.11
O07575;C0450;P121;2024-04-22;1;0,11;Website;12.12
O07576;C0058;P017;2024-09-03;3;0,1;Tokopedia;Ramadhan
O07577;C0118;P171;2024-04-20;3;0,1;App;11.11
O07578;C0634;P255;2024-01-10;3;0,28;App;None
O07579;C0877;P022;2025-04-14;5;0,35;Website;None
O07580;C0643;P142;2025-04-30;1;0,34;Tokopedia;Ramadhan
O07581;C0752;P171;2025-06-03;1;0,38;Website;None
O07582;C0785;P294;2024-05-08;4;0,36;App;Ramadhan
O07583;C0334;P065;2024-10-26;5;0,15;Shopee;Ramadhan
O07584;C0634;P205;2025-06-17;5;0,22;Shopee;Ramadhan
O07585;C0272;P027;2024-03-16;1;0,39;Shopee;None
O07586;C0535;P299;2025-01-12;2;0,09;Tokopedia;None
O07587;C0956;P056;2025-02-09;4;0,32;App;None
O07588;C0141;P176;2025-03-20;2;0,24;Website;12.12
O07589;C0156;P224;2025-05-18;1;0,04;Website;None
O07590;C0501;P040;2025-08-29;1;0,15;Website;Ramadhan
O07591;C0850;P257;2024-01-20;2;0,11;App;12.12
O07592;C0544;P047;2024-10-06;4;0,1;Tokopedia;None
O07593;C0013;P183;2024-11-24;4;0,05;Tokopedia;12.12
O07594;C0734;P177;2024-04-11;3;0,3;App;11.11
O07595;C0111;P069;2024-01-10;3;0,04;App;None
O07596;C0063;P287;2025-06-30;1;0,17;Tokopedia;None
O07597;C0234;P158;2024-10-03;1;0,12;Tokopedia;12.12
O07598;C0378;P034;2025-01-22;3;0,13;Tokopedia;None
O07599;C0608;P169;2024-04-19;2;0,21;Tokopedia;11.11
O07600;C0082;P239;2025-07-24;5;0,07;Tokopedia;None
O07601;C0324;P202;2025-04-13;4;0,28;App;Ramadhan
O07602;C0535;P103;2025-01-02;3;0,06;Tokopedia;12.12
O07603;C0452;P157;2024-12-18;3;0,09;Shopee;11.11
O07604;C0992;P204;2024-11-09;3;0,23;Website;None
O07605;C0290;P045;2025-08-11;4;0,12;Website;Ramadhan
O07606;C0197;P231;2024-12-21;2;0,2;Website;Ramadhan
O07607;C0922;P164;2025-10-15;1;0,19;Website;12.12
O07608;C0736;P029;2024-09-04;2;0,11;Tokopedia;11.11
O07609;C0142;P275;2025-09-08;5;0,05;Shopee;11.11
O07610;C0364;P172;2024-12-14;4;0,23;Website;None
O07611;C0672;P111;2025-02-27;4;0,29;Shopee;12.12
O07612;C0075;P284;2024-10-09;5;0,3;Website;Ramadhan
O07613;C0999;P163;2025-08-01;5;0,13;App;Ramadhan
O07614;C0961;P038;2024-09-10;2;0,14;App;12.12
O07615;C0612;P075;2025-09-13;4;0,06;Website;None
O07616;C0473;P299;2025-11-28;5;0,07;Shopee;12.12
O07617;C0520;P192;2024-08-22;2;0,32;Tokopedia;Ramadhan
O07618;C0873;P052;2025-04-17;3;0,07;Shopee;Ramadhan
O07619;C0203;P134;2025-01-08;1;0,39;App;11.11
O07620;C0881;P159;2024-05-06;3;0,31;Shopee;11.11
O07621;C0455;P025;2025-02-17;3;0,18;Tokopedia;11.11
O07622;C0518;P197;2024-12-23;5;0,13;Website;Ramadhan
O07623;C0112;P050;2024-02-29;3;0,02;Tokopedia;Ramadhan
O07624;C0996;P143;2024-03-27;5;0,18;Shopee;12.12
O07625;C0380;P014;2024-09-04;4;0,02;App;Ramadhan
O07626;C0544;P254;2025-11-07;3;0,03;App;11.11
O07627;C0990;P218;2024-01-24;4;0,14;Tokopedia;12.12
O07628;C0445;P226;2024-11-12;5;0,19;App;Ramadhan
O07629;C0594;P270;2024-04-12;1;0,26;Website;11.11
O07630;C0213;P190;2024-01-06;4;0,18;Shopee;11.11
O07631;C0330;P084;2024-03-08;5;0,1;Website;12.12
O07632;C0671;P260;2024-10-26;1;0,34;App;12.12
O07633;C0476;P070;2024-11-05;4;0,38;Website;Ramadhan
O07634;C0750;P123;2024-09-24;3;0,02;Tokopedia;None
O07635;C0810;P103;2024-12-14;4;0,03;Tokopedia;None
O07636;C0388;P104;2025-04-09;1;0,13;Tokopedia;Ramadhan
O07637;C0160;P058;2024-02-27;5;0,26;App;12.12
O07638;C0332;P256;2024-04-16;3;0,02;Website;None
O07639;C0419;P254;2024-04-07;5;0,36;Website;Ramadhan
O07640;C0899;P256;2025-03-17;4;0,33;Shopee;12.12
O07641;C0846;P042;2024-09-08;2;0,29;Website;Ramadhan
O07642;C0207;P172;2024-12-16;3;0,29;Website;12.12
O07643;C0700;P120;2024-08-07;1;0,23;Website;11.11
O07644;C0886;P166;2024-04-22;5;0,23;App;Ramadhan
O07645;C0640;P083;2025-04-01;2;0,35;App;11.11
O07646;C0022;P268;2024-09-07;4;0,29;Tokopedia;11.11
O07647;C0862;P234;2025-02-10;5;0,08;Shopee;Ramadhan
O07648;C0153;P051;2025-11-27;4;0,32;Website;None
O07649;C0237;P288;2025-01-04;1;0,12;Tokopedia;Ramadhan
O07650;C0808;P133;2024-10-09;1;0,34;Website;Ramadhan
O07651;C0270;P121;2024-07-27;3;0,33;Tokopedia;11.11
O07652;C0016;P279;2024-01-23;5;0,3;Website;None
O07653;C0482;P137;2024-01-15;5;0,26;Shopee;Ramadhan
O07654;C0087;P166;2025-07-13;3;0,28;Tokopedia;None
O07655;C0603;P230;2024-03-15;5;0,19;App;None
O07656;C0006;P229;2025-01-04;3;0,35;App;None
O07657;C0153;P071;2024-08-04;5;0,07;Shopee;11.11
O07658;C0668;P013;2024-08-19;4;0,31;Website;11.11
O07659;C0212;P045;2025-03-24;2;0,26;Shopee;12.12
O07660;C0659;P076;2025-11-12;1;0,28;Website;11.11
O07661;C0370;P269;2025-04-26;4;0,06;Tokopedia;Ramadhan
O07662;C0864;P011;2025-03-20;2;0,25;Shopee;12.12
O07663;C0644;P256;2025-09-19;1;0,19;Tokopedia;12.12
O07664;C0648;P073;2024-02-12;3;0,02;Tokopedia;11.11
O07665;C0723;P285;2024-02-27;1;0,04;App;None
O07666;C0794;P223;2024-05-28;5;0,37;Shopee;Ramadhan
O07667;C0792;P009;2025-11-19;1;0,1;Website;None
O07668;C0993;P204;2025-08-30;2;0,33;Tokopedia;12.12
O07669;C0176;P129;2025-03-28;5;0,27;App;Ramadhan
O07670;C0367;P046;2025-07-12;1;0,34;Website;None
O07671;C0515;P214;2024-09-21;2;0,22;Shopee;11.11
O07672;C0076;P180;2024-11-04;5;0,03;App;Ramadhan
O07673;C0357;P061;2024-07-02;2;0,35;App;Ramadhan
O07674;C0745;P131;2025-08-02;3;0,29;Shopee;None
O07675;C0339;P153;2024-09-21;5;0,01;Shopee;None
O07676;C0691;P142;2025-10-30;4;0,06;App;12.12
O07677;C0432;P002;2024-12-06;3;0,13;Shopee;12.12
O07678;C0951;P074;2025-04-22;3;0,16;Shopee;11.11
O07679;C0862;P042;2024-08-25;1;0,14;App;11.11
O07680;C0281;P049;2025-09-02;3;0,02;Shopee;None
O07681;C0117;P207;2025-08-21;2;0,14;Shopee;None
O07682;C0045;P131;2024-09-26;2;0,21;Website;None
O07683;C0122;P066;2025-11-30;2;0,29;App;None
O07684;C0342;P216;2024-08-13;5;0,2;Shopee;None
O07685;C0064;P195;2025-02-23;3;0,12;Website;None
O07686;C0805;P143;2025-07-16;5;0,01;App;12.12
O07687;C0350;P218;2024-07-15;3;0,34;Website;12.12
O07688;C0588;P225;2025-08-20;5;0;App;Ramadhan
O07689;C0858;P057;2025-12-19;2;0,23;Shopee;11.11
O07690;C0282;P292;2025-03-07;5;0,05;Tokopedia;None
O07691;C0632;P215;2024-07-27;3;0,04;App;12.12
O07692;C0283;P019;2025-01-04;3;0,34;Shopee;11.11
O07693;C0506;P288;2025-02-19;2;0,3;Tokopedia;Ramadhan
O07694;C0996;P129;2025-11-25;1;0,29;App;12.12
O07695;C0241;P251;2024-10-14;5;0,07;Website;12.12
O07696;C0784;P197;2024-01-23;5;0,11;Tokopedia;11.11
O07697;C0820;P020;2024-09-14;1;0,04;App;12.12
O07698;C0374;P217;2025-04-28;3;0,24;Website;12.12
O07699;C0952;P175;2024-03-08;5;0,34;Tokopedia;None
O07700;C0492;P226;2025-09-29;4;0,14;Website;11.11
O07701;C0930;P013;2024-12-25;5;0,17;App;Ramadhan
O07702;C0777;P004;2024-08-05;1;0,3;Shopee;Ramadhan
O07703;C0086;P225;2025-09-01;3;0,05;Shopee;12.12
O07704;C0640;P030;2024-05-01;4;0,38;Tokopedia;Ramadhan
O07705;C0914;P096;2024-06-16;1;0,3;Shopee;12.12
O07706;C0372;P133;2024-05-26;2;0,39;App;None
O07707;C0205;P022;2025-01-04;3;0,12;Shopee;Ramadhan
O07708;C0373;P251;2024-12-21;5;0,14;App;None
O07709;C0387;P143;2024-02-23;3;0,32;Tokopedia;12.12
O07710;C0594;P293;2024-02-12;1;0,31;Website;Ramadhan
O07711;C0741;P251;2024-12-12;1;0,07;Shopee;11.11
O07712;C0667;P243;2024-11-30;3;0,27;App;None
O07713;C0419;P290;2025-06-21;1;0,35;App;11.11
O07714;C0275;P050;2025-01-27;2;0,19;Tokopedia;11.11
O07715;C0406;P276;2025-11-27;5;0,22;Website;11.11
O07716;C0353;P257;2025-06-28;3;0,37;Website;11.11
O07717;C0021;P052;2025-04-14;2;0,38;Website;None
O07718;C0243;P222;2024-03-22;5;0,31;Shopee;12.12
O07719;C0687;P105;2024-05-26;4;0,04;Shopee;None
O07720;C0539;P195;2024-10-01;3;0,13;Website;None
O07721;C0149;P022;2025-05-12;2;0,12;Website;Ramadhan
O07722;C0378;P112;2025-08-15;4;0,01;Website;11.11
O07723;C0236;P014;2025-03-07;2;0,24;Tokopedia;11.11
O07724;C0444;P075;2025-05-17;4;0,29;Tokopedia;Ramadhan
O07725;C0305;P245;2024-11-23;2;0,05;Tokopedia;12.12
O07726;C0533;P082;2025-01-06;5;0,02;Website;12.12
O07727;C0291;P254;2024-01-30;3;0;Tokopedia;None
O07728;C0398;P024;2024-10-27;3;0,39;App;Ramadhan
O07729;C0202;P279;2024-05-30;5;0,18;Website;Ramadhan
O07730;C0734;P237;2024-01-15;2;0,34;Website;None
O07731;C0600;P075;2025-09-04;4;0,12;Website;None
O07732;C0036;P273;2024-10-04;3;0,39;Website;None
O07733;C0736;P060;2025-06-12;5;0,23;Website;None
O07734;C0475;P224;2025-03-11;3;0,37;Shopee;11.11
O07735;C0602;P106;2025-11-29;5;0,11;App;None
O07736;C0033;P140;2025-05-04;1;0,28;App;None
O07737;C0797;P213;2024-05-29;4;0,2;App;12.12
O07738;C0541;P054;2024-08-21;5;0,19;App;None
O07739;C0577;P118;2024-07-31;4;0,13;App;11.11
O07740;C0864;P297;2025-08-23;2;0,37;Tokopedia;12.12
O07741;C0454;P034;2024-06-27;3;0,13;Tokopedia;12.12
O07742;C0824;P055;2025-05-16;2;0,28;App;Ramadhan
O07743;C0724;P257;2025-11-22;5;0,29;Shopee;12.12
O07744;C0015;P042;2024-06-18;4;0,34;Shopee;11.11
O07745;C0510;P008;2024-07-16;5;0,33;Website;12.12
O07746;C0956;P062;2024-02-18;3;0,2;App;12.12
O07747;C0962;P115;2025-12-31;5;0,27;Tokopedia;None
O07748;C0219;P252;2025-08-05;1;0,35;Shopee;Ramadhan
O07749;C0343;P230;2024-11-24;5;0,02;Shopee;12.12
O07750;C0323;P030;2024-07-09;4;0,2;Shopee;None
O07751;C0351;P232;2024-07-11;1;0,03;Shopee;11.11
O07752;C0437;P265;2024-02-01;4;0,25;Tokopedia;12.12
O07753;C0186;P177;2025-04-25;4;0,17;Website;12.12
O07754;C0396;P273;2025-07-03;3;0,04;Website;12.12
O07755;C0257;P254;2025-07-07;5;0,1;Website;Ramadhan
O07756;C0788;P283;2024-10-23;2;0,3;App;11.11
O07757;C0144;P157;2025-09-10;2;0,36;Shopee;11.11
O07758;C0865;P044;2024-04-22;5;0,11;Shopee;None
O07759;C0652;P238;2025-07-17;5;0,35;Tokopedia;None
O07760;C0905;P095;2024-11-03;2;0,1;Tokopedia;None
O07761;C0365;P143;2025-09-08;3;0,05;App;Ramadhan
O07762;C0843;P101;2024-01-10;5;0,06;Website;11.11
O07763;C0942;P006;2024-05-15;3;0,39;Website;12.12
O07764;C0089;P271;2025-08-15;3;0,14;App;11.11
O07765;C0318;P250;2024-07-11;4;0,24;App;11.11
O07766;C0292;P079;2024-08-03;3;0,36;Tokopedia;None
O07767;C0691;P062;2025-11-27;4;0,18;Website;Ramadhan
O07768;C0776;P120;2025-01-01;5;0,26;Tokopedia;11.11
O07769;C0988;P077;2025-11-22;4;0,16;Website;Ramadhan
O07770;C0782;P215;2025-04-18;2;0,2;Website;None
O07771;C0447;P134;2025-06-28;4;0,37;App;None
O07772;C0525;P008;2024-01-14;4;0,22;Tokopedia;12.12
O07773;C0335;P233;2025-10-31;5;0,11;Shopee;12.12
O07774;C0757;P206;2024-04-11;4;0,26;Shopee;None
O07775;C0122;P041;2025-12-07;5;0,21;Shopee;None
O07776;C0151;P095;2025-05-18;1;0,02;Shopee;None
O07777;C0596;P294;2025-12-06;1;0,07;Shopee;11.11
O07778;C0622;P071;2025-05-28;4;0,14;Website;11.11
O07779;C0741;P299;2024-05-18;5;0,21;Website;11.11
O07780;C0847;P043;2024-08-13;1;0,36;App;11.11
O07781;C0006;P008;2025-04-08;1;0,39;Shopee;11.11
O07782;C0676;P042;2025-07-29;4;0,37;Website;Ramadhan
O07783;C0707;P246;2024-06-20;1;0,07;Tokopedia;12.12
O07784;C0775;P107;2025-06-03;4;0,07;Website;11.11
O07785;C0786;P278;2024-06-30;1;0,04;Website;Ramadhan
O07786;C0577;P205;2024-05-19;5;0,21;Tokopedia;11.11
O07787;C0790;P131;2025-09-08;3;0,35;Shopee;11.11
O07788;C0012;P017;2025-11-18;2;0,22;Tokopedia;Ramadhan
O07789;C0992;P277;2024-01-28;1;0,2;Website;12.12
O07790;C0325;P007;2024-03-01;2;0,37;Shopee;Ramadhan
O07791;C0128;P200;2025-02-24;5;0,22;Tokopedia;Ramadhan
O07792;C0926;P118;2025-04-29;3;0,28;Shopee;11.11
O07793;C0866;P191;2024-04-27;2;0,29;Shopee;Ramadhan
O07794;C0854;P173;2024-12-15;1;0,3;Website;12.12
O07795;C0806;P260;2025-10-27;2;0,31;Website;Ramadhan
O07796;C0632;P283;2025-04-22;3;0,15;Website;Ramadhan
O07797;C0665;P048;2025-11-07;4;0,02;Tokopedia;None
O07798;C0971;P015;2024-07-28;2;0,05;App;12.12
O07799;C0837;P132;2025-12-18;1;0,19;Website;Ramadhan
O07800;C0473;P225;2024-04-15;3;0,15;Shopee;Ramadhan
O07801;C0229;P178;2025-05-29;2;0,29;Website;None
O07802;C0710;P018;2024-09-04;5;0,07;Tokopedia;11.11
O07803;C0489;P190;2024-09-07;4;0,37;App;Ramadhan
O07804;C0657;P126;2024-01-17;3;0,21;Website;12.12
O07805;C0822;P236;2025-12-07;1;0,19;Tokopedia;12.12
O07806;C0525;P070;2024-04-08;2;0,33;Website;None
O07807;C0272;P266;2024-11-14;1;0,25;Shopee;None
O07808;C0096;P210;2025-11-26;1;0,04;Website;Ramadhan
O07809;C0589;P045;2025-08-08;1;0,31;Tokopedia;12.12
O07810;C0337;P248;2024-06-12;4;0,37;Tokopedia;None
O07811;C0350;P273;2024-06-15;2;0,14;Website;11.11
O07812;C0454;P155;2024-01-03;5;0,31;Website;11.11
O07813;C0213;P199;2024-01-20;3;0,25;Tokopedia;12.12
O07814;C0742;P248;2024-03-03;4;0,09;Shopee;Ramadhan
O07815;C0337;P045;2025-11-13;4;0;App;Ramadhan
O07816;C0180;P036;2025-06-22;4;0,27;Shopee;11.11
O07817;C0971;P031;2024-03-02;4;0,02;App;11.11
O07818;C0360;P161;2024-02-17;5;0,28;Website;12.12
O07819;C0698;P195;2024-10-12;3;0,2;Tokopedia;12.12
O07820;C0633;P213;2024-10-10;3;0,33;Website;12.12
O07821;C0243;P101;2024-09-17;4;0,2;Website;11.11
O07822;C0563;P211;2024-07-25;2;0,05;App;None
O07823;C0771;P195;2025-08-13;4;0,25;Shopee;Ramadhan
O07824;C0857;P083;2024-06-27;3;0,05;Website;None
O07825;C0883;P232;2025-11-11;2;0,01;Shopee;Ramadhan
O07826;C0020;P063;2025-04-18;3;0,2;App;11.11
O07827;C0939;P208;2025-03-04;5;0,18;App;Ramadhan
O07828;C0360;P126;2025-07-03;5;0,12;Tokopedia;Ramadhan
O07829;C0576;P256;2025-05-23;3;0,35;App;11.11
O07830;C0541;P160;2025-05-28;3;0,2;Website;12.12
O07831;C0950;P136;2024-01-24;2;0,33;Website;12.12
O07832;C0638;P191;2024-07-25;1;0,35;Website;Ramadhan
O07833;C0718;P120;2024-11-27;4;0,37;Shopee;11.11
O07834;C0363;P290;2024-07-16;4;0,13;Website;11.11
O07835;C0113;P153;2025-04-15;2;0,16;Tokopedia;Ramadhan
O07836;C0608;P042;2024-04-27;2;0,03;Shopee;None
O07837;C0221;P272;2025-09-02;3;0,22;Tokopedia;11.11
O07838;C0069;P021;2024-04-25;2;0,05;Shopee;11.11
O07839;C0975;P119;2024-04-12;3;0,11;Tokopedia;None
O07840;C0171;P206;2025-11-21;3;0,2;Tokopedia;None
O07841;C0264;P076;2025-03-29;5;0,3;App;12.12
O07842;C0263;P143;2024-12-30;2;0,13;Shopee;Ramadhan
O07843;C0901;P069;2024-08-18;2;0,29;Tokopedia;11.11
O07844;C0574;P287;2025-09-25;2;0,04;Shopee;12.12
O07845;C0371;P062;2025-02-08;3;0,2;Website;11.11
O07846;C0170;P155;2025-07-17;2;0,05;Website;Ramadhan
O07847;C0584;P250;2025-11-22;1;0,39;Tokopedia;None
O07848;C0641;P275;2025-12-08;5;0,36;Tokopedia;11.11
O07849;C0048;P217;2025-05-31;3;0,23;Website;11.11
O07850;C0468;P193;2024-11-08;3;0,36;Shopee;12.12
O07851;C0182;P070;2024-10-05;3;0,28;Website;Ramadhan
O07852;C0963;P081;2024-09-22;2;0,25;Shopee;12.12
O07853;C0733;P241;2024-03-22;1;0,3;App;Ramadhan
O07854;C0246;P128;2025-02-11;2;0,11;App;11.11
O07855;C0425;P130;2025-12-29;5;0,2;Tokopedia;11.11
O07856;C0989;P066;2024-10-20;2;0,36;Website;11.11
O07857;C0143;P062;2024-08-20;4;0,08;Website;11.11
O07858;C0872;P168;2025-09-17;5;0,28;App;None
O07859;C0223;P143;2024-01-30;5;0,05;Shopee;11.11
O07860;C0056;P049;2024-07-02;4;0,21;Shopee;None
O07861;C0810;P130;2025-04-20;3;0,02;Website;12.12
O07862;C0345;P059;2025-01-05;5;0,19;Shopee;11.11
O07863;C0354;P019;2025-10-18;4;0,25;Tokopedia;12.12
O07864;C0274;P158;2024-06-12;3;0,31;Website;11.11
O07865;C0315;P022;2024-11-13;4;0,38;Tokopedia;11.11
O07866;C0844;P203;2025-11-23;3;0,07;Tokopedia;11.11
O07867;C0152;P074;2025-06-23;1;0,07;Website;Ramadhan
O07868;C0622;P053;2025-02-05;1;0,29;App;11.11
O07869;C0509;P119;2025-09-22;3;0,27;Tokopedia;None
O07870;C0520;P138;2024-05-03;3;0,22;Tokopedia;12.12
O07871;C0209;P216;2025-10-27;5;0,02;App;None
O07872;C0728;P089;2024-06-11;2;0,01;App;11.11
O07873;C0883;P091;2024-02-17;2;0,34;App;None
O07874;C0892;P039;2024-09-03;3;0,09;Shopee;Ramadhan
O07875;C0497;P059;2024-03-13;2;0,26;Shopee;Ramadhan
O07876;C0090;P134;2024-12-16;1;0,23;Website;12.12
O07877;C0781;P184;2024-04-18;1;0,1;App;None
O07878;C0375;P200;2024-04-03;2;0,39;Website;11.11
O07879;C0840;P224;2025-03-24;4;0,35;Website;Ramadhan
O07880;C0513;P059;2024-09-23;4;0,28;App;None
O07881;C0668;P278;2025-03-25;4;0,39;Tokopedia;Ramadhan
O07882;C0766;P150;2024-12-29;1;0,02;Website;Ramadhan
O07883;C0616;P287;2025-11-10;5;0,13;App;None
O07884;C0544;P221;2024-01-04;5;0,09;Tokopedia;12.12
O07885;C0884;P004;2024-05-02;3;0,34;App;Ramadhan
O07886;C0958;P219;2024-08-29;4;0,01;Tokopedia;Ramadhan
O07887;C0186;P227;2025-12-10;1;0,28;Tokopedia;12.12
O07888;C0911;P212;2024-04-14;1;0,05;Shopee;Ramadhan
O07889;C0456;P258;2025-10-02;2;0,11;Website;12.12
O07890;C0500;P282;2025-05-02;2;0,26;App;12.12
O07891;C0267;P275;2024-03-19;3;0,15;Website;Ramadhan
O07892;C0129;P119;2025-08-23;1;0,12;App;None
O07893;C0214;P250;2024-12-31;5;0,22;Shopee;11.11
O07894;C0864;P187;2024-05-19;4;0,33;Website;None
O07895;C0114;P036;2024-06-15;5;0,02;Tokopedia;12.12
O07896;C0623;P299;2024-08-18;3;0,29;Tokopedia;11.11
O07897;C0954;P104;2024-11-06;5;0,04;Tokopedia;12.12
O07898;C0083;P086;2024-01-22;5;0,16;App;11.11
O07899;C0467;P087;2025-01-02;4;0,12;Website;Ramadhan
O07900;C0920;P074;2025-12-01;2;0,32;Tokopedia;11.11
O07901;C0680;P007;2024-06-07;2;0,23;Shopee;11.11
O07902;C0894;P115;2024-07-26;1;0,28;Shopee;Ramadhan
O07903;C0038;P216;2025-09-26;1;0,3;App;11.11
O07904;C0886;P184;2024-08-09;3;0,08;App;None
O07905;C0447;P226;2025-02-18;5;0,06;Tokopedia;None
O07906;C0403;P281;2025-09-23;5;0,17;App;11.11
O07907;C0120;P084;2024-10-27;3;0,07;Tokopedia;11.11
O07908;C0370;P153;2025-11-10;2;0,14;App;Ramadhan
O07909;C0102;P196;2025-05-16;5;0,08;Tokopedia;None
O07910;C0155;P219;2024-10-21;1;0,05;Tokopedia;12.12
O07911;C0144;P149;2025-06-23;4;0,22;Shopee;Ramadhan
O07912;C0621;P002;2024-03-31;2;0,37;App;None
O07913;C0920;P281;2024-01-06;2;0,01;Website;None
O07914;C0707;P197;2025-03-07;3;0,28;App;None
O07915;C0128;P141;2024-03-12;3;0,07;Website;11.11
O07916;C0048;P259;2024-11-11;1;0,36;Tokopedia;Ramadhan
O07917;C0206;P168;2024-10-07;4;0,32;Shopee;11.11
O07918;C0248;P113;2024-10-06;1;0,14;App;11.11
O07919;C0050;P234;2024-09-21;4;0,35;Tokopedia;11.11
O07920;C0751;P136;2025-01-07;5;0,1;Website;Ramadhan
O07921;C0408;P063;2025-04-26;1;0,27;Tokopedia;11.11
O07922;C0104;P051;2025-07-24;1;0,19;Website;Ramadhan
O07923;C0783;P039;2025-11-08;3;0,24;App;12.12
O07924;C0168;P262;2024-02-13;4;0,18;Website;Ramadhan
O07925;C0041;P087;2024-09-17;2;0,33;App;11.11
O07926;C0150;P022;2025-04-19;3;0,07;Shopee;12.12
O07927;C0345;P292;2024-06-17;3;0,31;Website;11.11
O07928;C0341;P235;2025-03-06;5;0,09;Tokopedia;Ramadhan
O07929;C0418;P135;2025-07-17;5;0,18;Website;Ramadhan
O07930;C0744;P210;2024-09-15;4;0,21;Shopee;None
O07931;C0350;P287;2025-07-11;2;0,08;App;None
O07932;C0259;P005;2025-04-22;1;0,06;Shopee;None
O07933;C0201;P085;2025-07-12;2;0,15;App;12.12
O07934;C0990;P047;2024-01-03;1;0,18;Shopee;None
O07935;C0161;P113;2025-06-30;5;0,37;Shopee;Ramadhan
O07936;C0371;P189;2025-06-16;2;0,34;Website;12.12
O07937;C0423;P091;2024-02-06;2;0,16;Website;11.11
O07938;C0356;P086;2025-07-22;1;0,23;Shopee;Ramadhan
O07939;C0090;P255;2024-06-04;4;0,1;Tokopedia;None
O07940;C0682;P273;2025-03-17;5;0,4;App;None
O07941;C0767;P021;2025-05-11;3;0,13;Website;11.11
O07942;C0839;P272;2025-08-26;3;0,19;Website;11.11
O07943;C0066;P113;2024-04-03;3;0,23;Website;12.12
O07944;C0073;P008;2025-04-17;3;0,11;Shopee;None
O07945;C0348;P076;2024-07-18;3;0,24;App;12.12
O07946;C0293;P102;2024-12-14;4;0,03;Website;11.11
O07947;C0225;P163;2025-03-13;1;0,05;Shopee;12.12
O07948;C0509;P057;2024-06-11;2;0,08;App;12.12
O07949;C0297;P137;2024-12-08;2;0,07;App;11.11
O07950;C0471;P167;2025-08-29;2;0,14;Tokopedia;12.12
O07951;C0501;P287;2024-04-28;1;0,36;Website;11.11
O07952;C0624;P202;2024-01-29;1;0,08;Shopee;None
O07953;C0714;P132;2025-06-12;5;0,07;Tokopedia;11.11
O07954;C0264;P255;2024-04-03;3;0,26;Shopee;12.12
O07955;C0185;P206;2025-07-01;5;0,28;Website;Ramadhan
O07956;C0762;P078;2024-01-27;3;0,11;App;12.12
O07957;C0999;P153;2024-02-15;3;0,3;Shopee;Ramadhan
O07958;C0725;P023;2025-04-13;2;0,3;App;12.12
O07959;C0960;P192;2025-07-10;3;0,29;App;Ramadhan
O07960;C0672;P075;2024-07-10;3;0,34;App;11.11
O07961;C0288;P167;2024-09-06;4;0,12;App;12.12
O07962;C0850;P207;2025-06-30;1;0,08;Tokopedia;None
O07963;C0430;P082;2024-05-27;5;0,17;Tokopedia;11.11
O07964;C0504;P078;2024-02-04;1;0,34;Website;12.12
O07965;C0112;P166;2024-11-13;2;0,33;Tokopedia;None
O07966;C0086;P181;2024-12-27;2;0,15;Tokopedia;12.12
O07967;C0662;P253;2025-12-25;1;0,08;Tokopedia;Ramadhan
O07968;C0973;P048;2024-10-09;5;0,15;Shopee;None
O07969;C0653;P167;2024-11-12;3;0,31;App;Ramadhan
O07970;C0060;P080;2024-12-25;1;0,09;App;11.11
O07971;C0225;P240;2024-12-26;3;0,08;App;11.11
O07972;C0013;P203;2025-12-12;3;0,11;Tokopedia;12.12
O07973;C0254;P287;2024-08-17;5;0,31;Tokopedia;Ramadhan
O07974;C0773;P162;2025-10-05;1;0,39;Shopee;11.11
O07975;C0917;P300;2024-12-27;3;0,27;Tokopedia;Ramadhan
O07976;C0624;P263;2025-12-17;5;0,2;Website;None
O07977;C0900;P031;2024-07-08;3;0,36;Tokopedia;Ramadhan
O07978;C0966;P094;2025-02-26;2;0,3;Tokopedia;None
O07979;C0482;P256;2025-12-15;3;0,17;Shopee;12.12
O07980;C0291;P261;2025-03-13;4;0,17;Shopee;Ramadhan
O07981;C0814;P287;2024-05-18;1;0,02;App;11.11
O07982;C0149;P180;2024-09-15;3;0,32;Tokopedia;11.11
O07983;C0271;P264;2024-03-27;1;0,25;Website;None
O07984;C0340;P169;2024-12-13;3;0,08;Tokopedia;11.11
O07985;C0186;P140;2024-03-18;5;0,1;Website;None
O07986;C0725;P020;2025-01-16;3;0,03;Tokopedia;None
O07987;C0265;P277;2024-01-03;4;0,34;Shopee;11.11
O07988;C0934;P107;2024-06-18;2;0,21;Website;Ramadhan
O07989;C0672;P126;2024-09-11;5;0,3;Tokopedia;12.12
O07990;C0802;P241;2024-02-16;3;0,05;App;11.11
O07991;C0347;P102;2024-01-07;4;0,33;Tokopedia;12.12
O07992;C0970;P080;2024-06-13;4;0,33;Tokopedia;11.11
O07993;C0522;P024;2024-02-01;1;0,38;Shopee;Ramadhan
O07994;C0820;P023;2024-12-24;5;0,21;Website;Ramadhan
O07995;C0269;P039;2024-09-20;3;0,13;App;Ramadhan
O07996;C0321;P097;2025-05-11;4;0,12;Website;12.12
O07997;C0042;P256;2025-04-16;5;0,06;Shopee;11.11
O07998;C0577;P060;2025-05-23;1;0,14;App;Ramadhan
O07999;C0611;P250;2024-10-10;3;0,09;Shopee;Ramadhan
O08000;C0264;P164;2025-05-03;1;0,19;App;12.12
O08001;C0263;P045;2024-02-24;2;0,14;App;12.12
O08002;C0937;P018;2025-12-06;2;0,11;Tokopedia;Ramadhan
O08003;C0532;P154;2024-07-29;1;0,27;Shopee;12.12
O08004;C0958;P194;2024-03-21;4;0,26;Website;Ramadhan
O08005;C0756;P277;2024-12-20;1;0,12;App;12.12
O08006;C0427;P212;2024-01-31;2;0,02;Tokopedia;11.11
O08007;C0003;P279;2025-09-12;3;0,06;Tokopedia;11.11
O08008;C0027;P010;2025-04-16;3;0,22;Tokopedia;12.12
O08009;C0880;P012;2024-03-31;2;0,27;Website;12.12
O08010;C0208;P088;2024-09-11;3;0,33;Shopee;11.11
O08011;C0237;P282;2025-12-01;3;0,39;Shopee;12.12
O08012;C0377;P010;2024-06-19;5;0,13;Website;Ramadhan
O08013;C0893;P074;2025-07-15;5;0,27;Tokopedia;None
O08014;C0688;P283;2025-09-04;4;0,34;Shopee;Ramadhan
O08015;C0099;P083;2024-09-25;3;0,39;App;11.11
O08016;C0094;P198;2024-10-15;3;0,26;Tokopedia;12.12
O08017;C0917;P192;2024-02-21;1;0,05;Shopee;12.12
O08018;C0833;P160;2024-10-28;1;0,06;Tokopedia;Ramadhan
O08019;C0055;P248;2024-06-14;5;0,07;App;Ramadhan
O08020;C0846;P198;2024-07-09;2;0,29;Website;11.11
O08021;C0496;P158;2024-07-01;3;0,21;Tokopedia;None
O08022;C0410;P053;2025-09-08;5;0,16;Tokopedia;Ramadhan
O08023;C0993;P132;2024-11-22;1;0,31;Tokopedia;11.11
O08024;C0383;P099;2025-04-15;5;0,26;App;Ramadhan
O08025;C0040;P176;2024-09-01;2;0,17;Shopee;None
O08026;C0030;P146;2024-09-28;1;0,23;App;12.12
O08027;C0957;P168;2024-01-16;2;0,31;Tokopedia;Ramadhan
O08028;C0203;P291;2024-09-23;1;0,12;App;None
O08029;C0126;P043;2025-07-25;2;0,29;Tokopedia;Ramadhan
O08030;C0633;P129;2024-08-20;5;0,36;Website;12.12
O08031;C0993;P106;2025-04-09;5;0,29;Shopee;11.11
O08032;C0342;P224;2025-01-27;2;0,32;Tokopedia;12.12
O08033;C0288;P078;2025-06-22;4;0,04;Tokopedia;None
O08034;C0622;P114;2025-04-26;2;0,16;Website;Ramadhan
O08035;C0830;P092;2025-03-04;5;0,22;Tokopedia;11.11
O08036;C0227;P065;2025-10-26;5;0,3;Website;Ramadhan
O08037;C0492;P161;2024-11-04;2;0,18;Website;11.11
O08038;C0784;P091;2025-10-06;2;0,03;Tokopedia;None
O08039;C0637;P078;2024-05-02;3;0,31;Shopee;12.12
O08040;C0553;P224;2025-11-29;1;0,2;Tokopedia;11.11
O08041;C0201;P005;2025-01-29;5;0,02;Shopee;None
O08042;C0617;P212;2024-10-30;2;0,08;Tokopedia;12.12
O08043;C0592;P156;2024-11-22;3;0,22;Shopee;Ramadhan
O08044;C0965;P098;2024-06-27;3;0,17;Website;11.11
O08045;C0840;P053;2025-06-03;1;0,17;Website;Ramadhan
O08046;C0246;P239;2025-02-24;1;0,29;App;Ramadhan
O08047;C0866;P066;2024-06-23;5;0,3;App;12.12
O08048;C0795;P079;2024-08-05;4;0,24;App;None
O08049;C0277;P030;2025-03-13;1;0,08;Shopee;12.12
O08050;C0191;P049;2025-04-25;5;0,28;Shopee;Ramadhan
O08051;C0455;P193;2025-02-24;4;0,16;Shopee;Ramadhan
O08052;C0256;P036;2025-12-17;2;0,19;Website;Ramadhan
O08053;C0952;P117;2024-02-27;5;0,01;App;11.11
O08054;C0656;P222;2024-09-10;3;0,36;Tokopedia;None
O08055;C0282;P075;2025-09-21;1;0,09;Website;12.12
O08056;C0691;P179;2025-11-01;1;0,15;Tokopedia;11.11
O08057;C0309;P071;2024-11-28;2;0,31;App;12.12
O08058;C0722;P119;2024-04-01;2;0,29;Tokopedia;None
O08059;C0567;P244;2025-03-16;4;0,28;Website;11.11
O08060;C0340;P162;2025-07-16;3;0,36;Shopee;12.12
O08061;C0719;P018;2024-02-04;3;0,01;Website;11.11
O08062;C0581;P299;2025-06-24;3;0,22;Tokopedia;Ramadhan
O08063;C0283;P137;2025-09-19;1;0,06;Website;12.12
O08064;C0001;P075;2024-10-13;5;0,39;Tokopedia;Ramadhan
O08065;C0450;P288;2025-09-09;3;0,33;App;12.12
O08066;C0435;P049;2024-08-18;4;0,39;Shopee;Ramadhan
O08067;C0678;P253;2024-02-12;3;0,05;App;11.11
O08068;C0821;P029;2025-08-11;1;0,23;Tokopedia;12.12
O08069;C0700;P191;2025-04-20;2;0,34;Tokopedia;12.12
O08070;C0872;P182;2024-06-23;3;0,27;Tokopedia;12.12
O08071;C0734;P168;2024-09-25;5;0,32;App;11.11
O08072;C0534;P225;2025-02-21;2;0,19;Website;Ramadhan
O08073;C0573;P121;2025-08-19;1;0,01;App;11.11
O08074;C0153;P146;2025-01-26;5;0,38;Tokopedia;Ramadhan
O08075;C0237;P080;2025-07-16;2;0,3;Website;12.12
O08076;C0115;P084;2024-12-11;5;0,2;Website;11.11
O08077;C0828;P231;2024-09-12;3;0,13;Tokopedia;11.11
O08078;C0027;P140;2025-01-29;2;0,37;Shopee;Ramadhan
O08079;C0625;P161;2024-10-15;3;0,17;Tokopedia;None
O08080;C0980;P249;2025-02-17;1;0,29;Tokopedia;12.12
O08081;C0589;P194;2024-03-21;2;0,09;Website;None
O08082;C0603;P010;2025-03-04;4;0,32;Tokopedia;11.11
O08083;C0221;P200;2024-01-05;2;0,21;Tokopedia;12.12
O08084;C0595;P095;2025-10-16;4;0,24;Website;Ramadhan
O08085;C0857;P218;2025-05-15;5;0,13;Tokopedia;12.12
O08086;C0356;P226;2025-05-23;2;0,07;App;Ramadhan
O08087;C0103;P252;2025-12-26;1;0,09;App;None
O08088;C0209;P010;2025-08-27;5;0,28;Website;12.12
O08089;C0364;P120;2025-02-27;3;0,11;Tokopedia;None
O08090;C0003;P099;2025-09-08;3;0,2;Shopee;None
O08091;C0787;P028;2025-06-15;1;0,3;Tokopedia;11.11
O08092;C0859;P088;2024-10-22;4;0,2;App;Ramadhan
O08093;C0768;P100;2024-01-26;4;0,29;Shopee;11.11
O08094;C0310;P258;2024-09-21;3;0,24;Website;None
O08095;C0075;P191;2025-06-03;3;0,25;Website;None
O08096;C0562;P069;2025-02-10;2;0,02;App;12.12
O08097;C0964;P280;2024-01-05;1;0,22;Shopee;12.12
O08098;C0721;P200;2024-04-26;3;0,32;Shopee;Ramadhan
O08099;C0569;P031;2024-08-02;3;0,26;Tokopedia;None
O08100;C0205;P207;2025-01-10;4;0,28;Website;Ramadhan
O08101;C0476;P139;2025-10-08;5;0,2;Tokopedia;11.11
O08102;C0800;P253;2025-04-17;3;0,13;App;12.12
O08103;C0362;P250;2024-04-16;3;0,26;Shopee;Ramadhan
O08104;C0293;P111;2025-07-13;3;0,37;Tokopedia;None
O08105;C0006;P091;2024-09-28;1;0,01;Website;12.12
O08106;C0754;P215;2024-09-22;2;0,27;Website;Ramadhan
O08107;C0954;P116;2024-04-29;1;0,1;Shopee;Ramadhan
O08108;C0617;P166;2024-09-05;1;0,38;App;Ramadhan
O08109;C0412;P044;2025-07-15;2;0,13;Shopee;11.11
O08110;C0248;P276;2025-12-25;5;0,03;Shopee;None
O08111;C0369;P096;2024-12-15;1;0,35;Shopee;None
O08112;C0068;P198;2024-01-12;5;0,13;App;11.11
O08113;C0077;P065;2025-02-04;4;0,04;Tokopedia;None
O08114;C0529;P217;2025-11-03;5;0,08;App;Ramadhan
O08115;C0111;P247;2025-10-21;1;0,06;Website;None
O08116;C0003;P084;2025-11-02;4;0,01;Website;11.11
O08117;C0130;P039;2024-02-22;2;0,16;App;12.12
O08118;C0204;P054;2024-11-13;3;0,21;Tokopedia;12.12
O08119;C0170;P040;2025-06-05;1;0,21;App;11.11
O08120;C0598;P087;2024-08-09;5;0,38;App;None
O08121;C0120;P165;2024-07-07;2;0,03;Shopee;12.12
O08122;C0888;P003;2024-10-17;3;0,07;Website;12.12
O08123;C0140;P044;2024-12-12;3;0,32;Website;None
O08124;C0789;P055;2025-02-05;2;0,11;Tokopedia;11.11
O08125;C0509;P138;2024-11-12;3;0,31;Shopee;12.12
O08126;C0930;P104;2024-01-11;2;0,1;Website;12.12
O08127;C0899;P056;2024-11-15;5;0,04;Tokopedia;None
O08128;C0789;P067;2025-08-18;5;0,39;App;Ramadhan
O08129;C0682;P062;2024-01-11;2;0,22;Tokopedia;12.12
O08130;C0799;P092;2024-04-06;2;0,34;Shopee;11.11
O08131;C0787;P241;2024-10-15;2;0,38;Website;Ramadhan
O08132;C0001;P087;2025-04-12;2;0,17;App;Ramadhan
O08133;C0441;P049;2024-01-02;4;0,39;Website;12.12
O08134;C0042;P286;2024-01-13;2;0,22;App;None
O08135;C0042;P052;2024-06-25;4;0,16;Shopee;None
O08136;C0822;P019;2024-06-28;2;0,38;Shopee;11.11
O08137;C0993;P185;2025-11-19;2;0,24;Shopee;11.11
O08138;C0413;P030;2025-08-02;5;0,18;Shopee;11.11
O08139;C0545;P034;2024-11-26;4;0,39;App;Ramadhan
O08140;C0451;P170;2024-11-22;4;0,1;App;12.12
O08141;C0638;P203;2024-04-14;1;0,35;Tokopedia;None
O08142;C0387;P146;2024-07-27;2;0,34;Tokopedia;Ramadhan
O08143;C0939;P142;2025-11-10;3;0,12;Shopee;11.11
O08144;C0955;P196;2024-01-18;2;0,23;App;11.11
O08145;C0417;P268;2025-09-10;3;0,34;App;Ramadhan
O08146;C0058;P077;2024-09-10;5;0,19;Shopee;12.12
O08147;C0317;P018;2024-08-12;1;0,27;Shopee;12.12
O08148;C0977;P056;2024-06-09;4;0,2;App;11.11
O08149;C0671;P198;2024-01-07;3;0,19;Website;12.12
O08150;C0827;P126;2024-06-09;5;0,37;Shopee;None
O08151;C0649;P101;2024-08-17;3;0,25;App;11.11
O08152;C0107;P188;2025-11-30;4;0;Website;Ramadhan
O08153;C0385;P207;2024-10-29;3;0,16;Shopee;12.12
O08154;C0612;P237;2024-01-02;2;0,39;Shopee;None
O08155;C0058;P074;2024-05-08;5;0;Shopee;None
O08156;C0282;P287;2025-07-04;2;0,32;Shopee;Ramadhan
O08157;C0741;P136;2025-10-26;2;0,39;App;12.12
O08158;C0486;P116;2024-09-30;5;0,12;App;Ramadhan
O08159;C0411;P036;2024-04-03;5;0,26;Tokopedia;Ramadhan
O08160;C0972;P067;2024-03-14;2;0,25;Website;12.12
O08161;C0411;P249;2024-11-05;5;0,1;Website;Ramadhan
O08162;C0556;P031;2024-09-08;2;0,36;Shopee;None
O08163;C0850;P287;2025-07-02;2;0,22;Shopee;12.12
O08164;C0434;P208;2024-03-21;4;0,13;Website;None
O08165;C0529;P238;2024-06-11;5;0,09;Tokopedia;None
O08166;C0469;P053;2024-12-27;5;0,16;Shopee;12.12
O08167;C0981;P233;2024-04-08;5;0,01;Website;11.11
O08168;C0810;P009;2025-04-10;1;0,29;App;Ramadhan
O08169;C0392;P251;2024-11-05;4;0,22;Shopee;None
O08170;C0227;P239;2025-02-21;2;0,19;App;12.12
O08171;C0749;P072;2024-02-20;5;0,12;Shopee;None
O08172;C0176;P167;2024-01-02;3;0,05;Shopee;12.12
O08173;C0603;P268;2024-10-10;5;0,12;Website;None
O08174;C0809;P286;2024-04-17;3;0,2;Website;None
O08175;C0710;P237;2025-01-25;3;0,39;App;11.11
O08176;C0436;P279;2024-08-20;4;0,11;Website;None
O08177;C0846;P149;2024-02-15;3;0,32;Tokopedia;11.11
O08178;C0771;P014;2025-02-14;3;0,12;App;11.11
O08179;C0944;P027;2024-09-02;3;0,19;App;None
O08180;C0574;P164;2025-03-28;3;0,17;Tokopedia;Ramadhan
O08181;C0757;P173;2025-12-28;2;0,09;Tokopedia;11.11
O08182;C0171;P076;2025-06-26;5;0,28;Tokopedia;None
O08183;C0816;P025;2024-10-12;4;0,07;Website;None
O08184;C0055;P020;2024-02-28;1;0,32;Tokopedia;Ramadhan
O08185;C0142;P019;2024-03-25;1;0,11;Shopee;12.12
O08186;C0518;P096;2025-01-19;4;0,28;Website;11.11
O08187;C0726;P225;2025-07-24;2;0,36;Tokopedia;None
O08188;C0194;P143;2024-11-06;4;0,35;Tokopedia;None
O08189;C0953;P248;2025-06-10;1;0,34;Website;Ramadhan
O08190;C0510;P094;2025-07-01;3;0,09;App;12.12
O08191;C0630;P006;2024-11-13;4;0,2;Shopee;12.12
O08192;C0640;P117;2025-01-22;3;0,24;Tokopedia;12.12
O08193;C0105;P006;2025-10-12;4;0,12;Shopee;12.12
O08194;C0964;P094;2025-01-03;3;0,03;App;None
O08195;C0402;P194;2024-11-12;5;0,02;Tokopedia;11.11
O08196;C0991;P201;2025-06-03;1;0,02;Website;11.11
O08197;C0421;P223;2025-12-05;5;0,34;App;None
O08198;C0038;P246;2024-09-24;5;0,33;Shopee;11.11
O08199;C0085;P099;2025-08-14;2;0,24;Tokopedia;None
O08200;C0874;P143;2025-07-06;4;0,01;App;12.12
O08201;C0526;P012;2024-10-24;5;0,1;Shopee;Ramadhan
O08202;C0053;P263;2025-12-06;1;0,01;Website;Ramadhan
O08203;C0004;P288;2024-06-06;2;0,38;Website;11.11
O08204;C0878;P227;2025-08-19;1;0,31;Tokopedia;12.12
O08205;C0079;P300;2024-04-03;4;0,22;Website;None
O08206;C0583;P057;2024-05-15;5;0,22;Shopee;None
O08207;C0185;P118;2024-12-01;1;0,33;Tokopedia;12.12
O08208;C0387;P193;2024-10-28;2;0,03;Tokopedia;Ramadhan
O08209;C0974;P077;2025-01-06;2;0,38;Website;12.12
O08210;C0337;P222;2024-09-13;3;0,01;Shopee;None
O08211;C0771;P078;2025-03-17;1;0,16;Shopee;Ramadhan
O08212;C0173;P210;2025-06-22;1;0,1;Tokopedia;12.12
O08213;C0063;P256;2025-06-23;1;0,01;Website;12.12
O08214;C0450;P255;2024-10-23;2;0,17;Website;11.11
O08215;C0900;P172;2024-02-18;1;0,01;Website;None
O08216;C0179;P291;2024-06-25;2;0,29;Shopee;12.12
O08217;C0549;P105;2025-08-16;1;0,16;Tokopedia;None
O08218;C0547;P092;2024-01-06;2;0,31;Website;12.12
O08219;C0064;P140;2025-12-10;1;0,09;Website;Ramadhan
O08220;C0556;P255;2025-11-28;3;0,29;Tokopedia;12.12
O08221;C0489;P227;2025-01-28;4;0,18;Tokopedia;None
O08222;C0317;P066;2024-04-27;1;0,03;App;Ramadhan
O08223;C0612;P279;2025-05-25;5;0,28;Tokopedia;Ramadhan
O08224;C0530;P117;2025-01-05;2;0,25;Shopee;12.12
O08225;C0094;P005;2025-12-01;3;0,03;Shopee;Ramadhan
O08226;C0599;P005;2024-10-10;1;0,33;Website;None
O08227;C0028;P213;2024-02-15;2;0,23;App;11.11
O08228;C0988;P026;2024-01-19;3;0,25;App;Ramadhan
O08229;C0710;P257;2024-02-26;1;0,24;Shopee;11.11
O08230;C0647;P165;2025-06-05;1;0,29;App;Ramadhan
O08231;C0385;P185;2024-03-12;3;0,29;Shopee;None
O08232;C0545;P237;2025-02-06;5;0,11;Shopee;Ramadhan
O08233;C0614;P008;2025-02-18;2;0,39;App;Ramadhan
O08234;C0916;P004;2025-05-12;3;0,28;Tokopedia;12.12
O08235;C0648;P055;2024-07-02;5;0,33;App;11.11
O08236;C0498;P074;2025-02-27;1;0,35;Tokopedia;None
O08237;C0617;P231;2025-05-16;4;0,04;Website;12.12
O08238;C0930;P218;2024-04-12;2;0,23;Website;12.12
O08239;C0074;P056;2024-01-07;3;0,17;Website;Ramadhan
O08240;C0402;P091;2025-04-19;1;0,38;Shopee;11.11
O08241;C0019;P101;2025-10-28;3;0,19;Website;Ramadhan
O08242;C0631;P006;2024-08-11;2;0,02;App;None
O08243;C0126;P270;2025-10-25;3;0,08;Website;Ramadhan
O08244;C0663;P020;2025-05-27;3;0,32;Tokopedia;12.12
O08245;C0590;P286;2025-01-14;5;0,15;Tokopedia;Ramadhan
O08246;C0086;P217;2024-08-27;2;0;Tokopedia;11.11
O08247;C0596;P092;2024-05-04;1;0,39;Tokopedia;12.12
O08248;C0234;P229;2024-01-08;5;0,35;Shopee;None
O08249;C0864;P154;2024-06-16;1;0,34;Tokopedia;None
O08250;C0728;P247;2025-03-20;3;0,13;Shopee;11.11
O08251;C0836;P012;2025-02-14;2;0,38;App;12.12
O08252;C0170;P146;2025-10-22;2;0,08;App;None
O08253;C0175;P085;2024-02-23;2;0,13;App;12.12
O08254;C0485;P224;2024-09-18;3;0,4;Website;11.11
O08255;C0185;P263;2025-10-18;5;0,35;Shopee;None
O08256;C0662;P137;2025-03-11;3;0,1;Tokopedia;11.11
O08257;C0023;P236;2025-11-04;4;0,27;Shopee;11.11
O08258;C0240;P268;2024-08-08;1;0,22;Website;None
O08259;C0497;P138;2025-05-29;2;0,24;Shopee;Ramadhan
O08260;C0477;P207;2025-03-02;5;0,3;Shopee;12.12
O08261;C0788;P270;2025-02-19;5;0,01;Website;12.12
O08262;C0335;P288;2025-03-03;3;0,04;Tokopedia;None
O08263;C0870;P132;2025-10-14;2;0,13;Website;12.12
O08264;C0929;P068;2025-12-01;4;0,35;Tokopedia;11.11
O08265;C0910;P295;2025-12-16;3;0,2;Tokopedia;11.11
O08266;C0306;P283;2024-01-11;1;0,09;Website;12.12
O08267;C0812;P026;2024-07-04;5;0,3;App;11.11
O08268;C0362;P262;2025-02-14;5;0,33;Shopee;12.12
O08269;C0216;P095;2025-05-20;5;0,26;Shopee;Ramadhan
O08270;C0418;P047;2025-05-04;3;0,1;App;11.11
O08271;C0465;P066;2025-12-22;5;0,15;Tokopedia;12.12
O08272;C0788;P292;2024-11-25;3;0,06;Website;Ramadhan
O08273;C0685;P284;2025-04-21;1;0,03;Website;Ramadhan
O08274;C0860;P069;2025-08-25;4;0,31;App;11.11
O08275;C0975;P236;2024-09-14;5;0,32;App;12.12
O08276;C0345;P150;2025-08-30;1;0,04;App;12.12
O08277;C0425;P083;2024-07-26;5;0,18;Website;Ramadhan
O08278;C0968;P079;2025-03-21;2;0,13;Tokopedia;12.12
O08279;C0944;P254;2024-02-06;1;0,05;Website;Ramadhan
O08280;C0879;P236;2024-03-04;4;0,04;Shopee;Ramadhan
O08281;C0039;P146;2025-05-26;5;0,34;App;Ramadhan
O08282;C0422;P136;2025-02-03;4;0,31;Website;11.11
O08283;C0193;P064;2024-02-02;5;0,05;App;11.11
O08284;C0868;P052;2024-10-18;2;0,31;Shopee;Ramadhan
O08285;C0313;P099;2024-12-20;5;0,13;App;None
O08286;C0190;P065;2024-06-19;3;0,34;Tokopedia;12.12
O08287;C0945;P043;2025-10-03;1;0,11;App;11.11
O08288;C0816;P135;2025-11-16;1;0,28;Tokopedia;None
O08289;C0743;P138;2025-10-15;2;0,11;Tokopedia;Ramadhan
O08290;C0665;P220;2024-01-17;1;0,04;App;12.12
O08291;C0162;P230;2024-01-07;4;0,31;App;None
O08292;C0455;P071;2024-01-12;2;0,09;Shopee;Ramadhan
O08293;C0007;P258;2024-02-28;4;0,32;Tokopedia;11.11
O08294;C0230;P140;2025-03-30;3;0,33;App;11.11
O08295;C0671;P259;2024-03-24;2;0,31;Website;11.11
O08296;C0425;P253;2024-04-05;5;0,32;Tokopedia;12.12
O08297;C0646;P155;2025-08-18;3;0,22;App;None
O08298;C0530;P204;2025-04-30;5;0,12;Website;11.11
O08299;C0191;P222;2025-10-05;1;0,13;Shopee;11.11
O08300;C0091;P054;2024-06-18;4;0,18;Website;Ramadhan
O08301;C0778;P198;2024-10-15;5;0,18;Tokopedia;None
O08302;C0415;P183;2024-08-06;4;0,26;Shopee;12.12
O08303;C0831;P253;2024-10-15;5;0,11;Tokopedia;11.11
O08304;C0319;P173;2024-07-26;3;0,08;Shopee;Ramadhan
O08305;C0081;P078;2025-07-18;2;0,02;Website;11.11
O08306;C0037;P156;2025-03-16;3;0,24;Website;None
O08307;C0723;P057;2025-09-24;2;0,17;Website;None
O08308;C0165;P140;2025-03-31;3;0,18;App;12.12
O08309;C0623;P232;2025-03-11;2;0,25;App;11.11
O08310;C0284;P086;2024-01-13;3;0,04;Tokopedia;Ramadhan
O08311;C0471;P180;2024-11-26;2;0;Tokopedia;11.11
O08312;C0843;P042;2025-05-21;3;0,15;App;12.12
O08313;C0251;P264;2024-07-31;2;0,17;Shopee;None
O08314;C0497;P158;2025-02-19;1;0,17;App;Ramadhan
O08315;C0896;P113;2024-12-22;1;0,33;Website;12.12
O08316;C0934;P171;2024-01-22;3;0,21;Website;11.11
O08317;C0820;P132;2025-05-09;3;0,35;Tokopedia;Ramadhan
O08318;C0692;P013;2024-03-23;5;0,26;Tokopedia;Ramadhan
O08319;C0666;P218;2024-06-09;3;0,08;Tokopedia;Ramadhan
O08320;C0280;P231;2024-04-14;5;0,09;Website;12.12
O08321;C0431;P155;2024-08-15;3;0,14;Website;None
O08322;C0938;P149;2024-06-24;3;0,35;App;Ramadhan
O08323;C0263;P251;2025-04-27;3;0,08;App;Ramadhan
O08324;C0758;P210;2024-11-04;2;0,34;Shopee;11.11
O08325;C0561;P250;2024-09-17;3;0;Tokopedia;Ramadhan
O08326;C0416;P184;2024-11-06;1;0,07;App;None
O08327;C0574;P237;2024-06-25;1;0,03;Shopee;11.11
O08328;C0511;P099;2025-07-22;1;0,22;Tokopedia;11.11
O08329;C0247;P092;2024-06-18;2;0,07;Tokopedia;None
O08330;C0986;P105;2025-10-01;3;0,14;Tokopedia;None
O08331;C0919;P258;2025-10-16;3;0,09;Tokopedia;None
O08332;C0777;P033;2025-06-22;3;0,06;App;12.12
O08333;C0192;P017;2024-01-31;3;0,31;App;Ramadhan
O08334;C0392;P105;2024-07-22;4;0,07;App;12.12
O08335;C0322;P040;2024-09-24;4;0,11;Shopee;12.12
O08336;C0150;P150;2024-06-20;2;0,17;App;Ramadhan
O08337;C0712;P010;2025-08-26;3;0,36;Tokopedia;Ramadhan
O08338;C0569;P083;2025-08-31;3;0,21;Shopee;11.11
O08339;C0186;P273;2024-05-14;4;0,25;Tokopedia;None
O08340;C0981;P179;2025-04-14;3;0,29;Shopee;11.11
O08341;C0665;P023;2024-01-09;1;0,23;App;Ramadhan
O08342;C0653;P078;2025-06-20;2;0,01;Shopee;Ramadhan
O08343;C0342;P300;2024-06-02;4;0,34;Tokopedia;12.12
O08344;C0543;P232;2024-11-29;4;0,33;Shopee;11.11
O08345;C0690;P081;2025-03-10;5;0,02;Tokopedia;Ramadhan
O08346;C0726;P216;2024-05-22;4;0,09;Tokopedia;Ramadhan
O08347;C0303;P038;2025-04-22;5;0,13;App;None
O08348;C0556;P218;2024-08-26;4;0,27;Tokopedia;None
O08349;C0999;P076;2025-03-21;4;0,21;Website;11.11
O08350;C0995;P096;2024-07-30;4;0,16;App;11.11
O08351;C0247;P196;2024-06-04;3;0,04;App;12.12
O08352;C0572;P084;2025-11-22;5;0,25;Website;11.11
O08353;C0087;P283;2025-03-05;1;0,26;App;Ramadhan
O08354;C0247;P204;2025-09-19;1;0,06;App;12.12
O08355;C0551;P107;2024-01-21;4;0,08;App;12.12
O08356;C0958;P207;2025-12-05;1;0,38;App;None
O08357;C0942;P035;2025-09-27;5;0,37;Website;11.11
O08358;C0988;P010;2025-10-10;4;0,34;App;11.11
O08359;C0534;P142;2024-05-26;4;0,25;App;None
O08360;C0806;P211;2024-07-17;3;0,27;Tokopedia;None
O08361;C0672;P002;2025-12-09;4;0,32;App;Ramadhan
O08362;C0964;P004;2025-06-17;3;0,22;Tokopedia;11.11
O08363;C0950;P293;2024-02-23;3;0,04;Shopee;12.12
O08364;C0183;P209;2024-12-24;4;0,27;Tokopedia;12.12
O08365;C0717;P036;2025-11-07;2;0,26;Shopee;12.12
O08366;C0827;P051;2025-01-27;5;0,03;Website;Ramadhan
O08367;C0781;P104;2024-08-02;5;0,19;App;11.11
O08368;C0128;P166;2025-07-22;5;0,15;Shopee;Ramadhan
O08369;C0494;P146;2024-10-27;5;0,25;Shopee;None
O08370;C0956;P220;2025-06-05;3;0,05;App;12.12
O08371;C0028;P271;2025-05-01;2;0,24;Website;None
O08372;C0354;P072;2024-03-23;4;0,06;Website;None
O08373;C0999;P020;2024-09-22;5;0,28;App;None
O08374;C0151;P037;2024-08-17;3;0,19;Website;11.11
O08375;C0013;P003;2025-02-27;4;0,07;Shopee;Ramadhan
O08376;C0935;P212;2024-04-25;2;0,04;Tokopedia;12.12
O08377;C0123;P173;2024-04-19;5;0,3;Shopee;12.12
O08378;C0650;P018;2024-06-26;3;0,39;Tokopedia;Ramadhan
O08379;C0185;P214;2024-08-16;4;0,24;Website;12.12
O08380;C0517;P186;2025-10-29;1;0,29;Shopee;12.12
O08381;C0334;P262;2025-05-22;2;0,38;Website;Ramadhan
O08382;C0726;P084;2025-01-31;3;0,39;Tokopedia;None
O08383;C0758;P197;2024-02-17;3;0,01;Shopee;Ramadhan
O08384;C0261;P171;2024-05-18;2;0,15;Shopee;None
O08385;C0793;P082;2025-08-06;5;0,31;Tokopedia;Ramadhan
O08386;C0788;P169;2024-11-17;1;0,29;Tokopedia;None
O08387;C0452;P022;2024-09-16;3;0,31;App;None
O08388;C0644;P025;2025-12-06;5;0,2;Website;None
O08389;C0523;P150;2024-05-13;4;0,18;Shopee;Ramadhan
O08390;C0782;P109;2025-10-30;5;0,26;App;None
O08391;C0941;P273;2025-01-06;1;0,18;Shopee;None
O08392;C0566;P192;2025-07-16;4;0,06;Shopee;Ramadhan
O08393;C0993;P009;2024-01-16;3;0,12;Shopee;11.11
O08394;C0622;P259;2024-04-10;5;0,03;Website;12.12
O08395;C0083;P033;2025-04-16;1;0,2;Shopee;None
O08396;C0634;P180;2024-06-19;4;0,15;Website;Ramadhan
O08397;C0272;P065;2025-01-15;1;0,3;Shopee;12.12
O08398;C0983;P163;2024-11-16;1;0,01;Shopee;12.12
O08399;C0492;P159;2025-06-13;2;0,34;App;Ramadhan
O08400;C0664;P283;2024-06-20;1;0,06;Website;None
O08401;C0021;P299;2024-10-05;2;0,14;Website;Ramadhan
O08402;C0089;P241;2024-05-18;5;0,07;Tokopedia;Ramadhan
O08403;C0703;P272;2024-04-16;3;0,07;Website;None
O08404;C0315;P156;2024-07-10;2;0,03;Shopee;12.12
O08405;C0601;P123;2025-01-30;3;0,14;App;None
O08406;C0148;P251;2024-12-10;4;0,35;Tokopedia;11.11
O08407;C0188;P165;2024-01-21;3;0,03;Tokopedia;Ramadhan
O08408;C0289;P245;2024-07-29;1;0,39;Tokopedia;None
O08409;C0490;P261;2024-06-03;4;0,07;App;12.12
O08410;C0036;P119;2024-12-31;3;0,05;Shopee;12.12
O08411;C0644;P178;2024-08-02;5;0,39;App;11.11
O08412;C0108;P114;2025-07-28;3;0,29;Website;Ramadhan
O08413;C0423;P117;2025-08-03;1;0,2;Website;Ramadhan
O08414;C0761;P243;2025-02-01;2;0,21;Shopee;11.11
O08415;C0480;P247;2025-07-20;3;0,15;Website;None
O08416;C0213;P156;2024-05-24;3;0,38;Shopee;11.11
O08417;C0797;P190;2024-11-16;3;0,28;Website;11.11
O08418;C0565;P091;2024-03-06;3;0,1;App;Ramadhan
O08419;C0549;P238;2024-04-16;1;0,19;Website;12.12
O08420;C0046;P124;2025-11-11;5;0,37;Website;None
O08421;C0055;P190;2024-02-06;5;0,27;Tokopedia;11.11
O08422;C0461;P051;2025-04-30;5;0,13;Tokopedia;None
O08423;C0650;P073;2024-12-31;2;0,34;Tokopedia;11.11
O08424;C0441;P097;2024-11-21;5;0,14;Website;12.12
O08425;C0372;P227;2024-11-20;4;0,26;App;Ramadhan
O08426;C0323;P208;2025-10-21;4;0,22;Shopee;Ramadhan
O08427;C1000;P160;2025-08-01;4;0,16;App;None
O08428;C0470;P270;2024-02-24;1;0,19;Website;Ramadhan
O08429;C0402;P059;2025-12-31;4;0,1;App;Ramadhan
O08430;C0623;P299;2025-12-11;3;0,12;Shopee;Ramadhan
O08431;C0453;P001;2025-11-01;4;0,33;Tokopedia;Ramadhan
O08432;C0756;P280;2025-05-03;3;0,03;Shopee;12.12
O08433;C0817;P004;2025-05-09;5;0,31;Shopee;Ramadhan
O08434;C0116;P253;2024-12-21;4;0,03;Website;None
O08435;C0473;P049;2025-07-18;5;0,4;App;12.12
O08436;C0117;P097;2025-03-07;2;0,07;Tokopedia;12.12
O08437;C0789;P093;2024-04-06;3;0,28;Tokopedia;None
O08438;C0493;P280;2025-10-14;3;0,33;Shopee;None
O08439;C0826;P285;2024-07-03;5;0,14;Tokopedia;None
O08440;C0462;P286;2025-02-15;5;0,24;Tokopedia;11.11
O08441;C0582;P065;2025-12-22;2;0,23;Tokopedia;None
O08442;C0844;P148;2024-02-15;1;0,06;App;11.11
O08443;C0287;P023;2024-06-20;4;0,39;Shopee;None
O08444;C0694;P181;2025-04-24;1;0,15;Tokopedia;11.11
O08445;C0860;P276;2024-04-09;3;0,03;Website;Ramadhan
O08446;C0195;P213;2024-05-08;3;0,24;Shopee;None
O08447;C0505;P111;2024-10-15;2;0,13;App;11.11
O08448;C0951;P222;2024-02-19;2;0,33;App;12.12
O08449;C0727;P194;2025-12-19;5;0,37;Shopee;12.12
O08450;C0276;P208;2025-05-31;4;0,3;Website;Ramadhan
O08451;C0003;P060;2025-04-15;3;0,12;Website;None
O08452;C0768;P095;2025-04-08;4;0,17;Tokopedia;11.11
O08453;C0985;P224;2025-01-03;1;0,34;Tokopedia;Ramadhan
O08454;C0388;P284;2025-10-07;3;0,37;App;11.11
O08455;C0394;P293;2024-02-25;1;0,35;Tokopedia;None
O08456;C0106;P264;2025-09-20;1;0,21;Tokopedia;Ramadhan
O08457;C0931;P250;2024-08-05;5;0,28;Shopee;12.12
O08458;C0385;P073;2025-10-05;2;0,19;Shopee;None
O08459;C0551;P255;2024-06-03;3;0,14;Tokopedia;11.11
O08460;C0317;P217;2025-07-29;2;0,02;Website;11.11
O08461;C0262;P262;2024-12-22;3;0,05;App;Ramadhan
O08462;C0247;P215;2024-03-27;3;0,1;Shopee;None
O08463;C0072;P096;2025-04-08;1;0,31;Website;Ramadhan
O08464;C0833;P278;2024-12-12;4;0,16;App;12.12
O08465;C0099;P234;2024-10-20;4;0,22;Website;11.11
O08466;C0242;P081;2024-05-31;5;0,19;App;12.12
O08467;C0724;P120;2025-11-15;5;0,36;Website;11.11
O08468;C0916;P174;2024-04-17;3;0,23;App;12.12
O08469;C0934;P238;2024-08-10;4;0,32;Shopee;Ramadhan
O08470;C0231;P293;2025-01-29;3;0,23;App;12.12
O08471;C0169;P026;2024-01-15;1;0,4;Tokopedia;Ramadhan
O08472;C0325;P278;2025-08-03;4;0,28;Shopee;Ramadhan
O08473;C0934;P279;2025-10-08;4;0,29;App;11.11
O08474;C0311;P252;2024-07-14;2;0,36;Shopee;12.12
O08475;C0511;P218;2024-03-23;5;0,09;Shopee;12.12
O08476;C0550;P185;2025-06-18;2;0,11;App;None
O08477;C0920;P150;2025-09-03;5;0,07;App;12.12
O08478;C0871;P299;2025-09-02;3;0,27;Shopee;12.12
O08479;C0872;P212;2025-12-14;4;0,29;Website;12.12
O08480;C0018;P104;2024-06-15;2;0,08;Tokopedia;Ramadhan
O08481;C0350;P064;2025-04-28;5;0,17;App;11.11
O08482;C0698;P280;2025-12-26;1;0,36;Website;Ramadhan
O08483;C0219;P124;2024-11-08;2;0,17;Tokopedia;Ramadhan
O08484;C0438;P129;2025-10-29;3;0,28;Shopee;11.11
O08485;C0533;P289;2025-02-04;2;0,22;App;None
O08486;C0454;P114;2024-09-02;3;0,12;Tokopedia;Ramadhan
O08487;C0409;P240;2024-08-02;2;0,21;Tokopedia;Ramadhan
O08488;C0209;P085;2025-10-24;1;0,07;Shopee;None
O08489;C0657;P142;2025-09-20;2;0,3;Tokopedia;Ramadhan
O08490;C0734;P059;2024-11-19;3;0,33;Tokopedia;11.11
O08491;C0595;P072;2024-06-09;4;0,21;App;11.11
O08492;C0594;P216;2024-06-24;1;0,33;Website;12.12
O08493;C0426;P079;2025-03-15;5;0,18;Shopee;None
O08494;C0539;P263;2025-04-09;5;0,31;Tokopedia;Ramadhan
O08495;C0278;P179;2025-08-09;3;0,18;Tokopedia;Ramadhan
O08496;C0114;P089;2025-08-07;2;0,14;Website;Ramadhan
O08497;C0114;P288;2025-04-01;2;0,12;Website;Ramadhan
O08498;C0802;P119;2024-04-16;3;0,33;App;None
O08499;C0530;P052;2024-04-24;5;0,06;Website;12.12
O08500;C0553;P149;2025-01-08;2;0,34;Tokopedia;None
O08501;C0186;P292;2024-05-01;2;0,28;Tokopedia;None
O08502;C0229;P272;2025-12-13;4;0,19;App;12.12
O08503;C0727;P294;2025-07-29;3;0,2;Website;12.12
O08504;C0399;P216;2025-01-02;5;0,26;Shopee;None
O08505;C0276;P289;2024-07-07;4;0,4;Shopee;12.12
O08506;C0827;P190;2025-02-08;4;0,27;Tokopedia;12.12
O08507;C0685;P021;2024-03-22;3;0,29;Website;12.12
O08508;C0578;P027;2025-03-02;2;0,18;App;None
O08509;C0861;P170;2024-04-07;3;0,36;Shopee;11.11
O08510;C0526;P255;2024-09-04;4;0,02;Shopee;None
O08511;C0181;P119;2025-05-26;2;0,28;Shopee;Ramadhan
O08512;C0206;P004;2024-05-08;2;0,02;App;12.12
O08513;C0059;P282;2024-11-27;1;0,29;App;12.12
O08514;C0506;P225;2025-01-17;2;0,22;App;12.12
O08515;C0708;P074;2024-03-14;3;0,19;App;Ramadhan
O08516;C0955;P168;2025-11-28;1;0,05;Tokopedia;None
O08517;C0909;P254;2025-12-04;5;0,15;App;None
O08518;C0644;P074;2025-04-26;3;0,05;Shopee;12.12
O08519;C0092;P152;2024-06-27;2;0,18;Tokopedia;None
O08520;C0172;P049;2024-02-18;3;0,4;Website;11.11
O08521;C0526;P090;2024-12-25;4;0,19;Shopee;None
O08522;C0465;P092;2025-03-18;1;0,08;Tokopedia;Ramadhan
O08523;C0451;P290;2025-10-17;2;0,14;Tokopedia;None
O08524;C0009;P007;2024-09-05;1;0,31;Shopee;Ramadhan
O08525;C0001;P263;2024-01-11;3;0,3;Website;Ramadhan
O08526;C0311;P200;2025-08-17;1;0,02;App;Ramadhan
O08527;C0168;P011;2024-12-06;3;0,37;Shopee;None
O08528;C0443;P041;2025-12-29;4;0,15;Shopee;11.11
O08529;C0339;P241;2025-08-31;5;0,14;App;11.11
O08530;C0171;P277;2025-06-24;5;0,17;Shopee;Ramadhan
O08531;C0568;P149;2024-05-10;4;0,14;App;None
O08532;C0451;P143;2024-02-08;4;0,32;App;None
O08533;C0139;P139;2024-07-07;3;0,36;Website;12.12
O08534;C0695;P065;2024-07-20;4;0,05;Tokopedia;None
O08535;C0343;P283;2024-06-11;4;0,29;Website;Ramadhan
O08536;C0785;P268;2025-11-05;2;0,3;Shopee;12.12
O08537;C0153;P105;2025-02-22;1;0,26;Tokopedia;None
O08538;C0051;P204;2025-12-20;1;0,37;App;12.12
O08539;C0999;P252;2024-12-31;5;0,27;Shopee;11.11
O08540;C0414;P049;2024-05-18;1;0,06;Tokopedia;12.12
O08541;C0550;P029;2024-10-06;4;0,1;Tokopedia;None
O08542;C0748;P101;2024-08-25;3;0,04;Website;11.11
O08543;C0992;P064;2024-12-02;3;0,03;Website;12.12
O08544;C0859;P006;2024-10-17;2;0,14;Shopee;11.11
O08545;C0202;P278;2025-09-04;4;0,11;Shopee;None
O08546;C0311;P001;2024-04-28;3;0,35;Shopee;11.11
O08547;C0349;P092;2025-04-06;2;0,04;Tokopedia;11.11
O08548;C0299;P067;2024-09-29;1;0,21;Tokopedia;11.11
O08549;C0668;P218;2025-03-26;4;0,2;Tokopedia;11.11
O08550;C0933;P244;2025-04-21;2;0,08;Shopee;12.12
O08551;C0246;P023;2024-10-21;3;0,03;App;11.11
O08552;C0857;P195;2025-08-08;2;0,29;Tokopedia;Ramadhan
O08553;C0453;P003;2025-10-29;5;0,15;Tokopedia;12.12
O08554;C0565;P153;2024-02-15;5;0,05;App;12.12
O08555;C0928;P146;2025-08-02;5;0,11;Shopee;None
O08556;C0718;P074;2025-01-02;2;0,18;Website;Ramadhan
O08557;C0911;P159;2024-09-21;3;0,12;App;11.11
O08558;C0064;P139;2025-08-26;3;0,14;App;12.12
O08559;C0647;P211;2025-06-25;1;0,36;Website;11.11
O08560;C0496;P249;2024-02-17;3;0,31;Tokopedia;11.11
O08561;C0847;P202;2025-12-30;3;0,24;Shopee;Ramadhan
O08562;C0895;P026;2024-07-10;5;0,1;Tokopedia;11.11
O08563;C0025;P012;2024-02-03;5;0,26;Shopee;Ramadhan
O08564;C0875;P076;2025-06-09;4;0,29;Tokopedia;None
O08565;C0797;P052;2025-05-18;2;0,15;App;12.12
O08566;C0143;P228;2025-03-20;4;0,08;Tokopedia;Ramadhan
O08567;C0626;P055;2025-07-10;1;0,26;App;12.12
O08568;C0298;P243;2025-11-25;1;0,19;Website;11.11
O08569;C0238;P270;2025-12-31;1;0,35;Tokopedia;None
O08570;C0635;P191;2025-12-26;5;0,13;Shopee;11.11
O08571;C0509;P223;2025-08-18;1;0,02;Tokopedia;Ramadhan
O08572;C0851;P082;2024-08-01;1;0,16;App;None
O08573;C0918;P042;2024-10-18;5;0,01;Website;11.11
O08574;C0652;P141;2025-06-14;5;0,05;App;None
O08575;C0238;P245;2025-04-29;1;0,04;Website;11.11
O08576;C0941;P073;2024-05-26;2;0,25;App;Ramadhan
O08577;C0757;P149;2025-10-15;5;0,21;App;11.11
O08578;C0333;P225;2025-02-09;5;0,22;App;11.11
O08579;C0167;P152;2024-03-12;4;0,35;Tokopedia;None
O08580;C0937;P136;2024-07-28;1;0,08;Website;11.11
O08581;C0335;P239;2025-06-14;3;0,12;Tokopedia;None
O08582;C0420;P256;2025-06-09;4;0,17;Shopee;Ramadhan
O08583;C0464;P282;2025-05-08;2;0,05;Tokopedia;Ramadhan
O08584;C0499;P278;2024-11-23;2;0,01;App;12.12
O08585;C0808;P226;2024-04-17;3;0,38;App;11.11
O08586;C0904;P226;2025-12-04;2;0,08;Shopee;12.12
O08587;C0726;P189;2025-12-15;4;0,25;Website;11.11
O08588;C0704;P029;2024-06-12;1;0,06;Shopee;11.11
O08589;C0257;P034;2025-02-22;2;0,06;Website;12.12
O08590;C0848;P187;2025-08-24;4;0,08;App;11.11
O08591;C0412;P221;2025-03-31;2;0,28;Website;None
O08592;C0577;P123;2024-03-05;5;0,09;Website;11.11
O08593;C0838;P191;2024-11-16;3;0,32;Shopee;11.11
O08594;C0481;P156;2025-12-12;5;0,08;Tokopedia;11.11
O08595;C0813;P036;2025-01-17;5;0,38;Website;12.12
O08596;C0309;P114;2024-08-30;3;0,35;Tokopedia;12.12
O08597;C0447;P071;2024-10-17;5;0,16;Tokopedia;Ramadhan
O08598;C0962;P215;2025-11-28;1;0,22;Tokopedia;Ramadhan
O08599;C0094;P087;2025-08-16;2;0,13;Tokopedia;11.11
O08600;C0689;P198;2024-11-23;2;0,21;Shopee;None
O08601;C0033;P103;2025-07-19;2;0,33;Website;11.11
O08602;C0293;P012;2024-08-16;5;0,19;App;11.11
O08603;C0271;P039;2025-10-27;1;0,19;Shopee;Ramadhan
O08604;C0285;P089;2024-10-30;2;0,18;Shopee;11.11
O08605;C0848;P207;2025-07-29;5;0,37;App;Ramadhan
O08606;C0102;P043;2025-12-24;2;0,26;Shopee;11.11
O08607;C0118;P116;2025-09-20;5;0,28;Shopee;11.11
O08608;C0291;P137;2024-11-26;3;0,34;Shopee;None
O08609;C0554;P018;2024-05-29;5;0,39;Website;Ramadhan
O08610;C0696;P178;2025-06-03;4;0,35;Tokopedia;Ramadhan
O08611;C0111;P296;2024-04-24;5;0,25;Website;None
O08612;C0441;P196;2025-05-02;3;0,22;Website;11.11
O08613;C0896;P105;2024-06-09;1;0,07;App;None
O08614;C0916;P003;2024-11-19;1;0,08;App;None
O08615;C0867;P061;2025-05-23;4;0,21;App;None
O08616;C0858;P197;2024-04-16;4;0,31;Tokopedia;12.12
O08617;C0560;P087;2025-12-17;2;0,33;Website;Ramadhan
O08618;C0290;P099;2025-07-26;1;0,16;Website;11.11
O08619;C0428;P118;2025-06-30;1;0,05;Shopee;11.11
O08620;C0609;P017;2024-08-27;1;0,3;Shopee;12.12
O08621;C0449;P014;2024-07-16;2;0,27;Tokopedia;12.12
O08622;C0739;P283;2024-03-24;2;0,01;App;11.11
O08623;C0203;P284;2025-11-27;3;0,07;Website;None
O08624;C0164;P040;2024-07-30;4;0,33;Shopee;Ramadhan
O08625;C0537;P074;2024-08-31;3;0,18;Website;Ramadhan
O08626;C0664;P078;2024-06-30;4;0,14;Shopee;Ramadhan
O08627;C0321;P260;2025-01-28;1;0,35;Shopee;None
O08628;C0225;P133;2024-08-30;1;0,02;Tokopedia;12.12
O08629;C0600;P166;2025-09-01;4;0,12;Tokopedia;11.11
O08630;C0045;P226;2024-05-26;5;0,06;App;None
O08631;C0222;P035;2025-12-31;5;0,33;App;11.11
O08632;C0559;P204;2025-08-31;1;0,34;Website;None
O08633;C0123;P118;2025-01-10;1;0,28;Shopee;None
O08634;C0726;P187;2024-08-01;5;0,24;Tokopedia;12.12
O08635;C0272;P127;2024-12-26;2;0,32;Tokopedia;12.12
O08636;C0353;P190;2024-02-24;5;0,32;Tokopedia;11.11
O08637;C0561;P078;2025-12-07;5;0,09;Tokopedia;None
O08638;C0892;P105;2025-10-10;3;0,25;Shopee;12.12
O08639;C0844;P031;2024-09-12;5;0,32;Shopee;Ramadhan
O08640;C0960;P281;2025-07-13;1;0,08;Tokopedia;Ramadhan
O08641;C0484;P149;2025-05-18;4;0,01;Shopee;12.12
O08642;C0376;P074;2025-06-23;1;0,15;Shopee;None
O08643;C0332;P115;2025-01-12;2;0,03;App;Ramadhan
O08644;C0718;P143;2024-03-21;3;0,3;Website;None
O08645;C0668;P049;2024-03-26;2;0,22;App;Ramadhan
O08646;C0279;P228;2025-05-26;5;0,34;Shopee;None
O08647;C0937;P207;2024-03-15;3;0,34;Website;11.11
O08648;C0838;P216;2025-09-06;2;0,38;App;Ramadhan
O08649;C0138;P166;2025-10-05;2;0,38;Shopee;12.12
O08650;C0212;P258;2025-09-13;1;0,33;Tokopedia;None
O08651;C0473;P205;2025-03-02;3;0,4;Tokopedia;12.12
O08652;C0117;P259;2025-05-24;4;0,29;App;None
O08653;C0331;P100;2025-09-07;1;0,14;App;12.12
O08654;C0809;P088;2025-01-11;4;0,01;App;Ramadhan
O08655;C0091;P196;2024-01-07;4;0,09;Shopee;12.12
O08656;C0665;P296;2025-09-16;1;0,24;App;11.11
O08657;C0799;P055;2025-02-13;1;0,38;Tokopedia;12.12
O08658;C0182;P202;2024-12-06;3;0,39;App;11.11
O08659;C0084;P105;2025-07-02;4;0,08;Website;12.12
O08660;C0437;P261;2024-10-26;3;0,36;Website;11.11
O08661;C0030;P166;2024-03-05;3;0,09;App;11.11
O08662;C0759;P190;2025-08-10;2;0,38;Website;12.12
O08663;C0175;P215;2025-05-15;1;0,31;Shopee;None
O08664;C0743;P209;2024-02-28;5;0,19;Tokopedia;None
O08665;C0519;P222;2025-12-13;2;0,35;Tokopedia;Ramadhan
O08666;C0907;P124;2024-01-03;3;0,13;App;None
O08667;C0772;P133;2024-10-30;3;0,39;Shopee;11.11
O08668;C0812;P027;2024-01-09;4;0,35;Shopee;11.11
O08669;C0693;P263;2025-01-10;2;0,39;Website;12.12
O08670;C0296;P262;2024-11-27;2;0,35;Website;Ramadhan
O08671;C0767;P208;2025-08-30;2;0,07;Shopee;11.11
O08672;C0498;P201;2025-09-06;1;0,07;Tokopedia;Ramadhan
O08673;C0851;P091;2025-03-18;3;0,04;Shopee;12.12
O08674;C0856;P095;2025-10-13;5;0,3;Tokopedia;Ramadhan
O08675;C0615;P259;2025-09-26;4;0,2;App;None
O08676;C0428;P010;2025-09-24;1;0,1;Shopee;None
O08677;C0282;P243;2024-02-24;2;0,24;Shopee;11.11
O08678;C0769;P175;2025-11-01;3;0,18;App;Ramadhan
O08679;C0738;P122;2024-09-02;1;0,2;Tokopedia;Ramadhan
O08680;C0201;P150;2025-04-14;1;0,16;Website;Ramadhan
O08681;C0864;P098;2024-08-14;4;0,38;Website;None
O08682;C0045;P008;2024-09-09;2;0,23;App;None
O08683;C0312;P269;2024-03-16;3;0,04;Website;Ramadhan
O08684;C0887;P010;2025-01-26;5;0,01;App;None
O08685;C0461;P179;2024-07-01;3;0,26;Shopee;11.11
O08686;C0920;P122;2024-03-29;2;0,37;Website;12.12
O08687;C0099;P159;2025-08-17;3;0,06;Website;None
O08688;C0223;P248;2024-03-14;5;0,19;Shopee;Ramadhan
O08689;C0903;P151;2024-08-30;3;0,32;Website;None
O08690;C0899;P207;2025-06-22;2;0,27;Shopee;None
O08691;C0496;P092;2024-06-30;3;0,29;Shopee;None
O08692;C0291;P255;2025-07-02;2;0,21;App;11.11
O08693;C0580;P270;2024-10-25;4;0,05;App;Ramadhan
O08694;C0031;P092;2025-05-16;3;0,22;Shopee;11.11
O08695;C0236;P045;2024-08-18;1;0,32;Shopee;12.12
O08696;C0667;P153;2024-08-03;2;0,12;Website;12.12
O08697;C0626;P172;2025-06-04;1;0,2;App;12.12
O08698;C0181;P125;2024-02-10;1;0,29;Tokopedia;12.12
O08699;C0368;P262;2024-10-19;1;0,06;Shopee;None
O08700;C0269;P117;2025-12-16;2;0,04;Shopee;Ramadhan
O08701;C0581;P134;2025-07-30;2;0,16;Shopee;12.12
O08702;C0053;P297;2024-06-22;5;0,28;Tokopedia;11.11
O08703;C0930;P300;2025-09-01;4;0,1;Website;12.12
O08704;C0723;P283;2025-12-20;3;0,03;Website;None
O08705;C0944;P264;2024-12-28;4;0,29;Website;Ramadhan
O08706;C0233;P170;2024-03-26;1;0,19;Shopee;12.12
O08707;C0186;P163;2024-05-05;3;0,39;App;None
O08708;C0013;P095;2025-06-24;1;0,23;App;11.11
O08709;C0785;P001;2025-06-03;2;0,35;Website;11.11
O08710;C0832;P127;2024-11-22;1;0,36;Website;None
O08711;C0471;P029;2025-09-26;4;0,28;App;12.12
O08712;C0932;P012;2024-03-15;3;0,34;App;None
O08713;C0711;P047;2024-02-10;3;0,37;Tokopedia;11.11
O08714;C0665;P211;2025-08-04;4;0,25;App;None
O08715;C0744;P031;2024-02-26;2;0,01;Tokopedia;None
O08716;C0824;P184;2025-06-01;4;0,35;Website;Ramadhan
O08717;C0609;P161;2024-04-13;4;0,3;Shopee;Ramadhan
O08718;C0450;P102;2025-08-11;4;0,39;Tokopedia;Ramadhan
O08719;C0582;P055;2024-11-11;1;0,15;Tokopedia;11.11
O08720;C0382;P143;2025-10-02;4;0,34;App;Ramadhan
O08721;C0079;P245;2025-03-01;2;0,21;Website;11.11
O08722;C0818;P086;2024-01-18;5;0,32;Shopee;Ramadhan
O08723;C0379;P220;2024-02-09;1;0,04;Shopee;11.11
O08724;C0239;P120;2025-05-10;3;0,37;Shopee;12.12
O08725;C0924;P276;2025-06-04;2;0,18;Website;12.12
O08726;C0203;P144;2024-04-02;3;0,06;Website;11.11
O08727;C0794;P270;2024-09-07;1;0,38;Tokopedia;None
O08728;C0744;P293;2025-07-20;3;0,21;Shopee;Ramadhan
O08729;C0471;P236;2024-04-21;2;0,33;Shopee;12.12
O08730;C0613;P007;2025-07-01;1;0,16;App;Ramadhan
O08731;C0688;P287;2024-07-22;4;0,08;Tokopedia;11.11
O08732;C0882;P268;2025-11-26;3;0,01;App;Ramadhan
O08733;C0457;P206;2025-07-09;5;0,32;Website;None
O08734;C0532;P045;2024-07-28;2;0,05;Website;Ramadhan
O08735;C0755;P144;2024-08-14;5;0,15;Website;11.11
O08736;C0767;P119;2025-03-19;1;0,19;App;12.12
O08737;C0526;P181;2024-03-16;4;0,17;Shopee;Ramadhan
O08738;C0034;P299;2024-06-02;1;0,13;Website;Ramadhan
O08739;C0889;P282;2025-04-20;5;0,26;Tokopedia;Ramadhan
O08740;C0434;P135;2024-05-10;1;0,09;App;12.12
O08741;C0894;P037;2025-10-28;3;0,17;App;11.11
O08742;C0938;P053;2024-09-09;2;0,05;Shopee;11.11
O08743;C0679;P237;2024-05-17;5;0,16;Website;11.11
O08744;C0800;P073;2025-08-25;5;0,14;Shopee;Ramadhan
O08745;C0002;P250;2024-05-01;4;0,11;App;None
O08746;C0727;P086;2024-09-16;4;0,38;Shopee;11.11
O08747;C0425;P128;2025-08-04;1;0,07;Website;11.11
O08748;C0889;P277;2024-01-06;4;0,06;Tokopedia;12.12
O08749;C0815;P005;2024-02-04;3;0,23;Tokopedia;11.11
O08750;C0542;P021;2025-02-02;3;0,36;App;12.12
O08751;C0714;P268;2025-11-16;2;0,22;App;None
O08752;C0009;P042;2024-04-22;5;0,13;App;11.11
O08753;C0462;P250;2025-02-07;3;0,22;Tokopedia;11.11
O08754;C0627;P125;2024-09-22;2;0,12;Shopee;Ramadhan
O08755;C0439;P007;2024-08-04;1;0,31;Shopee;12.12
O08756;C0926;P241;2025-03-03;2;0,11;App;11.11
O08757;C0174;P185;2024-07-15;5;0,21;Website;Ramadhan
O08758;C0571;P076;2024-12-26;4;0,14;Tokopedia;11.11
O08759;C0791;P052;2025-02-11;1;0,1;Website;None
O08760;C0445;P036;2024-11-28;3;0,32;App;11.11
O08761;C0388;P168;2025-08-27;2;0,33;Tokopedia;None
O08762;C0464;P045;2024-04-21;5;0,16;Website;11.11
O08763;C0009;P003;2024-12-26;3;0,03;App;None
O08764;C0819;P068;2024-07-14;5;0,21;Website;None
O08765;C0584;P290;2025-01-09;2;0,18;Shopee;12.12
O08766;C0703;P298;2025-05-17;5;0,35;Website;Ramadhan
O08767;C0111;P234;2025-10-18;5;0,18;App;Ramadhan
O08768;C0048;P171;2025-09-17;3;0,09;Website;None
O08769;C0386;P129;2025-12-14;5;0,36;App;Ramadhan
O08770;C0410;P102;2025-03-04;1;0,23;Website;Ramadhan
O08771;C0768;P267;2024-02-28;1;0,09;Website;11.11
O08772;C0561;P201;2025-07-22;1;0,16;Shopee;12.12
O08773;C0351;P196;2025-11-05;1;0,23;Tokopedia;None
O08774;C0055;P077;2024-05-06;1;0,37;Tokopedia;11.11
O08775;C0273;P065;2024-03-14;4;0,13;App;11.11
O08776;C0848;P258;2024-06-12;3;0,05;Tokopedia;12.12
O08777;C0865;P120;2025-08-08;2;0,37;Website;12.12
O08778;C0333;P149;2025-12-26;2;0,23;Shopee;12.12
O08779;C0467;P295;2024-05-26;3;0,25;Shopee;12.12
O08780;C0193;P054;2024-04-01;1;0,33;App;None
O08781;C0012;P057;2025-08-10;3;0,19;Shopee;12.12
O08782;C0550;P228;2024-11-26;1;0,22;Website;11.11
O08783;C0778;P264;2025-10-09;3;0,21;Shopee;11.11
O08784;C0646;P073;2024-03-08;1;0,07;Website;Ramadhan
O08785;C0209;P191;2024-09-11;1;0,37;Shopee;12.12
O08786;C0239;P153;2025-04-22;5;0,23;Shopee;12.12
O08787;C0449;P228;2025-09-16;4;0,36;App;Ramadhan
O08788;C0692;P085;2025-03-10;2;0,27;Website;11.11
O08789;C0671;P218;2025-06-17;2;0,38;Tokopedia;12.12
O08790;C0931;P051;2025-09-18;5;0,34;App;Ramadhan
O08791;C0716;P099;2024-11-02;4;0,31;Tokopedia;None
O08792;C0710;P279;2024-05-31;3;0,31;Tokopedia;None
O08793;C0472;P279;2024-05-23;1;0,29;Website;Ramadhan
O08794;C0862;P234;2025-07-06;3;0,23;App;12.12
O08795;C0793;P232;2024-10-24;3;0,03;App;Ramadhan
O08796;C0962;P270;2024-04-29;5;0;Tokopedia;12.12
O08797;C0652;P142;2024-04-22;2;0,29;App;Ramadhan
O08798;C0156;P050;2024-08-04;4;0,11;App;Ramadhan
O08799;C0434;P251;2025-05-05;1;0,15;Website;11.11
O08800;C0868;P200;2025-05-16;3;0,14;App;12.12
O08801;C0671;P025;2024-12-01;5;0,07;App;11.11
O08802;C0090;P040;2025-03-08;5;0,27;Website;None
O08803;C0460;P167;2025-09-24;3;0,15;App;11.11
O08804;C0496;P252;2024-10-21;2;0,26;Tokopedia;None
O08805;C0592;P114;2024-02-26;2;0,36;Website;11.11
O08806;C0055;P166;2025-01-08;1;0,27;Tokopedia;11.11
O08807;C0254;P061;2024-10-10;4;0,04;Shopee;None
O08808;C0911;P218;2025-04-02;1;0,21;Tokopedia;11.11
O08809;C0274;P070;2024-07-13;1;0,37;Tokopedia;None
O08810;C0732;P161;2024-10-30;2;0,12;Tokopedia;Ramadhan
O08811;C0766;P136;2024-05-03;1;0,08;App;None
O08812;C0834;P258;2024-02-26;2;0,28;Tokopedia;11.11
O08813;C0344;P299;2025-04-11;4;0,06;Website;11.11
O08814;C0028;P251;2025-09-03;4;0,37;App;None
O08815;C0460;P164;2025-10-22;5;0,26;Website;None
O08816;C0898;P130;2024-03-18;4;0,15;Shopee;12.12
O08817;C0277;P297;2025-01-23;2;0,32;Website;11.11
O08818;C0646;P017;2024-07-11;5;0,29;Tokopedia;12.12
O08819;C0958;P280;2025-04-16;2;0,09;Website;11.11
O08820;C0758;P265;2024-01-22;2;0,11;Tokopedia;12.12
O08821;C0435;P028;2024-06-27;5;0,39;App;Ramadhan
O08822;C0559;P015;2024-01-22;1;0,09;Tokopedia;12.12
O08823;C0007;P139;2024-11-25;1;0,21;Tokopedia;11.11
O08824;C0919;P150;2025-07-26;5;0,05;App;11.11
O08825;C0929;P031;2025-12-02;4;0,02;Shopee;12.12
O08826;C0354;P102;2024-01-03;2;0,35;App;None
O08827;C0850;P188;2025-07-01;3;0,27;App;Ramadhan
O08828;C0979;P281;2025-06-05;3;0,2;Tokopedia;12.12
O08829;C0790;P244;2024-05-08;1;0,27;Website;Ramadhan
O08830;C0006;P009;2025-03-20;5;0,26;Shopee;Ramadhan
O08831;C0373;P085;2024-08-04;5;0,13;Website;11.11
O08832;C0204;P008;2025-10-26;1;0,09;Tokopedia;11.11
O08833;C0236;P153;2024-08-15;5;0,28;Website;12.12
O08834;C0361;P166;2024-02-07;5;0,21;Website;12.12
O08835;C0122;P203;2024-09-22;3;0,34;App;None
O08836;C0205;P045;2024-09-11;2;0,18;Shopee;12.12
O08837;C0255;P002;2024-11-01;1;0,37;Website;11.11
O08838;C0865;P210;2025-06-17;2;0,06;App;11.11
O08839;C0251;P179;2025-10-23;5;0,33;Shopee;Ramadhan
O08840;C0114;P048;2024-08-22;2;0,16;App;11.11
O08841;C0097;P158;2024-06-04;3;0,18;Tokopedia;11.11
O08842;C0207;P162;2025-02-08;4;0,21;Website;12.12
O08843;C0091;P086;2024-01-19;5;0,13;App;Ramadhan
O08844;C0925;P183;2024-02-11;1;0,03;Shopee;None
O08845;C0950;P278;2024-09-12;5;0,36;Website;None
O08846;C0004;P109;2025-06-11;2;0,19;Tokopedia;Ramadhan
O08847;C0756;P211;2025-07-29;2;0,21;App;11.11
O08848;C0100;P285;2025-04-23;3;0,05;App;11.11
O08849;C0684;P163;2025-02-20;1;0,12;App;11.11
O08850;C0619;P146;2024-03-27;5;0,07;Website;Ramadhan
O08851;C0703;P072;2024-10-05;1;0,33;Website;None
O08852;C0095;P300;2024-08-25;4;0,32;Tokopedia;11.11
O08853;C0364;P242;2024-05-07;1;0,05;Tokopedia;Ramadhan
O08854;C0975;P056;2025-09-01;5;0,04;Shopee;Ramadhan
O08855;C0193;P099;2024-12-08;2;0,16;App;None
O08856;C0887;P258;2024-02-07;2;0,17;Website;Ramadhan
O08857;C0376;P043;2025-03-12;2;0,33;Website;None
O08858;C0100;P298;2024-07-23;4;0;Tokopedia;Ramadhan
O08859;C0924;P001;2024-03-17;5;0,25;Tokopedia;Ramadhan
O08860;C0398;P178;2024-08-28;5;0,27;Tokopedia;12.12
O08861;C0869;P170;2024-05-28;4;0,03;App;11.11
O08862;C0538;P043;2025-12-29;3;0,18;App;Ramadhan
O08863;C0082;P168;2024-04-27;5;0,03;Tokopedia;Ramadhan
O08864;C0794;P203;2025-02-19;2;0,38;Tokopedia;11.11
O08865;C0350;P175;2025-07-21;3;0,27;Tokopedia;None
O08866;C0933;P154;2025-12-14;1;0,36;Shopee;Ramadhan
O08867;C0483;P197;2024-12-18;2;0,08;Shopee;11.11
O08868;C0989;P136;2024-09-19;3;0,32;Tokopedia;12.12
O08869;C0422;P024;2024-04-30;2;0,04;Tokopedia;Ramadhan
O08870;C0994;P291;2024-10-03;4;0,31;Shopee;12.12
O08871;C0170;P058;2025-05-29;2;0,32;Tokopedia;None
O08872;C0661;P250;2025-01-24;2;0,24;App;None
O08873;C0200;P205;2025-02-01;1;0,38;Tokopedia;11.11
O08874;C0909;P238;2024-11-24;2;0,02;Website;Ramadhan
O08875;C0903;P234;2025-12-11;1;0,3;Website;None
O08876;C0073;P291;2024-07-30;1;0,01;App;12.12
O08877;C0752;P003;2025-03-04;5;0,12;Shopee;None
O08878;C0502;P065;2024-01-14;2;0,22;App;Ramadhan
O08879;C0285;P195;2024-09-10;3;0,08;Website;Ramadhan
O08880;C0338;P282;2025-11-08;3;0,05;Tokopedia;12.12
O08881;C0547;P235;2025-01-07;3;0,01;Website;11.11
O08882;C0086;P032;2024-12-25;3;0,02;Tokopedia;12.12
O08883;C0711;P238;2025-08-02;4;0,06;App;12.12
O08884;C0917;P044;2025-06-16;3;0,28;Shopee;None
O08885;C0816;P280;2025-06-15;5;0,27;App;Ramadhan
O08886;C0502;P160;2025-12-21;1;0,09;Shopee;12.12
O08887;C0863;P032;2024-08-17;3;0,16;App;12.12
O08888;C0462;P125;2024-06-26;5;0,05;App;None
O08889;C0531;P084;2024-11-24;3;0,04;Shopee;Ramadhan
O08890;C0316;P258;2025-01-21;1;0,07;App;12.12
O08891;C0383;P187;2025-07-08;4;0,2;Shopee;11.11
O08892;C0294;P218;2025-05-26;3;0,16;Shopee;Ramadhan
O08893;C0382;P219;2024-12-29;2;0,39;Website;Ramadhan
O08894;C0440;P206;2025-07-07;3;0,34;App;12.12
O08895;C0411;P111;2024-11-13;2;0,16;Shopee;12.12
O08896;C0800;P097;2025-04-30;5;0,21;Website;11.11
O08897;C0123;P124;2025-10-26;4;0,29;Shopee;11.11
O08898;C0658;P075;2025-12-06;2;0,12;Tokopedia;None
O08899;C0868;P026;2024-03-11;4;0,33;App;Ramadhan
O08900;C0505;P082;2025-09-20;5;0,34;Tokopedia;12.12
O08901;C0881;P044;2025-03-03;3;0,06;Tokopedia;12.12
O08902;C0279;P263;2025-10-07;4;0,34;Shopee;None
O08903;C0367;P167;2025-03-08;1;0,32;App;Ramadhan
O08904;C0265;P010;2025-07-29;3;0,08;Tokopedia;12.12
O08905;C0637;P157;2025-12-14;3;0,06;Website;11.11
O08906;C0595;P221;2025-10-15;1;0,13;Shopee;12.12
O08907;C0340;P032;2024-11-01;5;0,36;Tokopedia;12.12
O08908;C0094;P148;2024-08-15;4;0,21;Tokopedia;Ramadhan
O08909;C0041;P227;2025-03-22;5;0,25;Shopee;None
O08910;C0932;P293;2025-07-31;2;0,02;Tokopedia;None
O08911;C0632;P062;2025-10-15;4;0,24;Shopee;None
O08912;C0382;P028;2024-01-05;1;0,07;Tokopedia;11.11
O08913;C0438;P244;2025-08-31;1;0,06;Tokopedia;12.12
O08914;C0946;P166;2025-07-02;4;0,3;Shopee;Ramadhan
O08915;C0339;P075;2025-03-01;2;0,25;Website;None
O08916;C0734;P279;2024-02-27;3;0;Website;Ramadhan
O08917;C0744;P277;2025-10-27;2;0,33;App;11.11
O08918;C0764;P207;2024-06-23;4;0,04;Tokopedia;None
O08919;C0718;P054;2024-01-22;2;0,16;Website;Ramadhan
O08920;C0774;P135;2025-02-05;4;0,11;Tokopedia;12.12
O08921;C0101;P055;2025-12-06;5;0,31;Website;12.12
O08922;C0745;P090;2025-06-25;4;0,18;Shopee;Ramadhan
O08923;C0873;P146;2025-05-18;2;0,39;Website;11.11
O08924;C0465;P289;2025-04-15;4;0,04;Website;12.12
O08925;C0147;P217;2025-11-30;4;0,11;Tokopedia;12.12
O08926;C0022;P113;2024-06-25;3;0,37;Shopee;12.12
O08927;C0330;P196;2025-01-02;2;0;Website;11.11
O08928;C0779;P097;2024-10-05;4;0,05;Tokopedia;Ramadhan
O08929;C0847;P040;2024-08-07;3;0,36;Website;11.11
O08930;C0809;P016;2025-12-12;3;0,21;Website;11.11
O08931;C0196;P188;2025-05-20;3;0,32;Tokopedia;12.12
O08932;C0044;P039;2025-08-21;3;0,31;Website;None
O08933;C0566;P029;2025-10-21;2;0,22;Tokopedia;Ramadhan
O08934;C0744;P114;2024-06-13;1;0,11;Tokopedia;Ramadhan
O08935;C0784;P252;2024-03-08;3;0,1;Website;Ramadhan
O08936;C0982;P233;2024-08-25;2;0,34;Website;None
O08937;C0830;P202;2025-10-07;1;0,27;Shopee;Ramadhan
O08938;C0225;P127;2024-03-20;1;0,39;Shopee;12.12
O08939;C0169;P008;2024-11-27;3;0,06;App;11.11
O08940;C0070;P204;2024-01-05;3;0,17;Website;Ramadhan
O08941;C0717;P277;2025-06-01;3;0,25;Tokopedia;None
O08942;C0794;P240;2025-04-06;3;0,32;Tokopedia;12.12
O08943;C0068;P141;2025-08-08;5;0,31;Tokopedia;Ramadhan
O08944;C0879;P044;2024-05-18;3;0,22;Tokopedia;None
O08945;C0410;P204;2025-04-25;4;0,39;App;Ramadhan
O08946;C0360;P285;2025-04-07;5;0,14;Website;11.11
O08947;C0921;P281;2024-02-01;3;0,35;App;11.11
O08948;C0341;P060;2024-04-08;5;0,01;Website;12.12
O08949;C0083;P106;2024-07-26;2;0,36;Shopee;Ramadhan
O08950;C0509;P158;2024-07-05;5;0,12;Website;12.12
O08951;C0484;P090;2025-02-02;1;0,3;Website;None
O08952;C0766;P160;2024-04-27;5;0,34;App;11.11
O08953;C0646;P255;2025-05-17;2;0,13;App;12.12
O08954;C0419;P061;2024-12-01;3;0,24;Tokopedia;Ramadhan
O08955;C0330;P087;2024-03-08;1;0,3;Website;None
O08956;C0164;P004;2025-06-20;3;0,23;Website;12.12
O08957;C0448;P260;2024-04-15;2;0,33;Shopee;Ramadhan
O08958;C0479;P011;2025-02-10;1;0,23;App;11.11
O08959;C0958;P193;2024-04-25;5;0,1;App;12.12
O08960;C0712;P014;2024-11-16;3;0,31;Website;None
O08961;C0614;P062;2024-08-17;5;0,03;App;12.12
O08962;C0550;P047;2025-02-18;4;0,04;App;None
O08963;C0599;P091;2024-09-22;2;0,14;Shopee;Ramadhan
O08964;C0214;P287;2025-02-08;4;0,35;Website;None
O08965;C0487;P098;2024-08-15;1;0,21;Tokopedia;12.12
O08966;C0195;P135;2024-03-31;5;0,21;Shopee;Ramadhan
O08967;C0694;P195;2024-03-23;1;0,3;Shopee;11.11
O08968;C0610;P016;2024-08-22;1;0,2;Website;11.11
O08969;C0921;P132;2024-03-29;3;0,25;App;None
O08970;C0249;P100;2025-11-19;3;0,16;Shopee;Ramadhan
O08971;C0217;P223;2025-06-01;4;0,18;Tokopedia;Ramadhan
O08972;C0036;P088;2024-11-28;4;0,1;Website;None
O08973;C0894;P014;2025-06-26;4;0,08;Tokopedia;Ramadhan
O08974;C0254;P165;2025-03-22;3;0,2;Website;Ramadhan
O08975;C0686;P028;2024-02-04;3;0,08;Tokopedia;None
O08976;C0212;P055;2024-12-07;3;0,06;App;Ramadhan
O08977;C0686;P045;2025-12-30;3;0,1;Website;11.11
O08978;C0976;P097;2024-10-20;4;0,16;Tokopedia;None
O08979;C0918;P077;2024-07-19;3;0,35;Shopee;None
O08980;C0351;P073;2024-05-28;1;0,01;Shopee;11.11
O08981;C0101;P270;2025-09-11;2;0,22;Tokopedia;12.12
O08982;C0482;P273;2024-03-26;2;0,34;Website;11.11
O08983;C0563;P247;2024-07-16;4;0,23;Tokopedia;Ramadhan
O08984;C0862;P223;2024-02-28;5;0,23;Website;11.11
O08985;C0255;P257;2025-08-19;4;0,14;Website;11.11
O08986;C0359;P026;2025-01-04;4;0;Tokopedia;12.12
O08987;C0674;P022;2024-08-14;5;0,08;App;Ramadhan
O08988;C0341;P289;2025-02-21;3;0;Shopee;Ramadhan
O08989;C0896;P287;2024-01-12;2;0,23;App;12.12
O08990;C0482;P023;2025-06-15;5;0,07;Tokopedia;11.11
O08991;C0855;P196;2025-10-28;3;0,05;Shopee;11.11
O08992;C0886;P168;2024-10-21;3;0,06;Shopee;Ramadhan
O08993;C0244;P226;2024-05-24;2;0,21;Shopee;11.11
O08994;C0561;P089;2025-12-17;4;0,11;Website;None
O08995;C0095;P128;2025-09-04;3;0,22;Website;11.11
O08996;C0486;P272;2024-09-23;5;0,01;Tokopedia;Ramadhan
O08997;C0475;P146;2025-12-04;2;0,28;Website;None
O08998;C0540;P142;2025-10-05;3;0,36;Tokopedia;None
O08999;C0566;P263;2024-05-02;4;0,33;App;Ramadhan
O09000;C0429;P099;2025-12-01;5;0,04;App;Ramadhan
O09001;C0749;P023;2025-02-09;2;0,38;Website;None
O09002;C0567;P267;2024-07-22;3;0,26;Shopee;12.12
O09003;C0883;P171;2024-10-01;2;0,36;App;Ramadhan
O09004;C0477;P272;2025-04-01;1;0,22;Tokopedia;None
O09005;C0973;P174;2024-09-27;3;0,15;Website;12.12
O09006;C0379;P228;2024-03-11;4;0,39;App;Ramadhan
O09007;C0790;P222;2024-04-29;4;0,32;Shopee;None
O09008;C0542;P020;2024-10-13;3;0,36;Tokopedia;None
O09009;C0015;P162;2025-06-05;2;0,04;Shopee;11.11
O09010;C0940;P117;2024-08-05;2;0,36;Tokopedia;None
O09011;C0795;P169;2024-09-10;4;0,11;Tokopedia;12.12
O09012;C0638;P154;2025-02-16;3;0;Tokopedia;Ramadhan
O09013;C0010;P120;2025-10-06;1;0,02;Shopee;Ramadhan
O09014;C0458;P137;2024-11-23;1;0,18;App;12.12
O09015;C0470;P180;2024-08-19;2;0,32;Website;Ramadhan
O09016;C0918;P151;2025-03-20;4;0,02;Tokopedia;None
O09017;C0068;P010;2025-01-07;3;0,18;App;None
O09018;C0927;P269;2024-11-05;3;0,08;Shopee;Ramadhan
O09019;C0371;P006;2024-08-09;4;0,3;App;11.11
O09020;C0417;P201;2024-02-29;4;0,3;App;None
O09021;C0999;P182;2024-10-29;4;0,3;Shopee;None
O09022;C0884;P155;2024-11-13;5;0,17;Website;None
O09023;C0607;P083;2024-05-24;1;0,12;Shopee;11.11
O09024;C0928;P224;2025-06-24;2;0,13;Tokopedia;11.11
O09025;C0016;P297;2025-08-15;3;0,38;Tokopedia;Ramadhan
O09026;C0488;P011;2025-02-27;5;0,11;App;11.11
O09027;C0313;P206;2024-01-28;5;0,05;Shopee;11.11
O09028;C0382;P038;2025-12-05;4;0,14;Tokopedia;11.11
O09029;C0223;P257;2025-04-04;5;0,04;Website;11.11
O09030;C0319;P027;2024-11-05;3;0,22;Website;11.11
O09031;C0950;P188;2024-08-30;1;0,15;App;12.12
O09032;C0970;P041;2025-08-23;5;0,05;Tokopedia;Ramadhan
O09033;C0904;P034;2025-04-29;4;0,12;Website;Ramadhan
O09034;C0582;P215;2024-09-03;1;0,05;Tokopedia;11.11
O09035;C0875;P255;2024-11-05;3;0,32;Shopee;Ramadhan
O09036;C0114;P013;2025-02-17;5;0,25;Tokopedia;12.12
O09037;C0675;P105;2024-05-29;3;0,01;Tokopedia;Ramadhan
O09038;C0861;P259;2025-04-02;4;0,37;App;None
O09039;C0981;P171;2025-04-11;1;0,35;Shopee;11.11
O09040;C0292;P121;2024-01-30;5;0,12;Shopee;Ramadhan
O09041;C0555;P183;2024-03-30;2;0,1;Shopee;12.12
O09042;C0957;P201;2025-12-30;5;0,26;Website;None
O09043;C0174;P159;2024-12-01;1;0;Website;11.11
O09044;C0127;P286;2024-12-31;4;0,06;App;12.12
O09045;C0581;P099;2024-03-12;3;0,36;Shopee;11.11
O09046;C0475;P034;2024-02-18;2;0,31;Shopee;None
O09047;C0245;P297;2025-10-13;2;0,15;Website;Ramadhan
O09048;C0150;P049;2024-01-15;2;0,17;Shopee;12.12
O09049;C0061;P040;2024-05-11;3;0,35;Tokopedia;None
O09050;C0715;P161;2024-06-14;1;0,13;Shopee;11.11
O09051;C0312;P038;2025-02-17;1;0,03;Shopee;Ramadhan
O09052;C0628;P078;2025-11-30;1;0,05;App;12.12
O09053;C0602;P198;2024-03-16;1;0,27;Shopee;Ramadhan
O09054;C0789;P024;2024-10-17;4;0,39;Tokopedia;12.12
O09055;C0767;P176;2025-11-15;2;0,19;Website;11.11
O09056;C0411;P147;2025-09-22;5;0,4;Tokopedia;12.12
O09057;C0533;P058;2024-10-19;3;0,31;App;Ramadhan
O09058;C0931;P076;2024-12-12;5;0,18;Website;11.11
O09059;C0665;P035;2025-02-23;5;0,29;Shopee;11.11
O09060;C0801;P121;2025-05-30;5;0,23;App;12.12
O09061;C0910;P255;2024-11-05;4;0,2;Website;12.12
O09062;C0362;P092;2025-05-02;3;0,28;Website;Ramadhan
O09063;C0120;P075;2024-03-07;2;0,34;Website;11.11
O09064;C0696;P070;2025-08-23;3;0,33;Shopee;Ramadhan
O09065;C0532;P023;2024-12-21;1;0,2;Website;12.12
O09066;C0684;P136;2024-09-12;5;0,24;Shopee;None
O09067;C0835;P289;2025-04-02;4;0;App;12.12
O09068;C0615;P039;2025-08-20;2;0,3;Shopee;Ramadhan
O09069;C0842;P018;2024-06-16;3;0,01;Shopee;None
O09070;C0888;P123;2024-05-04;1;0,36;App;Ramadhan
O09071;C0981;P044;2025-05-10;5;0,13;Shopee;Ramadhan
O09072;C0126;P180;2024-05-01;4;0,09;App;12.12
O09073;C0658;P148;2025-11-21;3;0,12;Website;Ramadhan
O09074;C0501;P190;2025-09-24;5;0,27;App;None
O09075;C0204;P083;2025-11-17;2;0,21;Tokopedia;11.11
O09076;C0301;P267;2025-03-15;5;0,08;Tokopedia;Ramadhan
O09077;C0877;P292;2025-09-01;2;0,13;Tokopedia;11.11
O09078;C0960;P137;2025-04-16;2;0,1;Website;12.12
O09079;C0223;P225;2024-12-23;3;0,19;Tokopedia;11.11
O09080;C0363;P011;2024-02-24;3;0,06;Website;11.11
O09081;C0365;P128;2024-03-24;1;0,3;Tokopedia;Ramadhan
O09082;C0476;P073;2025-07-20;1;0,11;App;11.11
O09083;C0626;P278;2025-07-23;3;0,23;Tokopedia;None
O09084;C0596;P254;2024-07-04;1;0;Website;11.11
O09085;C0351;P045;2025-07-06;2;0,14;Website;None
O09086;C0016;P113;2024-05-05;5;0,06;Tokopedia;12.12
O09087;C0686;P147;2025-04-08;4;0,33;Shopee;None
O09088;C0570;P009;2024-05-20;1;0,37;App;12.12
O09089;C0166;P191;2024-07-08;2;0,12;Shopee;11.11
O09090;C0612;P252;2024-11-07;3;0,37;App;11.11
O09091;C0108;P131;2024-01-30;1;0,39;Tokopedia;11.11
O09092;C0239;P201;2024-01-24;1;0,32;Website;11.11
O09093;C0780;P085;2025-01-17;4;0,2;Tokopedia;12.12
O09094;C0879;P154;2025-11-26;1;0,27;App;Ramadhan
O09095;C0401;P136;2024-10-30;5;0,23;App;Ramadhan
O09096;C0946;P029;2025-11-17;3;0,08;Website;12.12
O09097;C0894;P146;2025-01-29;4;0,37;Website;Ramadhan
O09098;C0089;P241;2024-11-01;1;0,24;App;Ramadhan
O09099;C0741;P158;2025-12-21;4;0,21;Website;11.11
O09100;C0906;P054;2025-03-07;1;0,29;App;12.12
O09101;C0618;P207;2025-12-11;3;0,28;Tokopedia;Ramadhan
O09102;C0971;P220;2025-10-25;3;0,14;App;None
O09103;C0470;P218;2024-10-07;2;0,19;Website;12.12
O09104;C0967;P298;2025-05-12;1;0,07;Tokopedia;Ramadhan
O09105;C0790;P082;2025-08-04;5;0,14;Shopee;None
O09106;C0718;P225;2024-10-26;2;0,3;App;11.11
O09107;C0433;P153;2025-05-14;4;0,03;Website;12.12
O09108;C0671;P029;2025-10-31;4;0,33;App;None
O09109;C0206;P292;2024-08-06;3;0,22;Shopee;None
O09110;C0755;P065;2024-02-09;3;0,37;Website;12.12
O09111;C0580;P028;2025-12-10;5;0,25;Website;12.12
O09112;C0749;P142;2025-10-08;2;0,35;Shopee;11.11
O09113;C0471;P297;2024-08-10;5;0,38;Website;None
O09114;C0745;P155;2025-01-06;1;0,28;Website;11.11
O09115;C0993;P183;2024-04-16;4;0,26;Website;11.11
O09116;C0983;P112;2024-06-25;5;0,26;Shopee;Ramadhan
O09117;C0949;P216;2025-01-11;5;0,17;Website;None
O09118;C0408;P149;2025-11-14;2;0,2;Website;None
O09119;C0457;P102;2025-09-27;1;0,39;Tokopedia;12.12
O09120;C0040;P215;2025-04-04;4;0,38;Website;11.11
O09121;C0626;P011;2024-12-08;2;0,38;Tokopedia;12.12
O09122;C0379;P051;2024-10-12;2;0,3;Website;12.12
O09123;C0079;P277;2025-03-25;1;0,28;Shopee;None
O09124;C0228;P119;2024-03-29;4;0,21;App;Ramadhan
O09125;C0866;P112;2025-04-08;1;0,33;App;12.12
O09126;C0379;P042;2024-03-15;3;0,3;Tokopedia;Ramadhan
O09127;C0116;P160;2025-02-24;5;0,25;Tokopedia;12.12
O09128;C0733;P045;2025-09-30;3;0,01;Website;12.12
O09129;C0151;P077;2025-09-03;4;0,3;Tokopedia;None
O09130;C0075;P237;2024-12-26;1;0,14;Tokopedia;12.12
O09131;C0784;P202;2025-02-24;3;0,24;Shopee;12.12
O09132;C0354;P020;2024-01-15;4;0,29;App;11.11
O09133;C0368;P095;2024-04-13;3;0,23;Shopee;11.11
O09134;C0119;P050;2024-02-29;2;0,29;App;Ramadhan
O09135;C0207;P183;2025-02-24;1;0,16;App;11.11
O09136;C0180;P185;2025-11-13;2;0,28;Website;None
O09137;C0769;P207;2025-11-10;1;0,29;Website;11.11
O09138;C0960;P291;2025-12-25;3;0,16;App;None
O09139;C0745;P139;2024-05-29;4;0,06;Website;12.12
O09140;C0444;P263;2024-03-06;2;0,19;Shopee;None
O09141;C0200;P197;2024-07-21;3;0,27;App;Ramadhan
O09142;C0909;P086;2024-09-19;5;0,37;App;Ramadhan
O09143;C0307;P038;2025-09-18;4;0,29;App;None
O09144;C0696;P038;2025-05-18;5;0,19;Tokopedia;None
O09145;C0910;P280;2024-11-21;4;0,18;App;Ramadhan
O09146;C0649;P005;2025-06-09;3;0,08;Shopee;11.11
O09147;C0537;P248;2024-05-25;3;0;Website;Ramadhan
O09148;C0117;P230;2024-06-27;1;0,23;App;11.11
O09149;C0858;P120;2025-10-04;5;0,32;Shopee;None
O09150;C0140;P007;2024-06-29;5;0,29;Shopee;None
O09151;C0778;P095;2025-09-28;1;0,07;Shopee;Ramadhan
O09152;C0256;P106;2024-04-13;5;0,15;Shopee;11.11
O09153;C0590;P091;2025-01-14;5;0,38;Website;Ramadhan
O09154;C0913;P190;2024-04-26;2;0,17;Tokopedia;12.12
O09155;C0020;P239;2024-01-21;2;0,18;Tokopedia;Ramadhan
O09156;C0876;P044;2025-03-18;2;0,15;Tokopedia;Ramadhan
O09157;C0631;P300;2025-10-23;1;0,25;Shopee;None
O09158;C0553;P270;2024-01-17;2;0,09;App;Ramadhan
O09159;C0232;P023;2025-06-06;2;0,18;App;12.12
O09160;C0747;P202;2025-09-22;4;0,07;App;12.12
O09161;C0688;P090;2025-12-27;1;0,12;Tokopedia;12.12
O09162;C0476;P205;2025-02-22;5;0,07;App;11.11
O09163;C0799;P119;2024-04-18;2;0,19;Shopee;11.11
O09164;C0900;P231;2025-07-24;4;0,36;App;12.12
O09165;C0149;P189;2024-06-30;2;0,3;Shopee;12.12
O09166;C0275;P089;2025-12-29;3;0,39;Tokopedia;11.11
O09167;C0907;P195;2025-12-25;2;0,25;Tokopedia;Ramadhan
O09168;C0653;P276;2024-08-22;3;0,03;Website;12.12
O09169;C0691;P050;2025-10-19;3;0,02;Shopee;12.12
O09170;C0091;P051;2025-07-20;2;0,23;Shopee;11.11
O09171;C0028;P026;2024-05-23;3;0,15;Shopee;None
O09172;C0562;P154;2024-08-14;2;0,17;Website;11.11
O09173;C0825;P006;2025-07-31;1;0;App;None
O09174;C0786;P288;2024-04-30;3;0,16;App;12.12
O09175;C0263;P263;2025-06-20;2;0,23;App;Ramadhan
O09176;C0392;P190;2024-07-17;5;0,08;Shopee;11.11
O09177;C0453;P161;2025-03-09;1;0,09;Website;Ramadhan
O09178;C0114;P071;2025-02-03;4;0,26;Tokopedia;None
O09179;C0006;P265;2025-12-22;4;0,21;Tokopedia;12.12
O09180;C0920;P044;2025-08-26;4;0,05;Tokopedia;11.11
O09181;C0893;P009;2024-04-02;4;0,28;Shopee;None
O09182;C0614;P110;2025-09-07;1;0,3;Website;12.12
O09183;C0220;P240;2025-10-07;1;0,05;Website;Ramadhan
O09184;C0302;P086;2024-05-15;2;0,07;Website;12.12
O09185;C0183;P274;2025-03-25;5;0,09;Shopee;12.12
O09186;C0136;P094;2024-03-16;4;0,22;Shopee;11.11
O09187;C0389;P120;2025-01-24;2;0,36;Website;None
O09188;C0087;P292;2025-09-06;2;0,3;App;12.12
O09189;C0424;P276;2025-07-22;4;0,09;Shopee;11.11
O09190;C0554;P101;2024-08-25;5;0,34;Shopee;12.12
O09191;C0142;P037;2025-01-01;3;0,27;App;Ramadhan
O09192;C0753;P187;2025-12-30;4;0,07;App;11.11
O09193;C0555;P178;2025-03-14;1;0,38;App;None
O09194;C0999;P267;2024-02-12;1;0,04;Shopee;12.12
O09195;C0161;P142;2025-10-09;4;0,14;Tokopedia;Ramadhan
O09196;C0767;P284;2024-03-14;5;0,02;Tokopedia;Ramadhan
O09197;C0897;P203;2024-12-17;2;0,1;Tokopedia;11.11
O09198;C0304;P128;2024-08-14;3;0,29;App;None
O09199;C0618;P074;2024-05-21;5;0,26;Tokopedia;Ramadhan
O09200;C0349;P159;2025-09-25;5;0,07;App;None
O09201;C0022;P018;2025-12-04;5;0,38;Tokopedia;11.11
O09202;C0393;P168;2024-03-12;5;0,12;App;12.12
O09203;C0255;P151;2025-11-15;5;0,16;Tokopedia;None
O09204;C0564;P035;2025-08-11;5;0,16;Website;Ramadhan
O09205;C0186;P180;2024-06-07;2;0,06;Shopee;12.12
O09206;C0933;P227;2025-05-13;2;0,34;Website;Ramadhan
O09207;C0597;P146;2024-01-11;5;0,02;Website;12.12
O09208;C0689;P122;2025-11-06;5;0,29;Tokopedia;Ramadhan
O09209;C0782;P264;2025-02-02;4;0,34;Tokopedia;11.11
O09210;C0847;P235;2025-08-29;2;0,31;Shopee;11.11
O09211;C0518;P146;2025-05-10;4;0,35;Shopee;11.11
O09212;C0464;P288;2024-05-05;1;0,03;Shopee;12.12
O09213;C0413;P095;2024-04-08;2;0,22;Tokopedia;11.11
O09214;C0641;P239;2024-07-29;4;0,13;Tokopedia;None
O09215;C0720;P271;2024-04-30;4;0,26;App;11.11
O09216;C0510;P223;2025-05-22;1;0,17;Shopee;12.12
O09217;C0412;P288;2025-04-07;1;0,18;Website;None
O09218;C0030;P157;2025-02-01;1;0,02;Shopee;12.12
O09219;C0040;P028;2024-11-05;2;0,36;Shopee;None
O09220;C0946;P036;2024-04-19;2;0,1;App;11.11
O09221;C0635;P078;2025-12-19;2;0,2;Shopee;Ramadhan
O09222;C0258;P218;2024-09-22;4;0,09;App;12.12
O09223;C0922;P153;2024-07-25;1;0,31;Website;12.12
O09224;C0467;P187;2024-05-05;1;0,24;App;12.12
O09225;C0034;P043;2025-12-26;1;0,33;Shopee;11.11
O09226;C0124;P279;2025-01-05;1;0,35;Website;None
O09227;C0999;P019;2025-10-15;1;0,22;Shopee;12.12
O09228;C0247;P188;2024-10-22;4;0,25;App;None
O09229;C0203;P162;2025-11-08;5;0,4;App;12.12
O09230;C0971;P217;2024-08-14;1;0,05;Tokopedia;Ramadhan
O09231;C0597;P022;2024-05-10;2;0,13;App;12.12
O09232;C0424;P166;2024-10-28;4;0,01;Shopee;12.12
O09233;C0973;P085;2025-01-28;3;0,38;Tokopedia;11.11
O09234;C0232;P136;2025-10-29;3;0,11;Shopee;Ramadhan
O09235;C0267;P267;2025-03-31;3;0,04;Website;Ramadhan
O09236;C0519;P264;2025-12-03;4;0,03;Tokopedia;12.12
O09237;C0328;P232;2024-08-30;2;0,19;Tokopedia;Ramadhan
O09238;C0411;P167;2025-03-09;3;0,26;Shopee;11.11
O09239;C0733;P035;2025-06-14;2;0,33;App;11.11
O09240;C0484;P018;2024-08-30;3;0,14;App;None
O09241;C0047;P295;2024-08-22;5;0,39;Shopee;12.12
O09242;C0923;P027;2024-07-19;5;0,19;App;12.12
O09243;C0838;P130;2024-03-14;1;0,07;Tokopedia;11.11
O09244;C0191;P090;2025-03-24;5;0,06;Tokopedia;None
O09245;C0915;P128;2024-12-07;5;0,34;App;11.11
O09246;C0684;P149;2025-09-29;2;0,07;Website;None
O09247;C0568;P127;2025-08-17;4;0,17;Website;Ramadhan
O09248;C0276;P058;2025-08-20;2;0,3;Website;Ramadhan
O09249;C0196;P228;2025-11-23;4;0,14;Website;11.11
O09250;C0204;P292;2025-12-25;3;0,01;App;None
O09251;C0590;P211;2025-03-01;2;0,21;App;Ramadhan
O09252;C0368;P149;2025-09-05;3;0,24;Shopee;None
O09253;C0928;P244;2024-03-28;5;0,13;Shopee;Ramadhan
O09254;C0010;P148;2024-11-19;5;0,1;Shopee;11.11
O09255;C0972;P116;2024-04-21;4;0,16;Website;12.12
O09256;C0178;P176;2025-09-23;1;0,38;Shopee;12.12
O09257;C0483;P164;2025-08-09;3;0,36;Tokopedia;12.12
O09258;C0257;P220;2025-08-10;5;0,28;Tokopedia;Ramadhan
O09259;C0484;P148;2025-05-11;1;0,34;Tokopedia;Ramadhan
O09260;C0601;P222;2025-12-04;1;0,13;Tokopedia;11.11
O09261;C0595;P286;2025-09-25;1;0,35;App;None
O09262;C0561;P248;2025-10-11;2;0,4;Shopee;Ramadhan
O09263;C0596;P260;2025-12-18;2;0,02;Tokopedia;12.12
O09264;C0617;P054;2025-09-12;3;0,29;Tokopedia;None
O09265;C0730;P177;2025-10-13;5;0,12;Shopee;None
O09266;C0266;P110;2024-09-13;5;0,05;App;None
O09267;C0531;P126;2025-08-20;3;0,04;Shopee;11.11
O09268;C0979;P040;2024-12-31;1;0,34;Tokopedia;None
O09269;C0841;P279;2024-08-18;1;0,4;Shopee;11.11
O09270;C0533;P191;2024-12-17;5;0,37;App;Ramadhan
O09271;C0920;P126;2024-12-29;2;0,25;Website;12.12
O09272;C0802;P287;2024-11-14;2;0;Website;None
O09273;C0352;P279;2025-04-23;2;0,32;Tokopedia;12.12
O09274;C0048;P239;2025-04-05;5;0,36;Website;11.11
O09275;C0782;P280;2025-08-17;3;0,21;Tokopedia;12.12
O09276;C0736;P214;2024-04-29;1;0,35;Tokopedia;None
O09277;C0359;P189;2024-02-22;2;0,35;Website;None
O09278;C0729;P255;2024-08-30;1;0,4;Shopee;12.12
O09279;C0085;P220;2024-10-26;2;0,32;Tokopedia;11.11
O09280;C0041;P246;2025-02-16;5;0,28;App;11.11
O09281;C0290;P286;2025-05-22;4;0,3;App;None
O09282;C0056;P106;2024-02-11;1;0,12;Shopee;12.12
O09283;C0281;P214;2025-10-11;5;0,17;App;None
O09284;C0885;P066;2025-04-16;2;0,01;Tokopedia;None
O09285;C0681;P212;2024-04-21;4;0,25;Website;Ramadhan
O09286;C0359;P065;2025-02-01;2;0,21;App;11.11
O09287;C0552;P200;2024-11-27;2;0,2;Website;12.12
O09288;C0812;P168;2024-10-26;3;0,08;App;12.12
O09289;C0365;P123;2025-07-06;1;0,13;Website;11.11
O09290;C0404;P230;2024-03-09;1;0,27;Tokopedia;None
O09291;C0489;P217;2025-09-10;5;0,19;Tokopedia;11.11
O09292;C0203;P081;2025-10-21;4;0,28;Shopee;None
O09293;C0318;P134;2024-01-04;5;0,27;Website;11.11
O09294;C0658;P245;2024-09-05;2;0,25;Tokopedia;None
O09295;C0133;P241;2025-05-01;3;0,34;Website;11.11
O09296;C0422;P135;2025-09-21;1;0,35;App;None
O09297;C0306;P069;2025-03-04;5;0,17;App;12.12
O09298;C0230;P118;2025-02-23;5;0,14;Website;11.11
O09299;C0658;P098;2024-10-15;4;0,15;App;Ramadhan
O09300;C0350;P043;2025-03-08;3;0,25;Website;11.11
O09301;C0188;P091;2024-11-13;3;0,13;Tokopedia;12.12
O09302;C0134;P030;2025-07-23;1;0,39;Shopee;None
O09303;C0030;P165;2025-06-14;5;0,28;Shopee;None
O09304;C0774;P076;2024-02-20;4;0,04;Shopee;Ramadhan
O09305;C0788;P041;2024-11-28;3;0,17;Website;None
O09306;C0026;P010;2024-09-17;1;0,19;Shopee;Ramadhan
O09307;C0644;P250;2025-09-24;1;0,37;Shopee;11.11
O09308;C0792;P193;2024-05-20;3;0,38;App;12.12
O09309;C0280;P086;2025-10-26;3;0,22;Website;11.11
O09310;C0986;P050;2025-08-16;2;0,04;Website;None
O09311;C0386;P202;2024-12-14;4;0,04;Tokopedia;None
O09312;C0364;P060;2024-07-18;5;0,06;Website;Ramadhan
O09313;C0902;P194;2024-01-14;3;0,29;Shopee;Ramadhan
O09314;C0398;P185;2024-02-07;5;0,05;App;12.12
O09315;C0993;P028;2025-11-10;3;0,02;Tokopedia;11.11
O09316;C0860;P044;2025-02-25;3;0,31;App;11.11
O09317;C0297;P270;2025-01-21;5;0,11;Website;12.12
O09318;C0116;P033;2025-11-30;3;0,11;Shopee;Ramadhan
O09319;C0014;P078;2025-08-04;5;0,02;Shopee;Ramadhan
O09320;C0354;P056;2024-02-19;5;0,29;App;12.12
O09321;C0403;P268;2024-12-21;5;0,34;App;None
O09322;C0553;P211;2024-02-23;3;0,06;Website;12.12
O09323;C0838;P231;2024-09-06;4;0,3;Tokopedia;None
O09324;C0898;P207;2024-12-11;4;0,34;Tokopedia;12.12
O09325;C0855;P130;2025-02-11;2;0,17;Website;Ramadhan
O09326;C0801;P254;2024-03-12;2;0,07;Tokopedia;None
O09327;C0810;P169;2024-03-16;2;0,06;Tokopedia;None
O09328;C0503;P031;2024-10-01;5;0,08;Tokopedia;12.12
O09329;C0711;P276;2025-04-10;5;0,35;App;None
O09330;C0849;P152;2025-05-13;5;0,2;Website;Ramadhan
O09331;C0809;P050;2025-10-22;1;0,35;App;12.12
O09332;C0115;P267;2025-03-12;4;0,23;Tokopedia;12.12
O09333;C0698;P024;2024-06-14;3;0,06;Shopee;12.12
O09334;C0772;P217;2025-07-02;2;0,11;Tokopedia;Ramadhan
O09335;C0431;P170;2024-04-19;1;0,08;Tokopedia;Ramadhan
O09336;C0365;P272;2024-11-01;5;0,31;App;Ramadhan
O09337;C0365;P257;2025-07-25;3;0,12;Website;Ramadhan
O09338;C0872;P083;2025-01-29;1;0,3;Website;None
O09339;C0130;P254;2024-02-11;5;0,3;Tokopedia;11.11
O09340;C0108;P075;2024-05-05;2;0,15;Tokopedia;12.12
O09341;C0610;P089;2024-12-14;3;0,19;Website;Ramadhan
O09342;C0166;P279;2024-07-30;1;0,28;Tokopedia;12.12
O09343;C0392;P185;2024-05-08;2;0,15;Tokopedia;11.11
O09344;C0581;P010;2024-11-13;2;0,04;App;12.12
O09345;C0095;P034;2025-01-09;4;0,38;Tokopedia;12.12
O09346;C0922;P281;2025-12-30;2;0,38;Shopee;11.11
O09347;C0592;P072;2025-05-11;1;0,16;Website;None
O09348;C0170;P236;2024-04-13;3;0,1;Shopee;None
O09349;C0258;P083;2024-06-09;3;0,33;Shopee;12.12
O09350;C0890;P105;2025-02-12;5;0,19;App;None
O09351;C0513;P156;2025-01-18;5;0,27;Website;11.11
O09352;C0422;P196;2024-08-17;4;0,04;Website;11.11
O09353;C0460;P078;2024-04-22;2;0,06;App;11.11
O09354;C0271;P138;2025-09-10;5;0,06;Shopee;12.12
O09355;C0368;P191;2024-06-20;5;0,17;Tokopedia;None
O09356;C0923;P205;2025-11-10;5;0,08;App;Ramadhan
O09357;C0919;P200;2024-08-29;2;0,28;App;Ramadhan
O09358;C0085;P027;2025-03-02;1;0,09;Shopee;Ramadhan
O09359;C0287;P105;2024-12-16;4;0,34;Tokopedia;12.12
O09360;C0990;P035;2024-12-16;4;0,31;Shopee;Ramadhan
O09361;C0850;P260;2024-01-16;3;0,29;Shopee;12.12
O09362;C0750;P264;2024-02-23;5;0,08;Website;11.11
O09363;C0068;P078;2024-11-04;3;0,36;Tokopedia;11.11
O09364;C0287;P194;2024-06-13;4;0,3;Website;12.12
O09365;C0282;P274;2025-04-17;2;0,25;Shopee;Ramadhan
O09366;C0039;P276;2024-10-07;5;0,12;Website;Ramadhan
O09367;C0249;P048;2025-12-12;1;0,33;Shopee;None
O09368;C0241;P070;2025-07-05;4;0,09;Tokopedia;12.12
O09369;C0155;P208;2025-09-30;4;0,1;App;None
O09370;C0325;P291;2024-09-05;2;0,39;Shopee;11.11
O09371;C0596;P156;2025-05-01;3;0,07;Shopee;12.12
O09372;C0674;P208;2025-07-30;2;0,22;Shopee;None
O09373;C0742;P219;2025-09-29;5;0,37;Tokopedia;12.12
O09374;C0821;P018;2024-12-13;5;0,19;Website;11.11
O09375;C0207;P157;2025-01-24;5;0,27;Website;12.12
O09376;C0345;P016;2025-11-23;2;0,22;Shopee;Ramadhan
O09377;C0181;P129;2025-12-30;4;0,09;Website;Ramadhan
O09378;C0330;P030;2024-04-25;5;0;App;None
O09379;C0784;P142;2025-11-04;1;0,22;Tokopedia;11.11
O09380;C0073;P250;2024-02-19;3;0,34;Tokopedia;11.11
O09381;C0853;P025;2025-06-29;5;0,34;Shopee;12.12
O09382;C0312;P281;2025-06-03;3;0,04;Website;None
O09383;C0431;P252;2024-12-14;5;0,32;Shopee;11.11
O09384;C0578;P184;2024-09-05;3;0,06;App;12.12
O09385;C0763;P033;2025-01-22;4;0,36;App;None
O09386;C0464;P260;2025-02-04;5;0,11;App;Ramadhan
O09387;C0107;P227;2025-02-01;4;0,13;App;11.11
O09388;C0312;P005;2024-01-25;1;0,38;Website;Ramadhan
O09389;C0952;P009;2024-05-01;5;0,28;Website;11.11
O09390;C0895;P042;2025-01-03;3;0,35;Tokopedia;None
O09391;C0787;P044;2024-09-04;1;0,32;Website;Ramadhan
O09392;C0141;P076;2025-11-10;1;0,18;App;Ramadhan
O09393;C0871;P031;2025-01-09;5;0,18;App;12.12
O09394;C0847;P076;2024-12-03;4;0,27;Website;Ramadhan
O09395;C0494;P275;2024-07-05;4;0,09;Tokopedia;None
O09396;C0556;P137;2024-11-29;5;0,02;App;Ramadhan
O09397;C0485;P099;2024-01-13;1;0,15;Tokopedia;12.12
O09398;C0232;P279;2025-08-21;1;0,31;Website;Ramadhan
O09399;C0552;P210;2024-09-14;3;0,22;App;Ramadhan
O09400;C0928;P039;2025-11-18;5;0,32;Website;11.11
O09401;C0716;P184;2024-08-26;2;0,19;Tokopedia;11.11
O09402;C0097;P042;2024-03-04;5;0,02;App;None
O09403;C0682;P029;2024-03-18;4;0,01;Website;Ramadhan
O09404;C0615;P093;2025-01-17;4;0,39;Tokopedia;Ramadhan
O09405;C0006;P052;2024-08-11;3;0,22;Website;None
O09406;C0924;P094;2024-10-23;3;0,05;Tokopedia;12.12
O09407;C0032;P159;2024-04-06;1;0,04;Website;12.12
O09408;C0804;P118;2024-09-07;4;0,22;Website;11.11
O09409;C0447;P199;2025-03-05;2;0,33;App;Ramadhan
O09410;C0960;P063;2025-12-18;3;0,24;Shopee;11.11
O09411;C0262;P230;2024-09-20;1;0,29;Website;11.11
O09412;C0327;P037;2024-08-14;1;0,05;Website;11.11
O09413;C0325;P238;2024-06-04;4;0,07;Shopee;None
O09414;C0961;P077;2024-04-13;3;0,02;Tokopedia;11.11
O09415;C0747;P194;2024-03-04;4;0,23;Shopee;Ramadhan
O09416;C0304;P147;2025-06-08;1;0,37;Tokopedia;Ramadhan
O09417;C0162;P282;2025-01-11;2;0,07;Shopee;None
O09418;C0631;P173;2025-04-28;3;0,21;Shopee;None
O09419;C0384;P050;2024-03-17;4;0,3;Website;None
O09420;C0587;P175;2025-11-09;2;0,04;App;Ramadhan
O09421;C0963;P248;2025-08-18;5;0,19;App;11.11
O09422;C0514;P028;2025-12-17;5;0,32;App;Ramadhan
O09423;C0988;P187;2024-03-13;4;0,34;Website;None
O09424;C0582;P188;2024-08-30;1;0,24;Website;11.11
O09425;C0130;P045;2025-08-20;3;0,02;Website;11.11
O09426;C0120;P270;2025-11-07;1;0,31;Tokopedia;11.11
O09427;C0373;P181;2025-03-10;5;0,26;Shopee;12.12
O09428;C0328;P161;2025-07-25;4;0,38;App;Ramadhan
O09429;C0194;P077;2025-06-02;1;0,22;Website;None
O09430;C0080;P086;2024-01-25;1;0,35;Shopee;Ramadhan
O09431;C0630;P021;2025-09-29;1;0,13;App;11.11
O09432;C0797;P279;2024-10-05;3;0,06;Tokopedia;None
O09433;C0707;P289;2024-04-08;5;0,33;Website;11.11
O09434;C0677;P268;2025-11-22;4;0,17;App;None
O09435;C0276;P227;2024-08-14;3;0,07;Shopee;Ramadhan
O09436;C0420;P106;2025-04-05;4;0,25;Tokopedia;Ramadhan
O09437;C0015;P168;2025-09-11;2;0,08;App;12.12
O09438;C0681;P089;2024-11-08;1;0,37;App;Ramadhan
O09439;C0527;P209;2024-03-23;3;0,17;Tokopedia;11.11
O09440;C0015;P137;2025-04-04;1;0,17;Website;None
O09441;C0617;P300;2024-07-14;4;0,33;Shopee;None
O09442;C0059;P166;2025-06-24;5;0,1;Website;11.11
O09443;C0592;P188;2025-07-21;3;0,16;App;None
O09444;C0345;P034;2024-05-07;4;0,28;Website;None
O09445;C0295;P081;2024-04-02;4;0,21;Tokopedia;Ramadhan
O09446;C0572;P186;2024-08-22;2;0,04;Shopee;None
O09447;C0798;P191;2024-03-31;3;0,02;Shopee;None
O09448;C0059;P143;2024-02-12;3;0,26;App;None
O09449;C0501;P025;2024-05-21;5;0,04;App;Ramadhan
O09450;C0641;P183;2024-05-12;1;0,3;Website;12.12
O09451;C0569;P148;2024-06-03;1;0,35;Shopee;11.11
O09452;C0840;P042;2024-05-18;4;0,09;Website;None
O09453;C0140;P072;2024-03-20;2;0,34;Tokopedia;11.11
O09454;C0321;P202;2024-02-27;3;0,36;Website;Ramadhan
O09455;C0734;P283;2024-06-20;1;0,2;Shopee;None
O09456;C0357;P078;2024-05-04;1;0,15;Shopee;Ramadhan
O09457;C0981;P191;2025-06-15;5;0,28;App;None
O09458;C0714;P189;2024-10-03;1;0,07;Website;Ramadhan
O09459;C0780;P168;2024-01-27;5;0,17;Tokopedia;None
O09460;C0758;P252;2025-06-24;1;0;Website;11.11
O09461;C0435;P149;2024-09-02;4;0,32;Website;Ramadhan
O09462;C0268;P087;2024-07-22;1;0,15;Website;Ramadhan
O09463;C0259;P218;2025-12-03;5;0,26;App;11.11
O09464;C0743;P289;2025-05-29;4;0,37;App;12.12
O09465;C0151;P223;2025-11-08;3;0,25;Shopee;None
O09466;C0179;P087;2025-05-30;5;0,23;Tokopedia;None
O09467;C0558;P079;2025-04-24;5;0,37;Website;None
O09468;C0058;P082;2024-02-18;3;0,14;App;Ramadhan
O09469;C0681;P041;2025-10-24;4;0,06;Website;12.12
O09470;C0040;P011;2025-02-28;4;0,16;Shopee;11.11
O09471;C0905;P287;2025-10-16;4;0,09;App;12.12
O09472;C0353;P064;2024-10-28;2;0,26;Tokopedia;Ramadhan
O09473;C0543;P110;2024-12-09;4;0,02;Website;11.11
O09474;C0428;P173;2024-12-08;4;0,18;Website;11.11
O09475;C0385;P153;2025-08-12;4;0,13;Website;11.11
O09476;C0463;P114;2024-11-17;5;0,21;App;Ramadhan
O09477;C0851;P200;2025-10-15;2;0,07;Shopee;None
O09478;C0576;P009;2024-08-06;3;0,34;Shopee;11.11
O09479;C0060;P099;2025-10-06;2;0,24;Website;Ramadhan
O09480;C0469;P041;2025-11-15;1;0,37;Tokopedia;None
O09481;C0307;P117;2025-12-10;4;0,27;App;Ramadhan
O09482;C0525;P181;2025-02-20;1;0,36;App;Ramadhan
O09483;C0837;P227;2025-06-13;2;0,33;Shopee;11.11
O09484;C0276;P294;2024-03-10;5;0,13;Shopee;Ramadhan
O09485;C0048;P073;2024-08-24;4;0,07;Tokopedia;Ramadhan
O09486;C0818;P059;2025-09-08;4;0,31;App;12.12
O09487;C0104;P102;2025-04-18;2;0,04;Shopee;11.11
O09488;C0209;P030;2025-03-20;2;0,2;App;12.12
O09489;C0655;P143;2025-09-02;1;0,01;App;11.11
O09490;C0370;P228;2025-10-07;1;0,29;Shopee;Ramadhan
O09491;C0714;P057;2024-02-12;1;0,17;Shopee;Ramadhan
O09492;C0850;P074;2025-04-08;4;0,39;Tokopedia;Ramadhan
O09493;C0528;P272;2024-04-14;1;0,12;Tokopedia;None
O09494;C0645;P156;2025-07-20;1;0,21;App;Ramadhan
O09495;C0041;P160;2024-04-09;2;0,25;Shopee;12.12
O09496;C0004;P130;2024-03-11;5;0,37;Website;Ramadhan
O09497;C0509;P098;2025-06-02;1;0,11;Website;12.12
O09498;C0040;P049;2024-12-02;2;0,21;Tokopedia;None
O09499;C0478;P125;2024-07-26;3;0,29;Tokopedia;Ramadhan
O09500;C0269;P061;2024-06-22;2;0,06;Website;12.12
O09501;C0342;P008;2024-10-15;3;0,19;App;12.12
O09502;C0132;P160;2025-05-27;5;0,01;Shopee;11.11
O09503;C0969;P286;2025-01-04;4;0,1;App;None
O09504;C0553;P204;2025-04-29;5;0,35;Tokopedia;Ramadhan
O09505;C0687;P011;2025-05-17;2;0,21;Website;None
O09506;C0771;P221;2025-09-23;5;0,31;Tokopedia;None
O09507;C0784;P293;2025-11-08;4;0,22;Shopee;11.11
O09508;C0792;P248;2025-08-30;4;0,03;Website;11.11
O09509;C0521;P053;2024-01-08;4;0,04;Website;None
O09510;C0346;P081;2024-09-23;4;0,39;Tokopedia;None
O09511;C0113;P265;2024-01-17;4;0,15;Website;11.11
O09512;C0868;P254;2024-11-07;2;0,05;Website;Ramadhan
O09513;C0714;P041;2025-02-17;5;0,37;Shopee;Ramadhan
O09514;C0647;P182;2024-10-10;1;0,31;Tokopedia;11.11
O09515;C0404;P142;2025-03-31;1;0,15;Tokopedia;12.12
O09516;C0463;P011;2025-08-17;2;0,07;Website;12.12
O09517;C0597;P127;2025-06-03;2;0,15;App;None
O09518;C0538;P065;2024-06-01;4;0,01;App;None
O09519;C0336;P063;2025-05-24;3;0,08;App;12.12
O09520;C0581;P154;2024-01-22;4;0,18;Tokopedia;None
O09521;C0907;P184;2025-05-29;2;0,22;Website;None
O09522;C0787;P232;2024-09-21;3;0,21;Website;Ramadhan
O09523;C0615;P155;2025-05-04;3;0,05;App;None
O09524;C0679;P134;2025-08-20;1;0,06;App;Ramadhan
O09525;C0061;P246;2025-10-19;5;0,33;Tokopedia;12.12
O09526;C0211;P157;2024-02-24;4;0,08;App;Ramadhan
O09527;C0543;P139;2024-08-24;5;0;App;Ramadhan
O09528;C0850;P214;2024-12-27;1;0,07;App;12.12
O09529;C0235;P179;2024-03-29;2;0,08;Website;11.11
O09530;C0707;P192;2025-06-11;4;0,1;Shopee;Ramadhan
O09531;C0365;P012;2025-03-16;1;0,05;Website;Ramadhan
O09532;C0744;P026;2024-07-10;5;0,24;Website;11.11
O09533;C0247;P270;2024-12-03;4;0,35;Tokopedia;None
O09534;C0572;P009;2024-12-03;3;0,38;Website;Ramadhan
O09535;C0089;P257;2025-08-22;2;0,21;App;12.12
O09536;C0372;P049;2024-04-17;2;0,2;App;Ramadhan
O09537;C0781;P038;2024-11-26;4;0,07;Tokopedia;None
O09538;C0535;P069;2024-10-25;3;0,2;Website;Ramadhan
O09539;C0274;P193;2024-05-18;4;0,33;Tokopedia;12.12
O09540;C0358;P198;2025-09-21;5;0,17;Shopee;Ramadhan
O09541;C0690;P202;2024-09-29;5;0,3;Website;11.11
O09542;C0560;P261;2024-02-17;2;0,24;Shopee;Ramadhan
O09543;C0710;P184;2024-06-04;5;0,15;App;12.12
O09544;C0460;P044;2025-07-22;3;0,14;Shopee;12.12
O09545;C0525;P046;2024-01-14;1;0,26;Website;Ramadhan
O09546;C0113;P024;2025-11-25;1;0;Tokopedia;None
O09547;C0636;P103;2024-09-10;2;0,33;Tokopedia;12.12
O09548;C0196;P155;2024-05-04;1;0,12;Shopee;Ramadhan
O09549;C0880;P219;2024-02-23;1;0,35;Tokopedia;Ramadhan
O09550;C0188;P080;2024-01-01;3;0,11;App;11.11
O09551;C0182;P143;2025-10-23;3;0,01;App;None
O09552;C0159;P024;2025-01-20;5;0,02;Website;11.11
O09553;C0462;P184;2024-01-09;2;0,4;Tokopedia;11.11
O09554;C0770;P202;2025-10-07;2;0,25;App;Ramadhan
O09555;C0020;P260;2025-02-18;1;0,2;Shopee;11.11
O09556;C0226;P152;2024-05-30;1;0,18;Tokopedia;12.12
O09557;C0721;P007;2025-05-08;1;0,15;Website;Ramadhan
O09558;C0649;P084;2025-08-08;3;0,01;Tokopedia;11.11
O09559;C0857;P160;2024-05-24;2;0,38;Website;Ramadhan
O09560;C0327;P177;2024-03-08;2;0,35;Tokopedia;11.11
O09561;C0181;P155;2025-09-03;2;0,17;Shopee;None
O09562;C0973;P207;2024-02-21;1;0,37;Website;11.11
O09563;C0987;P109;2024-05-07;5;0,37;Website;12.12
O09564;C0977;P073;2025-10-06;1;0,36;Shopee;11.11
O09565;C0261;P083;2025-09-11;5;0,12;App;11.11
O09566;C0445;P003;2024-06-08;4;0,26;App;11.11
O09567;C0627;P261;2025-02-02;3;0,35;Shopee;11.11
O09568;C0810;P108;2024-12-10;2;0,14;Shopee;None
O09569;C0760;P104;2024-09-22;4;0,03;Website;11.11
O09570;C0606;P120;2024-11-10;5;0,33;App;12.12
O09571;C0143;P150;2025-01-09;3;0,27;Tokopedia;Ramadhan
O09572;C0910;P096;2024-08-07;3;0,03;App;12.12
O09573;C0420;P083;2025-03-18;1;0,33;Tokopedia;11.11
O09574;C0648;P165;2025-12-21;3;0,35;Website;11.11
O09575;C0343;P042;2024-06-30;3;0,17;Shopee;None
O09576;C0594;P111;2025-05-13;4;0,26;Shopee;11.11
O09577;C0819;P226;2025-10-25;4;0,33;Website;Ramadhan
O09578;C0304;P277;2024-06-01;4;0,22;App;None
O09579;C0998;P264;2024-02-17;5;0,28;Website;Ramadhan
O09580;C0569;P103;2024-04-17;5;0,07;Website;None
O09581;C0930;P218;2024-10-13;3;0,38;Shopee;12.12
O09582;C0319;P115;2024-10-18;5;0,11;Tokopedia;11.11
O09583;C0319;P270;2024-07-06;4;0,12;App;Ramadhan
O09584;C0654;P180;2024-06-16;3;0,23;App;None
O09585;C0520;P090;2024-04-12;4;0,31;Tokopedia;Ramadhan
O09586;C0346;P019;2025-06-28;5;0,32;App;11.11
O09587;C0174;P291;2025-06-09;3;0,05;Shopee;Ramadhan
O09588;C0518;P281;2024-02-18;3;0,03;Tokopedia;Ramadhan
O09589;C0216;P245;2025-09-15;3;0,2;App;12.12
O09590;C0528;P206;2024-06-19;4;0,31;App;11.11
O09591;C0404;P284;2024-04-09;5;0,25;Website;11.11
O09592;C0438;P034;2024-05-23;4;0,22;App;None
O09593;C0972;P134;2025-01-07;2;0,19;Website;12.12
O09594;C0497;P143;2024-03-26;5;0,19;Website;11.11
O09595;C0897;P084;2024-12-07;2;0,16;Tokopedia;None
O09596;C0217;P198;2024-04-17;3;0,06;Tokopedia;None
O09597;C0656;P043;2024-03-19;4;0,35;Shopee;None
O09598;C0917;P127;2024-11-06;1;0,03;Tokopedia;12.12
O09599;C0456;P033;2024-06-19;1;0,4;Tokopedia;None
O09600;C0894;P071;2025-11-10;3;0,03;App;None
O09601;C0558;P062;2024-12-15;5;0,17;Tokopedia;12.12
O09602;C0850;P258;2025-09-01;3;0,21;App;None
O09603;C0001;P078;2025-06-20;2;0,37;Shopee;11.11
O09604;C0811;P168;2024-08-01;2;0,02;Tokopedia;Ramadhan
O09605;C0285;P262;2025-08-03;2;0,36;Website;11.11
O09606;C0055;P168;2024-08-13;1;0,12;Tokopedia;Ramadhan
O09607;C0280;P163;2025-07-04;5;0,07;Tokopedia;12.12
O09608;C0134;P055;2024-07-05;2;0,34;App;Ramadhan
O09609;C0058;P279;2024-11-26;4;0,38;Shopee;12.12
O09610;C0520;P225;2024-02-05;5;0,35;App;12.12
O09611;C0890;P145;2024-09-16;1;0,32;Tokopedia;11.11
O09612;C0637;P137;2025-04-01;2;0,23;Website;12.12
O09613;C0536;P290;2025-03-22;2;0,32;App;Ramadhan
O09614;C0554;P024;2025-03-24;2;0,4;Shopee;12.12
O09615;C0440;P228;2024-07-09;1;0,32;Shopee;Ramadhan
O09616;C0901;P256;2024-10-29;3;0,27;Website;12.12
O09617;C0326;P023;2025-03-31;3;0,35;Shopee;Ramadhan
O09618;C0973;P079;2024-06-14;4;0,23;App;12.12
O09619;C0668;P146;2025-06-18;2;0,11;Website;Ramadhan
O09620;C0294;P056;2024-06-29;1;0,1;Tokopedia;12.12
O09621;C0768;P241;2024-04-09;4;0,19;App;11.11
O09622;C0551;P086;2024-12-07;3;0,28;App;11.11
O09623;C0611;P232;2024-06-06;5;0,07;Tokopedia;12.12
O09624;C0579;P144;2025-06-15;3;0,26;Tokopedia;Ramadhan
O09625;C0158;P037;2025-06-02;4;0,37;App;11.11
O09626;C0268;P223;2025-11-07;2;0,16;Website;Ramadhan
O09627;C0934;P205;2024-09-20;2;0,1;Shopee;12.12
O09628;C0226;P034;2025-01-31;2;0,01;Tokopedia;None
O09629;C0114;P033;2025-04-09;2;0,09;Website;12.12
O09630;C0200;P194;2025-10-14;3;0,27;Shopee;Ramadhan
O09631;C0437;P230;2025-06-18;2;0,34;Website;Ramadhan
O09632;C0509;P210;2024-09-11;1;0,1;Tokopedia;Ramadhan
O09633;C0673;P200;2024-02-11;4;0,22;Shopee;12.12
O09634;C0725;P174;2025-10-08;4;0,01;App;12.12
O09635;C0465;P257;2025-04-02;1;0,35;App;Ramadhan
O09636;C0595;P282;2024-02-26;1;0;App;None
O09637;C0844;P138;2025-11-23;1;0,12;App;Ramadhan
O09638;C0284;P007;2025-07-08;3;0,21;Tokopedia;None
O09639;C0345;P292;2025-10-14;1;0,07;Shopee;12.12
O09640;C0431;P081;2024-04-23;5;0,28;App;11.11
O09641;C0961;P171;2025-12-02;1;0,24;Shopee;None
O09642;C0507;P083;2025-07-22;4;0,27;Website;Ramadhan
O09643;C0572;P116;2025-06-12;2;0,38;Tokopedia;None
O09644;C0372;P031;2025-03-05;3;0,09;Tokopedia;None
O09645;C0310;P105;2024-05-27;2;0,17;App;11.11
O09646;C0358;P076;2025-09-02;2;0,25;App;None
O09647;C0817;P121;2025-01-21;5;0,18;Website;12.12
O09648;C0691;P035;2024-12-12;3;0,09;Tokopedia;11.11
O09649;C0009;P224;2024-04-22;5;0,15;Shopee;12.12
O09650;C0647;P185;2025-12-12;5;0,32;Shopee;12.12
O09651;C0008;P242;2025-02-11;5;0,21;App;Ramadhan
O09652;C0467;P235;2025-03-23;5;0,05;Tokopedia;12.12
O09653;C0976;P178;2024-11-24;5;0,25;Tokopedia;Ramadhan
O09654;C0731;P117;2024-11-30;5;0,04;App;12.12
O09655;C0690;P111;2024-03-01;5;0,27;Shopee;11.11
O09656;C0007;P274;2024-08-30;2;0,01;App;11.11
O09657;C0336;P262;2025-08-11;2;0,15;Shopee;11.11
O09658;C0555;P123;2024-05-23;4;0,18;App;12.12
O09659;C0023;P140;2025-02-05;4;0,13;Website;11.11
O09660;C0614;P286;2024-06-24;4;0;App;11.11
O09661;C0638;P224;2025-08-27;4;0,21;Website;12.12
O09662;C0662;P112;2024-04-13;4;0,37;Tokopedia;11.11
O09663;C0201;P040;2024-08-30;5;0,21;Shopee;Ramadhan
O09664;C0228;P158;2025-11-11;4;0,35;App;11.11
O09665;C0395;P271;2025-01-25;5;0,32;Shopee;None
O09666;C0612;P063;2024-05-25;2;0,23;App;11.11
O09667;C1000;P144;2025-05-22;1;0,06;App;12.12
O09668;C0772;P162;2025-01-30;2;0,03;Shopee;11.11
O09669;C0335;P246;2024-12-11;4;0,18;Shopee;Ramadhan
O09670;C0973;P203;2025-05-08;1;0,22;Website;11.11
O09671;C0422;P290;2024-02-07;4;0,21;Tokopedia;Ramadhan
O09672;C0997;P297;2025-01-04;3;0,39;Tokopedia;Ramadhan
O09673;C0248;P183;2024-10-19;3;0,26;Website;None
O09674;C0297;P032;2024-01-31;5;0,2;Website;12.12
O09675;C0369;P245;2025-04-01;3;0,1;Shopee;None
O09676;C0349;P271;2025-11-11;4;0,23;App;Ramadhan
O09677;C0486;P205;2025-10-09;2;0,2;Tokopedia;Ramadhan
O09678;C0579;P103;2025-03-26;1;0,05;Tokopedia;11.11
O09679;C0604;P158;2024-05-25;3;0,18;Shopee;Ramadhan
O09680;C0500;P077;2024-08-24;3;0,06;Website;11.11
O09681;C0572;P061;2025-04-01;3;0,23;Website;11.11
O09682;C0385;P281;2025-09-20;1;0,35;Shopee;Ramadhan
O09683;C0424;P157;2024-11-04;2;0,38;App;Ramadhan
O09684;C0926;P175;2025-02-20;4;0,03;Shopee;None
O09685;C0241;P167;2024-07-30;1;0,31;Website;Ramadhan
O09686;C0697;P110;2024-09-12;4;0,35;Website;12.12
O09687;C0916;P130;2024-12-17;2;0,22;Shopee;None
O09688;C0585;P040;2024-04-09;1;0,18;Website;11.11
O09689;C0339;P020;2024-04-01;2;0,27;Shopee;11.11
O09690;C0978;P101;2024-05-02;1;0,3;Shopee;None
O09691;C0365;P232;2024-07-14;2;0,03;App;Ramadhan
O09692;C0053;P263;2025-08-14;4;0,37;Website;12.12
O09693;C0759;P023;2024-03-19;2;0,05;App;11.11
O09694;C0801;P109;2025-05-05;5;0,07;App;None
O09695;C0811;P277;2024-10-03;2;0,33;Shopee;None
O09696;C0582;P144;2024-01-21;2;0,1;App;12.12
O09697;C0185;P264;2024-12-15;5;0,04;Website;None
O09698;C0314;P274;2025-11-18;4;0,07;Tokopedia;None
O09699;C0742;P269;2025-11-19;5;0,2;Shopee;12.12
O09700;C0172;P046;2024-04-12;3;0,19;App;Ramadhan
O09701;C0571;P233;2024-04-14;1;0,08;Tokopedia;None
O09702;C0404;P023;2025-06-09;1;0,11;Shopee;None
O09703;C0296;P244;2025-07-15;1;0,38;App;11.11
O09704;C0261;P058;2025-07-17;4;0,16;App;11.11
O09705;C0984;P223;2024-01-15;5;0,02;Shopee;12.12
O09706;C0313;P070;2025-04-28;1;0,27;Website;12.12
O09707;C0298;P297;2024-08-02;3;0,13;App;None
O09708;C0003;P195;2024-01-21;3;0,21;Tokopedia;Ramadhan
O09709;C0898;P007;2025-01-13;1;0,19;App;11.11
O09710;C0900;P021;2025-01-27;2;0,15;Shopee;12.12
O09711;C0386;P033;2024-03-09;1;0;Website;12.12
O09712;C0275;P275;2025-12-21;3;0,33;Tokopedia;11.11
O09713;C0214;P145;2025-04-02;3;0,3;Website;Ramadhan
O09714;C0620;P009;2024-02-24;3;0,01;Shopee;11.11
O09715;C0716;P018;2025-02-19;1;0,21;Tokopedia;Ramadhan
O09716;C0755;P262;2024-11-29;1;0,03;Tokopedia;12.12
O09717;C0752;P169;2024-03-25;5;0,39;Website;12.12
O09718;C0085;P142;2024-10-18;4;0,01;Website;None
O09719;C0332;P251;2024-03-08;3;0,2;Tokopedia;12.12
O09720;C0101;P102;2024-05-27;3;0,2;Website;12.12
O09721;C0899;P241;2024-01-02;4;0,2;Shopee;Ramadhan
O09722;C0835;P281;2025-10-18;2;0,25;App;11.11
O09723;C0292;P059;2024-04-26;3;0,14;App;Ramadhan
O09724;C0675;P253;2025-11-23;4;0,18;App;11.11
O09725;C0245;P215;2024-09-26;5;0,25;Website;Ramadhan
O09726;C0547;P115;2025-06-09;2;0,1;App;11.11
O09727;C0977;P181;2024-07-15;4;0,18;App;12.12
O09728;C0038;P018;2024-08-01;4;0,38;App;11.11
O09729;C0655;P226;2024-01-27;4;0,01;Tokopedia;11.11
O09730;C0162;P145;2024-09-17;4;0,08;Shopee;11.11
O09731;C0981;P299;2024-02-07;2;0,09;Website;12.12
O09732;C0463;P292;2024-08-17;2;0,38;Tokopedia;None
O09733;C0686;P187;2024-04-11;5;0,05;Tokopedia;11.11
O09734;C0011;P023;2025-08-08;5;0,14;App;None
O09735;C0696;P120;2024-02-16;2;0,32;Tokopedia;11.11
O09736;C0682;P001;2024-10-09;2;0,09;Website;Ramadhan
O09737;C0446;P177;2025-06-05;4;0,24;Shopee;Ramadhan
O09738;C0846;P073;2024-05-15;2;0,25;Tokopedia;None
O09739;C0246;P176;2024-07-29;4;0,14;Tokopedia;12.12
O09740;C0892;P160;2025-01-28;2;0,01;Website;11.11
O09741;C0295;P115;2024-09-19;2;0,06;App;Ramadhan
O09742;C0304;P045;2025-01-16;5;0,14;App;Ramadhan
O09743;C0253;P177;2025-01-04;2;0,14;Website;None
O09744;C0179;P150;2025-12-24;5;0,38;App;11.11
O09745;C0374;P075;2024-04-26;3;0,38;Website;None
O09746;C0980;P057;2025-03-17;4;0,31;App;11.11
O09747;C0400;P129;2025-02-19;1;0,27;Website;11.11
O09748;C0535;P229;2025-07-12;5;0,12;Website;12.12
O09749;C0468;P206;2024-05-12;4;0,17;Website;11.11
O09750;C0657;P065;2025-03-13;3;0,38;Tokopedia;None
O09751;C0126;P055;2024-03-21;5;0,16;App;None
O09752;C0998;P184;2025-08-15;5;0,07;Website;None
O09753;C0888;P273;2024-04-19;1;0,1;Shopee;11.11
O09754;C0524;P273;2025-11-12;5;0,36;Shopee;None
O09755;C0091;P125;2024-10-27;3;0,23;App;11.11
O09756;C0306;P173;2025-09-01;4;0,33;App;12.12
O09757;C0987;P034;2024-05-01;2;0,04;Tokopedia;11.11
O09758;C0690;P109;2024-09-28;3;0,12;Tokopedia;None
O09759;C0318;P168;2024-11-24;1;0,33;App;11.11
O09760;C0745;P068;2024-04-21;5;0,33;Shopee;12.12
O09761;C0952;P188;2025-02-01;1;0,16;App;None
O09762;C0223;P211;2025-12-11;1;0,23;Shopee;11.11
O09763;C0151;P004;2025-04-16;4;0,02;App;11.11
O09764;C0099;P179;2024-09-14;1;0,36;Shopee;None
O09765;C0967;P241;2024-07-25;1;0,18;Website;12.12
O09766;C0612;P116;2025-10-02;1;0,12;Website;Ramadhan
O09767;C0125;P188;2025-10-07;3;0,35;Website;11.11
O09768;C0355;P127;2025-11-29;3;0,22;Website;12.12
O09769;C0922;P171;2024-01-09;3;0,13;Shopee;None
O09770;C0269;P010;2024-07-12;1;0,21;Website;None
O09771;C0333;P058;2025-06-06;3;0;Website;12.12
O09772;C0265;P292;2024-02-26;5;0,02;Website;Ramadhan
O09773;C0572;P133;2024-04-01;5;0,36;Website;11.11
O09774;C0431;P295;2025-05-25;5;0,34;Shopee;12.12
O09775;C0873;P027;2025-08-01;1;0,19;Website;None
O09776;C0880;P058;2024-07-18;2;0,25;Website;Ramadhan
O09777;C0734;P086;2025-12-22;3;0,22;Website;None
O09778;C0370;P145;2024-08-07;4;0,36;App;Ramadhan
O09779;C0933;P208;2025-06-02;4;0,34;App;12.12
O09780;C0657;P061;2025-12-04;3;0,28;Website;Ramadhan
O09781;C0114;P204;2024-01-24;1;0,2;Website;Ramadhan
O09782;C0306;P102;2024-01-27;1;0,27;Tokopedia;11.11
O09783;C0533;P291;2024-06-03;5;0,06;Tokopedia;Ramadhan
O09784;C0091;P020;2025-10-21;4;0,34;App;11.11
O09785;C0487;P217;2024-08-21;3;0,32;Shopee;11.11
O09786;C0506;P178;2024-12-23;1;0,16;App;12.12
O09787;C0123;P076;2024-08-05;3;0,4;Tokopedia;Ramadhan
O09788;C0344;P201;2024-01-05;4;0,16;Website;None
O09789;C0143;P204;2024-05-19;5;0,27;Website;None
O09790;C0628;P283;2024-01-12;5;0,17;Website;12.12
O09791;C0753;P151;2025-07-14;1;0,29;Shopee;None
O09792;C0070;P033;2025-02-05;3;0,29;Shopee;12.12
O09793;C0880;P293;2025-07-31;4;0,04;Tokopedia;12.12
O09794;C0400;P167;2024-12-05;2;0,36;Tokopedia;11.11
O09795;C0870;P071;2025-02-18;1;0,12;Shopee;11.11
O09796;C0604;P097;2025-01-19;3;0,26;Shopee;12.12
O09797;C0823;P084;2025-06-14;1;0,18;App;12.12
O09798;C0667;P074;2025-02-22;2;0,19;App;None
O09799;C0873;P252;2024-03-06;2;0,33;Shopee;Ramadhan
O09800;C0334;P103;2024-04-01;5;0,05;Tokopedia;Ramadhan
O09801;C0619;P061;2024-01-07;2;0,36;Shopee;Ramadhan
O09802;C0490;P057;2025-07-09;3;0,2;App;12.12
O09803;C0646;P106;2025-05-21;4;0,26;Shopee;12.12
O09804;C0053;P079;2025-10-28;2;0,25;App;12.12
O09805;C0917;P190;2025-07-19;3;0,23;App;12.12
O09806;C0175;P099;2025-07-02;2;0,3;Website;12.12
O09807;C0614;P196;2024-07-05;3;0,21;Tokopedia;12.12
O09808;C0304;P142;2024-01-20;4;0,09;App;None
O09809;C0001;P205;2024-06-28;5;0,37;App;11.11
O09810;C0070;P216;2025-06-12;3;0,27;Shopee;Ramadhan
O09811;C0202;P250;2024-08-16;1;0,32;Website;Ramadhan
O09812;C0737;P279;2024-09-09;3;0,08;Website;Ramadhan
O09813;C0722;P209;2024-07-06;1;0,1;Shopee;11.11
O09814;C0223;P143;2024-04-27;3;0,39;Shopee;11.11
O09815;C0847;P251;2025-12-24;5;0,28;App;None
O09816;C0820;P036;2024-07-23;4;0,15;Shopee;None
O09817;C0722;P195;2024-10-16;5;0,01;Shopee;Ramadhan
O09818;C0480;P135;2024-05-10;5;0,36;Tokopedia;11.11
O09819;C0333;P215;2025-01-23;5;0,26;Website;11.11
O09820;C0453;P291;2025-01-31;1;0,32;Shopee;Ramadhan
O09821;C0049;P047;2025-02-09;1;0,19;App;Ramadhan
O09822;C0565;P176;2025-09-05;4;0,29;App;12.12
O09823;C0863;P060;2024-03-31;1;0,18;Website;12.12
O09824;C0849;P241;2025-05-16;1;0,02;Website;11.11
O09825;C0830;P262;2025-03-21;1;0,38;Tokopedia;11.11
O09826;C0958;P083;2025-03-18;5;0,39;Tokopedia;11.11
O09827;C0188;P048;2025-08-19;4;0,1;Website;11.11
O09828;C0976;P147;2024-12-20;4;0,36;Website;Ramadhan
O09829;C0785;P130;2024-06-18;5;0,15;Shopee;None
O09830;C0295;P083;2025-11-07;1;0,27;Website;Ramadhan
O09831;C0780;P221;2024-12-07;1;0,33;Website;None
O09832;C0028;P099;2024-09-04;5;0,13;Shopee;Ramadhan
O09833;C0022;P207;2025-05-19;3;0,29;Website;Ramadhan
O09834;C0859;P166;2025-09-30;3;0,27;Website;Ramadhan
O09835;C0147;P160;2024-12-23;3;0,2;Website;Ramadhan
O09836;C0691;P178;2024-09-04;4;0,35;App;11.11
O09837;C0145;P113;2025-11-12;1;0,02;Website;12.12
O09838;C0034;P265;2025-10-19;3;0,1;Website;12.12
O09839;C0288;P054;2024-04-18;4;0,37;Tokopedia;Ramadhan
O09840;C0983;P086;2024-04-13;2;0,39;Website;12.12
O09841;C0047;P096;2024-11-15;1;0,12;Website;None
O09842;C0935;P112;2025-01-05;5;0,35;Shopee;11.11
O09843;C0283;P201;2024-11-02;4;0,1;App;None
O09844;C0978;P214;2024-11-11;3;0,28;Tokopedia;11.11
O09845;C0964;P096;2025-12-04;4;0,01;Tokopedia;12.12
O09846;C0688;P121;2025-09-08;3;0,04;Tokopedia;Ramadhan
O09847;C0801;P262;2024-06-02;4;0;Tokopedia;12.12
O09848;C0164;P063;2024-12-12;1;0,16;Website;12.12
O09849;C0812;P069;2025-11-08;2;0,07;App;12.12
O09850;C0374;P037;2024-05-12;1;0,35;Website;11.11
O09851;C0705;P220;2025-04-15;2;0,08;Website;12.12
O09852;C0145;P022;2025-04-08;4;0,01;App;Ramadhan
O09853;C0041;P237;2025-08-26;4;0,13;Tokopedia;11.11
O09854;C0843;P183;2024-09-01;2;0,14;Website;12.12
O09855;C0311;P079;2025-04-19;2;0,36;App;12.12
O09856;C0347;P024;2025-05-29;2;0,18;Website;None
O09857;C0864;P012;2024-05-23;3;0,27;Tokopedia;None
O09858;C0960;P035;2024-01-17;2;0,06;App;Ramadhan
O09859;C0722;P269;2024-07-03;3;0;Website;None
O09860;C0530;P281;2025-05-22;5;0,4;Tokopedia;None
O09861;C0997;P115;2025-12-22;2;0,03;App;12.12
O09862;C0367;P279;2025-08-09;5;0,02;App;Ramadhan
O09863;C0314;P268;2025-07-29;2;0,2;Tokopedia;None
O09864;C0494;P177;2024-03-15;1;0,06;App;None
O09865;C0351;P017;2024-02-11;5;0,05;Tokopedia;12.12
O09866;C0011;P143;2024-12-30;2;0,3;Shopee;None
O09867;C0995;P016;2025-06-02;5;0,31;Website;Ramadhan
O09868;C0040;P252;2024-04-30;3;0,35;Tokopedia;Ramadhan
O09869;C0631;P267;2025-04-08;2;0,32;App;None
O09870;C0516;P210;2025-02-26;1;0,05;Tokopedia;None
O09871;C0281;P238;2025-09-02;4;0,31;App;12.12
O09872;C0127;P035;2025-05-30;3;0,34;Shopee;Ramadhan
O09873;C0096;P290;2024-11-22;3;0,37;App;12.12
O09874;C0327;P153;2025-05-19;4;0,25;Tokopedia;12.12
O09875;C0629;P030;2024-08-31;2;0,15;Website;None
O09876;C0073;P123;2024-01-05;5;0,07;Shopee;11.11
O09877;C0445;P043;2024-05-24;2;0,27;App;12.12
O09878;C0898;P094;2025-02-24;2;0,16;Website;11.11
O09879;C0395;P179;2024-01-04;4;0,16;Website;11.11
O09880;C0160;P075;2024-01-17;2;0,2;Tokopedia;12.12
O09881;C0895;P129;2025-12-30;2;0,2;App;Ramadhan
O09882;C0936;P139;2024-04-12;4;0,11;Shopee;12.12
O09883;C0770;P155;2025-12-07;2;0,39;Website;Ramadhan
O09884;C0017;P101;2025-12-18;1;0,06;Website;Ramadhan
O09885;C0031;P034;2025-10-24;5;0,31;Shopee;None
O09886;C0204;P059;2025-01-15;1;0,19;App;12.12
O09887;C0729;P032;2025-02-09;3;0,23;Shopee;12.12
O09888;C0883;P031;2024-09-12;4;0,18;Shopee;None
O09889;C0259;P208;2025-09-22;5;0,05;Website;11.11
O09890;C0468;P008;2024-03-03;1;0,19;Website;None
O09891;C0475;P240;2025-02-27;2;0,34;App;12.12
O09892;C0277;P049;2024-12-12;3;0,07;Website;12.12
O09893;C0934;P261;2024-10-16;1;0,26;App;Ramadhan
O09894;C0508;P046;2025-03-08;4;0,11;App;12.12
O09895;C0550;P184;2025-12-16;4;0,19;Shopee;11.11
O09896;C0806;P125;2025-07-20;5;0,29;Website;12.12
O09897;C0835;P126;2024-08-20;5;0,34;Website;11.11
O09898;C0570;P128;2024-10-31;2;0,29;Shopee;None
O09899;C0136;P031;2024-09-30;5;0,04;Website;11.11
O09900;C0798;P022;2024-05-14;1;0,29;App;12.12
O09901;C0007;P049;2024-10-13;4;0,37;App;None
O09902;C0376;P047;2025-08-27;5;0,12;Tokopedia;11.11
O09903;C0953;P243;2024-06-10;2;0,35;Tokopedia;None
O09904;C0094;P153;2024-01-08;3;0,01;Tokopedia;None
O09905;C0596;P216;2024-12-21;5;0,05;Website;11.11
O09906;C0739;P135;2025-11-26;4;0,27;Website;Ramadhan
O09907;C0856;P208;2024-03-25;1;0,16;App;Ramadhan
O09908;C0178;P002;2024-10-06;5;0,17;Tokopedia;12.12
O09909;C0036;P090;2025-08-26;1;0,31;App;12.12
O09910;C0140;P108;2025-12-29;2;0,07;Shopee;None
O09911;C0034;P224;2024-01-30;4;0,3;Tokopedia;12.12
O09912;C0392;P203;2025-08-02;4;0,17;Website;Ramadhan
O09913;C0496;P041;2024-12-05;3;0,04;Tokopedia;None
O09914;C0852;P260;2025-05-22;1;0,01;Shopee;11.11
O09915;C0886;P027;2025-02-15;1;0,07;Shopee;None
O09916;C0216;P187;2025-04-09;4;0,12;Tokopedia;11.11
O09917;C0209;P097;2025-08-04;4;0,36;Website;12.12
O09918;C0657;P183;2024-02-21;2;0,19;Website;12.12
O09919;C0221;P214;2025-09-21;3;0,35;Shopee;11.11
O09920;C0232;P148;2024-07-12;1;0,38;App;12.12
O09921;C0155;P061;2025-12-03;2;0,24;Website;Ramadhan
O09922;C0022;P187;2024-04-04;5;0,02;App;None
O09923;C0990;P298;2025-11-01;2;0,05;Shopee;11.11
O09924;C0332;P269;2024-08-19;1;0,26;Shopee;11.11
O09925;C0229;P126;2025-03-09;4;0,38;Tokopedia;Ramadhan
O09926;C0912;P188;2024-11-29;1;0;Tokopedia;None
O09927;C0477;P263;2024-03-02;4;0,33;Tokopedia;12.12
O09928;C0920;P104;2025-11-05;4;0,09;App;11.11
O09929;C0240;P198;2025-04-16;4;0,31;App;12.12
O09930;C0051;P151;2024-01-10;1;0,26;App;12.12
O09931;C0392;P100;2024-07-23;1;0,15;Shopee;None
O09932;C0641;P060;2025-08-26;2;0,33;Shopee;Ramadhan
O09933;C0551;P030;2024-09-23;4;0,09;Website;Ramadhan
O09934;C0024;P123;2024-08-23;5;0,15;App;12.12
O09935;C0606;P246;2024-08-26;2;0,23;Website;None
O09936;C0754;P176;2025-06-13;2;0,02;Website;None
O09937;C0602;P273;2025-02-25;5;0,12;Website;12.12
O09938;C0731;P249;2025-04-23;3;0,04;Website;12.12
O09939;C0211;P074;2025-05-03;3;0;Shopee;None
O09940;C0350;P069;2025-03-06;2;0,3;Website;None
O09941;C0633;P024;2025-04-07;5;0,02;Website;12.12
O09942;C0428;P147;2025-09-06;5;0,26;Tokopedia;11.11
O09943;C0223;P056;2025-11-06;4;0,18;Tokopedia;Ramadhan
O09944;C0535;P250;2025-09-01;4;0,37;Tokopedia;Ramadhan
O09945;C0045;P186;2024-11-22;2;0,21;Tokopedia;Ramadhan
O09946;C0990;P057;2024-08-02;2;0,27;Shopee;12.12
O09947;C0238;P119;2024-01-05;4;0,04;App;11.11
O09948;C0247;P145;2025-12-10;1;0,08;Tokopedia;None
O09949;C0424;P279;2025-05-16;4;0,01;Website;None
O09950;C0952;P227;2025-08-07;4;0,17;Tokopedia;11.11
O09951;C0647;P026;2024-05-04;1;0,29;Tokopedia;None
O09952;C0359;P174;2025-02-03;1;0,28;Shopee;12.12
O09953;C0285;P007;2025-10-17;1;0,17;Website;None
O09954;C0728;P178;2024-01-06;4;0,01;Website;Ramadhan
O09955;C0953;P105;2024-06-26;1;0,25;Tokopedia;Ramadhan
O09956;C0746;P221;2024-06-08;1;0,39;App;None
O09957;C0834;P247;2025-07-16;1;0,1;Shopee;11.11
O09958;C0407;P285;2024-08-03;5;0,4;Tokopedia;12.12
O09959;C0506;P211;2024-05-04;3;0,25;Website;None
O09960;C0425;P167;2025-12-25;3;0,34;Shopee;None
O09961;C0572;P178;2025-10-14;2;0,28;App;11.11
O09962;C0682;P199;2025-08-07;2;0,04;App;12.12
O09963;C0025;P041;2025-07-01;3;0,08;Shopee;12.12
O09964;C0894;P188;2025-04-28;3;0,27;Shopee;Ramadhan
O09965;C0687;P081;2025-09-09;3;0,14;Shopee;12.12
O09966;C0805;P141;2025-01-14;2;0,37;App;Ramadhan
O09967;C0829;P276;2024-12-20;4;0,22;Website;11.11
O09968;C0481;P133;2025-09-26;2;0,33;Website;12.12
O09969;C0218;P103;2025-08-10;1;0,31;Website;None
O09970;C0695;P100;2024-08-14;5;0,24;App;Ramadhan
O09971;C0598;P023;2024-09-27;3;0,21;Tokopedia;None
O09972;C0728;P194;2025-11-03;1;0,16;Website;Ramadhan
O09973;C0077;P209;2025-06-02;5;0,37;Tokopedia;Ramadhan
O09974;C0911;P229;2025-09-15;1;0,06;Website;12.12
O09975;C0108;P225;2024-07-08;2;0,18;Shopee;None
O09976;C0660;P115;2024-02-02;1;0,32;Tokopedia;11.11
O09977;C0960;P150;2025-12-20;1;0,06;Website;12.12
O09978;C0517;P080;2024-12-13;5;0,19;Website;Ramadhan
O09979;C0422;P028;2024-05-05;4;0,39;Shopee;None
O09980;C0621;P034;2024-09-15;2;0,24;Shopee;None
O09981;C0231;P266;2024-10-15;2;0,06;App;Ramadhan
O09982;C0996;P180;2025-08-21;2;0,13;Shopee;11.11
O09983;C0112;P268;2025-10-25;2;0;App;11.11
O09984;C0325;P046;2025-04-27;5;0,02;Website;None
O09985;C0317;P046;2024-01-14;3;0,23;Tokopedia;11.11
O09986;C0414;P185;2024-05-21;2;0,39;Website;11.11
O09987;C0129;P065;2024-03-23;2;0,3;App;None
O09988;C0704;P099;2025-12-26;3;0,17;Website;None
O09989;C0233;P116;2025-03-25;3;0,38;Tokopedia;Ramadhan
O09990;C0159;P232;2025-03-01;4;0,16;Shopee;None
O09991;C0237;P183;2024-01-14;5;0,03;Website;12.12
O09992;C0881;P076;2025-02-15;1;0,19;Shopee;None
O09993;C0951;P156;2024-10-26;2;0,32;Website;11.11
O09994;C0111;P253;2024-07-22;5;0,11;Website;12.12
O09995;C0551;P010;2024-10-31;2;0,39;Shopee;11.11
O09996;C0963;P257;2024-01-09;1;0,26;Website;12.12
O09997;C0192;P021;2024-05-04;5;0,1;App;None
O09998;C0520;P170;2025-10-15;1;0,37;Tokopedia;Ramadhan
O09999;C0781;P055;2024-02-02;4;0,01;App;Ramadhan
O10000;C0391;P236;2025-02-19;5;0,12;Tokopedia;11.11
