Order_ID;Method;Status
O00001;E-Wallet;Failed
O00002;E-Wallet;Paid
O00003;Credit Card;Paid
O00004;QRIS;Paid
O00005;E-Wallet;Failed
O00006;QRIS;Paid
O00007;QRIS;Paid
O00008;E-Wallet;Paid
O00009;E-Wallet;Paid
O00010;COD;Failed
O00011;E-Wallet;Paid
O00012;Transfer;Paid
O00013;COD;Failed
O00014;Transfer;Failed
O00015;Transfer;Paid
O00016;COD;Failed
O00017;COD;Paid
O00018;Transfer;Paid
O00019;E-Wallet;Failed
O00020;COD;Paid
O00021;Transfer;Paid
O00022;Transfer;Paid
O00023;E-Wallet;Failed
O00024;Credit Card;Paid
O00025;Credit Card;Paid
O00026;COD;Paid
O00027;Transfer;Paid
O00028;E-Wallet;Failed
O00029;QRIS;Paid
O00030;QRIS;Paid
O00031;E-Wallet;Paid
O00032;QRIS;Paid
O00033;COD;Paid
O00034;E-Wallet;Paid
O00035;Transfer;Failed
O00036;QRIS;Paid
O00037;E-Wallet;Paid
O00038;COD;Paid
O00039;QRIS;Paid
O00040;E-Wallet;Paid
O00041;Credit Card;Paid
O00042;QRIS;Paid
O00043;E-Wallet;Paid
O00044;Credit Card;Paid
O00045;E-Wallet;Failed
O00046;Credit Card;Paid
O00047;QRIS;Failed
O00048;Transfer;Failed
O00049;E-Wallet;Failed
O00050;E-Wallet;Paid
O00051;E-Wallet;Paid
O00052;Transfer;Failed
O00053;QRIS;Paid
O00054;QRIS;Paid
O00055;E-Wallet;Paid
O00056;Transfer;Paid
O00057;COD;Paid
O00058;Credit Card;Paid
O00059;QRIS;Paid
O00060;COD;Failed
O00061;COD;Failed
O00062;Credit Card;Failed
O00063;E-Wallet;Paid
O00064;E-Wallet;Failed
O00065;Credit Card;Paid
O00066;COD;Failed
O00067;E-Wallet;Paid
O00068;Credit Card;Paid
O00069;QRIS;Failed
O00070;Transfer;Paid
O00071;COD;Paid
O00072;E-Wallet;Failed
O00073;QRIS;Failed
O00074;COD;Paid
O00075;QRIS;Failed
O00076;E-Wallet;Paid
O00077;QRIS;Failed
O00078;COD;Paid
O00079;COD;Paid
O00080;QRIS;Failed
O00081;QRIS;Paid
O00082;QRIS;Failed
O00083;Credit Card;Paid
O00084;COD;Paid
O00085;QRIS;Paid
O00086;COD;Paid
O00087;QRIS;Paid
O00088;Credit Card;Paid
O00089;COD;Paid
O00090;E-Wallet;Paid
O00091;E-Wallet;Paid
O00092;COD;Paid
O00093;Credit Card;Failed
O00094;E-Wallet;Paid
O00095;Transfer;Failed
O00096;E-Wallet;Paid
O00097;QRIS;Failed
O00098;COD;Failed
O00099;QRIS;Paid
O00100;COD;Paid
O00101;Credit Card;Paid
O00102;E-Wallet;Paid
O00103;Credit Card;Paid
O00104;E-Wallet;Failed
O00105;QRIS;Failed
O00106;E-Wallet;Paid
O00107;E-Wallet;Paid
O00108;E-Wallet;Paid
O00109;E-Wallet;Failed
O00110;COD;Paid
O00111;QRIS;Paid
O00112;Transfer;Paid
O00113;E-Wallet;Paid
O00114;QRIS;Paid
O00115;QRIS;Paid
O00116;E-Wallet;Paid
O00117;COD;Paid
O00118;E-Wallet;Failed
O00119;Credit Card;Paid
O00120;Credit Card;Paid
O00121;QRIS;Failed
O00122;E-Wallet;Failed
O00123;COD;Paid
O00124;Transfer;Paid
O00125;E-Wallet;Failed
O00126;Credit Card;Paid
O00127;Credit Card;Paid
O00128;QRIS;Paid
O00129;QRIS;Paid
O00130;E-Wallet;Failed
O00131;COD;Paid
O00132;Transfer;Failed
O00133;E-Wallet;Paid
O00134;E-Wallet;Failed
O00135;E-Wallet;Paid
O00136;Transfer;Failed
O00137;E-Wallet;Paid
O00138;Transfer;Paid
O00139;COD;Failed
O00140;COD;Failed
O00141;QRIS;Paid
O00142;E-Wallet;Paid
O00143;QRIS;Failed
O00144;COD;Paid
O00145;Transfer;Paid
O00146;COD;Paid
O00147;Credit Card;Paid
O00148;QRIS;Paid
O00149;QRIS;Paid
O00150;Credit Card;Paid
O00151;E-Wallet;Failed
O00152;QRIS;Failed
O00153;QRIS;Paid
O00154;Credit Card;Paid
O00155;Transfer;Paid
O00156;COD;Failed
O00157;E-Wallet;Paid
O00158;Credit Card;Paid
O00159;COD;Paid
O00160;COD;Paid
O00161;Credit Card;Paid
O00162;Transfer;Failed
O00163;Transfer;Paid
O00164;E-Wallet;Paid
O00165;E-Wallet;Paid
O00166;QRIS;Paid
O00167;QRIS;Paid
O00168;E-Wallet;Paid
O00169;E-Wallet;Paid
O00170;COD;Paid
O00171;QRIS;Failed
O00172;Transfer;Failed
O00173;COD;Paid
O00174;COD;Paid
O00175;E-Wallet;Paid
O00176;QRIS;Paid
O00177;COD;Paid
O00178;E-Wallet;Failed
O00179;Transfer;Paid
O00180;Credit Card;Paid
O00181;Transfer;Paid
O00182;Transfer;Paid
O00183;E-Wallet;Paid
O00184;Transfer;Paid
O00185;Credit Card;Failed
O00186;Credit Card;Paid
O00187;Credit Card;Paid
O00188;Transfer;Paid
O00189;COD;Paid
O00190;Transfer;Paid
O00191;E-Wallet;Paid
O00192;Transfer;Paid
O00193;Credit Card;Paid
O00194;QRIS;Paid
O00195;Credit Card;Paid
O00196;QRIS;Paid
O00197;E-Wallet;Paid
O00198;E-Wallet;Paid
O00199;E-Wallet;Paid
O00200;QRIS;Paid
O00201;QRIS;Failed
O00202;Credit Card;Failed
O00203;QRIS;Paid
O00204;QRIS;Paid
O00205;COD;Paid
O00206;E-Wallet;Paid
O00207;QRIS;Paid
O00208;Transfer;Paid
O00209;COD;Failed
O00210;E-Wallet;Paid
O00211;Credit Card;Paid
O00212;COD;Paid
O00213;Transfer;Paid
O00214;QRIS;Paid
O00215;Transfer;Paid
O00216;E-Wallet;Paid
O00217;QRIS;Paid
O00218;Transfer;Paid
O00219;QRIS;Paid
O00220;COD;Paid
O00221;E-Wallet;Paid
O00222;QRIS;Paid
O00223;COD;Paid
O00224;QRIS;Paid
O00225;QRIS;Failed
O00226;Transfer;Paid
O00227;Transfer;Paid
O00228;E-Wallet;Paid
O00229;COD;Paid
O00230;E-Wallet;Paid
O00231;Transfer;Paid
O00232;Transfer;Paid
O00233;QRIS;Failed
O00234;COD;Paid
O00235;E-Wallet;Paid
O00236;Credit Card;Paid
O00237;E-Wallet;Paid
O00238;E-Wallet;Paid
O00239;Credit Card;Paid
O00240;Credit Card;Failed
O00241;COD;Paid
O00242;COD;Paid
O00243;Transfer;Paid
O00244;Transfer;Paid
O00245;E-Wallet;Paid
O00246;QRIS;Paid
O00247;Credit Card;Paid
O00248;E-Wallet;Paid
O00249;E-Wallet;Paid
O00250;E-Wallet;Paid
O00251;E-Wallet;Failed
O00252;Credit Card;Failed
O00253;QRIS;Paid
O00254;Credit Card;Paid
O00255;Transfer;Paid
O00256;E-Wallet;Paid
O00257;COD;Paid
O00258;E-Wallet;Failed
O00259;E-Wallet;Paid
O00260;Credit Card;Paid
O00261;QRIS;Paid
O00262;QRIS;Paid
O00263;COD;Paid
O00264;Credit Card;Paid
O00265;Credit Card;Failed
O00266;Credit Card;Paid
O00267;E-Wallet;Paid
O00268;Credit Card;Failed
O00269;QRIS;Paid
O00270;E-Wallet;Paid
O00271;COD;Failed
O00272;COD;Paid
O00273;E-Wallet;Paid
O00274;COD;Paid
O00275;Transfer;Paid
O00276;E-Wallet;Failed
O00277;COD;Paid
O00278;Credit Card;Paid
O00279;E-Wallet;Paid
O00280;COD;Paid
O00281;COD;Paid
O00282;COD;Paid
O00283;COD;Failed
O00284;COD;Paid
O00285;QRIS;Paid
O00286;E-Wallet;Paid
O00287;E-Wallet;Paid
O00288;Transfer;Paid
O00289;Transfer;Paid
O00290;QRIS;Paid
O00291;Transfer;Paid
O00292;Transfer;Paid
O00293;Transfer;Paid
O00294;QRIS;Paid
O00295;Credit Card;Failed
O00296;Credit Card;Paid
O00297;COD;Paid
O00298;Credit Card;Paid
O00299;COD;Failed
O00300;Transfer;Paid
O00301;COD;Paid
O00302;QRIS;Paid
O00303;Transfer;Paid
O00304;Transfer;Failed
O00305;Credit Card;Failed
O00306;COD;Paid
O00307;Credit Card;Paid
O00308;Transfer;Paid
O00309;Transfer;Paid
O00310;COD;Paid
O00311;COD;Paid
O00312;E-Wallet;Paid
O00313;COD;Paid
O00314;E-Wallet;Paid
O00315;COD;Paid
O00316;Credit Card;Paid
O00317;COD;Failed
O00318;Credit Card;Failed
O00319;Transfer;Failed
O00320;QRIS;Paid
O00321;E-Wallet;Paid
O00322;Transfer;Paid
O00323;Transfer;Paid
O00324;QRIS;Paid
O00325;Credit Card;Failed
O00326;Transfer;Failed
O00327;QRIS;Paid
O00328;COD;Paid
O00329;COD;Failed
O00330;E-Wallet;Paid
O00331;Transfer;Paid
O00332;E-Wallet;Paid
O00333;COD;Paid
O00334;E-Wallet;Paid
O00335;E-Wallet;Paid
O00336;Transfer;Paid
O00337;COD;Paid
O00338;COD;Paid
O00339;COD;Paid
O00340;E-Wallet;Paid
O00341;Credit Card;Paid
O00342;Transfer;Paid
O00343;COD;Paid
O00344;E-Wallet;Paid
O00345;COD;Paid
O00346;Transfer;Paid
O00347;Credit Card;Failed
O00348;Credit Card;Paid
O00349;E-Wallet;Failed
O00350;Credit Card;Failed
O00351;COD;Failed
O00352;Transfer;Paid
O00353;QRIS;Paid
O00354;Credit Card;Failed
O00355;COD;Paid
O00356;Credit Card;Paid
O00357;QRIS;Paid
O00358;Transfer;Paid
O00359;COD;Paid
O00360;QRIS;Paid
O00361;E-Wallet;Failed
O00362;QRIS;Failed
O00363;Credit Card;Failed
O00364;QRIS;Paid
O00365;Transfer;Paid
O00366;Transfer;Paid
O00367;COD;Paid
O00368;QRIS;Paid
O00369;QRIS;Paid
O00370;Credit Card;Paid
O00371;E-Wallet;Paid
O00372;Transfer;Paid
O00373;QRIS;Paid
O00374;Credit Card;Paid
O00375;Credit Card;Paid
O00376;E-Wallet;Paid
O00377;COD;Paid
O00378;QRIS;Paid
O00379;Credit Card;Paid
O00380;Credit Card;Paid
O00381;QRIS;Failed
O00382;QRIS;Failed
O00383;Transfer;Failed
O00384;Credit Card;Paid
O00385;QRIS;Paid
O00386;COD;Failed
O00387;E-Wallet;Failed
O00388;Credit Card;Failed
O00389;QRIS;Failed
O00390;QRIS;Paid
O00391;Credit Card;Paid
O00392;E-Wallet;Failed
O00393;Transfer;Paid
O00394;COD;Failed
O00395;Transfer;Paid
O00396;QRIS;Paid
O00397;COD;Paid
O00398;Credit Card;Paid
O00399;COD;Paid
O00400;Credit Card;Paid
O00401;Credit Card;Paid
O00402;Transfer;Paid
O00403;Credit Card;Paid
O00404;Credit Card;Paid
O00405;Credit Card;Paid
O00406;E-Wallet;Paid
O00407;QRIS;Failed
O00408;QRIS;Paid
O00409;QRIS;Paid
O00410;Transfer;Paid
O00411;E-Wallet;Paid
O00412;Transfer;Paid
O00413;Transfer;Paid
O00414;E-Wallet;Paid
O00415;COD;Failed
O00416;Credit Card;Failed
O00417;COD;Failed
O00418;COD;Paid
O00419;Transfer;Failed
O00420;COD;Paid
O00421;Credit Card;Paid
O00422;Transfer;Paid
O00423;Transfer;Failed
O00424;E-Wallet;Paid
O00425;COD;Failed
O00426;COD;Failed
O00427;Transfer;Paid
O00428;QRIS;Paid
O00429;Credit Card;Paid
O00430;E-Wallet;Failed
O00431;QRIS;Failed
O00432;E-Wallet;Paid
O00433;Transfer;Paid
O00434;COD;Paid
O00435;E-Wallet;Paid
O00436;COD;Paid
O00437;QRIS;Failed
O00438;E-Wallet;Paid
O00439;Credit Card;Failed
O00440;E-Wallet;Paid
O00441;Credit Card;Paid
O00442;QRIS;Paid
O00443;Transfer;Paid
O00444;Transfer;Paid
O00445;Transfer;Paid
O00446;E-Wallet;Paid
O00447;E-Wallet;Failed
O00448;E-Wallet;Failed
O00449;E-Wallet;Paid
O00450;Credit Card;Failed
O00451;Credit Card;Paid
O00452;COD;Failed
O00453;E-Wallet;Failed
O00454;QRIS;Paid
O00455;QRIS;Failed
O00456;QRIS;Paid
O00457;Credit Card;Paid
O00458;E-Wallet;Paid
O00459;COD;Paid
O00460;QRIS;Failed
O00461;COD;Paid
O00462;Transfer;Paid
O00463;Credit Card;Failed
O00464;Credit Card;Paid
O00465;COD;Failed
O00466;E-Wallet;Paid
O00467;COD;Failed
O00468;E-Wallet;Paid
O00469;COD;Failed
O00470;QRIS;Failed
O00471;COD;Paid
O00472;Transfer;Paid
O00473;Transfer;Paid
O00474;QRIS;Paid
O00475;E-Wallet;Failed
O00476;Credit Card;Failed
O00477;Transfer;Failed
O00478;Credit Card;Paid
O00479;E-Wallet;Failed
O00480;QRIS;Paid
O00481;Credit Card;Paid
O00482;Credit Card;Paid
O00483;QRIS;Paid
O00484;QRIS;Failed
O00485;Credit Card;Paid
O00486;E-Wallet;Paid
O00487;Transfer;Failed
O00488;E-Wallet;Paid
O00489;Transfer;Paid
O00490;E-Wallet;Paid
O00491;E-Wallet;Paid
O00492;Credit Card;Paid
O00493;QRIS;Paid
O00494;QRIS;Paid
O00495;COD;Failed
O00496;Transfer;Paid
O00497;E-Wallet;Failed
O00498;Credit Card;Paid
O00499;E-Wallet;Paid
O00500;QRIS;Paid
O00501;Transfer;Paid
O00502;E-Wallet;Paid
O00503;COD;Failed
O00504;COD;Paid
O00505;E-Wallet;Paid
O00506;COD;Failed
O00507;COD;Failed
O00508;Transfer;Paid
O00509;COD;Paid
O00510;Credit Card;Failed
O00511;COD;Paid
O00512;Credit Card;Paid
O00513;Credit Card;Paid
O00514;QRIS;Paid
O00515;E-Wallet;Paid
O00516;E-Wallet;Paid
O00517;Transfer;Failed
O00518;E-Wallet;Failed
O00519;E-Wallet;Failed
O00520;E-Wallet;Paid
O00521;COD;Failed
O00522;E-Wallet;Paid
O00523;Credit Card;Paid
O00524;COD;Paid
O00525;QRIS;Failed
O00526;E-Wallet;Paid
O00527;QRIS;Paid
O00528;Credit Card;Paid
O00529;E-Wallet;Paid
O00530;Credit Card;Paid
O00531;Transfer;Paid
O00532;QRIS;Paid
O00533;COD;Paid
O00534;QRIS;Paid
O00535;Credit Card;Paid
O00536;E-Wallet;Paid
O00537;Credit Card;Failed
O00538;Transfer;Paid
O00539;COD;Failed
O00540;E-Wallet;Paid
O00541;QRIS;Paid
O00542;Transfer;Paid
O00543;Transfer;Paid
O00544;COD;Paid
O00545;E-Wallet;Paid
O00546;COD;Failed
O00547;Transfer;Paid
O00548;QRIS;Paid
O00549;Transfer;Paid
O00550;QRIS;Paid
O00551;Transfer;Paid
O00552;QRIS;Paid
O00553;Credit Card;Paid
O00554;E-Wallet;Paid
O00555;E-Wallet;Paid
O00556;Transfer;Paid
O00557;Transfer;Paid
O00558;Credit Card;Paid
O00559;QRIS;Failed
O00560;QRIS;Paid
O00561;E-Wallet;Paid
O00562;E-Wallet;Paid
O00563;QRIS;Paid
O00564;Credit Card;Paid
O00565;Credit Card;Paid
O00566;QRIS;Paid
O00567;Credit Card;Paid
O00568;QRIS;Paid
O00569;QRIS;Paid
O00570;QRIS;Paid
O00571;COD;Paid
O00572;Transfer;Paid
O00573;Credit Card;Failed
O00574;Transfer;Paid
O00575;Credit Card;Paid
O00576;COD;Paid
O00577;QRIS;Paid
O00578;QRIS;Paid
O00579;QRIS;Failed
O00580;Transfer;Failed
O00581;Credit Card;Paid
O00582;Transfer;Paid
O00583;Transfer;Paid
O00584;QRIS;Paid
O00585;E-Wallet;Paid
O00586;Credit Card;Paid
O00587;QRIS;Failed
O00588;E-Wallet;Paid
O00589;E-Wallet;Paid
O00590;Transfer;Failed
O00591;E-Wallet;Paid
O00592;COD;Paid
O00593;COD;Paid
O00594;Credit Card;Paid
O00595;QRIS;Failed
O00596;E-Wallet;Paid
O00597;COD;Failed
O00598;QRIS;Paid
O00599;E-Wallet;Paid
O00600;QRIS;Failed
O00601;Credit Card;Failed
O00602;COD;Paid
O00603;Credit Card;Paid
O00604;Credit Card;Failed
O00605;COD;Paid
O00606;Credit Card;Paid
O00607;E-Wallet;Paid
O00608;Transfer;Paid
O00609;Credit Card;Failed
O00610;Credit Card;Failed
O00611;Transfer;Failed
O00612;E-Wallet;Failed
O00613;Transfer;Paid
O00614;QRIS;Paid
O00615;QRIS;Paid
O00616;Transfer;Failed
O00617;Credit Card;Failed
O00618;Transfer;Paid
O00619;Transfer;Paid
O00620;COD;Paid
O00621;QRIS;Paid
O00622;QRIS;Failed
O00623;Transfer;Failed
O00624;E-Wallet;Paid
O00625;Credit Card;Failed
O00626;Transfer;Paid
O00627;Credit Card;Failed
O00628;QRIS;Paid
O00629;QRIS;Paid
O00630;E-Wallet;Paid
O00631;Credit Card;Failed
O00632;COD;Paid
O00633;E-Wallet;Paid
O00634;E-Wallet;Paid
O00635;Credit Card;Paid
O00636;Transfer;Paid
O00637;Transfer;Failed
O00638;COD;Paid
O00639;E-Wallet;Paid
O00640;Transfer;Paid
O00641;Credit Card;Paid
O00642;QRIS;Paid
O00643;Credit Card;Failed
O00644;Credit Card;Failed
O00645;COD;Paid
O00646;Credit Card;Failed
O00647;E-Wallet;Failed
O00648;Credit Card;Failed
O00649;Transfer;Paid
O00650;QRIS;Paid
O00651;Credit Card;Paid
O00652;Credit Card;Paid
O00653;COD;Paid
O00654;Transfer;Paid
O00655;COD;Paid
O00656;Transfer;Paid
O00657;E-Wallet;Paid
O00658;COD;Paid
O00659;Transfer;Failed
O00660;E-Wallet;Paid
O00661;COD;Failed
O00662;Credit Card;Paid
O00663;Credit Card;Paid
O00664;Credit Card;Paid
O00665;QRIS;Failed
O00666;E-Wallet;Paid
O00667;Transfer;Failed
O00668;Transfer;Paid
O00669;Transfer;Paid
O00670;COD;Paid
O00671;Credit Card;Paid
O00672;QRIS;Paid
O00673;E-Wallet;Failed
O00674;Transfer;Failed
O00675;COD;Failed
O00676;E-Wallet;Paid
O00677;E-Wallet;Paid
O00678;E-Wallet;Paid
O00679;E-Wallet;Paid
O00680;QRIS;Paid
O00681;Credit Card;Paid
O00682;E-Wallet;Failed
O00683;COD;Paid
O00684;COD;Paid
O00685;COD;Failed
O00686;Credit Card;Paid
O00687;Transfer;Paid
O00688;COD;Failed
O00689;COD;Paid
O00690;Transfer;Paid
O00691;Credit Card;Paid
O00692;E-Wallet;Paid
O00693;COD;Paid
O00694;Credit Card;Paid
O00695;Transfer;Paid
O00696;COD;Paid
O00697;Credit Card;Paid
O00698;Transfer;Paid
O00699;E-Wallet;Failed
O00700;COD;Paid
O00701;E-Wallet;Paid
O00702;Credit Card;Paid
O00703;E-Wallet;Failed
O00704;E-Wallet;Paid
O00705;COD;Paid
O00706;Transfer;Paid
O00707;COD;Paid
O00708;E-Wallet;Paid
O00709;Credit Card;Paid
O00710;Credit Card;Paid
O00711;QRIS;Failed
O00712;Credit Card;Failed
O00713;COD;Paid
O00714;Credit Card;Paid
O00715;Transfer;Failed
O00716;QRIS;Failed
O00717;E-Wallet;Paid
O00718;Credit Card;Paid
O00719;E-Wallet;Failed
O00720;E-Wallet;Paid
O00721;Transfer;Paid
O00722;QRIS;Paid
O00723;E-Wallet;Paid
O00724;COD;Paid
O00725;E-Wallet;Paid
O00726;E-Wallet;Paid
O00727;COD;Paid
O00728;Credit Card;Paid
O00729;COD;Paid
O00730;COD;Paid
O00731;QRIS;Paid
O00732;Credit Card;Paid
O00733;E-Wallet;Paid
O00734;E-Wallet;Paid
O00735;QRIS;Paid
O00736;QRIS;Paid
O00737;E-Wallet;Paid
O00738;QRIS;Paid
O00739;Credit Card;Paid
O00740;Transfer;Paid
O00741;Transfer;Failed
O00742;Credit Card;Paid
O00743;COD;Paid
O00744;E-Wallet;Paid
O00745;COD;Failed
O00746;Credit Card;Paid
O00747;COD;Paid
O00748;QRIS;Failed
O00749;Transfer;Failed
O00750;Transfer;Failed
O00751;Credit Card;Paid
O00752;E-Wallet;Paid
O00753;Credit Card;Paid
O00754;Transfer;Paid
O00755;Credit Card;Failed
O00756;COD;Paid
O00757;Transfer;Paid
O00758;QRIS;Paid
O00759;COD;Paid
O00760;QRIS;Paid
O00761;Credit Card;Failed
O00762;QRIS;Failed
O00763;COD;Failed
O00764;E-Wallet;Failed
O00765;E-Wallet;Paid
O00766;Credit Card;Paid
O00767;QRIS;Failed
O00768;QRIS;Paid
O00769;COD;Paid
O00770;Credit Card;Paid
O00771;Credit Card;Paid
O00772;Credit Card;Failed
O00773;QRIS;Paid
O00774;E-Wallet;Paid
O00775;Transfer;Paid
O00776;QRIS;Failed
O00777;Transfer;Paid
O00778;QRIS;Paid
O00779;QRIS;Paid
O00780;QRIS;Paid
O00781;E-Wallet;Paid
O00782;Transfer;Paid
O00783;QRIS;Paid
O00784;Transfer;Paid
O00785;COD;Paid
O00786;E-Wallet;Failed
O00787;QRIS;Paid
O00788;QRIS;Failed
O00789;Transfer;Paid
O00790;COD;Paid
O00791;Transfer;Failed
O00792;E-Wallet;Failed
O00793;E-Wallet;Paid
O00794;QRIS;Failed
O00795;Transfer;Paid
O00796;E-Wallet;Paid
O00797;COD;Paid
O00798;Transfer;Paid
O00799;QRIS;Failed
O00800;COD;Paid
O00801;Transfer;Paid
O00802;Credit Card;Paid
O00803;Credit Card;Paid
O00804;Transfer;Paid
O00805;Credit Card;Paid
O00806;COD;Paid
O00807;COD;Paid
O00808;QRIS;Paid
O00809;QRIS;Paid
O00810;QRIS;Paid
O00811;Transfer;Paid
O00812;Transfer;Paid
O00813;Credit Card;Paid
O00814;Credit Card;Paid
O00815;COD;Failed
O00816;Transfer;Failed
O00817;COD;Failed
O00818;QRIS;Paid
O00819;E-Wallet;Paid
O00820;E-Wallet;Failed
O00821;QRIS;Paid
O00822;Transfer;Paid
O00823;COD;Paid
O00824;E-Wallet;Paid
O00825;COD;Failed
O00826;Transfer;Failed
O00827;Credit Card;Paid
O00828;Credit Card;Paid
O00829;COD;Failed
O00830;Transfer;Paid
O00831;Transfer;Paid
O00832;QRIS;Paid
O00833;COD;Paid
O00834;QRIS;Paid
O00835;QRIS;Failed
O00836;QRIS;Paid
O00837;Credit Card;Paid
O00838;E-Wallet;Failed
O00839;Credit Card;Failed
O00840;COD;Paid
O00841;E-Wallet;Paid
O00842;E-Wallet;Paid
O00843;COD;Paid
O00844;Credit Card;Paid
O00845;COD;Paid
O00846;Credit Card;Paid
O00847;COD;Paid
O00848;COD;Paid
O00849;Credit Card;Paid
O00850;Transfer;Failed
O00851;QRIS;Paid
O00852;E-Wallet;Paid
O00853;Transfer;Paid
O00854;E-Wallet;Paid
O00855;COD;Paid
O00856;Transfer;Failed
O00857;E-Wallet;Failed
O00858;Credit Card;Paid
O00859;Transfer;Failed
O00860;QRIS;Paid
O00861;QRIS;Paid
O00862;Credit Card;Paid
O00863;E-Wallet;Paid
O00864;E-Wallet;Paid
O00865;E-Wallet;Failed
O00866;E-Wallet;Failed
O00867;COD;Paid
O00868;E-Wallet;Paid
O00869;E-Wallet;Paid
O00870;Credit Card;Paid
O00871;Transfer;Paid
O00872;COD;Paid
O00873;Credit Card;Paid
O00874;E-Wallet;Failed
O00875;E-Wallet;Paid
O00876;QRIS;Paid
O00877;Credit Card;Paid
O00878;Transfer;Paid
O00879;QRIS;Paid
O00880;Transfer;Failed
O00881;Credit Card;Paid
O00882;E-Wallet;Paid
O00883;Credit Card;Paid
O00884;E-Wallet;Paid
O00885;COD;Paid
O00886;COD;Failed
O00887;Credit Card;Failed
O00888;Credit Card;Paid
O00889;QRIS;Paid
O00890;QRIS;Paid
O00891;E-Wallet;Paid
O00892;Credit Card;Paid
O00893;COD;Paid
O00894;QRIS;Paid
O00895;Credit Card;Failed
O00896;QRIS;Paid
O00897;QRIS;Failed
O00898;QRIS;Paid
O00899;COD;Failed
O00900;Credit Card;Paid
O00901;Credit Card;Paid
O00902;Credit Card;Failed
O00903;COD;Paid
O00904;COD;Paid
O00905;Credit Card;Failed
O00906;Credit Card;Failed
O00907;COD;Failed
O00908;QRIS;Paid
O00909;COD;Paid
O00910;QRIS;Paid
O00911;COD;Paid
O00912;Transfer;Paid
O00913;Credit Card;Paid
O00914;QRIS;Paid
O00915;QRIS;Failed
O00916;Credit Card;Paid
O00917;E-Wallet;Failed
O00918;Credit Card;Paid
O00919;QRIS;Paid
O00920;Transfer;Paid
O00921;COD;Failed
O00922;Credit Card;Paid
O00923;COD;Failed
O00924;QRIS;Paid
O00925;Transfer;Paid
O00926;E-Wallet;Paid
O00927;COD;Failed
O00928;COD;Paid
O00929;COD;Paid
O00930;Transfer;Paid
O00931;QRIS;Paid
O00932;E-Wallet;Paid
O00933;Transfer;Paid
O00934;Credit Card;Paid
O00935;COD;Paid
O00936;Transfer;Failed
O00937;Transfer;Paid
O00938;COD;Paid
O00939;E-Wallet;Paid
O00940;Credit Card;Paid
O00941;Credit Card;Failed
O00942;E-Wallet;Paid
O00943;QRIS;Paid
O00944;Transfer;Paid
O00945;COD;Paid
O00946;COD;Paid
O00947;E-Wallet;Paid
O00948;Credit Card;Paid
O00949;Credit Card;Paid
O00950;Transfer;Paid
O00951;Transfer;Paid
O00952;Credit Card;Paid
O00953;E-Wallet;Paid
O00954;Transfer;Paid
O00955;Credit Card;Failed
O00956;E-Wallet;Paid
O00957;QRIS;Paid
O00958;Transfer;Paid
O00959;COD;Paid
O00960;Credit Card;Paid
O00961;Credit Card;Paid
O00962;COD;Paid
O00963;Transfer;Failed
O00964;QRIS;Paid
O00965;Credit Card;Failed
O00966;Credit Card;Paid
O00967;QRIS;Failed
O00968;Credit Card;Paid
O00969;QRIS;Paid
O00970;Transfer;Paid
O00971;Credit Card;Paid
O00972;E-Wallet;Failed
O00973;E-Wallet;Paid
O00974;COD;Failed
O00975;Transfer;Paid
O00976;COD;Paid
O00977;QRIS;Paid
O00978;COD;Failed
O00979;QRIS;Paid
O00980;Transfer;Paid
O00981;Transfer;Paid
O00982;Credit Card;Paid
O00983;E-Wallet;Paid
O00984;Credit Card;Paid
O00985;Transfer;Paid
O00986;QRIS;Paid
O00987;QRIS;Paid
O00988;COD;Paid
O00989;COD;Failed
O00990;COD;Paid
O00991;E-Wallet;Paid
O00992;Transfer;Failed
O00993;QRIS;Paid
O00994;Credit Card;Failed
O00995;E-Wallet;Failed
O00996;QRIS;Paid
O00997;Transfer;Paid
O00998;E-Wallet;Paid
O00999;Credit Card;Failed
O01000;E-Wallet;Paid
O01001;QRIS;Paid
O01002;E-Wallet;Paid
O01003;QRIS;Failed
O01004;COD;Paid
O01005;Transfer;Paid
O01006;Transfer;Paid
O01007;QRIS;Paid
O01008;COD;Paid
O01009;Transfer;Paid
O01010;COD;Paid
O01011;E-Wallet;Failed
O01012;E-Wallet;Paid
O01013;QRIS;Failed
O01014;Transfer;Paid
O01015;COD;Paid
O01016;E-Wallet;Paid
O01017;Transfer;Paid
O01018;QRIS;Paid
O01019;QRIS;Paid
O01020;Transfer;Failed
O01021;E-Wallet;Paid
O01022;Credit Card;Failed
O01023;E-Wallet;Paid
O01024;Credit Card;Paid
O01025;QRIS;Failed
O01026;QRIS;Paid
O01027;QRIS;Failed
O01028;E-Wallet;Failed
O01029;Transfer;Paid
O01030;COD;Paid
O01031;Credit Card;Paid
O01032;Transfer;Paid
O01033;E-Wallet;Paid
O01034;Transfer;Failed
O01035;Transfer;Failed
O01036;E-Wallet;Paid
O01037;COD;Paid
O01038;QRIS;Paid
O01039;Transfer;Paid
O01040;COD;Paid
O01041;E-Wallet;Paid
O01042;COD;Paid
O01043;COD;Paid
O01044;E-Wallet;Paid
O01045;QRIS;Paid
O01046;QRIS;Paid
O01047;QRIS;Paid
O01048;Credit Card;Paid
O01049;Credit Card;Paid
O01050;E-Wallet;Paid
O01051;E-Wallet;Paid
O01052;Credit Card;Paid
O01053;E-Wallet;Paid
O01054;COD;Paid
O01055;Transfer;Paid
O01056;QRIS;Paid
O01057;Credit Card;Paid
O01058;Transfer;Paid
O01059;E-Wallet;Failed
O01060;Transfer;Paid
O01061;Transfer;Failed
O01062;QRIS;Paid
O01063;COD;Paid
O01064;Transfer;Paid
O01065;Transfer;Failed
O01066;QRIS;Failed
O01067;COD;Paid
O01068;Credit Card;Paid
O01069;Transfer;Paid
O01070;Transfer;Paid
O01071;Credit Card;Failed
O01072;COD;Paid
O01073;Credit Card;Paid
O01074;QRIS;Paid
O01075;E-Wallet;Paid
O01076;COD;Paid
O01077;COD;Paid
O01078;Credit Card;Paid
O01079;Credit Card;Failed
O01080;Credit Card;Paid
O01081;Transfer;Failed
O01082;Transfer;Failed
O01083;Transfer;Paid
O01084;COD;Failed
O01085;Credit Card;Paid
O01086;Transfer;Failed
O01087;Transfer;Paid
O01088;E-Wallet;Failed
O01089;Credit Card;Failed
O01090;COD;Paid
O01091;E-Wallet;Paid
O01092;E-Wallet;Paid
O01093;QRIS;Paid
O01094;QRIS;Paid
O01095;QRIS;Failed
O01096;COD;Paid
O01097;Credit Card;Paid
O01098;Credit Card;Paid
O01099;COD;Paid
O01100;QRIS;Paid
O01101;Credit Card;Paid
O01102;COD;Paid
O01103;E-Wallet;Paid
O01104;E-Wallet;Paid
O01105;Credit Card;Paid
O01106;E-Wallet;Paid
O01107;E-Wallet;Paid
O01108;QRIS;Paid
O01109;Transfer;Paid
O01110;COD;Paid
O01111;QRIS;Failed
O01112;QRIS;Paid
O01113;Transfer;Paid
O01114;COD;Paid
O01115;Transfer;Paid
O01116;E-Wallet;Paid
O01117;Transfer;Paid
O01118;E-Wallet;Paid
O01119;Transfer;Failed
O01120;E-Wallet;Paid
O01121;Credit Card;Paid
O01122;QRIS;Failed
O01123;QRIS;Paid
O01124;E-Wallet;Failed
O01125;QRIS;Paid
O01126;COD;Paid
O01127;E-Wallet;Failed
O01128;Transfer;Paid
O01129;E-Wallet;Paid
O01130;Credit Card;Failed
O01131;QRIS;Paid
O01132;Credit Card;Failed
O01133;COD;Failed
O01134;E-Wallet;Paid
O01135;COD;Failed
O01136;QRIS;Paid
O01137;Transfer;Failed
O01138;QRIS;Failed
O01139;QRIS;Paid
O01140;E-Wallet;Paid
O01141;COD;Paid
O01142;Transfer;Paid
O01143;Credit Card;Paid
O01144;QRIS;Failed
O01145;E-Wallet;Paid
O01146;Transfer;Failed
O01147;Transfer;Failed
O01148;COD;Paid
O01149;E-Wallet;Paid
O01150;Transfer;Paid
O01151;Transfer;Paid
O01152;E-Wallet;Paid
O01153;COD;Failed
O01154;Credit Card;Paid
O01155;COD;Paid
O01156;COD;Paid
O01157;Transfer;Paid
O01158;QRIS;Failed
O01159;E-Wallet;Paid
O01160;COD;Failed
O01161;QRIS;Paid
O01162;Credit Card;Failed
O01163;E-Wallet;Paid
O01164;COD;Failed
O01165;COD;Paid
O01166;QRIS;Paid
O01167;COD;Failed
O01168;Transfer;Paid
O01169;Credit Card;Paid
O01170;QRIS;Paid
O01171;Credit Card;Paid
O01172;E-Wallet;Paid
O01173;Transfer;Paid
O01174;COD;Failed
O01175;E-Wallet;Paid
O01176;QRIS;Paid
O01177;E-Wallet;Paid
O01178;Credit Card;Failed
O01179;Transfer;Paid
O01180;Transfer;Paid
O01181;QRIS;Paid
O01182;Transfer;Failed
O01183;E-Wallet;Paid
O01184;QRIS;Paid
O01185;QRIS;Paid
O01186;Credit Card;Paid
O01187;Transfer;Failed
O01188;COD;Paid
O01189;COD;Paid
O01190;Credit Card;Paid
O01191;QRIS;Paid
O01192;E-Wallet;Paid
O01193;E-Wallet;Paid
O01194;E-Wallet;Paid
O01195;E-Wallet;Paid
O01196;Transfer;Paid
O01197;E-Wallet;Paid
O01198;E-Wallet;Paid
O01199;COD;Paid
O01200;Credit Card;Paid
O01201;COD;Paid
O01202;QRIS;Paid
O01203;E-Wallet;Paid
O01204;Credit Card;Paid
O01205;QRIS;Paid
O01206;Credit Card;Paid
O01207;QRIS;Paid
O01208;Transfer;Paid
O01209;Transfer;Paid
O01210;Transfer;Paid
O01211;QRIS;Paid
O01212;QRIS;Paid
O01213;E-Wallet;Paid
O01214;Transfer;Paid
O01215;QRIS;Paid
O01216;Transfer;Failed
O01217;E-Wallet;Failed
O01218;E-Wallet;Paid
O01219;COD;Paid
O01220;COD;Paid
O01221;E-Wallet;Paid
O01222;COD;Paid
O01223;QRIS;Failed
O01224;QRIS;Paid
O01225;QRIS;Paid
O01226;Credit Card;Failed
O01227;QRIS;Paid
O01228;E-Wallet;Paid
O01229;QRIS;Paid
O01230;COD;Paid
O01231;E-Wallet;Paid
O01232;E-Wallet;Failed
O01233;QRIS;Paid
O01234;Transfer;Failed
O01235;Credit Card;Paid
O01236;QRIS;Paid
O01237;COD;Paid
O01238;QRIS;Failed
O01239;Credit Card;Paid
O01240;E-Wallet;Paid
O01241;COD;Paid
O01242;Credit Card;Paid
O01243;Transfer;Failed
O01244;COD;Failed
O01245;Transfer;Paid
O01246;COD;Failed
O01247;Transfer;Paid
O01248;QRIS;Paid
O01249;COD;Paid
O01250;Credit Card;Failed
O01251;Credit Card;Paid
O01252;COD;Paid
O01253;QRIS;Paid
O01254;COD;Paid
O01255;Credit Card;Paid
O01256;QRIS;Paid
O01257;Credit Card;Paid
O01258;Transfer;Paid
O01259;QRIS;Paid
O01260;COD;Paid
O01261;QRIS;Paid
O01262;Transfer;Failed
O01263;Transfer;Failed
O01264;COD;Failed
O01265;Credit Card;Paid
O01266;E-Wallet;Paid
O01267;Transfer;Paid
O01268;COD;Paid
O01269;Transfer;Paid
O01270;COD;Paid
O01271;E-Wallet;Failed
O01272;E-Wallet;Paid
O01273;Transfer;Failed
O01274;Transfer;Failed
O01275;Credit Card;Paid
O01276;QRIS;Paid
O01277;Credit Card;Paid
O01278;COD;Paid
O01279;COD;Paid
O01280;QRIS;Paid
O01281;E-Wallet;Paid
O01282;QRIS;Paid
O01283;Transfer;Paid
O01284;Transfer;Failed
O01285;Transfer;Paid
O01286;E-Wallet;Paid
O01287;COD;Paid
O01288;COD;Paid
O01289;QRIS;Failed
O01290;COD;Paid
O01291;E-Wallet;Paid
O01292;E-Wallet;Paid
O01293;Transfer;Failed
O01294;Transfer;Paid
O01295;COD;Paid
O01296;Credit Card;Paid
O01297;QRIS;Paid
O01298;COD;Paid
O01299;COD;Failed
O01300;Credit Card;Paid
O01301;COD;Failed
O01302;E-Wallet;Paid
O01303;Transfer;Paid
O01304;COD;Paid
O01305;COD;Paid
O01306;Transfer;Paid
O01307;E-Wallet;Paid
O01308;E-Wallet;Failed
O01309;Credit Card;Paid
O01310;E-Wallet;Paid
O01311;COD;Paid
O01312;QRIS;Paid
O01313;Credit Card;Paid
O01314;E-Wallet;Paid
O01315;Transfer;Paid
O01316;Transfer;Paid
O01317;Credit Card;Failed
O01318;COD;Paid
O01319;COD;Failed
O01320;COD;Paid
O01321;QRIS;Paid
O01322;E-Wallet;Failed
O01323;E-Wallet;Failed
O01324;E-Wallet;Paid
O01325;COD;Failed
O01326;Credit Card;Failed
O01327;Credit Card;Paid
O01328;Transfer;Paid
O01329;Transfer;Paid
O01330;E-Wallet;Paid
O01331;QRIS;Paid
O01332;QRIS;Paid
O01333;E-Wallet;Paid
O01334;Credit Card;Failed
O01335;E-Wallet;Failed
O01336;Credit Card;Paid
O01337;QRIS;Paid
O01338;E-Wallet;Paid
O01339;QRIS;Paid
O01340;COD;Paid
O01341;E-Wallet;Paid
O01342;QRIS;Failed
O01343;QRIS;Paid
O01344;Transfer;Paid
O01345;COD;Paid
O01346;QRIS;Paid
O01347;COD;Paid
O01348;Credit Card;Paid
O01349;QRIS;Paid
O01350;E-Wallet;Paid
O01351;E-Wallet;Paid
O01352;Transfer;Paid
O01353;QRIS;Paid
O01354;COD;Paid
O01355;Credit Card;Paid
O01356;E-Wallet;Paid
O01357;COD;Failed
O01358;COD;Paid
O01359;Credit Card;Failed
O01360;Credit Card;Paid
O01361;Credit Card;Paid
O01362;Transfer;Paid
O01363;COD;Failed
O01364;Credit Card;Paid
O01365;Transfer;Failed
O01366;Transfer;Paid
O01367;Transfer;Paid
O01368;Transfer;Paid
O01369;COD;Failed
O01370;Credit Card;Failed
O01371;COD;Paid
O01372;E-Wallet;Paid
O01373;COD;Paid
O01374;Transfer;Failed
O01375;Transfer;Paid
O01376;COD;Paid
O01377;Credit Card;Paid
O01378;QRIS;Paid
O01379;Transfer;Paid
O01380;Credit Card;Paid
O01381;COD;Failed
O01382;E-Wallet;Paid
O01383;QRIS;Paid
O01384;E-Wallet;Failed
O01385;COD;Paid
O01386;Transfer;Paid
O01387;COD;Failed
O01388;COD;Paid
O01389;QRIS;Failed
O01390;Credit Card;Paid
O01391;Credit Card;Paid
O01392;QRIS;Paid
O01393;Transfer;Failed
O01394;E-Wallet;Paid
O01395;E-Wallet;Paid
O01396;Transfer;Paid
O01397;Credit Card;Paid
O01398;QRIS;Paid
O01399;QRIS;Paid
O01400;Transfer;Failed
O01401;Credit Card;Failed
O01402;Transfer;Paid
O01403;QRIS;Paid
O01404;COD;Paid
O01405;E-Wallet;Paid
O01406;QRIS;Paid
O01407;QRIS;Paid
O01408;Transfer;Paid
O01409;Transfer;Failed
O01410;Credit Card;Paid
O01411;COD;Paid
O01412;QRIS;Paid
O01413;QRIS;Paid
O01414;Transfer;Failed
O01415;QRIS;Failed
O01416;Credit Card;Failed
O01417;COD;Paid
O01418;COD;Paid
O01419;E-Wallet;Paid
O01420;Credit Card;Paid
O01421;Transfer;Failed
O01422;COD;Paid
O01423;Transfer;Paid
O01424;QRIS;Paid
O01425;Credit Card;Paid
O01426;E-Wallet;Failed
O01427;E-Wallet;Paid
O01428;Transfer;Paid
O01429;Transfer;Paid
O01430;Transfer;Paid
O01431;COD;Failed
O01432;COD;Paid
O01433;Credit Card;Paid
O01434;Credit Card;Paid
O01435;E-Wallet;Paid
O01436;QRIS;Paid
O01437;COD;Paid
O01438;COD;Paid
O01439;QRIS;Paid
O01440;Transfer;Paid
O01441;E-Wallet;Failed
O01442;Credit Card;Failed
O01443;Credit Card;Paid
O01444;QRIS;Failed
O01445;Credit Card;Paid
O01446;QRIS;Failed
O01447;QRIS;Paid
O01448;Transfer;Failed
O01449;QRIS;Paid
O01450;QRIS;Paid
O01451;Transfer;Paid
O01452;COD;Paid
O01453;E-Wallet;Paid
O01454;Credit Card;Paid
O01455;Transfer;Paid
O01456;QRIS;Paid
O01457;QRIS;Paid
O01458;QRIS;Paid
O01459;QRIS;Paid
O01460;COD;Paid
O01461;Transfer;Failed
O01462;E-Wallet;Failed
O01463;Credit Card;Paid
O01464;E-Wallet;Paid
O01465;Transfer;Paid
O01466;Credit Card;Paid
O01467;Credit Card;Paid
O01468;QRIS;Paid
O01469;Transfer;Failed
O01470;Transfer;Paid
O01471;Transfer;Failed
O01472;Credit Card;Paid
O01473;QRIS;Failed
O01474;E-Wallet;Paid
O01475;Credit Card;Paid
O01476;E-Wallet;Paid
O01477;Transfer;Paid
O01478;COD;Paid
O01479;COD;Paid
O01480;Credit Card;Failed
O01481;Credit Card;Paid
O01482;E-Wallet;Failed
O01483;E-Wallet;Paid
O01484;Transfer;Paid
O01485;Transfer;Paid
O01486;COD;Paid
O01487;QRIS;Paid
O01488;COD;Failed
O01489;E-Wallet;Failed
O01490;E-Wallet;Paid
O01491;E-Wallet;Failed
O01492;E-Wallet;Paid
O01493;E-Wallet;Paid
O01494;E-Wallet;Paid
O01495;QRIS;Paid
O01496;E-Wallet;Failed
O01497;COD;Failed
O01498;COD;Failed
O01499;Transfer;Paid
O01500;Transfer;Paid
O01501;QRIS;Paid
O01502;E-Wallet;Failed
O01503;COD;Failed
O01504;E-Wallet;Paid
O01505;Transfer;Paid
O01506;E-Wallet;Paid
O01507;QRIS;Paid
O01508;QRIS;Paid
O01509;E-Wallet;Paid
O01510;E-Wallet;Failed
O01511;QRIS;Paid
O01512;COD;Paid
O01513;COD;Paid
O01514;COD;Failed
O01515;QRIS;Paid
O01516;Credit Card;Paid
O01517;Credit Card;Paid
O01518;E-Wallet;Paid
O01519;E-Wallet;Paid
O01520;COD;Paid
O01521;E-Wallet;Failed
O01522;Credit Card;Failed
O01523;QRIS;Failed
O01524;E-Wallet;Paid
O01525;COD;Failed
O01526;E-Wallet;Failed
O01527;QRIS;Paid
O01528;QRIS;Paid
O01529;E-Wallet;Paid
O01530;COD;Failed
O01531;Transfer;Paid
O01532;QRIS;Paid
O01533;Credit Card;Paid
O01534;QRIS;Paid
O01535;Credit Card;Failed
O01536;COD;Paid
O01537;Transfer;Paid
O01538;Credit Card;Paid
O01539;Transfer;Paid
O01540;COD;Paid
O01541;E-Wallet;Paid
O01542;E-Wallet;Failed
O01543;Credit Card;Paid
O01544;Credit Card;Paid
O01545;Credit Card;Paid
O01546;Transfer;Paid
O01547;Transfer;Paid
O01548;Credit Card;Paid
O01549;Credit Card;Paid
O01550;E-Wallet;Paid
O01551;QRIS;Paid
O01552;QRIS;Paid
O01553;E-Wallet;Paid
O01554;COD;Failed
O01555;Transfer;Failed
O01556;E-Wallet;Paid
O01557;Transfer;Failed
O01558;QRIS;Paid
O01559;COD;Paid
O01560;E-Wallet;Paid
O01561;E-Wallet;Failed
O01562;Transfer;Paid
O01563;Credit Card;Paid
O01564;Credit Card;Paid
O01565;COD;Failed
O01566;COD;Paid
O01567;QRIS;Failed
O01568;QRIS;Paid
O01569;Credit Card;Paid
O01570;Credit Card;Paid
O01571;QRIS;Paid
O01572;Transfer;Paid
O01573;QRIS;Paid
O01574;Credit Card;Failed
O01575;Transfer;Paid
O01576;QRIS;Paid
O01577;COD;Failed
O01578;E-Wallet;Paid
O01579;QRIS;Paid
O01580;Transfer;Paid
O01581;Transfer;Paid
O01582;Transfer;Paid
O01583;Credit Card;Paid
O01584;Credit Card;Paid
O01585;E-Wallet;Paid
O01586;E-Wallet;Paid
O01587;E-Wallet;Paid
O01588;QRIS;Failed
O01589;COD;Paid
O01590;COD;Paid
O01591;E-Wallet;Failed
O01592;Credit Card;Paid
O01593;Transfer;Paid
O01594;QRIS;Paid
O01595;COD;Failed
O01596;COD;Paid
O01597;Credit Card;Paid
O01598;COD;Paid
O01599;Transfer;Failed
O01600;Credit Card;Failed
O01601;COD;Paid
O01602;E-Wallet;Paid
O01603;E-Wallet;Failed
O01604;QRIS;Paid
O01605;Credit Card;Paid
O01606;QRIS;Paid
O01607;Credit Card;Paid
O01608;QRIS;Paid
O01609;Transfer;Failed
O01610;E-Wallet;Paid
O01611;Credit Card;Paid
O01612;COD;Failed
O01613;E-Wallet;Failed
O01614;COD;Paid
O01615;Credit Card;Paid
O01616;Transfer;Paid
O01617;Transfer;Paid
O01618;COD;Failed
O01619;E-Wallet;Paid
O01620;E-Wallet;Paid
O01621;Credit Card;Failed
O01622;Transfer;Paid
O01623;Credit Card;Paid
O01624;Credit Card;Paid
O01625;QRIS;Paid
O01626;COD;Paid
O01627;Credit Card;Paid
O01628;Credit Card;Paid
O01629;COD;Paid
O01630;QRIS;Failed
O01631;COD;Paid
O01632;E-Wallet;Paid
O01633;QRIS;Paid
O01634;COD;Paid
O01635;E-Wallet;Paid
O01636;Transfer;Paid
O01637;Transfer;Failed
O01638;QRIS;Paid
O01639;E-Wallet;Paid
O01640;Transfer;Failed
O01641;QRIS;Paid
O01642;Transfer;Paid
O01643;Transfer;Failed
O01644;Credit Card;Failed
O01645;E-Wallet;Paid
O01646;Credit Card;Paid
O01647;COD;Paid
O01648;Transfer;Failed
O01649;COD;Failed
O01650;QRIS;Failed
O01651;Transfer;Failed
O01652;COD;Paid
O01653;COD;Paid
O01654;Credit Card;Paid
O01655;COD;Failed
O01656;E-Wallet;Paid
O01657;COD;Failed
O01658;QRIS;Paid
O01659;E-Wallet;Paid
O01660;E-Wallet;Paid
O01661;Transfer;Paid
O01662;QRIS;Paid
O01663;QRIS;Paid
O01664;Transfer;Paid
O01665;E-Wallet;Failed
O01666;E-Wallet;Paid
O01667;Transfer;Paid
O01668;Credit Card;Failed
O01669;QRIS;Paid
O01670;E-Wallet;Failed
O01671;Transfer;Failed
O01672;Credit Card;Paid
O01673;QRIS;Paid
O01674;COD;Paid
O01675;E-Wallet;Paid
O01676;E-Wallet;Paid
O01677;Credit Card;Paid
O01678;Transfer;Paid
O01679;E-Wallet;Paid
O01680;Transfer;Failed
O01681;COD;Paid
O01682;Credit Card;Paid
O01683;COD;Paid
O01684;Transfer;Paid
O01685;COD;Paid
O01686;Transfer;Paid
O01687;Credit Card;Failed
O01688;COD;Paid
O01689;Credit Card;Paid
O01690;E-Wallet;Failed
O01691;COD;Paid
O01692;QRIS;Paid
O01693;QRIS;Paid
O01694;Transfer;Paid
O01695;Transfer;Failed
O01696;Transfer;Failed
O01697;COD;Paid
O01698;Transfer;Paid
O01699;QRIS;Failed
O01700;Credit Card;Failed
O01701;COD;Paid
O01702;Credit Card;Failed
O01703;Transfer;Paid
O01704;E-Wallet;Paid
O01705;Credit Card;Paid
O01706;Credit Card;Paid
O01707;E-Wallet;Paid
O01708;Transfer;Paid
O01709;Transfer;Failed
O01710;Transfer;Paid
O01711;Credit Card;Paid
O01712;Credit Card;Paid
O01713;Transfer;Paid
O01714;COD;Failed
O01715;QRIS;Failed
O01716;Transfer;Failed
O01717;Credit Card;Paid
O01718;Credit Card;Paid
O01719;COD;Paid
O01720;COD;Paid
O01721;Transfer;Failed
O01722;Transfer;Failed
O01723;Transfer;Paid
O01724;QRIS;Paid
O01725;COD;Paid
O01726;QRIS;Paid
O01727;COD;Paid
O01728;Transfer;Paid
O01729;E-Wallet;Failed
O01730;QRIS;Paid
O01731;QRIS;Paid
O01732;COD;Paid
O01733;E-Wallet;Paid
O01734;Credit Card;Paid
O01735;COD;Paid
O01736;Transfer;Paid
O01737;E-Wallet;Paid
O01738;COD;Paid
O01739;Transfer;Paid
O01740;Credit Card;Paid
O01741;QRIS;Paid
O01742;Transfer;Paid
O01743;QRIS;Failed
O01744;E-Wallet;Paid
O01745;QRIS;Paid
O01746;COD;Paid
O01747;COD;Paid
O01748;COD;Paid
O01749;Credit Card;Paid
O01750;Credit Card;Paid
O01751;Transfer;Paid
O01752;Credit Card;Paid
O01753;QRIS;Paid
O01754;Credit Card;Paid
O01755;Transfer;Paid
O01756;QRIS;Paid
O01757;E-Wallet;Paid
O01758;COD;Paid
O01759;E-Wallet;Failed
O01760;QRIS;Failed
O01761;Transfer;Failed
O01762;Transfer;Paid
O01763;Transfer;Failed
O01764;QRIS;Failed
O01765;Credit Card;Paid
O01766;E-Wallet;Paid
O01767;E-Wallet;Paid
O01768;COD;Paid
O01769;E-Wallet;Paid
O01770;QRIS;Paid
O01771;Credit Card;Paid
O01772;QRIS;Paid
O01773;Credit Card;Paid
O01774;Credit Card;Paid
O01775;Credit Card;Paid
O01776;E-Wallet;Failed
O01777;E-Wallet;Failed
O01778;COD;Paid
O01779;Credit Card;Paid
O01780;Transfer;Paid
O01781;Credit Card;Failed
O01782;COD;Paid
O01783;Transfer;Failed
O01784;E-Wallet;Failed
O01785;Transfer;Paid
O01786;Credit Card;Paid
O01787;Transfer;Paid
O01788;Transfer;Paid
O01789;Credit Card;Paid
O01790;Credit Card;Failed
O01791;Credit Card;Paid
O01792;Credit Card;Paid
O01793;E-Wallet;Failed
O01794;Credit Card;Failed
O01795;E-Wallet;Failed
O01796;Credit Card;Paid
O01797;E-Wallet;Paid
O01798;E-Wallet;Paid
O01799;Credit Card;Paid
O01800;Transfer;Failed
O01801;E-Wallet;Paid
O01802;Transfer;Failed
O01803;COD;Failed
O01804;Credit Card;Paid
O01805;Transfer;Failed
O01806;QRIS;Paid
O01807;Transfer;Paid
O01808;QRIS;Paid
O01809;QRIS;Failed
O01810;E-Wallet;Paid
O01811;Credit Card;Paid
O01812;Credit Card;Paid
O01813;QRIS;Paid
O01814;Credit Card;Paid
O01815;Transfer;Paid
O01816;Transfer;Paid
O01817;QRIS;Failed
O01818;COD;Paid
O01819;QRIS;Paid
O01820;Transfer;Paid
O01821;QRIS;Paid
O01822;COD;Failed
O01823;COD;Failed
O01824;COD;Paid
O01825;QRIS;Failed
O01826;Credit Card;Paid
O01827;Credit Card;Paid
O01828;COD;Paid
O01829;Credit Card;Paid
O01830;Transfer;Failed
O01831;COD;Paid
O01832;E-Wallet;Paid
O01833;Transfer;Failed
O01834;COD;Paid
O01835;QRIS;Failed
O01836;E-Wallet;Paid
O01837;E-Wallet;Paid
O01838;Credit Card;Failed
O01839;QRIS;Paid
O01840;Transfer;Failed
O01841;COD;Failed
O01842;Transfer;Paid
O01843;Credit Card;Paid
O01844;E-Wallet;Paid
O01845;Transfer;Paid
O01846;E-Wallet;Paid
O01847;QRIS;Paid
O01848;QRIS;Paid
O01849;Credit Card;Paid
O01850;COD;Paid
O01851;Transfer;Paid
O01852;Transfer;Paid
O01853;Transfer;Failed
O01854;QRIS;Paid
O01855;QRIS;Failed
O01856;COD;Paid
O01857;COD;Paid
O01858;E-Wallet;Paid
O01859;Transfer;Paid
O01860;Credit Card;Paid
O01861;Credit Card;Paid
O01862;QRIS;Paid
O01863;Credit Card;Paid
O01864;COD;Failed
O01865;COD;Paid
O01866;Transfer;Paid
O01867;E-Wallet;Paid
O01868;Credit Card;Failed
O01869;COD;Paid
O01870;Credit Card;Paid
O01871;COD;Paid
O01872;COD;Paid
O01873;Transfer;Failed
O01874;Transfer;Paid
O01875;E-Wallet;Paid
O01876;Transfer;Paid
O01877;Credit Card;Paid
O01878;COD;Paid
O01879;COD;Paid
O01880;COD;Failed
O01881;COD;Failed
O01882;COD;Paid
O01883;QRIS;Paid
O01884;Transfer;Paid
O01885;Transfer;Paid
O01886;COD;Failed
O01887;Credit Card;Paid
O01888;Transfer;Paid
O01889;COD;Failed
O01890;Transfer;Failed
O01891;E-Wallet;Paid
O01892;E-Wallet;Paid
O01893;Transfer;Paid
O01894;COD;Failed
O01895;E-Wallet;Paid
O01896;Credit Card;Paid
O01897;E-Wallet;Paid
O01898;Credit Card;Paid
O01899;Credit Card;Failed
O01900;Credit Card;Paid
O01901;Transfer;Paid
O01902;E-Wallet;Failed
O01903;QRIS;Failed
O01904;QRIS;Paid
O01905;Transfer;Failed
O01906;COD;Paid
O01907;E-Wallet;Paid
O01908;E-Wallet;Failed
O01909;E-Wallet;Paid
O01910;QRIS;Paid
O01911;E-Wallet;Paid
O01912;E-Wallet;Failed
O01913;Credit Card;Paid
O01914;E-Wallet;Paid
O01915;Transfer;Failed
O01916;Credit Card;Paid
O01917;QRIS;Paid
O01918;QRIS;Paid
O01919;COD;Paid
O01920;Credit Card;Failed
O01921;COD;Paid
O01922;QRIS;Failed
O01923;E-Wallet;Paid
O01924;Transfer;Failed
O01925;E-Wallet;Paid
O01926;COD;Paid
O01927;E-Wallet;Failed
O01928;Credit Card;Paid
O01929;Transfer;Paid
O01930;Credit Card;Paid
O01931;COD;Paid
O01932;E-Wallet;Paid
O01933;E-Wallet;Failed
O01934;E-Wallet;Failed
O01935;Credit Card;Failed
O01936;QRIS;Paid
O01937;QRIS;Paid
O01938;COD;Failed
O01939;QRIS;Paid
O01940;Transfer;Failed
O01941;COD;Paid
O01942;Credit Card;Paid
O01943;Transfer;Paid
O01944;Transfer;Paid
O01945;Transfer;Failed
O01946;Credit Card;Paid
O01947;QRIS;Paid
O01948;COD;Paid
O01949;Credit Card;Paid
O01950;COD;Paid
O01951;COD;Paid
O01952;E-Wallet;Paid
O01953;Credit Card;Paid
O01954;Credit Card;Paid
O01955;Credit Card;Paid
O01956;Transfer;Paid
O01957;E-Wallet;Paid
O01958;Transfer;Paid
O01959;E-Wallet;Failed
O01960;E-Wallet;Failed
O01961;QRIS;Paid
O01962;Credit Card;Paid
O01963;Credit Card;Paid
O01964;COD;Paid
O01965;QRIS;Paid
O01966;COD;Failed
O01967;QRIS;Paid
O01968;Credit Card;Paid
O01969;Credit Card;Failed
O01970;COD;Paid
O01971;QRIS;Paid
O01972;Credit Card;Paid
O01973;E-Wallet;Paid
O01974;E-Wallet;Paid
O01975;Credit Card;Paid
O01976;QRIS;Failed
O01977;Credit Card;Failed
O01978;Transfer;Paid
O01979;QRIS;Failed
O01980;QRIS;Paid
O01981;Credit Card;Failed
O01982;COD;Paid
O01983;Transfer;Failed
O01984;COD;Paid
O01985;Transfer;Paid
O01986;Credit Card;Failed
O01987;QRIS;Failed
O01988;Transfer;Paid
O01989;E-Wallet;Paid
O01990;Transfer;Failed
O01991;QRIS;Paid
O01992;QRIS;Paid
O01993;E-Wallet;Paid
O01994;COD;Paid
O01995;COD;Failed
O01996;Credit Card;Paid
O01997;Credit Card;Paid
O01998;QRIS;Paid
O01999;E-Wallet;Paid
O02000;QRIS;Paid
O02001;Transfer;Paid
O02002;Transfer;Paid
O02003;COD;Paid
O02004;Transfer;Failed
O02005;Transfer;Failed
O02006;COD;Failed
O02007;Transfer;Paid
O02008;Transfer;Paid
O02009;Credit Card;Paid
O02010;COD;Failed
O02011;QRIS;Paid
O02012;Credit Card;Paid
O02013;E-Wallet;Paid
O02014;Credit Card;Paid
O02015;E-Wallet;Failed
O02016;E-Wallet;Failed
O02017;E-Wallet;Paid
O02018;E-Wallet;Failed
O02019;Transfer;Paid
O02020;E-Wallet;Failed
O02021;COD;Paid
O02022;QRIS;Paid
O02023;Transfer;Failed
O02024;COD;Paid
O02025;E-Wallet;Paid
O02026;Credit Card;Failed
O02027;E-Wallet;Paid
O02028;COD;Paid
O02029;QRIS;Paid
O02030;Transfer;Paid
O02031;Transfer;Paid
O02032;Credit Card;Paid
O02033;COD;Paid
O02034;Transfer;Paid
O02035;COD;Paid
O02036;QRIS;Failed
O02037;Transfer;Failed
O02038;E-Wallet;Failed
O02039;E-Wallet;Paid
O02040;COD;Failed
O02041;E-Wallet;Paid
O02042;COD;Paid
O02043;QRIS;Paid
O02044;Transfer;Paid
O02045;Transfer;Paid
O02046;Credit Card;Failed
O02047;QRIS;Paid
O02048;COD;Paid
O02049;COD;Paid
O02050;QRIS;Paid
O02051;QRIS;Paid
O02052;E-Wallet;Paid
O02053;E-Wallet;Paid
O02054;COD;Paid
O02055;E-Wallet;Failed
O02056;Credit Card;Paid
O02057;Credit Card;Paid
O02058;Credit Card;Paid
O02059;E-Wallet;Failed
O02060;COD;Paid
O02061;COD;Paid
O02062;Credit Card;Failed
O02063;E-Wallet;Paid
O02064;E-Wallet;Paid
O02065;Transfer;Paid
O02066;COD;Paid
O02067;Credit Card;Paid
O02068;COD;Failed
O02069;E-Wallet;Paid
O02070;E-Wallet;Paid
O02071;COD;Paid
O02072;COD;Paid
O02073;E-Wallet;Paid
O02074;COD;Paid
O02075;E-Wallet;Paid
O02076;Credit Card;Paid
O02077;Credit Card;Paid
O02078;Credit Card;Paid
O02079;Transfer;Paid
O02080;COD;Paid
O02081;Credit Card;Paid
O02082;COD;Paid
O02083;QRIS;Paid
O02084;Transfer;Paid
O02085;E-Wallet;Failed
O02086;QRIS;Paid
O02087;Credit Card;Paid
O02088;Credit Card;Paid
O02089;Credit Card;Paid
O02090;Credit Card;Failed
O02091;Transfer;Failed
O02092;Credit Card;Paid
O02093;E-Wallet;Paid
O02094;E-Wallet;Paid
O02095;Transfer;Paid
O02096;COD;Failed
O02097;Transfer;Paid
O02098;QRIS;Paid
O02099;Credit Card;Paid
O02100;Credit Card;Paid
O02101;COD;Paid
O02102;QRIS;Paid
O02103;QRIS;Paid
O02104;Credit Card;Paid
O02105;COD;Failed
O02106;QRIS;Paid
O02107;QRIS;Paid
O02108;Credit Card;Failed
O02109;Credit Card;Paid
O02110;E-Wallet;Failed
O02111;E-Wallet;Paid
O02112;COD;Paid
O02113;QRIS;Failed
O02114;Transfer;Paid
O02115;Credit Card;Paid
O02116;Transfer;Paid
O02117;Credit Card;Paid
O02118;Credit Card;Paid
O02119;Transfer;Paid
O02120;COD;Paid
O02121;QRIS;Failed
O02122;Credit Card;Paid
O02123;Transfer;Paid
O02124;QRIS;Paid
O02125;Transfer;Paid
O02126;Credit Card;Paid
O02127;E-Wallet;Failed
O02128;Credit Card;Paid
O02129;Credit Card;Paid
O02130;Transfer;Paid
O02131;COD;Paid
O02132;QRIS;Paid
O02133;Credit Card;Failed
O02134;COD;Paid
O02135;QRIS;Paid
O02136;QRIS;Paid
O02137;E-Wallet;Failed
O02138;Credit Card;Paid
O02139;COD;Paid
O02140;QRIS;Paid
O02141;Transfer;Paid
O02142;Transfer;Failed
O02143;E-Wallet;Failed
O02144;COD;Paid
O02145;Credit Card;Paid
O02146;Transfer;Paid
O02147;COD;Paid
O02148;COD;Paid
O02149;QRIS;Paid
O02150;Credit Card;Paid
O02151;Transfer;Paid
O02152;Credit Card;Paid
O02153;E-Wallet;Paid
O02154;COD;Failed
O02155;E-Wallet;Paid
O02156;Credit Card;Paid
O02157;Transfer;Paid
O02158;E-Wallet;Paid
O02159;Transfer;Paid
O02160;COD;Failed
O02161;Transfer;Paid
O02162;QRIS;Paid
O02163;Credit Card;Paid
O02164;Transfer;Paid
O02165;COD;Paid
O02166;COD;Paid
O02167;Transfer;Paid
O02168;QRIS;Paid
O02169;E-Wallet;Paid
O02170;E-Wallet;Paid
O02171;Credit Card;Paid
O02172;QRIS;Paid
O02173;E-Wallet;Failed
O02174;QRIS;Failed
O02175;E-Wallet;Paid
O02176;Transfer;Paid
O02177;COD;Paid
O02178;Transfer;Paid
O02179;COD;Paid
O02180;Credit Card;Paid
O02181;QRIS;Failed
O02182;COD;Paid
O02183;QRIS;Paid
O02184;E-Wallet;Paid
O02185;QRIS;Paid
O02186;Credit Card;Failed
O02187;Transfer;Failed
O02188;E-Wallet;Paid
O02189;E-Wallet;Failed
O02190;E-Wallet;Paid
O02191;COD;Paid
O02192;COD;Failed
O02193;E-Wallet;Paid
O02194;QRIS;Paid
O02195;QRIS;Paid
O02196;QRIS;Paid
O02197;QRIS;Failed
O02198;Transfer;Paid
O02199;COD;Paid
O02200;E-Wallet;Paid
O02201;Credit Card;Paid
O02202;E-Wallet;Paid
O02203;E-Wallet;Paid
O02204;COD;Failed
O02205;E-Wallet;Failed
O02206;Credit Card;Paid
O02207;E-Wallet;Paid
O02208;Transfer;Failed
O02209;Credit Card;Failed
O02210;Transfer;Paid
O02211;E-Wallet;Failed
O02212;Credit Card;Failed
O02213;Transfer;Failed
O02214;E-Wallet;Paid
O02215;Transfer;Failed
O02216;COD;Paid
O02217;E-Wallet;Failed
O02218;E-Wallet;Paid
O02219;COD;Paid
O02220;QRIS;Failed
O02221;E-Wallet;Failed
O02222;Transfer;Paid
O02223;E-Wallet;Failed
O02224;Credit Card;Paid
O02225;QRIS;Paid
O02226;COD;Paid
O02227;Transfer;Paid
O02228;E-Wallet;Paid
O02229;Credit Card;Paid
O02230;Credit Card;Failed
O02231;QRIS;Paid
O02232;Credit Card;Failed
O02233;E-Wallet;Failed
O02234;QRIS;Paid
O02235;QRIS;Paid
O02236;Credit Card;Paid
O02237;Credit Card;Paid
O02238;Transfer;Failed
O02239;COD;Paid
O02240;COD;Paid
O02241;COD;Paid
O02242;Transfer;Paid
O02243;Transfer;Paid
O02244;QRIS;Paid
O02245;Transfer;Paid
O02246;E-Wallet;Failed
O02247;QRIS;Paid
O02248;Transfer;Paid
O02249;Transfer;Failed
O02250;QRIS;Paid
O02251;Transfer;Paid
O02252;E-Wallet;Failed
O02253;Transfer;Paid
O02254;COD;Paid
O02255;Credit Card;Failed
O02256;Credit Card;Failed
O02257;Credit Card;Failed
O02258;COD;Failed
O02259;QRIS;Paid
O02260;Transfer;Failed
O02261;COD;Paid
O02262;E-Wallet;Paid
O02263;Transfer;Failed
O02264;Transfer;Paid
O02265;Credit Card;Paid
O02266;QRIS;Paid
O02267;E-Wallet;Paid
O02268;Credit Card;Paid
O02269;Transfer;Paid
O02270;Transfer;Paid
O02271;E-Wallet;Paid
O02272;QRIS;Paid
O02273;Credit Card;Paid
O02274;Transfer;Paid
O02275;Transfer;Paid
O02276;Transfer;Paid
O02277;Credit Card;Failed
O02278;Credit Card;Paid
O02279;Transfer;Failed
O02280;Credit Card;Failed
O02281;E-Wallet;Failed
O02282;COD;Paid
O02283;Transfer;Paid
O02284;QRIS;Paid
O02285;E-Wallet;Paid
O02286;E-Wallet;Paid
O02287;COD;Failed
O02288;E-Wallet;Failed
O02289;QRIS;Paid
O02290;Credit Card;Paid
O02291;Transfer;Paid
O02292;COD;Failed
O02293;E-Wallet;Paid
O02294;COD;Paid
O02295;COD;Paid
O02296;E-Wallet;Paid
O02297;Transfer;Failed
O02298;E-Wallet;Paid
O02299;Credit Card;Paid
O02300;COD;Failed
O02301;E-Wallet;Paid
O02302;COD;Paid
O02303;QRIS;Paid
O02304;Credit Card;Paid
O02305;Transfer;Paid
O02306;Transfer;Paid
O02307;COD;Paid
O02308;Transfer;Failed
O02309;E-Wallet;Failed
O02310;E-Wallet;Paid
O02311;Credit Card;Failed
O02312;E-Wallet;Paid
O02313;QRIS;Paid
O02314;Transfer;Paid
O02315;E-Wallet;Paid
O02316;E-Wallet;Paid
O02317;E-Wallet;Paid
O02318;Transfer;Paid
O02319;QRIS;Paid
O02320;QRIS;Paid
O02321;Credit Card;Paid
O02322;COD;Failed
O02323;E-Wallet;Paid
O02324;E-Wallet;Paid
O02325;Credit Card;Paid
O02326;Transfer;Paid
O02327;QRIS;Paid
O02328;COD;Paid
O02329;E-Wallet;Paid
O02330;Credit Card;Failed
O02331;Credit Card;Paid
O02332;Credit Card;Paid
O02333;COD;Paid
O02334;QRIS;Paid
O02335;QRIS;Failed
O02336;Credit Card;Paid
O02337;COD;Paid
O02338;COD;Paid
O02339;Credit Card;Failed
O02340;Transfer;Paid
O02341;COD;Failed
O02342;QRIS;Paid
O02343;QRIS;Paid
O02344;Credit Card;Paid
O02345;E-Wallet;Failed
O02346;COD;Paid
O02347;COD;Failed
O02348;E-Wallet;Paid
O02349;QRIS;Paid
O02350;QRIS;Paid
O02351;COD;Failed
O02352;QRIS;Paid
O02353;Credit Card;Paid
O02354;QRIS;Paid
O02355;Credit Card;Paid
O02356;E-Wallet;Paid
O02357;Credit Card;Paid
O02358;Credit Card;Paid
O02359;COD;Paid
O02360;Transfer;Paid
O02361;Credit Card;Paid
O02362;Transfer;Paid
O02363;QRIS;Paid
O02364;E-Wallet;Paid
O02365;COD;Paid
O02366;Transfer;Failed
O02367;Credit Card;Paid
O02368;QRIS;Paid
O02369;QRIS;Failed
O02370;Credit Card;Paid
O02371;COD;Paid
O02372;E-Wallet;Paid
O02373;COD;Paid
O02374;Credit Card;Paid
O02375;QRIS;Paid
O02376;QRIS;Failed
O02377;COD;Paid
O02378;Credit Card;Failed
O02379;COD;Paid
O02380;QRIS;Paid
O02381;COD;Failed
O02382;Transfer;Failed
O02383;E-Wallet;Paid
O02384;QRIS;Failed
O02385;COD;Paid
O02386;Credit Card;Paid
O02387;COD;Failed
O02388;Transfer;Paid
O02389;Credit Card;Failed
O02390;Credit Card;Paid
O02391;Credit Card;Paid
O02392;QRIS;Paid
O02393;E-Wallet;Paid
O02394;Credit Card;Paid
O02395;Transfer;Paid
O02396;Transfer;Failed
O02397;QRIS;Failed
O02398;COD;Paid
O02399;QRIS;Failed
O02400;Credit Card;Paid
O02401;E-Wallet;Paid
O02402;Credit Card;Paid
O02403;COD;Paid
O02404;QRIS;Failed
O02405;Transfer;Failed
O02406;COD;Paid
O02407;Credit Card;Paid
O02408;Credit Card;Failed
O02409;Transfer;Failed
O02410;E-Wallet;Failed
O02411;COD;Paid
O02412;QRIS;Paid
O02413;Transfer;Paid
O02414;Credit Card;Paid
O02415;Transfer;Failed
O02416;Transfer;Paid
O02417;Credit Card;Paid
O02418;Credit Card;Paid
O02419;QRIS;Paid
O02420;E-Wallet;Paid
O02421;Transfer;Paid
O02422;Credit Card;Paid
O02423;Credit Card;Paid
O02424;QRIS;Paid
O02425;E-Wallet;Paid
O02426;QRIS;Paid
O02427;Transfer;Paid
O02428;E-Wallet;Failed
O02429;QRIS;Paid
O02430;Transfer;Paid
O02431;QRIS;Failed
O02432;Credit Card;Paid
O02433;Transfer;Paid
O02434;COD;Failed
O02435;E-Wallet;Paid
O02436;E-Wallet;Paid
O02437;COD;Failed
O02438;Credit Card;Paid
O02439;COD;Failed
O02440;COD;Paid
O02441;QRIS;Failed
O02442;QRIS;Paid
O02443;E-Wallet;Paid
O02444;E-Wallet;Paid
O02445;Transfer;Failed
O02446;E-Wallet;Failed
O02447;Transfer;Paid
O02448;COD;Paid
O02449;QRIS;Paid
O02450;QRIS;Paid
O02451;QRIS;Paid
O02452;COD;Failed
O02453;Credit Card;Paid
O02454;COD;Paid
O02455;Credit Card;Paid
O02456;Transfer;Failed
O02457;COD;Paid
O02458;QRIS;Paid
O02459;E-Wallet;Paid
O02460;COD;Paid
O02461;QRIS;Paid
O02462;QRIS;Paid
O02463;QRIS;Paid
O02464;Credit Card;Failed
O02465;Credit Card;Failed
O02466;Transfer;Paid
O02467;E-Wallet;Failed
O02468;Transfer;Paid
O02469;COD;Paid
O02470;QRIS;Paid
O02471;E-Wallet;Paid
O02472;Transfer;Paid
O02473;Transfer;Paid
O02474;Credit Card;Failed
O02475;E-Wallet;Failed
O02476;E-Wallet;Failed
O02477;COD;Paid
O02478;QRIS;Failed
O02479;Transfer;Paid
O02480;QRIS;Failed
O02481;Credit Card;Paid
O02482;COD;Paid
O02483;COD;Paid
O02484;Credit Card;Paid
O02485;QRIS;Failed
O02486;E-Wallet;Paid
O02487;COD;Failed
O02488;Transfer;Paid
O02489;Transfer;Failed
O02490;Credit Card;Paid
O02491;Credit Card;Failed
O02492;Transfer;Failed
O02493;COD;Paid
O02494;Credit Card;Paid
O02495;QRIS;Paid
O02496;COD;Paid
O02497;Credit Card;Paid
O02498;E-Wallet;Failed
O02499;COD;Paid
O02500;Credit Card;Paid
O02501;Credit Card;Paid
O02502;Transfer;Paid
O02503;COD;Failed
O02504;QRIS;Failed
O02505;COD;Failed
O02506;COD;Failed
O02507;QRIS;Paid
O02508;Transfer;Failed
O02509;Credit Card;Failed
O02510;Credit Card;Paid
O02511;Credit Card;Paid
O02512;Transfer;Paid
O02513;COD;Paid
O02514;QRIS;Paid
O02515;Transfer;Paid
O02516;Credit Card;Paid
O02517;Credit Card;Failed
O02518;COD;Failed
O02519;E-Wallet;Paid
O02520;Credit Card;Paid
O02521;Credit Card;Paid
O02522;Transfer;Paid
O02523;Credit Card;Paid
O02524;QRIS;Paid
O02525;QRIS;Paid
O02526;COD;Paid
O02527;Transfer;Paid
O02528;Credit Card;Paid
O02529;E-Wallet;Paid
O02530;Transfer;Failed
O02531;Transfer;Failed
O02532;QRIS;Paid
O02533;Credit Card;Paid
O02534;Credit Card;Paid
O02535;COD;Paid
O02536;QRIS;Paid
O02537;Transfer;Failed
O02538;Credit Card;Paid
O02539;E-Wallet;Failed
O02540;E-Wallet;Paid
O02541;Transfer;Paid
O02542;E-Wallet;Paid
O02543;COD;Failed
O02544;QRIS;Paid
O02545;COD;Paid
O02546;COD;Paid
O02547;QRIS;Paid
O02548;E-Wallet;Failed
O02549;E-Wallet;Paid
O02550;Credit Card;Paid
O02551;Credit Card;Paid
O02552;COD;Paid
O02553;QRIS;Paid
O02554;QRIS;Paid
O02555;Transfer;Paid
O02556;E-Wallet;Paid
O02557;Credit Card;Paid
O02558;Transfer;Failed
O02559;Transfer;Paid
O02560;Credit Card;Paid
O02561;QRIS;Paid
O02562;COD;Failed
O02563;COD;Paid
O02564;QRIS;Paid
O02565;COD;Paid
O02566;QRIS;Paid
O02567;E-Wallet;Paid
O02568;COD;Paid
O02569;Credit Card;Paid
O02570;Credit Card;Failed
O02571;Credit Card;Paid
O02572;Transfer;Paid
O02573;Credit Card;Paid
O02574;Transfer;Failed
O02575;E-Wallet;Failed
O02576;COD;Paid
O02577;COD;Failed
O02578;E-Wallet;Paid
O02579;Transfer;Failed
O02580;QRIS;Paid
O02581;COD;Failed
O02582;COD;Paid
O02583;Credit Card;Paid
O02584;QRIS;Paid
O02585;COD;Failed
O02586;Transfer;Paid
O02587;QRIS;Paid
O02588;QRIS;Paid
O02589;Credit Card;Paid
O02590;E-Wallet;Paid
O02591;Transfer;Paid
O02592;E-Wallet;Paid
O02593;Credit Card;Paid
O02594;QRIS;Paid
O02595;Transfer;Paid
O02596;Credit Card;Paid
O02597;Credit Card;Paid
O02598;COD;Paid
O02599;Credit Card;Paid
O02600;COD;Paid
O02601;COD;Failed
O02602;QRIS;Paid
O02603;Credit Card;Failed
O02604;COD;Paid
O02605;QRIS;Paid
O02606;Credit Card;Paid
O02607;Credit Card;Paid
O02608;QRIS;Paid
O02609;Transfer;Paid
O02610;Credit Card;Paid
O02611;COD;Failed
O02612;E-Wallet;Paid
O02613;E-Wallet;Paid
O02614;QRIS;Paid
O02615;COD;Paid
O02616;Credit Card;Failed
O02617;Transfer;Paid
O02618;Credit Card;Paid
O02619;Credit Card;Failed
O02620;QRIS;Paid
O02621;Credit Card;Paid
O02622;E-Wallet;Failed
O02623;QRIS;Paid
O02624;E-Wallet;Failed
O02625;Credit Card;Paid
O02626;E-Wallet;Paid
O02627;Transfer;Paid
O02628;E-Wallet;Paid
O02629;Transfer;Paid
O02630;E-Wallet;Paid
O02631;COD;Paid
O02632;E-Wallet;Failed
O02633;E-Wallet;Paid
O02634;Transfer;Paid
O02635;Transfer;Paid
O02636;E-Wallet;Paid
O02637;Credit Card;Paid
O02638;Credit Card;Paid
O02639;Credit Card;Paid
O02640;E-Wallet;Failed
O02641;COD;Paid
O02642;COD;Paid
O02643;Credit Card;Paid
O02644;Transfer;Paid
O02645;Credit Card;Paid
O02646;E-Wallet;Failed
O02647;COD;Failed
O02648;Credit Card;Paid
O02649;QRIS;Paid
O02650;E-Wallet;Paid
O02651;Transfer;Paid
O02652;Transfer;Paid
O02653;Credit Card;Paid
O02654;Credit Card;Paid
O02655;Credit Card;Paid
O02656;Credit Card;Failed
O02657;Credit Card;Paid
O02658;COD;Paid
O02659;COD;Paid
O02660;COD;Paid
O02661;Transfer;Paid
O02662;E-Wallet;Paid
O02663;QRIS;Paid
O02664;QRIS;Paid
O02665;COD;Failed
O02666;E-Wallet;Paid
O02667;QRIS;Failed
O02668;Credit Card;Paid
O02669;E-Wallet;Paid
O02670;Credit Card;Failed
O02671;E-Wallet;Paid
O02672;Credit Card;Failed
O02673;Credit Card;Failed
O02674;COD;Failed
O02675;QRIS;Paid
O02676;COD;Failed
O02677;E-Wallet;Paid
O02678;E-Wallet;Paid
O02679;COD;Paid
O02680;COD;Paid
O02681;E-Wallet;Paid
O02682;E-Wallet;Paid
O02683;Credit Card;Failed
O02684;E-Wallet;Paid
O02685;QRIS;Paid
O02686;COD;Failed
O02687;QRIS;Paid
O02688;E-Wallet;Paid
O02689;QRIS;Paid
O02690;COD;Paid
O02691;QRIS;Paid
O02692;QRIS;Paid
O02693;Transfer;Paid
O02694;Transfer;Paid
O02695;QRIS;Paid
O02696;QRIS;Paid
O02697;COD;Paid
O02698;COD;Failed
O02699;E-Wallet;Failed
O02700;QRIS;Paid
O02701;COD;Paid
O02702;Transfer;Paid
O02703;E-Wallet;Paid
O02704;Transfer;Failed
O02705;Transfer;Paid
O02706;Credit Card;Paid
O02707;QRIS;Paid
O02708;COD;Failed
O02709;Credit Card;Paid
O02710;E-Wallet;Paid
O02711;Credit Card;Paid
O02712;Transfer;Paid
O02713;QRIS;Paid
O02714;Credit Card;Paid
O02715;COD;Failed
O02716;QRIS;Paid
O02717;Credit Card;Paid
O02718;Transfer;Paid
O02719;Credit Card;Paid
O02720;COD;Paid
O02721;E-Wallet;Paid
O02722;Transfer;Paid
O02723;Transfer;Paid
O02724;Credit Card;Failed
O02725;Transfer;Paid
O02726;COD;Failed
O02727;E-Wallet;Failed
O02728;E-Wallet;Paid
O02729;Transfer;Paid
O02730;COD;Paid
O02731;Transfer;Paid
O02732;Credit Card;Paid
O02733;Transfer;Paid
O02734;COD;Failed
O02735;E-Wallet;Paid
O02736;QRIS;Paid
O02737;COD;Failed
O02738;Transfer;Paid
O02739;Credit Card;Paid
O02740;Transfer;Paid
O02741;Credit Card;Paid
O02742;COD;Paid
O02743;QRIS;Failed
O02744;QRIS;Failed
O02745;QRIS;Paid
O02746;Transfer;Failed
O02747;Credit Card;Failed
O02748;QRIS;Paid
O02749;Transfer;Paid
O02750;Credit Card;Paid
O02751;QRIS;Paid
O02752;QRIS;Paid
O02753;QRIS;Failed
O02754;COD;Paid
O02755;E-Wallet;Paid
O02756;Transfer;Failed
O02757;Transfer;Failed
O02758;COD;Paid
O02759;Transfer;Paid
O02760;COD;Paid
O02761;COD;Paid
O02762;Transfer;Failed
O02763;QRIS;Paid
O02764;COD;Failed
O02765;Credit Card;Paid
O02766;QRIS;Paid
O02767;E-Wallet;Failed
O02768;COD;Failed
O02769;COD;Paid
O02770;COD;Paid
O02771;E-Wallet;Paid
O02772;QRIS;Paid
O02773;E-Wallet;Paid
O02774;Transfer;Paid
O02775;COD;Paid
O02776;Credit Card;Paid
O02777;E-Wallet;Failed
O02778;E-Wallet;Failed
O02779;E-Wallet;Paid
O02780;Credit Card;Paid
O02781;Credit Card;Paid
O02782;Transfer;Paid
O02783;Transfer;Failed
O02784;QRIS;Paid
O02785;Credit Card;Paid
O02786;E-Wallet;Failed
O02787;COD;Paid
O02788;Transfer;Paid
O02789;E-Wallet;Paid
O02790;Transfer;Paid
O02791;COD;Paid
O02792;Transfer;Failed
O02793;E-Wallet;Paid
O02794;Transfer;Paid
O02795;E-Wallet;Paid
O02796;E-Wallet;Failed
O02797;COD;Paid
O02798;Transfer;Paid
O02799;Credit Card;Paid
O02800;COD;Paid
O02801;Transfer;Paid
O02802;Transfer;Paid
O02803;E-Wallet;Paid
O02804;QRIS;Failed
O02805;QRIS;Paid
O02806;E-Wallet;Failed
O02807;COD;Failed
O02808;Transfer;Paid
O02809;E-Wallet;Paid
O02810;E-Wallet;Paid
O02811;Transfer;Paid
O02812;Credit Card;Failed
O02813;Credit Card;Failed
O02814;COD;Failed
O02815;Credit Card;Paid
O02816;QRIS;Paid
O02817;QRIS;Paid
O02818;Transfer;Paid
O02819;COD;Paid
O02820;E-Wallet;Paid
O02821;E-Wallet;Paid
O02822;E-Wallet;Failed
O02823;QRIS;Paid
O02824;COD;Paid
O02825;Transfer;Paid
O02826;COD;Paid
O02827;COD;Failed
O02828;COD;Paid
O02829;QRIS;Failed
O02830;Transfer;Paid
O02831;E-Wallet;Paid
O02832;QRIS;Failed
O02833;COD;Paid
O02834;COD;Paid
O02835;E-Wallet;Paid
O02836;COD;Paid
O02837;Credit Card;Paid
O02838;QRIS;Paid
O02839;Transfer;Paid
O02840;COD;Failed
O02841;QRIS;Paid
O02842;Transfer;Failed
O02843;E-Wallet;Paid
O02844;QRIS;Paid
O02845;COD;Failed
O02846;QRIS;Paid
O02847;Credit Card;Paid
O02848;E-Wallet;Failed
O02849;E-Wallet;Paid
O02850;E-Wallet;Paid
O02851;E-Wallet;Paid
O02852;Credit Card;Paid
O02853;Transfer;Paid
O02854;COD;Paid
O02855;COD;Paid
O02856;COD;Paid
O02857;Credit Card;Paid
O02858;Credit Card;Paid
O02859;Transfer;Paid
O02860;Transfer;Paid
O02861;Transfer;Paid
O02862;Credit Card;Failed
O02863;COD;Failed
O02864;E-Wallet;Paid
O02865;Transfer;Failed
O02866;QRIS;Paid
O02867;COD;Failed
O02868;Transfer;Paid
O02869;COD;Failed
O02870;Credit Card;Paid
O02871;COD;Paid
O02872;Credit Card;Paid
O02873;QRIS;Failed
O02874;Transfer;Paid
O02875;QRIS;Paid
O02876;COD;Paid
O02877;Transfer;Paid
O02878;E-Wallet;Paid
O02879;Credit Card;Paid
O02880;QRIS;Paid
O02881;Transfer;Paid
O02882;Credit Card;Paid
O02883;E-Wallet;Failed
O02884;E-Wallet;Paid
O02885;COD;Failed
O02886;Transfer;Paid
O02887;E-Wallet;Failed
O02888;E-Wallet;Paid
O02889;E-Wallet;Paid
O02890;QRIS;Failed
O02891;Credit Card;Failed
O02892;Credit Card;Paid
O02893;Transfer;Paid
O02894;Credit Card;Paid
O02895;QRIS;Paid
O02896;QRIS;Failed
O02897;Transfer;Paid
O02898;E-Wallet;Paid
O02899;E-Wallet;Paid
O02900;QRIS;Paid
O02901;COD;Failed
O02902;COD;Paid
O02903;E-Wallet;Failed
O02904;Transfer;Paid
O02905;QRIS;Paid
O02906;E-Wallet;Paid
O02907;QRIS;Paid
O02908;Credit Card;Failed
O02909;Transfer;Paid
O02910;Transfer;Paid
O02911;Transfer;Failed
O02912;QRIS;Failed
O02913;E-Wallet;Paid
O02914;QRIS;Paid
O02915;QRIS;Failed
O02916;COD;Paid
O02917;E-Wallet;Paid
O02918;Transfer;Failed
O02919;COD;Paid
O02920;E-Wallet;Paid
O02921;Credit Card;Paid
O02922;QRIS;Paid
O02923;COD;Paid
O02924;COD;Failed
O02925;QRIS;Paid
O02926;QRIS;Paid
O02927;QRIS;Paid
O02928;Transfer;Paid
O02929;E-Wallet;Paid
O02930;E-Wallet;Paid
O02931;Credit Card;Paid
O02932;Credit Card;Failed
O02933;Transfer;Failed
O02934;Credit Card;Paid
O02935;COD;Failed
O02936;QRIS;Failed
O02937;Transfer;Paid
O02938;QRIS;Paid
O02939;Transfer;Paid
O02940;E-Wallet;Paid
O02941;QRIS;Paid
O02942;E-Wallet;Paid
O02943;QRIS;Paid
O02944;Transfer;Failed
O02945;Transfer;Failed
O02946;COD;Paid
O02947;COD;Failed
O02948;Transfer;Paid
O02949;E-Wallet;Paid
O02950;Transfer;Paid
O02951;Transfer;Failed
O02952;E-Wallet;Paid
O02953;COD;Paid
O02954;E-Wallet;Failed
O02955;QRIS;Paid
O02956;COD;Paid
O02957;QRIS;Paid
O02958;QRIS;Paid
O02959;COD;Failed
O02960;Credit Card;Paid
O02961;QRIS;Failed
O02962;QRIS;Paid
O02963;E-Wallet;Paid
O02964;QRIS;Paid
O02965;COD;Failed
O02966;E-Wallet;Paid
O02967;E-Wallet;Paid
O02968;Credit Card;Failed
O02969;E-Wallet;Paid
O02970;Transfer;Paid
O02971;E-Wallet;Failed
O02972;COD;Paid
O02973;COD;Paid
O02974;Credit Card;Failed
O02975;COD;Paid
O02976;Credit Card;Paid
O02977;COD;Paid
O02978;Credit Card;Paid
O02979;Credit Card;Paid
O02980;Credit Card;Failed
O02981;QRIS;Paid
O02982;QRIS;Paid
O02983;Transfer;Paid
O02984;Credit Card;Paid
O02985;Transfer;Paid
O02986;COD;Paid
O02987;E-Wallet;Paid
O02988;Transfer;Paid
O02989;QRIS;Failed
O02990;QRIS;Paid
O02991;COD;Failed
O02992;COD;Paid
O02993;QRIS;Paid
O02994;COD;Paid
O02995;Credit Card;Paid
O02996;Transfer;Paid
O02997;E-Wallet;Paid
O02998;QRIS;Paid
O02999;Credit Card;Paid
O03000;COD;Failed
O03001;Credit Card;Paid
O03002;QRIS;Paid
O03003;QRIS;Paid
O03004;Credit Card;Paid
O03005;COD;Paid
O03006;Credit Card;Paid
O03007;Credit Card;Paid
O03008;E-Wallet;Failed
O03009;Credit Card;Failed
O03010;Credit Card;Paid
O03011;COD;Paid
O03012;E-Wallet;Failed
O03013;E-Wallet;Paid
O03014;Transfer;Failed
O03015;E-Wallet;Paid
O03016;COD;Paid
O03017;Credit Card;Failed
O03018;Credit Card;Paid
O03019;Transfer;Paid
O03020;E-Wallet;Failed
O03021;Transfer;Paid
O03022;Transfer;Paid
O03023;Transfer;Failed
O03024;COD;Paid
O03025;Transfer;Paid
O03026;COD;Paid
O03027;COD;Failed
O03028;Credit Card;Failed
O03029;Transfer;Paid
O03030;QRIS;Failed
O03031;COD;Failed
O03032;E-Wallet;Paid
O03033;COD;Paid
O03034;E-Wallet;Paid
O03035;Credit Card;Paid
O03036;E-Wallet;Paid
O03037;COD;Paid
O03038;COD;Paid
O03039;Transfer;Paid
O03040;QRIS;Paid
O03041;Credit Card;Paid
O03042;E-Wallet;Paid
O03043;Transfer;Paid
O03044;COD;Paid
O03045;Transfer;Failed
O03046;COD;Paid
O03047;QRIS;Failed
O03048;COD;Paid
O03049;QRIS;Paid
O03050;Credit Card;Paid
O03051;QRIS;Paid
O03052;QRIS;Paid
O03053;COD;Paid
O03054;Credit Card;Paid
O03055;QRIS;Paid
O03056;Credit Card;Failed
O03057;Credit Card;Paid
O03058;Credit Card;Paid
O03059;Credit Card;Paid
O03060;Credit Card;Paid
O03061;E-Wallet;Paid
O03062;Transfer;Paid
O03063;QRIS;Paid
O03064;COD;Paid
O03065;QRIS;Paid
O03066;COD;Failed
O03067;QRIS;Paid
O03068;E-Wallet;Failed
O03069;Credit Card;Paid
O03070;Credit Card;Paid
O03071;QRIS;Paid
O03072;Credit Card;Paid
O03073;QRIS;Failed
O03074;Transfer;Failed
O03075;E-Wallet;Paid
O03076;Transfer;Paid
O03077;Credit Card;Paid
O03078;Credit Card;Paid
O03079;Credit Card;Paid
O03080;QRIS;Paid
O03081;E-Wallet;Failed
O03082;E-Wallet;Paid
O03083;QRIS;Paid
O03084;QRIS;Paid
O03085;Credit Card;Failed
O03086;COD;Paid
O03087;Credit Card;Paid
O03088;Credit Card;Paid
O03089;E-Wallet;Failed
O03090;Credit Card;Paid
O03091;QRIS;Failed
O03092;COD;Paid
O03093;E-Wallet;Paid
O03094;Transfer;Paid
O03095;Credit Card;Paid
O03096;COD;Paid
O03097;E-Wallet;Failed
O03098;COD;Paid
O03099;Credit Card;Paid
O03100;Transfer;Paid
O03101;QRIS;Paid
O03102;QRIS;Paid
O03103;Credit Card;Paid
O03104;Transfer;Failed
O03105;Credit Card;Paid
O03106;E-Wallet;Paid
O03107;COD;Paid
O03108;COD;Paid
O03109;COD;Paid
O03110;Credit Card;Paid
O03111;E-Wallet;Paid
O03112;Credit Card;Paid
O03113;Transfer;Paid
O03114;QRIS;Paid
O03115;Transfer;Paid
O03116;QRIS;Failed
O03117;COD;Paid
O03118;Transfer;Paid
O03119;Credit Card;Failed
O03120;QRIS;Paid
O03121;COD;Paid
O03122;Transfer;Paid
O03123;E-Wallet;Paid
O03124;QRIS;Paid
O03125;Transfer;Failed
O03126;COD;Paid
O03127;QRIS;Paid
O03128;Transfer;Failed
O03129;E-Wallet;Paid
O03130;COD;Paid
O03131;Transfer;Paid
O03132;Credit Card;Paid
O03133;QRIS;Paid
O03134;Credit Card;Paid
O03135;QRIS;Failed
O03136;QRIS;Paid
O03137;E-Wallet;Failed
O03138;Transfer;Paid
O03139;E-Wallet;Paid
O03140;QRIS;Failed
O03141;Credit Card;Failed
O03142;QRIS;Paid
O03143;Credit Card;Paid
O03144;QRIS;Paid
O03145;QRIS;Paid
O03146;QRIS;Paid
O03147;Transfer;Paid
O03148;COD;Paid
O03149;E-Wallet;Paid
O03150;Credit Card;Paid
O03151;COD;Failed
O03152;COD;Paid
O03153;COD;Failed
O03154;Credit Card;Paid
O03155;COD;Paid
O03156;E-Wallet;Paid
O03157;Credit Card;Failed
O03158;COD;Paid
O03159;QRIS;Paid
O03160;E-Wallet;Failed
O03161;COD;Paid
O03162;E-Wallet;Paid
O03163;E-Wallet;Paid
O03164;QRIS;Failed
O03165;QRIS;Failed
O03166;QRIS;Paid
O03167;Transfer;Paid
O03168;E-Wallet;Paid
O03169;QRIS;Paid
O03170;Transfer;Paid
O03171;Credit Card;Failed
O03172;Transfer;Paid
O03173;E-Wallet;Paid
O03174;Transfer;Paid
O03175;Credit Card;Paid
O03176;Credit Card;Failed
O03177;Transfer;Paid
O03178;COD;Paid
O03179;Transfer;Paid
O03180;Transfer;Failed
O03181;Transfer;Paid
O03182;Transfer;Paid
O03183;QRIS;Paid
O03184;COD;Paid
O03185;QRIS;Paid
O03186;E-Wallet;Paid
O03187;Transfer;Paid
O03188;Credit Card;Failed
O03189;QRIS;Paid
O03190;Credit Card;Failed
O03191;E-Wallet;Paid
O03192;QRIS;Failed
O03193;COD;Paid
O03194;COD;Paid
O03195;Credit Card;Paid
O03196;E-Wallet;Paid
O03197;COD;Paid
O03198;COD;Paid
O03199;Transfer;Paid
O03200;COD;Failed
O03201;COD;Failed
O03202;Credit Card;Paid
O03203;QRIS;Paid
O03204;QRIS;Paid
O03205;Credit Card;Paid
O03206;COD;Failed
O03207;Transfer;Paid
O03208;Transfer;Paid
O03209;COD;Paid
O03210;Credit Card;Paid
O03211;COD;Failed
O03212;COD;Paid
O03213;Transfer;Paid
O03214;QRIS;Paid
O03215;QRIS;Failed
O03216;Transfer;Paid
O03217;Transfer;Paid
O03218;COD;Paid
O03219;COD;Paid
O03220;COD;Failed
O03221;QRIS;Paid
O03222;Credit Card;Failed
O03223;COD;Failed
O03224;Transfer;Paid
O03225;COD;Failed
O03226;Transfer;Failed
O03227;COD;Paid
O03228;COD;Paid
O03229;E-Wallet;Failed
O03230;QRIS;Paid
O03231;COD;Paid
O03232;COD;Failed
O03233;E-Wallet;Paid
O03234;Credit Card;Failed
O03235;COD;Failed
O03236;COD;Paid
O03237;COD;Paid
O03238;E-Wallet;Failed
O03239;Credit Card;Paid
O03240;QRIS;Failed
O03241;QRIS;Failed
O03242;QRIS;Paid
O03243;QRIS;Paid
O03244;QRIS;Failed
O03245;Credit Card;Paid
O03246;COD;Paid
O03247;QRIS;Failed
O03248;Transfer;Paid
O03249;QRIS;Paid
O03250;COD;Paid
O03251;E-Wallet;Paid
O03252;Credit Card;Failed
O03253;Transfer;Paid
O03254;COD;Paid
O03255;E-Wallet;Paid
O03256;E-Wallet;Paid
O03257;Credit Card;Paid
O03258;Transfer;Paid
O03259;Transfer;Failed
O03260;Transfer;Paid
O03261;COD;Paid
O03262;Transfer;Paid
O03263;Credit Card;Paid
O03264;Credit Card;Paid
O03265;E-Wallet;Paid
O03266;Credit Card;Failed
O03267;COD;Paid
O03268;Credit Card;Paid
O03269;QRIS;Paid
O03270;QRIS;Failed
O03271;Transfer;Paid
O03272;E-Wallet;Failed
O03273;COD;Failed
O03274;E-Wallet;Paid
O03275;COD;Failed
O03276;QRIS;Paid
O03277;Transfer;Paid
O03278;Transfer;Paid
O03279;Credit Card;Paid
O03280;Transfer;Paid
O03281;QRIS;Paid
O03282;COD;Paid
O03283;E-Wallet;Paid
O03284;Credit Card;Paid
O03285;E-Wallet;Paid
O03286;Credit Card;Failed
O03287;Credit Card;Failed
O03288;QRIS;Failed
O03289;COD;Failed
O03290;COD;Paid
O03291;QRIS;Failed
O03292;COD;Paid
O03293;Credit Card;Paid
O03294;Transfer;Paid
O03295;Transfer;Paid
O03296;QRIS;Paid
O03297;COD;Failed
O03298;Transfer;Paid
O03299;Transfer;Paid
O03300;QRIS;Paid
O03301;Credit Card;Paid
O03302;COD;Paid
O03303;QRIS;Failed
O03304;Credit Card;Failed
O03305;QRIS;Paid
O03306;COD;Failed
O03307;COD;Paid
O03308;Transfer;Paid
O03309;COD;Failed
O03310;QRIS;Paid
O03311;Transfer;Paid
O03312;Credit Card;Paid
O03313;E-Wallet;Failed
O03314;QRIS;Paid
O03315;Credit Card;Paid
O03316;Credit Card;Paid
O03317;Credit Card;Paid
O03318;Transfer;Failed
O03319;E-Wallet;Failed
O03320;COD;Paid
O03321;COD;Paid
O03322;Transfer;Paid
O03323;COD;Paid
O03324;Transfer;Failed
O03325;E-Wallet;Paid
O03326;COD;Paid
O03327;Credit Card;Failed
O03328;QRIS;Paid
O03329;E-Wallet;Paid
O03330;E-Wallet;Paid
O03331;QRIS;Paid
O03332;COD;Paid
O03333;Transfer;Paid
O03334;Transfer;Paid
O03335;Transfer;Paid
O03336;Transfer;Paid
O03337;COD;Paid
O03338;QRIS;Paid
O03339;E-Wallet;Paid
O03340;E-Wallet;Paid
O03341;Transfer;Paid
O03342;COD;Failed
O03343;COD;Paid
O03344;COD;Paid
O03345;COD;Failed
O03346;Transfer;Failed
O03347;E-Wallet;Paid
O03348;Transfer;Paid
O03349;Credit Card;Paid
O03350;E-Wallet;Paid
O03351;QRIS;Paid
O03352;COD;Paid
O03353;COD;Paid
O03354;Credit Card;Paid
O03355;Transfer;Paid
O03356;QRIS;Paid
O03357;COD;Paid
O03358;E-Wallet;Paid
O03359;E-Wallet;Paid
O03360;COD;Paid
O03361;Transfer;Paid
O03362;Credit Card;Paid
O03363;Credit Card;Paid
O03364;E-Wallet;Paid
O03365;Transfer;Failed
O03366;QRIS;Failed
O03367;Credit Card;Failed
O03368;COD;Paid
O03369;Credit Card;Paid
O03370;E-Wallet;Paid
O03371;Transfer;Failed
O03372;E-Wallet;Paid
O03373;Transfer;Failed
O03374;Credit Card;Paid
O03375;E-Wallet;Paid
O03376;E-Wallet;Paid
O03377;E-Wallet;Paid
O03378;E-Wallet;Paid
O03379;Credit Card;Paid
O03380;Transfer;Paid
O03381;QRIS;Paid
O03382;Transfer;Paid
O03383;E-Wallet;Paid
O03384;Credit Card;Failed
O03385;Transfer;Paid
O03386;Credit Card;Paid
O03387;COD;Failed
O03388;E-Wallet;Paid
O03389;Transfer;Paid
O03390;Credit Card;Paid
O03391;E-Wallet;Paid
O03392;E-Wallet;Paid
O03393;Transfer;Paid
O03394;COD;Paid
O03395;QRIS;Paid
O03396;Transfer;Paid
O03397;Credit Card;Failed
O03398;QRIS;Failed
O03399;Credit Card;Paid
O03400;E-Wallet;Paid
O03401;COD;Failed
O03402;Credit Card;Paid
O03403;E-Wallet;Failed
O03404;E-Wallet;Paid
O03405;COD;Paid
O03406;Credit Card;Failed
O03407;QRIS;Paid
O03408;Transfer;Failed
O03409;Credit Card;Paid
O03410;QRIS;Paid
O03411;QRIS;Failed
O03412;E-Wallet;Paid
O03413;Transfer;Failed
O03414;COD;Failed
O03415;Credit Card;Paid
O03416;QRIS;Failed
O03417;E-Wallet;Failed
O03418;COD;Failed
O03419;Transfer;Paid
O03420;Credit Card;Paid
O03421;Transfer;Failed
O03422;E-Wallet;Failed
O03423;Credit Card;Paid
O03424;E-Wallet;Failed
O03425;Transfer;Paid
O03426;Transfer;Paid
O03427;E-Wallet;Paid
O03428;QRIS;Paid
O03429;E-Wallet;Paid
O03430;Credit Card;Failed
O03431;QRIS;Paid
O03432;QRIS;Paid
O03433;COD;Paid
O03434;Transfer;Failed
O03435;Credit Card;Paid
O03436;QRIS;Paid
O03437;COD;Paid
O03438;QRIS;Paid
O03439;Transfer;Failed
O03440;COD;Paid
O03441;COD;Paid
O03442;E-Wallet;Paid
O03443;QRIS;Paid
O03444;COD;Paid
O03445;Transfer;Paid
O03446;Credit Card;Paid
O03447;Transfer;Failed
O03448;Credit Card;Paid
O03449;Transfer;Failed
O03450;E-Wallet;Paid
O03451;COD;Paid
O03452;Credit Card;Paid
O03453;Transfer;Paid
O03454;Transfer;Paid
O03455;Transfer;Failed
O03456;E-Wallet;Failed
O03457;Transfer;Failed
O03458;Credit Card;Paid
O03459;Credit Card;Paid
O03460;Credit Card;Paid
O03461;Credit Card;Paid
O03462;E-Wallet;Paid
O03463;Transfer;Paid
O03464;E-Wallet;Failed
O03465;Credit Card;Paid
O03466;QRIS;Paid
O03467;E-Wallet;Paid
O03468;E-Wallet;Paid
O03469;E-Wallet;Paid
O03470;COD;Paid
O03471;QRIS;Paid
O03472;Transfer;Paid
O03473;Transfer;Paid
O03474;Transfer;Paid
O03475;Credit Card;Failed
O03476;Credit Card;Paid
O03477;Transfer;Paid
O03478;QRIS;Paid
O03479;COD;Failed
O03480;E-Wallet;Paid
O03481;E-Wallet;Paid
O03482;COD;Paid
O03483;Transfer;Paid
O03484;QRIS;Paid
O03485;Credit Card;Paid
O03486;E-Wallet;Paid
O03487;E-Wallet;Paid
O03488;Credit Card;Failed
O03489;Transfer;Paid
O03490;Credit Card;Paid
O03491;E-Wallet;Failed
O03492;E-Wallet;Paid
O03493;QRIS;Paid
O03494;E-Wallet;Failed
O03495;QRIS;Paid
O03496;E-Wallet;Paid
O03497;QRIS;Paid
O03498;E-Wallet;Paid
O03499;QRIS;Paid
O03500;COD;Failed
O03501;E-Wallet;Paid
O03502;Credit Card;Paid
O03503;QRIS;Paid
O03504;Credit Card;Paid
O03505;QRIS;Paid
O03506;E-Wallet;Paid
O03507;Transfer;Paid
O03508;Transfer;Paid
O03509;QRIS;Paid
O03510;QRIS;Paid
O03511;QRIS;Failed
O03512;QRIS;Paid
O03513;COD;Paid
O03514;E-Wallet;Paid
O03515;COD;Failed
O03516;Credit Card;Paid
O03517;COD;Failed
O03518;QRIS;Paid
O03519;QRIS;Failed
O03520;COD;Paid
O03521;E-Wallet;Paid
O03522;E-Wallet;Paid
O03523;Credit Card;Paid
O03524;E-Wallet;Paid
O03525;Transfer;Paid
O03526;QRIS;Paid
O03527;Credit Card;Failed
O03528;QRIS;Failed
O03529;Transfer;Failed
O03530;Credit Card;Paid
O03531;E-Wallet;Paid
O03532;Credit Card;Failed
O03533;Credit Card;Paid
O03534;E-Wallet;Paid
O03535;Transfer;Paid
O03536;COD;Failed
O03537;Credit Card;Failed
O03538;E-Wallet;Paid
O03539;QRIS;Paid
O03540;Credit Card;Paid
O03541;Transfer;Failed
O03542;QRIS;Failed
O03543;COD;Failed
O03544;Credit Card;Paid
O03545;E-Wallet;Failed
O03546;Transfer;Failed
O03547;Transfer;Paid
O03548;Transfer;Failed
O03549;E-Wallet;Paid
O03550;E-Wallet;Failed
O03551;Credit Card;Failed
O03552;Credit Card;Paid
O03553;Transfer;Paid
O03554;COD;Paid
O03555;QRIS;Paid
O03556;Credit Card;Paid
O03557;QRIS;Paid
O03558;QRIS;Paid
O03559;Transfer;Paid
O03560;COD;Failed
O03561;E-Wallet;Paid
O03562;Transfer;Paid
O03563;E-Wallet;Paid
O03564;QRIS;Paid
O03565;E-Wallet;Paid
O03566;QRIS;Failed
O03567;E-Wallet;Failed
O03568;COD;Paid
O03569;QRIS;Paid
O03570;QRIS;Failed
O03571;COD;Paid
O03572;COD;Paid
O03573;Transfer;Paid
O03574;Credit Card;Paid
O03575;Transfer;Paid
O03576;COD;Paid
O03577;E-Wallet;Failed
O03578;E-Wallet;Paid
O03579;Transfer;Paid
O03580;Credit Card;Paid
O03581;QRIS;Paid
O03582;Credit Card;Paid
O03583;E-Wallet;Paid
O03584;Credit Card;Paid
O03585;QRIS;Failed
O03586;QRIS;Paid
O03587;Transfer;Paid
O03588;E-Wallet;Paid
O03589;E-Wallet;Failed
O03590;E-Wallet;Failed
O03591;QRIS;Failed
O03592;Transfer;Failed
O03593;E-Wallet;Paid
O03594;Transfer;Failed
O03595;QRIS;Paid
O03596;Credit Card;Paid
O03597;Credit Card;Failed
O03598;E-Wallet;Paid
O03599;E-Wallet;Paid
O03600;Transfer;Paid
O03601;Credit Card;Paid
O03602;QRIS;Failed
O03603;Transfer;Failed
O03604;COD;Paid
O03605;COD;Paid
O03606;Transfer;Paid
O03607;Credit Card;Paid
O03608;E-Wallet;Paid
O03609;COD;Failed
O03610;QRIS;Paid
O03611;QRIS;Failed
O03612;QRIS;Failed
O03613;Transfer;Paid
O03614;E-Wallet;Paid
O03615;E-Wallet;Failed
O03616;COD;Failed
O03617;E-Wallet;Paid
O03618;COD;Paid
O03619;QRIS;Paid
O03620;QRIS;Paid
O03621;E-Wallet;Paid
O03622;Transfer;Failed
O03623;COD;Paid
O03624;COD;Paid
O03625;Credit Card;Paid
O03626;Credit Card;Failed
O03627;Transfer;Paid
O03628;E-Wallet;Paid
O03629;COD;Failed
O03630;Credit Card;Paid
O03631;E-Wallet;Paid
O03632;E-Wallet;Paid
O03633;Transfer;Paid
O03634;Credit Card;Failed
O03635;E-Wallet;Paid
O03636;QRIS;Paid
O03637;Transfer;Paid
O03638;QRIS;Paid
O03639;QRIS;Paid
O03640;Credit Card;Paid
O03641;Transfer;Failed
O03642;COD;Paid
O03643;COD;Paid
O03644;E-Wallet;Paid
O03645;E-Wallet;Paid
O03646;COD;Paid
O03647;Credit Card;Paid
O03648;QRIS;Paid
O03649;Credit Card;Paid
O03650;QRIS;Failed
O03651;QRIS;Paid
O03652;Transfer;Paid
O03653;Transfer;Paid
O03654;Transfer;Paid
O03655;Credit Card;Paid
O03656;QRIS;Paid
O03657;QRIS;Paid
O03658;E-Wallet;Failed
O03659;QRIS;Paid
O03660;E-Wallet;Paid
O03661;COD;Paid
O03662;Credit Card;Paid
O03663;E-Wallet;Paid
O03664;E-Wallet;Paid
O03665;Transfer;Failed
O03666;Credit Card;Failed
O03667;Transfer;Paid
O03668;QRIS;Failed
O03669;Transfer;Paid
O03670;COD;Paid
O03671;Transfer;Paid
O03672;E-Wallet;Failed
O03673;QRIS;Paid
O03674;E-Wallet;Failed
O03675;Credit Card;Paid
O03676;COD;Paid
O03677;E-Wallet;Paid
O03678;COD;Failed
O03679;QRIS;Paid
O03680;COD;Failed
O03681;E-Wallet;Paid
O03682;E-Wallet;Paid
O03683;Transfer;Paid
O03684;Transfer;Paid
O03685;E-Wallet;Paid
O03686;Credit Card;Paid
O03687;E-Wallet;Paid
O03688;E-Wallet;Paid
O03689;QRIS;Paid
O03690;Transfer;Paid
O03691;E-Wallet;Paid
O03692;COD;Paid
O03693;COD;Failed
O03694;COD;Failed
O03695;Credit Card;Paid
O03696;Credit Card;Paid
O03697;Transfer;Failed
O03698;QRIS;Paid
O03699;Credit Card;Paid
O03700;E-Wallet;Paid
O03701;COD;Paid
O03702;E-Wallet;Paid
O03703;E-Wallet;Paid
O03704;COD;Failed
O03705;Credit Card;Paid
O03706;QRIS;Paid
O03707;COD;Paid
O03708;QRIS;Paid
O03709;E-Wallet;Paid
O03710;Credit Card;Paid
O03711;Credit Card;Paid
O03712;QRIS;Paid
O03713;QRIS;Paid
O03714;E-Wallet;Paid
O03715;E-Wallet;Paid
O03716;E-Wallet;Paid
O03717;COD;Paid
O03718;Transfer;Failed
O03719;Transfer;Failed
O03720;Credit Card;Paid
O03721;Credit Card;Failed
O03722;E-Wallet;Paid
O03723;QRIS;Paid
O03724;E-Wallet;Paid
O03725;Credit Card;Paid
O03726;Transfer;Failed
O03727;E-Wallet;Paid
O03728;COD;Failed
O03729;E-Wallet;Paid
O03730;COD;Failed
O03731;QRIS;Failed
O03732;E-Wallet;Paid
O03733;E-Wallet;Paid
O03734;QRIS;Paid
O03735;QRIS;Paid
O03736;Transfer;Paid
O03737;COD;Failed
O03738;Transfer;Paid
O03739;E-Wallet;Failed
O03740;COD;Paid
O03741;Credit Card;Paid
O03742;COD;Paid
O03743;COD;Paid
O03744;E-Wallet;Paid
O03745;E-Wallet;Paid
O03746;Credit Card;Failed
O03747;QRIS;Paid
O03748;E-Wallet;Paid
O03749;COD;Paid
O03750;Transfer;Paid
O03751;QRIS;Failed
O03752;Transfer;Failed
O03753;QRIS;Paid
O03754;Credit Card;Paid
O03755;QRIS;Paid
O03756;Credit Card;Paid
O03757;Credit Card;Paid
O03758;Transfer;Paid
O03759;Credit Card;Failed
O03760;QRIS;Failed
O03761;Transfer;Paid
O03762;Credit Card;Paid
O03763;Transfer;Paid
O03764;COD;Paid
O03765;E-Wallet;Paid
O03766;QRIS;Paid
O03767;E-Wallet;Paid
O03768;Transfer;Paid
O03769;COD;Paid
O03770;COD;Failed
O03771;E-Wallet;Paid
O03772;COD;Paid
O03773;QRIS;Failed
O03774;Credit Card;Paid
O03775;E-Wallet;Paid
O03776;Transfer;Paid
O03777;COD;Paid
O03778;E-Wallet;Paid
O03779;COD;Paid
O03780;COD;Paid
O03781;Credit Card;Failed
O03782;QRIS;Paid
O03783;Transfer;Paid
O03784;Transfer;Failed
O03785;QRIS;Paid
O03786;Transfer;Paid
O03787;QRIS;Paid
O03788;Credit Card;Paid
O03789;COD;Paid
O03790;Credit Card;Failed
O03791;Credit Card;Failed
O03792;Transfer;Paid
O03793;Transfer;Failed
O03794;COD;Paid
O03795;E-Wallet;Failed
O03796;E-Wallet;Paid
O03797;E-Wallet;Paid
O03798;Credit Card;Paid
O03799;COD;Failed
O03800;COD;Failed
O03801;E-Wallet;Paid
O03802;Credit Card;Failed
O03803;Credit Card;Paid
O03804;COD;Paid
O03805;COD;Paid
O03806;Transfer;Paid
O03807;Credit Card;Paid
O03808;Credit Card;Failed
O03809;Credit Card;Failed
O03810;E-Wallet;Paid
O03811;COD;Failed
O03812;Transfer;Paid
O03813;QRIS;Failed
O03814;COD;Paid
O03815;Credit Card;Failed
O03816;Credit Card;Paid
O03817;Credit Card;Paid
O03818;COD;Paid
O03819;COD;Paid
O03820;COD;Failed
O03821;QRIS;Paid
O03822;COD;Paid
O03823;E-Wallet;Failed
O03824;Transfer;Paid
O03825;E-Wallet;Paid
O03826;E-Wallet;Paid
O03827;E-Wallet;Failed
O03828;Transfer;Paid
O03829;Transfer;Paid
O03830;E-Wallet;Failed
O03831;E-Wallet;Paid
O03832;Transfer;Paid
O03833;Credit Card;Paid
O03834;Credit Card;Paid
O03835;Transfer;Paid
O03836;COD;Paid
O03837;E-Wallet;Paid
O03838;E-Wallet;Paid
O03839;Credit Card;Paid
O03840;E-Wallet;Paid
O03841;Transfer;Failed
O03842;QRIS;Paid
O03843;E-Wallet;Paid
O03844;QRIS;Paid
O03845;QRIS;Failed
O03846;Transfer;Paid
O03847;Transfer;Paid
O03848;Transfer;Failed
O03849;Credit Card;Failed
O03850;COD;Paid
O03851;QRIS;Failed
O03852;Transfer;Failed
O03853;COD;Paid
O03854;Credit Card;Paid
O03855;E-Wallet;Paid
O03856;QRIS;Paid
O03857;Credit Card;Paid
O03858;Credit Card;Paid
O03859;Credit Card;Failed
O03860;Transfer;Paid
O03861;E-Wallet;Paid
O03862;Transfer;Failed
O03863;Credit Card;Paid
O03864;COD;Failed
O03865;E-Wallet;Paid
O03866;Transfer;Paid
O03867;COD;Paid
O03868;QRIS;Paid
O03869;E-Wallet;Paid
O03870;Credit Card;Failed
O03871;E-Wallet;Failed
O03872;QRIS;Paid
O03873;Transfer;Paid
O03874;Transfer;Paid
O03875;E-Wallet;Failed
O03876;Credit Card;Paid
O03877;Transfer;Paid
O03878;QRIS;Paid
O03879;COD;Paid
O03880;Transfer;Failed
O03881;COD;Failed
O03882;E-Wallet;Paid
O03883;E-Wallet;Paid
O03884;Credit Card;Failed
O03885;Transfer;Failed
O03886;E-Wallet;Paid
O03887;Transfer;Paid
O03888;Credit Card;Paid
O03889;Credit Card;Failed
O03890;Transfer;Paid
O03891;Credit Card;Failed
O03892;COD;Paid
O03893;Credit Card;Paid
O03894;E-Wallet;Paid
O03895;QRIS;Paid
O03896;QRIS;Failed
O03897;Credit Card;Failed
O03898;E-Wallet;Failed
O03899;E-Wallet;Paid
O03900;Credit Card;Failed
O03901;Transfer;Failed
O03902;Credit Card;Paid
O03903;E-Wallet;Paid
O03904;COD;Failed
O03905;Transfer;Paid
O03906;QRIS;Failed
O03907;E-Wallet;Failed
O03908;COD;Failed
O03909;Transfer;Paid
O03910;Credit Card;Paid
O03911;QRIS;Paid
O03912;COD;Failed
O03913;Credit Card;Paid
O03914;Credit Card;Paid
O03915;Transfer;Paid
O03916;Credit Card;Paid
O03917;Transfer;Paid
O03918;QRIS;Paid
O03919;QRIS;Paid
O03920;COD;Paid
O03921;QRIS;Paid
O03922;QRIS;Failed
O03923;E-Wallet;Paid
O03924;E-Wallet;Failed
O03925;Transfer;Paid
O03926;COD;Paid
O03927;Credit Card;Paid
O03928;Transfer;Paid
O03929;COD;Paid
O03930;COD;Failed
O03931;E-Wallet;Failed
O03932;COD;Paid
O03933;COD;Paid
O03934;QRIS;Paid
O03935;E-Wallet;Paid
O03936;QRIS;Paid
O03937;COD;Paid
O03938;Credit Card;Paid
O03939;COD;Paid
O03940;Transfer;Failed
O03941;COD;Paid
O03942;Credit Card;Failed
O03943;E-Wallet;Paid
O03944;QRIS;Paid
O03945;COD;Failed
O03946;Transfer;Failed
O03947;QRIS;Paid
O03948;Credit Card;Paid
O03949;Credit Card;Failed
O03950;E-Wallet;Paid
O03951;Credit Card;Paid
O03952;E-Wallet;Paid
O03953;Credit Card;Paid
O03954;QRIS;Paid
O03955;Transfer;Paid
O03956;E-Wallet;Paid
O03957;Credit Card;Failed
O03958;Transfer;Paid
O03959;E-Wallet;Paid
O03960;Credit Card;Paid
O03961;Transfer;Paid
O03962;Credit Card;Failed
O03963;COD;Paid
O03964;Credit Card;Paid
O03965;Credit Card;Paid
O03966;QRIS;Paid
O03967;Credit Card;Paid
O03968;E-Wallet;Paid
O03969;QRIS;Paid
O03970;Credit Card;Failed
O03971;E-Wallet;Paid
O03972;E-Wallet;Paid
O03973;QRIS;Failed
O03974;COD;Paid
O03975;COD;Paid
O03976;E-Wallet;Paid
O03977;COD;Paid
O03978;Transfer;Failed
O03979;COD;Paid
O03980;Credit Card;Failed
O03981;Transfer;Paid
O03982;E-Wallet;Paid
O03983;Credit Card;Paid
O03984;Transfer;Paid
O03985;COD;Failed
O03986;QRIS;Failed
O03987;QRIS;Paid
O03988;Transfer;Failed
O03989;COD;Paid
O03990;E-Wallet;Paid
O03991;QRIS;Paid
O03992;Transfer;Paid
O03993;E-Wallet;Failed
O03994;QRIS;Failed
O03995;Transfer;Paid
O03996;COD;Paid
O03997;COD;Paid
O03998;QRIS;Paid
O03999;Transfer;Failed
O04000;COD;Paid
O04001;COD;Failed
O04002;QRIS;Paid
O04003;COD;Paid
O04004;Credit Card;Paid
O04005;Transfer;Failed
O04006;Credit Card;Paid
O04007;Transfer;Failed
O04008;E-Wallet;Paid
O04009;QRIS;Paid
O04010;QRIS;Failed
O04011;QRIS;Paid
O04012;QRIS;Paid
O04013;QRIS;Paid
O04014;Credit Card;Failed
O04015;Credit Card;Failed
O04016;COD;Failed
O04017;QRIS;Failed
O04018;Transfer;Failed
O04019;Transfer;Paid
O04020;E-Wallet;Paid
O04021;QRIS;Paid
O04022;Credit Card;Paid
O04023;COD;Paid
O04024;E-Wallet;Paid
O04025;Credit Card;Paid
O04026;Credit Card;Failed
O04027;Credit Card;Paid
O04028;QRIS;Paid
O04029;Credit Card;Failed
O04030;Credit Card;Failed
O04031;Credit Card;Paid
O04032;E-Wallet;Paid
O04033;Transfer;Paid
O04034;COD;Failed
O04035;E-Wallet;Failed
O04036;Transfer;Paid
O04037;COD;Paid
O04038;Transfer;Failed
O04039;Transfer;Paid
O04040;Credit Card;Failed
O04041;COD;Paid
O04042;E-Wallet;Paid
O04043;COD;Failed
O04044;COD;Paid
O04045;Credit Card;Failed
O04046;Credit Card;Paid
O04047;QRIS;Paid
O04048;Credit Card;Paid
O04049;Transfer;Paid
O04050;COD;Paid
O04051;QRIS;Failed
O04052;COD;Failed
O04053;QRIS;Paid
O04054;Transfer;Paid
O04055;E-Wallet;Paid
O04056;Transfer;Failed
O04057;QRIS;Paid
O04058;Transfer;Paid
O04059;QRIS;Paid
O04060;Credit Card;Failed
O04061;COD;Failed
O04062;COD;Failed
O04063;COD;Failed
O04064;Credit Card;Paid
O04065;COD;Failed
O04066;E-Wallet;Paid
O04067;QRIS;Paid
O04068;Transfer;Paid
O04069;Credit Card;Paid
O04070;QRIS;Paid
O04071;E-Wallet;Paid
O04072;QRIS;Paid
O04073;Transfer;Failed
O04074;COD;Paid
O04075;Credit Card;Paid
O04076;Credit Card;Paid
O04077;Credit Card;Failed
O04078;COD;Paid
O04079;QRIS;Failed
O04080;Transfer;Paid
O04081;QRIS;Failed
O04082;E-Wallet;Paid
O04083;E-Wallet;Paid
O04084;COD;Failed
O04085;COD;Paid
O04086;Transfer;Paid
O04087;QRIS;Paid
O04088;COD;Paid
O04089;E-Wallet;Failed
O04090;Transfer;Paid
O04091;COD;Paid
O04092;E-Wallet;Paid
O04093;QRIS;Paid
O04094;COD;Paid
O04095;E-Wallet;Paid
O04096;E-Wallet;Paid
O04097;QRIS;Paid
O04098;QRIS;Paid
O04099;COD;Failed
O04100;COD;Paid
O04101;COD;Paid
O04102;QRIS;Paid
O04103;Transfer;Paid
O04104;E-Wallet;Failed
O04105;Credit Card;Paid
O04106;Credit Card;Paid
O04107;COD;Paid
O04108;Credit Card;Paid
O04109;E-Wallet;Paid
O04110;QRIS;Failed
O04111;E-Wallet;Paid
O04112;E-Wallet;Paid
O04113;COD;Paid
O04114;QRIS;Failed
O04115;E-Wallet;Paid
O04116;E-Wallet;Paid
O04117;Transfer;Paid
O04118;COD;Paid
O04119;Credit Card;Paid
O04120;Transfer;Failed
O04121;QRIS;Paid
O04122;Transfer;Failed
O04123;QRIS;Paid
O04124;Credit Card;Paid
O04125;E-Wallet;Paid
O04126;QRIS;Paid
O04127;QRIS;Paid
O04128;Credit Card;Paid
O04129;E-Wallet;Paid
O04130;COD;Failed
O04131;E-Wallet;Failed
O04132;Credit Card;Paid
O04133;COD;Failed
O04134;Credit Card;Paid
O04135;COD;Paid
O04136;Credit Card;Failed
O04137;Transfer;Paid
O04138;Transfer;Paid
O04139;E-Wallet;Paid
O04140;Transfer;Paid
O04141;COD;Paid
O04142;Transfer;Failed
O04143;QRIS;Paid
O04144;E-Wallet;Failed
O04145;E-Wallet;Paid
O04146;QRIS;Paid
O04147;Credit Card;Paid
O04148;COD;Paid
O04149;E-Wallet;Paid
O04150;E-Wallet;Failed
O04151;Transfer;Paid
O04152;COD;Paid
O04153;QRIS;Paid
O04154;Credit Card;Failed
O04155;Credit Card;Paid
O04156;Credit Card;Paid
O04157;COD;Paid
O04158;Transfer;Failed
O04159;Transfer;Paid
O04160;E-Wallet;Paid
O04161;COD;Paid
O04162;Credit Card;Paid
O04163;Transfer;Paid
O04164;Credit Card;Failed
O04165;Credit Card;Paid
O04166;QRIS;Paid
O04167;COD;Failed
O04168;Credit Card;Paid
O04169;E-Wallet;Paid
O04170;Credit Card;Paid
O04171;Credit Card;Paid
O04172;Transfer;Paid
O04173;Credit Card;Paid
O04174;Credit Card;Paid
O04175;COD;Paid
O04176;Transfer;Paid
O04177;COD;Failed
O04178;QRIS;Paid
O04179;Credit Card;Paid
O04180;Transfer;Paid
O04181;Transfer;Paid
O04182;COD;Paid
O04183;COD;Paid
O04184;Transfer;Paid
O04185;COD;Paid
O04186;COD;Paid
O04187;QRIS;Paid
O04188;Credit Card;Paid
O04189;Credit Card;Paid
O04190;E-Wallet;Paid
O04191;Transfer;Paid
O04192;COD;Paid
O04193;QRIS;Paid
O04194;E-Wallet;Paid
O04195;Transfer;Failed
O04196;Credit Card;Paid
O04197;Credit Card;Paid
O04198;QRIS;Paid
O04199;Transfer;Paid
O04200;QRIS;Paid
O04201;Transfer;Paid
O04202;Credit Card;Paid
O04203;Transfer;Paid
O04204;Transfer;Paid
O04205;Credit Card;Paid
O04206;E-Wallet;Paid
O04207;Credit Card;Paid
O04208;COD;Paid
O04209;Credit Card;Paid
O04210;Transfer;Paid
O04211;Transfer;Failed
O04212;E-Wallet;Paid
O04213;E-Wallet;Paid
O04214;E-Wallet;Failed
O04215;QRIS;Paid
O04216;COD;Failed
O04217;E-Wallet;Paid
O04218;Transfer;Paid
O04219;QRIS;Paid
O04220;Transfer;Paid
O04221;COD;Paid
O04222;QRIS;Failed
O04223;COD;Failed
O04224;QRIS;Paid
O04225;Credit Card;Paid
O04226;QRIS;Failed
O04227;E-Wallet;Paid
O04228;Transfer;Paid
O04229;E-Wallet;Paid
O04230;QRIS;Paid
O04231;QRIS;Paid
O04232;QRIS;Paid
O04233;Transfer;Failed
O04234;QRIS;Paid
O04235;QRIS;Failed
O04236;E-Wallet;Paid
O04237;E-Wallet;Paid
O04238;Transfer;Paid
O04239;COD;Paid
O04240;COD;Failed
O04241;E-Wallet;Failed
O04242;Transfer;Failed
O04243;Transfer;Paid
O04244;E-Wallet;Paid
O04245;E-Wallet;Paid
O04246;QRIS;Paid
O04247;E-Wallet;Paid
O04248;Credit Card;Paid
O04249;COD;Paid
O04250;Transfer;Paid
O04251;Credit Card;Paid
O04252;Transfer;Paid
O04253;COD;Paid
O04254;Transfer;Failed
O04255;QRIS;Paid
O04256;E-Wallet;Paid
O04257;Credit Card;Paid
O04258;Transfer;Paid
O04259;QRIS;Paid
O04260;QRIS;Failed
O04261;COD;Paid
O04262;Transfer;Paid
O04263;Credit Card;Paid
O04264;E-Wallet;Failed
O04265;Credit Card;Paid
O04266;QRIS;Failed
O04267;Credit Card;Failed
O04268;E-Wallet;Failed
O04269;E-Wallet;Paid
O04270;COD;Paid
O04271;Transfer;Paid
O04272;Transfer;Paid
O04273;QRIS;Paid
O04274;Credit Card;Paid
O04275;COD;Paid
O04276;Credit Card;Paid
O04277;E-Wallet;Paid
O04278;COD;Paid
O04279;Transfer;Paid
O04280;Credit Card;Paid
O04281;COD;Paid
O04282;E-Wallet;Paid
O04283;Transfer;Failed
O04284;E-Wallet;Failed
O04285;E-Wallet;Paid
O04286;COD;Paid
O04287;E-Wallet;Paid
O04288;QRIS;Paid
O04289;QRIS;Failed
O04290;Credit Card;Paid
O04291;COD;Paid
O04292;Credit Card;Failed
O04293;QRIS;Paid
O04294;Transfer;Paid
O04295;QRIS;Paid
O04296;COD;Paid
O04297;QRIS;Paid
O04298;Credit Card;Paid
O04299;Credit Card;Paid
O04300;E-Wallet;Paid
O04301;QRIS;Paid
O04302;QRIS;Paid
O04303;COD;Paid
O04304;Transfer;Failed
O04305;QRIS;Paid
O04306;QRIS;Paid
O04307;E-Wallet;Paid
O04308;Transfer;Paid
O04309;Transfer;Paid
O04310;E-Wallet;Failed
O04311;QRIS;Paid
O04312;Credit Card;Paid
O04313;QRIS;Paid
O04314;E-Wallet;Failed
O04315;QRIS;Paid
O04316;COD;Paid
O04317;QRIS;Paid
O04318;Transfer;Paid
O04319;QRIS;Failed
O04320;COD;Paid
O04321;Credit Card;Paid
O04322;Credit Card;Failed
O04323;COD;Paid
O04324;COD;Paid
O04325;QRIS;Paid
O04326;COD;Paid
O04327;COD;Paid
O04328;Credit Card;Paid
O04329;Transfer;Paid
O04330;COD;Failed
O04331;Transfer;Failed
O04332;E-Wallet;Paid
O04333;COD;Paid
O04334;Credit Card;Failed
O04335;QRIS;Failed
O04336;Credit Card;Paid
O04337;E-Wallet;Paid
O04338;E-Wallet;Paid
O04339;E-Wallet;Paid
O04340;Credit Card;Paid
O04341;Credit Card;Paid
O04342;Transfer;Paid
O04343;E-Wallet;Paid
O04344;Transfer;Paid
O04345;QRIS;Paid
O04346;COD;Paid
O04347;Transfer;Paid
O04348;QRIS;Failed
O04349;QRIS;Paid
O04350;QRIS;Paid
O04351;QRIS;Paid
O04352;E-Wallet;Failed
O04353;QRIS;Paid
O04354;E-Wallet;Failed
O04355;COD;Paid
O04356;Credit Card;Paid
O04357;E-Wallet;Paid
O04358;COD;Paid
O04359;QRIS;Failed
O04360;COD;Paid
O04361;Credit Card;Paid
O04362;QRIS;Paid
O04363;QRIS;Paid
O04364;QRIS;Paid
O04365;Transfer;Paid
O04366;E-Wallet;Paid
O04367;Credit Card;Paid
O04368;E-Wallet;Failed
O04369;Credit Card;Paid
O04370;QRIS;Failed
O04371;QRIS;Paid
O04372;COD;Failed
O04373;Credit Card;Paid
O04374;E-Wallet;Paid
O04375;QRIS;Paid
O04376;E-Wallet;Paid
O04377;Transfer;Paid
O04378;E-Wallet;Paid
O04379;E-Wallet;Paid
O04380;Transfer;Paid
O04381;E-Wallet;Paid
O04382;Transfer;Paid
O04383;Credit Card;Paid
O04384;E-Wallet;Paid
O04385;Transfer;Paid
O04386;QRIS;Failed
O04387;Transfer;Paid
O04388;Transfer;Failed
O04389;Transfer;Paid
O04390;Transfer;Paid
O04391;E-Wallet;Paid
O04392;COD;Paid
O04393;E-Wallet;Failed
O04394;COD;Paid
O04395;Transfer;Failed
O04396;COD;Paid
O04397;Transfer;Paid
O04398;Transfer;Failed
O04399;Credit Card;Paid
O04400;Credit Card;Failed
O04401;Transfer;Paid
O04402;COD;Paid
O04403;Credit Card;Paid
O04404;Credit Card;Paid
O04405;QRIS;Failed
O04406;QRIS;Paid
O04407;QRIS;Failed
O04408;Transfer;Failed
O04409;E-Wallet;Paid
O04410;E-Wallet;Paid
O04411;COD;Paid
O04412;QRIS;Paid
O04413;QRIS;Failed
O04414;Credit Card;Failed
O04415;QRIS;Paid
O04416;E-Wallet;Failed
O04417;COD;Paid
O04418;COD;Failed
O04419;Credit Card;Paid
O04420;COD;Paid
O04421;COD;Paid
O04422;E-Wallet;Paid
O04423;Transfer;Paid
O04424;Credit Card;Paid
O04425;Credit Card;Paid
O04426;E-Wallet;Paid
O04427;COD;Failed
O04428;COD;Failed
O04429;COD;Paid
O04430;E-Wallet;Paid
O04431;E-Wallet;Paid
O04432;COD;Paid
O04433;Transfer;Failed
O04434;COD;Paid
O04435;E-Wallet;Paid
O04436;COD;Failed
O04437;E-Wallet;Paid
O04438;Transfer;Paid
O04439;COD;Paid
O04440;QRIS;Paid
O04441;E-Wallet;Paid
O04442;QRIS;Paid
O04443;Credit Card;Paid
O04444;QRIS;Failed
O04445;QRIS;Paid
O04446;Transfer;Paid
O04447;Credit Card;Failed
O04448;COD;Paid
O04449;Transfer;Failed
O04450;Transfer;Failed
O04451;Transfer;Paid
O04452;Credit Card;Paid
O04453;COD;Paid
O04454;E-Wallet;Paid
O04455;Transfer;Paid
O04456;E-Wallet;Paid
O04457;COD;Failed
O04458;E-Wallet;Paid
O04459;Credit Card;Failed
O04460;COD;Paid
O04461;COD;Paid
O04462;QRIS;Failed
O04463;COD;Paid
O04464;Transfer;Paid
O04465;COD;Paid
O04466;E-Wallet;Paid
O04467;E-Wallet;Paid
O04468;Transfer;Paid
O04469;Transfer;Paid
O04470;QRIS;Paid
O04471;QRIS;Paid
O04472;E-Wallet;Paid
O04473;Transfer;Failed
O04474;E-Wallet;Paid
O04475;Credit Card;Paid
O04476;Transfer;Failed
O04477;COD;Paid
O04478;E-Wallet;Paid
O04479;Credit Card;Paid
O04480;COD;Failed
O04481;COD;Failed
O04482;Transfer;Paid
O04483;QRIS;Paid
O04484;E-Wallet;Paid
O04485;Credit Card;Failed
O04486;QRIS;Paid
O04487;Credit Card;Paid
O04488;COD;Paid
O04489;E-Wallet;Paid
O04490;QRIS;Paid
O04491;E-Wallet;Failed
O04492;COD;Paid
O04493;COD;Paid
O04494;E-Wallet;Failed
O04495;QRIS;Paid
O04496;Credit Card;Paid
O04497;Credit Card;Paid
O04498;Transfer;Failed
O04499;Transfer;Paid
O04500;Transfer;Failed
O04501;Transfer;Paid
O04502;E-Wallet;Failed
O04503;COD;Paid
O04504;Transfer;Paid
O04505;COD;Failed
O04506;Transfer;Paid
O04507;COD;Failed
O04508;E-Wallet;Failed
O04509;COD;Paid
O04510;QRIS;Paid
O04511;COD;Paid
O04512;E-Wallet;Failed
O04513;COD;Paid
O04514;Credit Card;Paid
O04515;Credit Card;Failed
O04516;Credit Card;Paid
O04517;Transfer;Paid
O04518;Credit Card;Paid
O04519;Credit Card;Paid
O04520;Credit Card;Failed
O04521;COD;Paid
O04522;E-Wallet;Failed
O04523;Transfer;Paid
O04524;Credit Card;Paid
O04525;COD;Paid
O04526;Credit Card;Paid
O04527;QRIS;Paid
O04528;Credit Card;Failed
O04529;Transfer;Paid
O04530;COD;Failed
O04531;Credit Card;Paid
O04532;E-Wallet;Paid
O04533;Credit Card;Paid
O04534;Transfer;Paid
O04535;QRIS;Paid
O04536;E-Wallet;Paid
O04537;COD;Paid
O04538;COD;Paid
O04539;E-Wallet;Paid
O04540;COD;Paid
O04541;Credit Card;Paid
O04542;E-Wallet;Paid
O04543;E-Wallet;Paid
O04544;QRIS;Paid
O04545;Transfer;Failed
O04546;Credit Card;Failed
O04547;COD;Paid
O04548;COD;Failed
O04549;E-Wallet;Paid
O04550;E-Wallet;Paid
O04551;Credit Card;Paid
O04552;QRIS;Paid
O04553;Transfer;Paid
O04554;QRIS;Paid
O04555;Transfer;Paid
O04556;COD;Paid
O04557;COD;Paid
O04558;Transfer;Paid
O04559;Transfer;Paid
O04560;Credit Card;Paid
O04561;E-Wallet;Failed
O04562;COD;Paid
O04563;E-Wallet;Failed
O04564;Transfer;Paid
O04565;Transfer;Failed
O04566;QRIS;Paid
O04567;COD;Paid
O04568;Transfer;Paid
O04569;COD;Failed
O04570;Transfer;Paid
O04571;Transfer;Paid
O04572;Credit Card;Paid
O04573;Transfer;Paid
O04574;E-Wallet;Failed
O04575;E-Wallet;Paid
O04576;E-Wallet;Paid
O04577;E-Wallet;Paid
O04578;Transfer;Paid
O04579;Transfer;Paid
O04580;Transfer;Failed
O04581;Credit Card;Paid
O04582;Credit Card;Failed
O04583;Transfer;Failed
O04584;Transfer;Failed
O04585;Credit Card;Paid
O04586;QRIS;Paid
O04587;COD;Paid
O04588;QRIS;Paid
O04589;QRIS;Paid
O04590;Credit Card;Paid
O04591;QRIS;Paid
O04592;E-Wallet;Paid
O04593;E-Wallet;Paid
O04594;QRIS;Paid
O04595;E-Wallet;Paid
O04596;COD;Failed
O04597;Transfer;Paid
O04598;Credit Card;Paid
O04599;E-Wallet;Paid
O04600;COD;Paid
O04601;E-Wallet;Failed
O04602;COD;Paid
O04603;Credit Card;Paid
O04604;Credit Card;Failed
O04605;QRIS;Paid
O04606;Transfer;Failed
O04607;E-Wallet;Failed
O04608;Credit Card;Failed
O04609;Transfer;Paid
O04610;E-Wallet;Paid
O04611;Transfer;Paid
O04612;QRIS;Paid
O04613;COD;Paid
O04614;QRIS;Paid
O04615;QRIS;Failed
O04616;COD;Paid
O04617;Credit Card;Paid
O04618;Transfer;Paid
O04619;Credit Card;Failed
O04620;Transfer;Paid
O04621;Credit Card;Paid
O04622;E-Wallet;Paid
O04623;E-Wallet;Failed
O04624;Credit Card;Paid
O04625;COD;Paid
O04626;Credit Card;Paid
O04627;Credit Card;Failed
O04628;COD;Paid
O04629;Transfer;Paid
O04630;QRIS;Paid
O04631;QRIS;Failed
O04632;E-Wallet;Paid
O04633;QRIS;Paid
O04634;Credit Card;Paid
O04635;Transfer;Paid
O04636;COD;Failed
O04637;Credit Card;Failed
O04638;COD;Paid
O04639;Credit Card;Paid
O04640;COD;Failed
O04641;Credit Card;Failed
O04642;QRIS;Failed
O04643;Credit Card;Paid
O04644;Credit Card;Paid
O04645;E-Wallet;Paid
O04646;E-Wallet;Paid
O04647;QRIS;Paid
O04648;E-Wallet;Paid
O04649;Transfer;Paid
O04650;COD;Paid
O04651;E-Wallet;Paid
O04652;Credit Card;Paid
O04653;COD;Paid
O04654;E-Wallet;Failed
O04655;E-Wallet;Paid
O04656;Transfer;Paid
O04657;COD;Paid
O04658;Credit Card;Paid
O04659;Transfer;Paid
O04660;QRIS;Paid
O04661;Credit Card;Failed
O04662;Credit Card;Paid
O04663;E-Wallet;Paid
O04664;E-Wallet;Failed
O04665;Transfer;Paid
O04666;Transfer;Paid
O04667;COD;Paid
O04668;COD;Paid
O04669;Transfer;Paid
O04670;QRIS;Paid
O04671;Transfer;Failed
O04672;COD;Paid
O04673;QRIS;Failed
O04674;Credit Card;Paid
O04675;COD;Paid
O04676;E-Wallet;Paid
O04677;Transfer;Paid
O04678;Credit Card;Paid
O04679;COD;Paid
O04680;Transfer;Paid
O04681;Credit Card;Failed
O04682;QRIS;Paid
O04683;COD;Paid
O04684;QRIS;Paid
O04685;E-Wallet;Paid
O04686;E-Wallet;Failed
O04687;QRIS;Paid
O04688;COD;Failed
O04689;QRIS;Paid
O04690;Transfer;Paid
O04691;COD;Failed
O04692;Transfer;Paid
O04693;Credit Card;Paid
O04694;E-Wallet;Paid
O04695;Transfer;Paid
O04696;QRIS;Paid
O04697;COD;Paid
O04698;COD;Failed
O04699;Transfer;Paid
O04700;QRIS;Failed
O04701;Credit Card;Paid
O04702;Transfer;Paid
O04703;Credit Card;Failed
O04704;E-Wallet;Paid
O04705;COD;Failed
O04706;E-Wallet;Paid
O04707;E-Wallet;Paid
O04708;Credit Card;Failed
O04709;COD;Paid
O04710;COD;Paid
O04711;COD;Paid
O04712;E-Wallet;Paid
O04713;COD;Paid
O04714;QRIS;Paid
O04715;Transfer;Paid
O04716;QRIS;Failed
O04717;Credit Card;Paid
O04718;COD;Paid
O04719;Credit Card;Paid
O04720;COD;Paid
O04721;E-Wallet;Paid
O04722;E-Wallet;Paid
O04723;Transfer;Paid
O04724;COD;Paid
O04725;E-Wallet;Paid
O04726;E-Wallet;Paid
O04727;Credit Card;Paid
O04728;Transfer;Paid
O04729;QRIS;Paid
O04730;Transfer;Failed
O04731;QRIS;Paid
O04732;Credit Card;Paid
O04733;COD;Paid
O04734;COD;Paid
O04735;Transfer;Paid
O04736;Transfer;Paid
O04737;COD;Paid
O04738;QRIS;Paid
O04739;COD;Failed
O04740;Transfer;Paid
O04741;COD;Paid
O04742;COD;Paid
O04743;COD;Failed
O04744;Credit Card;Paid
O04745;E-Wallet;Paid
O04746;E-Wallet;Failed
O04747;QRIS;Failed
O04748;Transfer;Paid
O04749;COD;Paid
O04750;COD;Paid
O04751;QRIS;Failed
O04752;COD;Paid
O04753;Transfer;Paid
O04754;Credit Card;Paid
O04755;Transfer;Paid
O04756;Credit Card;Paid
O04757;E-Wallet;Paid
O04758;Transfer;Failed
O04759;E-Wallet;Paid
O04760;Transfer;Paid
O04761;E-Wallet;Paid
O04762;Credit Card;Paid
O04763;Transfer;Paid
O04764;E-Wallet;Paid
O04765;Transfer;Paid
O04766;QRIS;Paid
O04767;Credit Card;Paid
O04768;Credit Card;Failed
O04769;COD;Paid
O04770;E-Wallet;Paid
O04771;QRIS;Failed
O04772;QRIS;Paid
O04773;Credit Card;Failed
O04774;Credit Card;Paid
O04775;QRIS;Paid
O04776;QRIS;Paid
O04777;E-Wallet;Paid
O04778;QRIS;Paid
O04779;COD;Paid
O04780;E-Wallet;Paid
O04781;Credit Card;Paid
O04782;QRIS;Failed
O04783;COD;Failed
O04784;Transfer;Paid
O04785;COD;Paid
O04786;Transfer;Failed
O04787;COD;Failed
O04788;Transfer;Paid
O04789;E-Wallet;Failed
O04790;Transfer;Paid
O04791;QRIS;Failed
O04792;QRIS;Paid
O04793;QRIS;Failed
O04794;QRIS;Failed
O04795;E-Wallet;Paid
O04796;Credit Card;Failed
O04797;QRIS;Failed
O04798;Transfer;Paid
O04799;COD;Paid
O04800;COD;Paid
O04801;COD;Paid
O04802;E-Wallet;Paid
O04803;Credit Card;Failed
O04804;COD;Failed
O04805;E-Wallet;Paid
O04806;Transfer;Paid
O04807;Credit Card;Paid
O04808;E-Wallet;Paid
O04809;QRIS;Paid
O04810;COD;Paid
O04811;COD;Paid
O04812;COD;Failed
O04813;COD;Failed
O04814;Transfer;Paid
O04815;QRIS;Paid
O04816;E-Wallet;Paid
O04817;Credit Card;Paid
O04818;Transfer;Paid
O04819;COD;Paid
O04820;Transfer;Paid
O04821;E-Wallet;Paid
O04822;QRIS;Paid
O04823;Transfer;Paid
O04824;QRIS;Paid
O04825;QRIS;Paid
O04826;Credit Card;Paid
O04827;QRIS;Paid
O04828;Transfer;Paid
O04829;E-Wallet;Paid
O04830;Transfer;Paid
O04831;QRIS;Failed
O04832;Credit Card;Paid
O04833;E-Wallet;Paid
O04834;E-Wallet;Paid
O04835;E-Wallet;Paid
O04836;E-Wallet;Paid
O04837;QRIS;Paid
O04838;QRIS;Paid
O04839;COD;Failed
O04840;Credit Card;Paid
O04841;E-Wallet;Paid
O04842;COD;Paid
O04843;E-Wallet;Paid
O04844;QRIS;Paid
O04845;QRIS;Paid
O04846;QRIS;Failed
O04847;E-Wallet;Paid
O04848;Credit Card;Paid
O04849;COD;Paid
O04850;Transfer;Paid
O04851;E-Wallet;Failed
O04852;QRIS;Paid
O04853;E-Wallet;Paid
O04854;Transfer;Failed
O04855;COD;Paid
O04856;E-Wallet;Paid
O04857;E-Wallet;Failed
O04858;QRIS;Failed
O04859;Transfer;Failed
O04860;COD;Failed
O04861;Credit Card;Paid
O04862;E-Wallet;Paid
O04863;E-Wallet;Paid
O04864;E-Wallet;Paid
O04865;COD;Failed
O04866;E-Wallet;Failed
O04867;E-Wallet;Paid
O04868;Transfer;Paid
O04869;Credit Card;Paid
O04870;COD;Paid
O04871;COD;Paid
O04872;Credit Card;Paid
O04873;Credit Card;Failed
O04874;COD;Paid
O04875;Transfer;Paid
O04876;Credit Card;Paid
O04877;QRIS;Failed
O04878;Transfer;Failed
O04879;Transfer;Paid
O04880;Credit Card;Paid
O04881;QRIS;Paid
O04882;Credit Card;Paid
O04883;E-Wallet;Failed
O04884;Transfer;Paid
O04885;E-Wallet;Failed
O04886;COD;Paid
O04887;Credit Card;Paid
O04888;COD;Paid
O04889;Credit Card;Paid
O04890;Credit Card;Paid
O04891;Credit Card;Failed
O04892;COD;Paid
O04893;QRIS;Paid
O04894;Transfer;Paid
O04895;QRIS;Paid
O04896;Credit Card;Failed
O04897;Credit Card;Paid
O04898;Transfer;Paid
O04899;Credit Card;Paid
O04900;Transfer;Paid
O04901;Credit Card;Paid
O04902;COD;Paid
O04903;Transfer;Paid
O04904;E-Wallet;Paid
O04905;COD;Paid
O04906;Transfer;Paid
O04907;Transfer;Paid
O04908;COD;Paid
O04909;COD;Paid
O04910;E-Wallet;Paid
O04911;QRIS;Paid
O04912;Credit Card;Paid
O04913;Credit Card;Paid
O04914;QRIS;Paid
O04915;Transfer;Paid
O04916;COD;Failed
O04917;Credit Card;Paid
O04918;Credit Card;Paid
O04919;COD;Failed
O04920;Transfer;Paid
O04921;Credit Card;Failed
O04922;E-Wallet;Paid
O04923;Credit Card;Paid
O04924;Credit Card;Paid
O04925;E-Wallet;Paid
O04926;QRIS;Paid
O04927;Credit Card;Failed
O04928;Credit Card;Paid
O04929;QRIS;Paid
O04930;QRIS;Paid
O04931;Credit Card;Paid
O04932;Credit Card;Paid
O04933;E-Wallet;Failed
O04934;Transfer;Failed
O04935;COD;Failed
O04936;E-Wallet;Paid
O04937;QRIS;Failed
O04938;COD;Failed
O04939;COD;Failed
O04940;COD;Paid
O04941;E-Wallet;Failed
O04942;E-Wallet;Paid
O04943;Transfer;Paid
O04944;Transfer;Paid
O04945;COD;Paid
O04946;QRIS;Failed
O04947;COD;Paid
O04948;QRIS;Failed
O04949;QRIS;Paid
O04950;COD;Failed
O04951;QRIS;Failed
O04952;COD;Paid
O04953;QRIS;Paid
O04954;Credit Card;Paid
O04955;QRIS;Paid
O04956;COD;Failed
O04957;Credit Card;Paid
O04958;E-Wallet;Failed
O04959;QRIS;Paid
O04960;E-Wallet;Paid
O04961;Credit Card;Paid
O04962;QRIS;Paid
O04963;COD;Paid
O04964;QRIS;Paid
O04965;E-Wallet;Paid
O04966;COD;Paid
O04967;QRIS;Paid
O04968;COD;Paid
O04969;COD;Paid
O04970;E-Wallet;Failed
O04971;E-Wallet;Paid
O04972;COD;Paid
O04973;Transfer;Failed
O04974;Transfer;Failed
O04975;Transfer;Failed
O04976;E-Wallet;Paid
O04977;COD;Paid
O04978;Transfer;Paid
O04979;COD;Paid
O04980;Credit Card;Paid
O04981;Transfer;Paid
O04982;E-Wallet;Failed
O04983;COD;Failed
O04984;COD;Paid
O04985;QRIS;Paid
O04986;E-Wallet;Paid
O04987;QRIS;Paid
O04988;Transfer;Paid
O04989;Transfer;Paid
O04990;COD;Paid
O04991;Credit Card;Paid
O04992;COD;Paid
O04993;Credit Card;Paid
O04994;Transfer;Paid
O04995;COD;Paid
O04996;Credit Card;Paid
O04997;Credit Card;Failed
O04998;COD;Paid
O04999;Transfer;Paid
O05000;Credit Card;Paid
O05001;Transfer;Paid
O05002;Transfer;Paid
O05003;COD;Paid
O05004;COD;Paid
O05005;Credit Card;Failed
O05006;COD;Paid
O05007;COD;Paid
O05008;Transfer;Paid
O05009;QRIS;Failed
O05010;E-Wallet;Paid
O05011;Credit Card;Failed
O05012;COD;Failed
O05013;Transfer;Paid
O05014;Transfer;Paid
O05015;QRIS;Paid
O05016;QRIS;Paid
O05017;Transfer;Paid
O05018;QRIS;Paid
O05019;Credit Card;Paid
O05020;Credit Card;Paid
O05021;Credit Card;Paid
O05022;Transfer;Paid
O05023;E-Wallet;Paid
O05024;Transfer;Paid
O05025;Credit Card;Failed
O05026;Transfer;Paid
O05027;E-Wallet;Failed
O05028;Transfer;Failed
O05029;E-Wallet;Paid
O05030;E-Wallet;Failed
O05031;E-Wallet;Paid
O05032;E-Wallet;Paid
O05033;E-Wallet;Paid
O05034;Transfer;Failed
O05035;Transfer;Paid
O05036;E-Wallet;Paid
O05037;Credit Card;Failed
O05038;QRIS;Paid
O05039;Credit Card;Failed
O05040;Transfer;Paid
O05041;Credit Card;Paid
O05042;Transfer;Paid
O05043;Transfer;Failed
O05044;COD;Failed
O05045;COD;Paid
O05046;Credit Card;Paid
O05047;Transfer;Paid
O05048;Credit Card;Paid
O05049;E-Wallet;Paid
O05050;Transfer;Paid
O05051;Transfer;Paid
O05052;Transfer;Paid
O05053;COD;Paid
O05054;Credit Card;Paid
O05055;QRIS;Paid
O05056;COD;Paid
O05057;QRIS;Failed
O05058;E-Wallet;Paid
O05059;E-Wallet;Paid
O05060;E-Wallet;Failed
O05061;COD;Paid
O05062;E-Wallet;Paid
O05063;COD;Paid
O05064;COD;Paid
O05065;E-Wallet;Failed
O05066;Credit Card;Paid
O05067;E-Wallet;Paid
O05068;Credit Card;Paid
O05069;Credit Card;Paid
O05070;QRIS;Paid
O05071;Transfer;Failed
O05072;Transfer;Paid
O05073;E-Wallet;Failed
O05074;Transfer;Paid
O05075;E-Wallet;Paid
O05076;COD;Paid
O05077;Transfer;Paid
O05078;Credit Card;Paid
O05079;Credit Card;Paid
O05080;E-Wallet;Paid
O05081;Credit Card;Paid
O05082;QRIS;Paid
O05083;Transfer;Paid
O05084;COD;Paid
O05085;QRIS;Failed
O05086;QRIS;Paid
O05087;E-Wallet;Paid
O05088;QRIS;Paid
O05089;E-Wallet;Paid
O05090;QRIS;Paid
O05091;Credit Card;Paid
O05092;QRIS;Paid
O05093;Credit Card;Paid
O05094;QRIS;Paid
O05095;Transfer;Paid
O05096;E-Wallet;Paid
O05097;Transfer;Failed
O05098;E-Wallet;Paid
O05099;Transfer;Paid
O05100;COD;Paid
O05101;E-Wallet;Paid
O05102;COD;Paid
O05103;Credit Card;Paid
O05104;Transfer;Paid
O05105;Transfer;Paid
O05106;Credit Card;Paid
O05107;QRIS;Paid
O05108;Transfer;Paid
O05109;Transfer;Paid
O05110;COD;Paid
O05111;Credit Card;Paid
O05112;COD;Paid
O05113;Transfer;Failed
O05114;E-Wallet;Paid
O05115;E-Wallet;Paid
O05116;Credit Card;Paid
O05117;Credit Card;Paid
O05118;Transfer;Paid
O05119;E-Wallet;Paid
O05120;Credit Card;Paid
O05121;Transfer;Paid
O05122;QRIS;Failed
O05123;COD;Paid
O05124;E-Wallet;Paid
O05125;QRIS;Paid
O05126;Transfer;Paid
O05127;Transfer;Failed
O05128;Transfer;Paid
O05129;COD;Paid
O05130;Transfer;Paid
O05131;Transfer;Failed
O05132;E-Wallet;Failed
O05133;Credit Card;Paid
O05134;E-Wallet;Failed
O05135;QRIS;Paid
O05136;QRIS;Paid
O05137;QRIS;Paid
O05138;QRIS;Paid
O05139;QRIS;Paid
O05140;COD;Paid
O05141;Transfer;Paid
O05142;Transfer;Failed
O05143;QRIS;Failed
O05144;Credit Card;Paid
O05145;COD;Paid
O05146;E-Wallet;Paid
O05147;COD;Failed
O05148;Transfer;Paid
O05149;Credit Card;Paid
O05150;E-Wallet;Paid
O05151;COD;Failed
O05152;E-Wallet;Paid
O05153;Credit Card;Paid
O05154;Transfer;Failed
O05155;Credit Card;Failed
O05156;Credit Card;Paid
O05157;Credit Card;Paid
O05158;Transfer;Paid
O05159;Credit Card;Failed
O05160;COD;Paid
O05161;QRIS;Failed
O05162;Transfer;Paid
O05163;E-Wallet;Paid
O05164;Transfer;Paid
O05165;E-Wallet;Failed
O05166;E-Wallet;Paid
O05167;E-Wallet;Paid
O05168;E-Wallet;Failed
O05169;Credit Card;Paid
O05170;Transfer;Paid
O05171;Transfer;Paid
O05172;QRIS;Failed
O05173;COD;Paid
O05174;QRIS;Paid
O05175;Transfer;Failed
O05176;Transfer;Paid
O05177;E-Wallet;Paid
O05178;Transfer;Paid
O05179;Transfer;Paid
O05180;E-Wallet;Failed
O05181;COD;Paid
O05182;QRIS;Paid
O05183;E-Wallet;Paid
O05184;Transfer;Paid
O05185;COD;Paid
O05186;COD;Paid
O05187;QRIS;Failed
O05188;QRIS;Paid
O05189;QRIS;Failed
O05190;Credit Card;Paid
O05191;COD;Failed
O05192;COD;Failed
O05193;QRIS;Paid
O05194;E-Wallet;Paid
O05195;COD;Paid
O05196;COD;Failed
O05197;Transfer;Failed
O05198;Transfer;Paid
O05199;Credit Card;Failed
O05200;Credit Card;Paid
O05201;Transfer;Paid
O05202;COD;Paid
O05203;E-Wallet;Paid
O05204;Credit Card;Paid
O05205;Transfer;Paid
O05206;COD;Paid
O05207;Transfer;Paid
O05208;Credit Card;Paid
O05209;COD;Paid
O05210;Transfer;Failed
O05211;COD;Paid
O05212;COD;Paid
O05213;COD;Paid
O05214;Credit Card;Paid
O05215;Credit Card;Paid
O05216;Transfer;Paid
O05217;COD;Failed
O05218;QRIS;Paid
O05219;QRIS;Paid
O05220;QRIS;Paid
O05221;E-Wallet;Paid
O05222;COD;Paid
O05223;COD;Paid
O05224;E-Wallet;Paid
O05225;E-Wallet;Failed
O05226;QRIS;Paid
O05227;Credit Card;Paid
O05228;COD;Paid
O05229;COD;Paid
O05230;E-Wallet;Paid
O05231;E-Wallet;Paid
O05232;COD;Paid
O05233;COD;Paid
O05234;Transfer;Paid
O05235;Credit Card;Failed
O05236;QRIS;Paid
O05237;Transfer;Paid
O05238;COD;Paid
O05239;E-Wallet;Failed
O05240;QRIS;Failed
O05241;COD;Paid
O05242;Credit Card;Paid
O05243;QRIS;Paid
O05244;QRIS;Paid
O05245;Credit Card;Paid
O05246;Transfer;Paid
O05247;QRIS;Failed
O05248;COD;Failed
O05249;Transfer;Paid
O05250;Credit Card;Paid
O05251;COD;Paid
O05252;QRIS;Failed
O05253;QRIS;Paid
O05254;Transfer;Paid
O05255;Transfer;Failed
O05256;E-Wallet;Paid
O05257;Credit Card;Failed
O05258;Credit Card;Paid
O05259;QRIS;Paid
O05260;E-Wallet;Failed
O05261;Credit Card;Paid
O05262;Transfer;Failed
O05263;E-Wallet;Paid
O05264;E-Wallet;Paid
O05265;QRIS;Paid
O05266;QRIS;Paid
O05267;COD;Paid
O05268;QRIS;Paid
O05269;QRIS;Paid
O05270;Transfer;Failed
O05271;COD;Failed
O05272;QRIS;Paid
O05273;QRIS;Failed
O05274;E-Wallet;Paid
O05275;QRIS;Failed
O05276;Transfer;Paid
O05277;COD;Paid
O05278;Credit Card;Paid
O05279;Transfer;Paid
O05280;COD;Paid
O05281;COD;Failed
O05282;Credit Card;Paid
O05283;COD;Paid
O05284;Credit Card;Paid
O05285;QRIS;Paid
O05286;COD;Failed
O05287;Credit Card;Paid
O05288;Credit Card;Paid
O05289;COD;Paid
O05290;COD;Paid
O05291;Credit Card;Paid
O05292;Credit Card;Paid
O05293;Transfer;Paid
O05294;Credit Card;Paid
O05295;Credit Card;Paid
O05296;COD;Paid
O05297;E-Wallet;Paid
O05298;E-Wallet;Paid
O05299;QRIS;Failed
O05300;Credit Card;Paid
O05301;Transfer;Paid
O05302;Transfer;Paid
O05303;COD;Paid
O05304;E-Wallet;Failed
O05305;COD;Paid
O05306;Credit Card;Paid
O05307;Credit Card;Paid
O05308;COD;Paid
O05309;Credit Card;Paid
O05310;QRIS;Paid
O05311;COD;Paid
O05312;Credit Card;Paid
O05313;E-Wallet;Paid
O05314;E-Wallet;Paid
O05315;Transfer;Paid
O05316;E-Wallet;Paid
O05317;COD;Paid
O05318;Transfer;Failed
O05319;Credit Card;Failed
O05320;COD;Failed
O05321;COD;Paid
O05322;Transfer;Paid
O05323;COD;Paid
O05324;COD;Paid
O05325;Transfer;Paid
O05326;QRIS;Paid
O05327;COD;Failed
O05328;COD;Paid
O05329;COD;Paid
O05330;QRIS;Failed
O05331;QRIS;Paid
O05332;COD;Paid
O05333;QRIS;Paid
O05334;COD;Failed
O05335;QRIS;Paid
O05336;Transfer;Paid
O05337;Transfer;Paid
O05338;COD;Failed
O05339;QRIS;Paid
O05340;COD;Failed
O05341;E-Wallet;Paid
O05342;COD;Failed
O05343;QRIS;Paid
O05344;COD;Failed
O05345;QRIS;Paid
O05346;Credit Card;Paid
O05347;E-Wallet;Failed
O05348;Credit Card;Paid
O05349;E-Wallet;Paid
O05350;E-Wallet;Paid
O05351;Credit Card;Paid
O05352;COD;Paid
O05353;Credit Card;Paid
O05354;Transfer;Paid
O05355;Transfer;Paid
O05356;Transfer;Paid
O05357;Transfer;Paid
O05358;QRIS;Failed
O05359;Transfer;Paid
O05360;COD;Failed
O05361;QRIS;Paid
O05362;QRIS;Paid
O05363;E-Wallet;Paid
O05364;COD;Paid
O05365;COD;Paid
O05366;COD;Paid
O05367;QRIS;Failed
O05368;COD;Paid
O05369;Transfer;Failed
O05370;Transfer;Failed
O05371;E-Wallet;Failed
O05372;Credit Card;Failed
O05373;E-Wallet;Paid
O05374;QRIS;Paid
O05375;COD;Paid
O05376;Transfer;Paid
O05377;Credit Card;Paid
O05378;QRIS;Paid
O05379;COD;Paid
O05380;Transfer;Failed
O05381;Transfer;Paid
O05382;Transfer;Paid
O05383;E-Wallet;Failed
O05384;QRIS;Paid
O05385;E-Wallet;Paid
O05386;E-Wallet;Paid
O05387;COD;Paid
O05388;Transfer;Paid
O05389;E-Wallet;Paid
O05390;Transfer;Paid
O05391;QRIS;Paid
O05392;E-Wallet;Paid
O05393;E-Wallet;Paid
O05394;Transfer;Paid
O05395;QRIS;Failed
O05396;COD;Paid
O05397;Credit Card;Paid
O05398;COD;Paid
O05399;Credit Card;Paid
O05400;COD;Paid
O05401;Transfer;Paid
O05402;QRIS;Paid
O05403;COD;Paid
O05404;Transfer;Paid
O05405;COD;Paid
O05406;QRIS;Paid
O05407;E-Wallet;Failed
O05408;E-Wallet;Failed
O05409;Transfer;Failed
O05410;QRIS;Paid
O05411;QRIS;Paid
O05412;QRIS;Paid
O05413;Transfer;Paid
O05414;E-Wallet;Paid
O05415;QRIS;Paid
O05416;Credit Card;Paid
O05417;COD;Paid
O05418;COD;Paid
O05419;E-Wallet;Paid
O05420;QRIS;Failed
O05421;Credit Card;Paid
O05422;E-Wallet;Paid
O05423;COD;Paid
O05424;E-Wallet;Paid
O05425;Transfer;Failed
O05426;Credit Card;Paid
O05427;Transfer;Failed
O05428;QRIS;Failed
O05429;Transfer;Failed
O05430;Credit Card;Paid
O05431;Transfer;Failed
O05432;E-Wallet;Paid
O05433;Credit Card;Failed
O05434;QRIS;Paid
O05435;QRIS;Failed
O05436;E-Wallet;Failed
O05437;Credit Card;Failed
O05438;E-Wallet;Paid
O05439;Transfer;Paid
O05440;QRIS;Paid
O05441;Transfer;Paid
O05442;Transfer;Paid
O05443;E-Wallet;Failed
O05444;COD;Paid
O05445;QRIS;Paid
O05446;COD;Paid
O05447;Credit Card;Paid
O05448;Transfer;Paid
O05449;QRIS;Failed
O05450;Transfer;Paid
O05451;E-Wallet;Paid
O05452;Credit Card;Paid
O05453;Credit Card;Paid
O05454;E-Wallet;Paid
O05455;Transfer;Paid
O05456;Transfer;Paid
O05457;QRIS;Paid
O05458;COD;Paid
O05459;Transfer;Failed
O05460;COD;Failed
O05461;E-Wallet;Paid
O05462;QRIS;Paid
O05463;Transfer;Failed
O05464;Transfer;Paid
O05465;Transfer;Paid
O05466;COD;Paid
O05467;Transfer;Paid
O05468;Transfer;Paid
O05469;COD;Paid
O05470;E-Wallet;Paid
O05471;QRIS;Paid
O05472;QRIS;Paid
O05473;E-Wallet;Paid
O05474;COD;Failed
O05475;E-Wallet;Failed
O05476;COD;Paid
O05477;Credit Card;Paid
O05478;COD;Failed
O05479;COD;Failed
O05480;Transfer;Paid
O05481;COD;Paid
O05482;Credit Card;Failed
O05483;Credit Card;Paid
O05484;E-Wallet;Paid
O05485;E-Wallet;Paid
O05486;COD;Failed
O05487;E-Wallet;Paid
O05488;Transfer;Paid
O05489;Transfer;Paid
O05490;E-Wallet;Paid
O05491;Transfer;Paid
O05492;E-Wallet;Failed
O05493;Transfer;Failed
O05494;QRIS;Paid
O05495;COD;Failed
O05496;QRIS;Failed
O05497;Credit Card;Paid
O05498;Transfer;Paid
O05499;E-Wallet;Paid
O05500;Credit Card;Paid
O05501;Transfer;Paid
O05502;QRIS;Paid
O05503;Credit Card;Paid
O05504;E-Wallet;Paid
O05505;Transfer;Failed
O05506;QRIS;Failed
O05507;E-Wallet;Paid
O05508;Transfer;Failed
O05509;QRIS;Paid
O05510;COD;Failed
O05511;Transfer;Paid
O05512;QRIS;Paid
O05513;COD;Paid
O05514;QRIS;Failed
O05515;Transfer;Paid
O05516;COD;Failed
O05517;Transfer;Paid
O05518;Credit Card;Paid
O05519;QRIS;Paid
O05520;COD;Paid
O05521;QRIS;Failed
O05522;Credit Card;Paid
O05523;Credit Card;Paid
O05524;COD;Paid
O05525;Credit Card;Paid
O05526;QRIS;Paid
O05527;Transfer;Paid
O05528;E-Wallet;Paid
O05529;Transfer;Paid
O05530;Credit Card;Paid
O05531;E-Wallet;Paid
O05532;Credit Card;Paid
O05533;Credit Card;Paid
O05534;E-Wallet;Paid
O05535;Transfer;Paid
O05536;E-Wallet;Paid
O05537;COD;Paid
O05538;COD;Failed
O05539;COD;Paid
O05540;QRIS;Paid
O05541;E-Wallet;Failed
O05542;E-Wallet;Paid
O05543;COD;Paid
O05544;COD;Paid
O05545;COD;Paid
O05546;QRIS;Failed
O05547;Credit Card;Paid
O05548;COD;Paid
O05549;E-Wallet;Failed
O05550;E-Wallet;Paid
O05551;Transfer;Paid
O05552;Credit Card;Failed
O05553;Credit Card;Paid
O05554;Transfer;Paid
O05555;COD;Paid
O05556;Credit Card;Paid
O05557;QRIS;Paid
O05558;Credit Card;Paid
O05559;COD;Paid
O05560;Credit Card;Failed
O05561;Credit Card;Paid
O05562;E-Wallet;Paid
O05563;COD;Paid
O05564;E-Wallet;Paid
O05565;Credit Card;Paid
O05566;QRIS;Paid
O05567;Credit Card;Failed
O05568;Transfer;Paid
O05569;Credit Card;Paid
O05570;E-Wallet;Paid
O05571;QRIS;Paid
O05572;COD;Failed
O05573;Transfer;Failed
O05574;E-Wallet;Failed
O05575;COD;Failed
O05576;Credit Card;Paid
O05577;Transfer;Paid
O05578;QRIS;Failed
O05579;QRIS;Paid
O05580;E-Wallet;Paid
O05581;QRIS;Paid
O05582;Credit Card;Failed
O05583;QRIS;Failed
O05584;QRIS;Paid
O05585;Transfer;Paid
O05586;Credit Card;Paid
O05587;Transfer;Paid
O05588;E-Wallet;Paid
O05589;QRIS;Paid
O05590;Credit Card;Paid
O05591;QRIS;Paid
O05592;Credit Card;Failed
O05593;Transfer;Paid
O05594;QRIS;Paid
O05595;Transfer;Paid
O05596;Credit Card;Paid
O05597;Transfer;Paid
O05598;Credit Card;Paid
O05599;Credit Card;Failed
O05600;E-Wallet;Paid
O05601;Credit Card;Paid
O05602;E-Wallet;Paid
O05603;QRIS;Paid
O05604;COD;Paid
O05605;QRIS;Paid
O05606;Credit Card;Paid
O05607;E-Wallet;Paid
O05608;QRIS;Paid
O05609;Transfer;Paid
O05610;COD;Paid
O05611;Credit Card;Failed
O05612;QRIS;Paid
O05613;Credit Card;Paid
O05614;E-Wallet;Failed
O05615;COD;Failed
O05616;Credit Card;Paid
O05617;QRIS;Paid
O05618;QRIS;Paid
O05619;COD;Paid
O05620;E-Wallet;Paid
O05621;COD;Paid
O05622;Transfer;Paid
O05623;Credit Card;Paid
O05624;Credit Card;Paid
O05625;Credit Card;Paid
O05626;QRIS;Paid
O05627;Transfer;Paid
O05628;E-Wallet;Paid
O05629;QRIS;Paid
O05630;Transfer;Paid
O05631;E-Wallet;Paid
O05632;Transfer;Failed
O05633;QRIS;Paid
O05634;E-Wallet;Paid
O05635;COD;Failed
O05636;COD;Paid
O05637;Transfer;Paid
O05638;QRIS;Paid
O05639;E-Wallet;Paid
O05640;COD;Failed
O05641;Credit Card;Paid
O05642;Transfer;Failed
O05643;Transfer;Paid
O05644;Transfer;Paid
O05645;Credit Card;Paid
O05646;Credit Card;Failed
O05647;Credit Card;Paid
O05648;Credit Card;Paid
O05649;COD;Paid
O05650;Transfer;Failed
O05651;QRIS;Failed
O05652;COD;Paid
O05653;Credit Card;Paid
O05654;Transfer;Paid
O05655;Credit Card;Failed
O05656;E-Wallet;Paid
O05657;COD;Failed
O05658;Credit Card;Paid
O05659;Transfer;Failed
O05660;COD;Failed
O05661;E-Wallet;Paid
O05662;QRIS;Paid
O05663;QRIS;Paid
O05664;QRIS;Paid
O05665;E-Wallet;Paid
O05666;COD;Paid
O05667;E-Wallet;Paid
O05668;COD;Paid
O05669;Transfer;Paid
O05670;Transfer;Failed
O05671;QRIS;Failed
O05672;QRIS;Paid
O05673;Credit Card;Paid
O05674;QRIS;Paid
O05675;QRIS;Paid
O05676;QRIS;Paid
O05677;Transfer;Failed
O05678;COD;Failed
O05679;COD;Paid
O05680;E-Wallet;Paid
O05681;E-Wallet;Paid
O05682;E-Wallet;Failed
O05683;Transfer;Paid
O05684;Credit Card;Paid
O05685;COD;Failed
O05686;QRIS;Failed
O05687;COD;Paid
O05688;COD;Paid
O05689;COD;Paid
O05690;QRIS;Failed
O05691;E-Wallet;Paid
O05692;E-Wallet;Paid
O05693;COD;Failed
O05694;QRIS;Paid
O05695;QRIS;Paid
O05696;Credit Card;Paid
O05697;QRIS;Paid
O05698;Credit Card;Paid
O05699;QRIS;Failed
O05700;QRIS;Paid
O05701;E-Wallet;Paid
O05702;Transfer;Paid
O05703;E-Wallet;Paid
O05704;COD;Paid
O05705;Transfer;Paid
O05706;QRIS;Paid
O05707;Transfer;Failed
O05708;COD;Paid
O05709;QRIS;Failed
O05710;E-Wallet;Failed
O05711;QRIS;Paid
O05712;QRIS;Paid
O05713;E-Wallet;Paid
O05714;QRIS;Paid
O05715;COD;Paid
O05716;QRIS;Paid
O05717;Credit Card;Paid
O05718;E-Wallet;Paid
O05719;COD;Paid
O05720;E-Wallet;Paid
O05721;Credit Card;Paid
O05722;E-Wallet;Paid
O05723;COD;Paid
O05724;QRIS;Paid
O05725;COD;Paid
O05726;Credit Card;Paid
O05727;COD;Paid
O05728;Transfer;Paid
O05729;COD;Paid
O05730;Credit Card;Paid
O05731;E-Wallet;Paid
O05732;E-Wallet;Paid
O05733;QRIS;Paid
O05734;QRIS;Failed
O05735;Transfer;Paid
O05736;QRIS;Paid
O05737;QRIS;Paid
O05738;Credit Card;Failed
O05739;Transfer;Paid
O05740;COD;Failed
O05741;QRIS;Paid
O05742;COD;Failed
O05743;Transfer;Paid
O05744;QRIS;Failed
O05745;E-Wallet;Paid
O05746;E-Wallet;Paid
O05747;Credit Card;Failed
O05748;Credit Card;Paid
O05749;E-Wallet;Failed
O05750;E-Wallet;Paid
O05751;Credit Card;Paid
O05752;COD;Paid
O05753;Transfer;Paid
O05754;Credit Card;Paid
O05755;Credit Card;Paid
O05756;E-Wallet;Paid
O05757;Credit Card;Paid
O05758;QRIS;Failed
O05759;E-Wallet;Paid
O05760;COD;Paid
O05761;Credit Card;Paid
O05762;Credit Card;Paid
O05763;Transfer;Paid
O05764;COD;Paid
O05765;E-Wallet;Paid
O05766;Transfer;Paid
O05767;Transfer;Paid
O05768;COD;Paid
O05769;Transfer;Failed
O05770;Transfer;Paid
O05771;Credit Card;Paid
O05772;Credit Card;Paid
O05773;COD;Paid
O05774;COD;Paid
O05775;E-Wallet;Failed
O05776;Credit Card;Failed
O05777;Transfer;Paid
O05778;E-Wallet;Paid
O05779;QRIS;Paid
O05780;E-Wallet;Paid
O05781;E-Wallet;Failed
O05782;E-Wallet;Paid
O05783;E-Wallet;Paid
O05784;COD;Paid
O05785;Transfer;Paid
O05786;QRIS;Paid
O05787;Transfer;Paid
O05788;COD;Failed
O05789;E-Wallet;Paid
O05790;E-Wallet;Paid
O05791;QRIS;Paid
O05792;Credit Card;Paid
O05793;Transfer;Paid
O05794;E-Wallet;Failed
O05795;Credit Card;Paid
O05796;E-Wallet;Paid
O05797;Credit Card;Paid
O05798;COD;Failed
O05799;COD;Paid
O05800;Credit Card;Failed
O05801;Credit Card;Paid
O05802;Transfer;Paid
O05803;Credit Card;Paid
O05804;E-Wallet;Paid
O05805;E-Wallet;Paid
O05806;COD;Paid
O05807;Credit Card;Paid
O05808;COD;Paid
O05809;QRIS;Paid
O05810;E-Wallet;Paid
O05811;Transfer;Failed
O05812;E-Wallet;Paid
O05813;COD;Paid
O05814;QRIS;Paid
O05815;Credit Card;Paid
O05816;Credit Card;Paid
O05817;COD;Paid
O05818;Transfer;Paid
O05819;Credit Card;Paid
O05820;COD;Paid
O05821;E-Wallet;Paid
O05822;QRIS;Paid
O05823;E-Wallet;Failed
O05824;Credit Card;Paid
O05825;QRIS;Paid
O05826;QRIS;Paid
O05827;Transfer;Paid
O05828;Transfer;Failed
O05829;QRIS;Paid
O05830;Transfer;Paid
O05831;Credit Card;Paid
O05832;Transfer;Failed
O05833;COD;Paid
O05834;COD;Failed
O05835;E-Wallet;Paid
O05836;QRIS;Paid
O05837;E-Wallet;Paid
O05838;QRIS;Paid
O05839;COD;Paid
O05840;COD;Failed
O05841;QRIS;Paid
O05842;QRIS;Paid
O05843;E-Wallet;Paid
O05844;Transfer;Paid
O05845;Credit Card;Failed
O05846;E-Wallet;Failed
O05847;Transfer;Paid
O05848;QRIS;Paid
O05849;COD;Paid
O05850;COD;Paid
O05851;Credit Card;Paid
O05852;Credit Card;Failed
O05853;COD;Failed
O05854;Credit Card;Paid
O05855;COD;Failed
O05856;QRIS;Failed
O05857;Credit Card;Paid
O05858;COD;Paid
O05859;QRIS;Paid
O05860;QRIS;Paid
O05861;Credit Card;Paid
O05862;E-Wallet;Paid
O05863;Transfer;Paid
O05864;COD;Failed
O05865;QRIS;Paid
O05866;Transfer;Paid
O05867;Credit Card;Paid
O05868;QRIS;Paid
O05869;E-Wallet;Paid
O05870;COD;Failed
O05871;COD;Failed
O05872;QRIS;Paid
O05873;E-Wallet;Failed
O05874;COD;Paid
O05875;E-Wallet;Paid
O05876;COD;Paid
O05877;E-Wallet;Failed
O05878;E-Wallet;Failed
O05879;Transfer;Paid
O05880;COD;Paid
O05881;Credit Card;Paid
O05882;E-Wallet;Paid
O05883;E-Wallet;Paid
O05884;Credit Card;Failed
O05885;Credit Card;Paid
O05886;COD;Paid
O05887;COD;Failed
O05888;Transfer;Failed
O05889;QRIS;Paid
O05890;Transfer;Paid
O05891;E-Wallet;Paid
O05892;COD;Paid
O05893;QRIS;Paid
O05894;QRIS;Paid
O05895;QRIS;Paid
O05896;Credit Card;Paid
O05897;QRIS;Paid
O05898;COD;Failed
O05899;Transfer;Paid
O05900;COD;Paid
O05901;Credit Card;Failed
O05902;QRIS;Paid
O05903;Credit Card;Paid
O05904;COD;Paid
O05905;E-Wallet;Paid
O05906;E-Wallet;Paid
O05907;COD;Paid
O05908;QRIS;Paid
O05909;QRIS;Paid
O05910;Credit Card;Paid
O05911;E-Wallet;Paid
O05912;E-Wallet;Paid
O05913;Credit Card;Failed
O05914;Transfer;Paid
O05915;E-Wallet;Failed
O05916;Credit Card;Paid
O05917;QRIS;Failed
O05918;Transfer;Paid
O05919;COD;Failed
O05920;QRIS;Paid
O05921;COD;Failed
O05922;Transfer;Paid
O05923;E-Wallet;Paid
O05924;E-Wallet;Failed
O05925;Credit Card;Failed
O05926;COD;Paid
O05927;Credit Card;Failed
O05928;E-Wallet;Paid
O05929;COD;Failed
O05930;Transfer;Paid
O05931;QRIS;Paid
O05932;Transfer;Paid
O05933;Credit Card;Paid
O05934;Transfer;Paid
O05935;Credit Card;Failed
O05936;COD;Paid
O05937;E-Wallet;Paid
O05938;COD;Paid
O05939;Credit Card;Paid
O05940;Transfer;Paid
O05941;Credit Card;Failed
O05942;Transfer;Failed
O05943;Credit Card;Paid
O05944;COD;Failed
O05945;Transfer;Paid
O05946;COD;Failed
O05947;E-Wallet;Paid
O05948;QRIS;Paid
O05949;Credit Card;Paid
O05950;Transfer;Failed
O05951;Transfer;Paid
O05952;Transfer;Failed
O05953;QRIS;Failed
O05954;QRIS;Failed
O05955;E-Wallet;Paid
O05956;Credit Card;Failed
O05957;Transfer;Paid
O05958;E-Wallet;Paid
O05959;Credit Card;Paid
O05960;COD;Paid
O05961;QRIS;Paid
O05962;E-Wallet;Paid
O05963;COD;Paid
O05964;Transfer;Paid
O05965;E-Wallet;Paid
O05966;COD;Paid
O05967;E-Wallet;Paid
O05968;Transfer;Paid
O05969;QRIS;Paid
O05970;QRIS;Paid
O05971;QRIS;Failed
O05972;COD;Failed
O05973;E-Wallet;Paid
O05974;QRIS;Failed
O05975;E-Wallet;Paid
O05976;E-Wallet;Paid
O05977;COD;Failed
O05978;COD;Paid
O05979;E-Wallet;Failed
O05980;COD;Paid
O05981;COD;Paid
O05982;Transfer;Paid
O05983;QRIS;Paid
O05984;Transfer;Paid
O05985;E-Wallet;Paid
O05986;QRIS;Paid
O05987;QRIS;Failed
O05988;E-Wallet;Failed
O05989;QRIS;Failed
O05990;E-Wallet;Paid
O05991;Credit Card;Paid
O05992;COD;Failed
O05993;QRIS;Paid
O05994;QRIS;Paid
O05995;QRIS;Paid
O05996;Credit Card;Failed
O05997;Credit Card;Paid
O05998;Credit Card;Paid
O05999;E-Wallet;Paid
O06000;QRIS;Paid
O06001;Credit Card;Paid
O06002;Credit Card;Failed
O06003;QRIS;Failed
O06004;QRIS;Failed
O06005;QRIS;Paid
O06006;COD;Failed
O06007;QRIS;Paid
O06008;COD;Paid
O06009;Transfer;Failed
O06010;Transfer;Paid
O06011;QRIS;Failed
O06012;Credit Card;Failed
O06013;E-Wallet;Paid
O06014;COD;Paid
O06015;COD;Paid
O06016;E-Wallet;Paid
O06017;QRIS;Paid
O06018;COD;Paid
O06019;Transfer;Paid
O06020;COD;Paid
O06021;E-Wallet;Paid
O06022;QRIS;Paid
O06023;E-Wallet;Paid
O06024;E-Wallet;Paid
O06025;COD;Failed
O06026;E-Wallet;Paid
O06027;E-Wallet;Paid
O06028;QRIS;Paid
O06029;Transfer;Paid
O06030;QRIS;Paid
O06031;COD;Paid
O06032;COD;Paid
O06033;Credit Card;Paid
O06034;COD;Paid
O06035;COD;Paid
O06036;E-Wallet;Paid
O06037;E-Wallet;Paid
O06038;Credit Card;Paid
O06039;QRIS;Paid
O06040;E-Wallet;Paid
O06041;E-Wallet;Failed
O06042;QRIS;Failed
O06043;COD;Failed
O06044;E-Wallet;Paid
O06045;Transfer;Paid
O06046;Credit Card;Paid
O06047;Transfer;Paid
O06048;COD;Paid
O06049;Transfer;Failed
O06050;Credit Card;Paid
O06051;E-Wallet;Failed
O06052;COD;Failed
O06053;E-Wallet;Paid
O06054;E-Wallet;Paid
O06055;COD;Paid
O06056;Credit Card;Failed
O06057;Credit Card;Paid
O06058;Transfer;Paid
O06059;QRIS;Failed
O06060;E-Wallet;Paid
O06061;COD;Failed
O06062;QRIS;Paid
O06063;Credit Card;Paid
O06064;COD;Paid
O06065;COD;Paid
O06066;QRIS;Paid
O06067;Credit Card;Failed
O06068;Credit Card;Paid
O06069;E-Wallet;Paid
O06070;QRIS;Paid
O06071;QRIS;Paid
O06072;QRIS;Paid
O06073;QRIS;Failed
O06074;Credit Card;Paid
O06075;COD;Paid
O06076;Credit Card;Failed
O06077;COD;Paid
O06078;QRIS;Paid
O06079;Credit Card;Paid
O06080;Credit Card;Paid
O06081;Credit Card;Paid
O06082;COD;Failed
O06083;Transfer;Paid
O06084;E-Wallet;Failed
O06085;E-Wallet;Paid
O06086;Transfer;Paid
O06087;E-Wallet;Paid
O06088;Credit Card;Paid
O06089;QRIS;Failed
O06090;E-Wallet;Failed
O06091;QRIS;Paid
O06092;E-Wallet;Failed
O06093;E-Wallet;Paid
O06094;E-Wallet;Paid
O06095;E-Wallet;Failed
O06096;Credit Card;Paid
O06097;QRIS;Failed
O06098;E-Wallet;Paid
O06099;E-Wallet;Paid
O06100;Transfer;Paid
O06101;COD;Paid
O06102;Credit Card;Paid
O06103;E-Wallet;Paid
O06104;Credit Card;Paid
O06105;Transfer;Paid
O06106;Credit Card;Failed
O06107;QRIS;Paid
O06108;COD;Failed
O06109;COD;Paid
O06110;COD;Paid
O06111;QRIS;Paid
O06112;COD;Failed
O06113;Transfer;Paid
O06114;E-Wallet;Paid
O06115;E-Wallet;Paid
O06116;COD;Paid
O06117;Credit Card;Paid
O06118;Credit Card;Paid
O06119;E-Wallet;Paid
O06120;QRIS;Paid
O06121;COD;Paid
O06122;QRIS;Failed
O06123;Credit Card;Paid
O06124;Credit Card;Paid
O06125;COD;Failed
O06126;COD;Paid
O06127;Transfer;Paid
O06128;Credit Card;Paid
O06129;COD;Paid
O06130;Credit Card;Failed
O06131;QRIS;Paid
O06132;E-Wallet;Paid
O06133;Credit Card;Paid
O06134;Credit Card;Paid
O06135;E-Wallet;Paid
O06136;COD;Paid
O06137;Credit Card;Paid
O06138;COD;Paid
O06139;QRIS;Paid
O06140;Credit Card;Paid
O06141;Transfer;Paid
O06142;Transfer;Failed
O06143;E-Wallet;Failed
O06144;Credit Card;Paid
O06145;Credit Card;Paid
O06146;COD;Paid
O06147;Transfer;Paid
O06148;COD;Paid
O06149;E-Wallet;Failed
O06150;COD;Paid
O06151;COD;Failed
O06152;QRIS;Failed
O06153;Credit Card;Failed
O06154;COD;Paid
O06155;Transfer;Failed
O06156;COD;Failed
O06157;Transfer;Paid
O06158;Credit Card;Paid
O06159;E-Wallet;Failed
O06160;COD;Paid
O06161;QRIS;Paid
O06162;Credit Card;Paid
O06163;Transfer;Failed
O06164;Transfer;Paid
O06165;QRIS;Paid
O06166;Transfer;Paid
O06167;QRIS;Failed
O06168;Credit Card;Paid
O06169;Credit Card;Paid
O06170;E-Wallet;Paid
O06171;COD;Paid
O06172;QRIS;Paid
O06173;COD;Paid
O06174;COD;Paid
O06175;QRIS;Paid
O06176;E-Wallet;Paid
O06177;QRIS;Failed
O06178;COD;Paid
O06179;Transfer;Paid
O06180;Transfer;Paid
O06181;Credit Card;Failed
O06182;Credit Card;Paid
O06183;COD;Paid
O06184;Transfer;Failed
O06185;Transfer;Failed
O06186;E-Wallet;Paid
O06187;COD;Paid
O06188;E-Wallet;Paid
O06189;E-Wallet;Failed
O06190;QRIS;Paid
O06191;Transfer;Paid
O06192;QRIS;Failed
O06193;COD;Failed
O06194;COD;Paid
O06195;Transfer;Paid
O06196;QRIS;Paid
O06197;E-Wallet;Failed
O06198;Transfer;Paid
O06199;COD;Paid
O06200;Transfer;Paid
O06201;Credit Card;Failed
O06202;COD;Failed
O06203;COD;Paid
O06204;QRIS;Paid
O06205;QRIS;Paid
O06206;Credit Card;Failed
O06207;QRIS;Failed
O06208;Credit Card;Paid
O06209;Transfer;Failed
O06210;Credit Card;Paid
O06211;Transfer;Paid
O06212;COD;Paid
O06213;COD;Paid
O06214;E-Wallet;Failed
O06215;Credit Card;Failed
O06216;E-Wallet;Paid
O06217;Transfer;Paid
O06218;E-Wallet;Paid
O06219;QRIS;Failed
O06220;Credit Card;Paid
O06221;E-Wallet;Paid
O06222;Transfer;Failed
O06223;Credit Card;Paid
O06224;E-Wallet;Failed
O06225;E-Wallet;Paid
O06226;E-Wallet;Paid
O06227;QRIS;Paid
O06228;Transfer;Failed
O06229;Transfer;Paid
O06230;Transfer;Paid
O06231;COD;Paid
O06232;QRIS;Paid
O06233;E-Wallet;Paid
O06234;Credit Card;Paid
O06235;COD;Failed
O06236;E-Wallet;Paid
O06237;COD;Paid
O06238;QRIS;Paid
O06239;Transfer;Paid
O06240;QRIS;Paid
O06241;QRIS;Paid
O06242;QRIS;Paid
O06243;Credit Card;Paid
O06244;COD;Paid
O06245;E-Wallet;Paid
O06246;QRIS;Paid
O06247;E-Wallet;Paid
O06248;COD;Paid
O06249;Credit Card;Paid
O06250;COD;Failed
O06251;Credit Card;Paid
O06252;Credit Card;Paid
O06253;Credit Card;Paid
O06254;Credit Card;Failed
O06255;Credit Card;Paid
O06256;COD;Failed
O06257;E-Wallet;Paid
O06258;E-Wallet;Paid
O06259;Credit Card;Paid
O06260;COD;Paid
O06261;COD;Paid
O06262;QRIS;Paid
O06263;Credit Card;Paid
O06264;QRIS;Paid
O06265;E-Wallet;Failed
O06266;COD;Paid
O06267;E-Wallet;Failed
O06268;COD;Paid
O06269;QRIS;Paid
O06270;E-Wallet;Paid
O06271;Credit Card;Failed
O06272;E-Wallet;Paid
O06273;QRIS;Failed
O06274;QRIS;Failed
O06275;COD;Failed
O06276;Credit Card;Paid
O06277;QRIS;Paid
O06278;Credit Card;Paid
O06279;E-Wallet;Failed
O06280;COD;Paid
O06281;E-Wallet;Paid
O06282;E-Wallet;Failed
O06283;Credit Card;Failed
O06284;COD;Paid
O06285;E-Wallet;Failed
O06286;QRIS;Paid
O06287;Credit Card;Paid
O06288;Credit Card;Paid
O06289;Transfer;Paid
O06290;QRIS;Paid
O06291;E-Wallet;Failed
O06292;QRIS;Failed
O06293;E-Wallet;Paid
O06294;E-Wallet;Failed
O06295;QRIS;Paid
O06296;Transfer;Paid
O06297;QRIS;Paid
O06298;COD;Failed
O06299;COD;Paid
O06300;QRIS;Paid
O06301;COD;Paid
O06302;QRIS;Failed
O06303;QRIS;Failed
O06304;Credit Card;Paid
O06305;Transfer;Paid
O06306;COD;Paid
O06307;COD;Paid
O06308;QRIS;Paid
O06309;Transfer;Paid
O06310;Credit Card;Paid
O06311;Credit Card;Paid
O06312;E-Wallet;Paid
O06313;Credit Card;Paid
O06314;Credit Card;Paid
O06315;COD;Paid
O06316;Transfer;Paid
O06317;Transfer;Paid
O06318;Transfer;Paid
O06319;Transfer;Paid
O06320;Transfer;Paid
O06321;QRIS;Failed
O06322;QRIS;Failed
O06323;Transfer;Paid
O06324;Credit Card;Paid
O06325;Transfer;Failed
O06326;QRIS;Paid
O06327;Transfer;Failed
O06328;QRIS;Paid
O06329;Credit Card;Paid
O06330;Transfer;Paid
O06331;E-Wallet;Paid
O06332;Transfer;Paid
O06333;E-Wallet;Paid
O06334;QRIS;Paid
O06335;Credit Card;Failed
O06336;QRIS;Failed
O06337;E-Wallet;Failed
O06338;Credit Card;Paid
O06339;QRIS;Paid
O06340;QRIS;Paid
O06341;Transfer;Paid
O06342;Credit Card;Failed
O06343;COD;Paid
O06344;QRIS;Paid
O06345;QRIS;Failed
O06346;E-Wallet;Paid
O06347;Transfer;Paid
O06348;COD;Paid
O06349;Credit Card;Paid
O06350;Credit Card;Paid
O06351;COD;Paid
O06352;Credit Card;Paid
O06353;COD;Paid
O06354;Credit Card;Failed
O06355;COD;Failed
O06356;Credit Card;Paid
O06357;Credit Card;Paid
O06358;COD;Failed
O06359;Credit Card;Paid
O06360;Transfer;Paid
O06361;QRIS;Paid
O06362;E-Wallet;Paid
O06363;Credit Card;Paid
O06364;Credit Card;Paid
O06365;E-Wallet;Paid
O06366;QRIS;Paid
O06367;E-Wallet;Failed
O06368;COD;Paid
O06369;E-Wallet;Paid
O06370;QRIS;Paid
O06371;QRIS;Paid
O06372;Transfer;Paid
O06373;E-Wallet;Failed
O06374;Credit Card;Paid
O06375;QRIS;Failed
O06376;Credit Card;Paid
O06377;Transfer;Paid
O06378;COD;Failed
O06379;Transfer;Paid
O06380;Transfer;Paid
O06381;QRIS;Paid
O06382;E-Wallet;Paid
O06383;QRIS;Paid
O06384;Credit Card;Paid
O06385;E-Wallet;Paid
O06386;Credit Card;Paid
O06387;Transfer;Paid
O06388;Transfer;Failed
O06389;Credit Card;Failed
O06390;QRIS;Paid
O06391;E-Wallet;Paid
O06392;QRIS;Paid
O06393;Credit Card;Paid
O06394;COD;Paid
O06395;Credit Card;Paid
O06396;Transfer;Paid
O06397;E-Wallet;Paid
O06398;QRIS;Paid
O06399;E-Wallet;Paid
O06400;E-Wallet;Paid
O06401;Transfer;Paid
O06402;Transfer;Failed
O06403;QRIS;Paid
O06404;Credit Card;Paid
O06405;Transfer;Failed
O06406;COD;Paid
O06407;Credit Card;Paid
O06408;E-Wallet;Paid
O06409;COD;Failed
O06410;Credit Card;Paid
O06411;Transfer;Paid
O06412;Transfer;Failed
O06413;Transfer;Failed
O06414;E-Wallet;Paid
O06415;Transfer;Paid
O06416;QRIS;Failed
O06417;QRIS;Failed
O06418;COD;Paid
O06419;QRIS;Paid
O06420;QRIS;Paid
O06421;Credit Card;Paid
O06422;QRIS;Paid
O06423;E-Wallet;Paid
O06424;QRIS;Paid
O06425;COD;Paid
O06426;Credit Card;Paid
O06427;QRIS;Paid
O06428;Transfer;Paid
O06429;Transfer;Failed
O06430;Transfer;Paid
O06431;QRIS;Paid
O06432;QRIS;Paid
O06433;QRIS;Paid
O06434;COD;Paid
O06435;Transfer;Paid
O06436;E-Wallet;Paid
O06437;QRIS;Paid
O06438;Transfer;Paid
O06439;Credit Card;Paid
O06440;COD;Failed
O06441;Transfer;Paid
O06442;E-Wallet;Paid
O06443;Transfer;Paid
O06444;E-Wallet;Paid
O06445;Transfer;Paid
O06446;E-Wallet;Paid
O06447;Transfer;Paid
O06448;Credit Card;Paid
O06449;E-Wallet;Paid
O06450;E-Wallet;Paid
O06451;COD;Paid
O06452;E-Wallet;Paid
O06453;E-Wallet;Paid
O06454;Credit Card;Paid
O06455;QRIS;Paid
O06456;COD;Paid
O06457;Credit Card;Paid
O06458;COD;Paid
O06459;E-Wallet;Paid
O06460;Transfer;Paid
O06461;Credit Card;Paid
O06462;Transfer;Paid
O06463;E-Wallet;Paid
O06464;E-Wallet;Paid
O06465;Credit Card;Paid
O06466;E-Wallet;Paid
O06467;QRIS;Paid
O06468;Transfer;Failed
O06469;COD;Paid
O06470;Credit Card;Failed
O06471;Transfer;Paid
O06472;COD;Paid
O06473;Transfer;Paid
O06474;COD;Paid
O06475;Credit Card;Failed
O06476;Transfer;Paid
O06477;COD;Paid
O06478;E-Wallet;Paid
O06479;Credit Card;Paid
O06480;E-Wallet;Paid
O06481;QRIS;Failed
O06482;COD;Failed
O06483;Transfer;Paid
O06484;COD;Failed
O06485;COD;Paid
O06486;COD;Paid
O06487;QRIS;Paid
O06488;Credit Card;Paid
O06489;E-Wallet;Paid
O06490;QRIS;Paid
O06491;QRIS;Paid
O06492;Credit Card;Paid
O06493;E-Wallet;Paid
O06494;QRIS;Paid
O06495;Credit Card;Failed
O06496;COD;Paid
O06497;Credit Card;Paid
O06498;QRIS;Paid
O06499;Credit Card;Paid
O06500;Transfer;Paid
O06501;COD;Paid
O06502;QRIS;Paid
O06503;Credit Card;Paid
O06504;Transfer;Paid
O06505;Transfer;Paid
O06506;QRIS;Paid
O06507;Transfer;Paid
O06508;Transfer;Paid
O06509;Credit Card;Failed
O06510;E-Wallet;Paid
O06511;COD;Failed
O06512;COD;Failed
O06513;E-Wallet;Paid
O06514;COD;Paid
O06515;Transfer;Paid
O06516;Transfer;Paid
O06517;E-Wallet;Failed
O06518;COD;Paid
O06519;QRIS;Paid
O06520;Transfer;Paid
O06521;Transfer;Paid
O06522;COD;Paid
O06523;Transfer;Failed
O06524;QRIS;Paid
O06525;E-Wallet;Paid
O06526;QRIS;Paid
O06527;E-Wallet;Paid
O06528;QRIS;Paid
O06529;E-Wallet;Failed
O06530;E-Wallet;Paid
O06531;E-Wallet;Paid
O06532;E-Wallet;Paid
O06533;Credit Card;Paid
O06534;Transfer;Failed
O06535;E-Wallet;Paid
O06536;Credit Card;Paid
O06537;QRIS;Paid
O06538;COD;Paid
O06539;Transfer;Paid
O06540;Transfer;Paid
O06541;Transfer;Failed
O06542;E-Wallet;Failed
O06543;COD;Paid
O06544;COD;Paid
O06545;QRIS;Paid
O06546;QRIS;Paid
O06547;E-Wallet;Paid
O06548;Credit Card;Failed
O06549;Transfer;Paid
O06550;Credit Card;Failed
O06551;E-Wallet;Paid
O06552;E-Wallet;Paid
O06553;QRIS;Failed
O06554;QRIS;Paid
O06555;QRIS;Paid
O06556;Transfer;Paid
O06557;Transfer;Paid
O06558;QRIS;Paid
O06559;QRIS;Paid
O06560;COD;Paid
O06561;Transfer;Paid
O06562;Credit Card;Failed
O06563;Transfer;Paid
O06564;Transfer;Paid
O06565;QRIS;Failed
O06566;Transfer;Paid
O06567;Transfer;Failed
O06568;QRIS;Paid
O06569;Transfer;Paid
O06570;Credit Card;Failed
O06571;E-Wallet;Paid
O06572;QRIS;Paid
O06573;Credit Card;Paid
O06574;COD;Paid
O06575;COD;Failed
O06576;QRIS;Paid
O06577;Transfer;Paid
O06578;Transfer;Paid
O06579;Transfer;Paid
O06580;QRIS;Failed
O06581;COD;Paid
O06582;Credit Card;Paid
O06583;Credit Card;Paid
O06584;Transfer;Paid
O06585;Transfer;Paid
O06586;Credit Card;Failed
O06587;COD;Failed
O06588;Transfer;Paid
O06589;Credit Card;Paid
O06590;Transfer;Paid
O06591;E-Wallet;Failed
O06592;COD;Failed
O06593;QRIS;Failed
O06594;E-Wallet;Paid
O06595;E-Wallet;Paid
O06596;Credit Card;Paid
O06597;QRIS;Failed
O06598;QRIS;Paid
O06599;E-Wallet;Paid
O06600;QRIS;Paid
O06601;QRIS;Paid
O06602;Transfer;Failed
O06603;E-Wallet;Paid
O06604;Credit Card;Failed
O06605;Transfer;Paid
O06606;COD;Paid
O06607;E-Wallet;Paid
O06608;COD;Paid
O06609;E-Wallet;Paid
O06610;COD;Paid
O06611;E-Wallet;Paid
O06612;QRIS;Paid
O06613;E-Wallet;Paid
O06614;QRIS;Paid
O06615;E-Wallet;Failed
O06616;E-Wallet;Paid
O06617;Credit Card;Failed
O06618;COD;Paid
O06619;Credit Card;Paid
O06620;E-Wallet;Paid
O06621;Transfer;Paid
O06622;COD;Paid
O06623;Credit Card;Paid
O06624;COD;Failed
O06625;QRIS;Paid
O06626;Transfer;Failed
O06627;E-Wallet;Paid
O06628;Transfer;Failed
O06629;COD;Failed
O06630;E-Wallet;Failed
O06631;Credit Card;Paid
O06632;QRIS;Failed
O06633;COD;Paid
O06634;E-Wallet;Paid
O06635;COD;Paid
O06636;QRIS;Paid
O06637;COD;Paid
O06638;E-Wallet;Paid
O06639;COD;Paid
O06640;Credit Card;Failed
O06641;COD;Paid
O06642;QRIS;Failed
O06643;Credit Card;Paid
O06644;Credit Card;Failed
O06645;E-Wallet;Failed
O06646;COD;Paid
O06647;QRIS;Paid
O06648;Transfer;Paid
O06649;COD;Paid
O06650;QRIS;Paid
O06651;QRIS;Paid
O06652;E-Wallet;Failed
O06653;Transfer;Paid
O06654;Credit Card;Paid
O06655;COD;Failed
O06656;QRIS;Paid
O06657;QRIS;Failed
O06658;Credit Card;Paid
O06659;COD;Paid
O06660;QRIS;Paid
O06661;E-Wallet;Paid
O06662;E-Wallet;Failed
O06663;Credit Card;Paid
O06664;E-Wallet;Paid
O06665;COD;Paid
O06666;COD;Paid
O06667;COD;Failed
O06668;E-Wallet;Failed
O06669;Credit Card;Paid
O06670;QRIS;Paid
O06671;E-Wallet;Paid
O06672;COD;Paid
O06673;COD;Paid
O06674;E-Wallet;Paid
O06675;Transfer;Paid
O06676;COD;Paid
O06677;QRIS;Paid
O06678;E-Wallet;Paid
O06679;QRIS;Paid
O06680;E-Wallet;Paid
O06681;Transfer;Paid
O06682;Transfer;Paid
O06683;Transfer;Failed
O06684;Transfer;Paid
O06685;Credit Card;Paid
O06686;E-Wallet;Paid
O06687;COD;Failed
O06688;QRIS;Paid
O06689;QRIS;Paid
O06690;Credit Card;Paid
O06691;COD;Failed
O06692;Transfer;Paid
O06693;QRIS;Paid
O06694;E-Wallet;Paid
O06695;COD;Paid
O06696;QRIS;Paid
O06697;QRIS;Paid
O06698;E-Wallet;Paid
O06699;QRIS;Failed
O06700;E-Wallet;Paid
O06701;QRIS;Paid
O06702;Credit Card;Paid
O06703;Credit Card;Paid
O06704;QRIS;Paid
O06705;E-Wallet;Paid
O06706;QRIS;Paid
O06707;Credit Card;Paid
O06708;COD;Paid
O06709;Transfer;Paid
O06710;QRIS;Paid
O06711;QRIS;Failed
O06712;Credit Card;Paid
O06713;E-Wallet;Failed
O06714;QRIS;Paid
O06715;E-Wallet;Paid
O06716;E-Wallet;Paid
O06717;E-Wallet;Failed
O06718;COD;Failed
O06719;QRIS;Failed
O06720;QRIS;Paid
O06721;QRIS;Paid
O06722;COD;Paid
O06723;Credit Card;Paid
O06724;Transfer;Paid
O06725;QRIS;Paid
O06726;COD;Failed
O06727;QRIS;Failed
O06728;Credit Card;Failed
O06729;COD;Paid
O06730;COD;Paid
O06731;QRIS;Paid
O06732;QRIS;Paid
O06733;Credit Card;Paid
O06734;Transfer;Paid
O06735;E-Wallet;Paid
O06736;COD;Paid
O06737;QRIS;Paid
O06738;Transfer;Paid
O06739;QRIS;Paid
O06740;Transfer;Paid
O06741;Transfer;Failed
O06742;QRIS;Failed
O06743;Credit Card;Paid
O06744;Transfer;Failed
O06745;Credit Card;Paid
O06746;Credit Card;Paid
O06747;COD;Paid
O06748;Transfer;Paid
O06749;COD;Paid
O06750;Transfer;Paid
O06751;COD;Paid
O06752;QRIS;Paid
O06753;COD;Paid
O06754;Transfer;Paid
O06755;E-Wallet;Failed
O06756;Transfer;Paid
O06757;Transfer;Paid
O06758;QRIS;Paid
O06759;Credit Card;Failed
O06760;Credit Card;Failed
O06761;COD;Paid
O06762;COD;Paid
O06763;Credit Card;Paid
O06764;E-Wallet;Paid
O06765;Transfer;Failed
O06766;Transfer;Failed
O06767;Credit Card;Paid
O06768;E-Wallet;Failed
O06769;Credit Card;Paid
O06770;COD;Paid
O06771;COD;Paid
O06772;Credit Card;Paid
O06773;QRIS;Paid
O06774;E-Wallet;Paid
O06775;Credit Card;Failed
O06776;Credit Card;Paid
O06777;Credit Card;Paid
O06778;Transfer;Paid
O06779;Credit Card;Paid
O06780;Transfer;Paid
O06781;Credit Card;Paid
O06782;Transfer;Failed
O06783;QRIS;Paid
O06784;QRIS;Paid
O06785;Transfer;Paid
O06786;COD;Failed
O06787;Credit Card;Failed
O06788;QRIS;Paid
O06789;E-Wallet;Paid
O06790;QRIS;Paid
O06791;QRIS;Failed
O06792;COD;Paid
O06793;E-Wallet;Paid
O06794;QRIS;Paid
O06795;COD;Paid
O06796;COD;Failed
O06797;Transfer;Failed
O06798;COD;Paid
O06799;E-Wallet;Failed
O06800;Credit Card;Failed
O06801;Credit Card;Paid
O06802;QRIS;Paid
O06803;Transfer;Failed
O06804;E-Wallet;Paid
O06805;E-Wallet;Failed
O06806;COD;Paid
O06807;E-Wallet;Failed
O06808;Transfer;Failed
O06809;Credit Card;Paid
O06810;QRIS;Paid
O06811;QRIS;Failed
O06812;Transfer;Failed
O06813;QRIS;Paid
O06814;Transfer;Paid
O06815;QRIS;Paid
O06816;Credit Card;Paid
O06817;Credit Card;Paid
O06818;QRIS;Paid
O06819;COD;Paid
O06820;Transfer;Paid
O06821;Transfer;Paid
O06822;COD;Failed
O06823;Transfer;Paid
O06824;COD;Paid
O06825;Credit Card;Paid
O06826;QRIS;Paid
O06827;COD;Failed
O06828;E-Wallet;Failed
O06829;Transfer;Failed
O06830;COD;Paid
O06831;E-Wallet;Paid
O06832;COD;Paid
O06833;Credit Card;Paid
O06834;Transfer;Failed
O06835;QRIS;Paid
O06836;QRIS;Paid
O06837;Transfer;Paid
O06838;Credit Card;Paid
O06839;E-Wallet;Paid
O06840;COD;Failed
O06841;Transfer;Failed
O06842;Transfer;Paid
O06843;E-Wallet;Failed
O06844;COD;Paid
O06845;Transfer;Paid
O06846;QRIS;Paid
O06847;E-Wallet;Paid
O06848;Credit Card;Failed
O06849;Credit Card;Paid
O06850;COD;Paid
O06851;Transfer;Failed
O06852;Credit Card;Paid
O06853;COD;Paid
O06854;Transfer;Paid
O06855;Credit Card;Paid
O06856;Credit Card;Paid
O06857;QRIS;Paid
O06858;COD;Failed
O06859;E-Wallet;Paid
O06860;COD;Paid
O06861;COD;Paid
O06862;Transfer;Paid
O06863;QRIS;Failed
O06864;Credit Card;Failed
O06865;COD;Failed
O06866;E-Wallet;Failed
O06867;Credit Card;Paid
O06868;E-Wallet;Failed
O06869;COD;Failed
O06870;E-Wallet;Paid
O06871;QRIS;Failed
O06872;Credit Card;Paid
O06873;QRIS;Paid
O06874;COD;Paid
O06875;E-Wallet;Paid
O06876;COD;Paid
O06877;COD;Failed
O06878;COD;Failed
O06879;E-Wallet;Paid
O06880;COD;Failed
O06881;COD;Paid
O06882;E-Wallet;Paid
O06883;COD;Paid
O06884;COD;Paid
O06885;COD;Paid
O06886;COD;Paid
O06887;Transfer;Paid
O06888;QRIS;Failed
O06889;Credit Card;Paid
O06890;COD;Paid
O06891;E-Wallet;Failed
O06892;Transfer;Paid
O06893;QRIS;Paid
O06894;Credit Card;Failed
O06895;E-Wallet;Paid
O06896;QRIS;Failed
O06897;E-Wallet;Paid
O06898;QRIS;Paid
O06899;Transfer;Paid
O06900;Transfer;Paid
O06901;COD;Paid
O06902;E-Wallet;Paid
O06903;QRIS;Paid
O06904;E-Wallet;Paid
O06905;COD;Paid
O06906;Credit Card;Failed
O06907;Transfer;Paid
O06908;E-Wallet;Paid
O06909;Transfer;Paid
O06910;QRIS;Paid
O06911;E-Wallet;Paid
O06912;E-Wallet;Failed
O06913;Transfer;Failed
O06914;E-Wallet;Paid
O06915;COD;Paid
O06916;COD;Paid
O06917;Credit Card;Paid
O06918;E-Wallet;Failed
O06919;E-Wallet;Failed
O06920;QRIS;Paid
O06921;Transfer;Paid
O06922;QRIS;Failed
O06923;COD;Failed
O06924;Credit Card;Paid
O06925;Credit Card;Failed
O06926;QRIS;Paid
O06927;E-Wallet;Paid
O06928;E-Wallet;Paid
O06929;COD;Paid
O06930;COD;Failed
O06931;QRIS;Paid
O06932;QRIS;Failed
O06933;E-Wallet;Paid
O06934;Transfer;Paid
O06935;E-Wallet;Paid
O06936;Credit Card;Paid
O06937;QRIS;Paid
O06938;Credit Card;Paid
O06939;COD;Paid
O06940;QRIS;Failed
O06941;E-Wallet;Failed
O06942;E-Wallet;Failed
O06943;QRIS;Failed
O06944;E-Wallet;Paid
O06945;COD;Paid
O06946;Credit Card;Paid
O06947;E-Wallet;Failed
O06948;E-Wallet;Failed
O06949;E-Wallet;Paid
O06950;COD;Paid
O06951;E-Wallet;Paid
O06952;E-Wallet;Failed
O06953;Credit Card;Failed
O06954;Transfer;Paid
O06955;Credit Card;Paid
O06956;Credit Card;Paid
O06957;E-Wallet;Failed
O06958;QRIS;Paid
O06959;Transfer;Paid
O06960;E-Wallet;Paid
O06961;COD;Paid
O06962;COD;Failed
O06963;E-Wallet;Failed
O06964;Transfer;Paid
O06965;COD;Failed
O06966;QRIS;Paid
O06967;COD;Paid
O06968;QRIS;Paid
O06969;Transfer;Paid
O06970;QRIS;Paid
O06971;QRIS;Failed
O06972;E-Wallet;Paid
O06973;Credit Card;Paid
O06974;QRIS;Paid
O06975;Transfer;Paid
O06976;QRIS;Paid
O06977;Credit Card;Paid
O06978;Credit Card;Paid
O06979;E-Wallet;Paid
O06980;COD;Paid
O06981;E-Wallet;Failed
O06982;Transfer;Paid
O06983;Credit Card;Failed
O06984;Transfer;Paid
O06985;E-Wallet;Failed
O06986;QRIS;Paid
O06987;QRIS;Paid
O06988;COD;Failed
O06989;COD;Paid
O06990;QRIS;Paid
O06991;Credit Card;Paid
O06992;Credit Card;Paid
O06993;COD;Paid
O06994;Transfer;Paid
O06995;COD;Failed
O06996;QRIS;Failed
O06997;Credit Card;Paid
O06998;COD;Failed
O06999;E-Wallet;Paid
O07000;Transfer;Paid
O07001;E-Wallet;Failed
O07002;COD;Failed
O07003;E-Wallet;Paid
O07004;E-Wallet;Paid
O07005;Transfer;Paid
O07006;QRIS;Paid
O07007;E-Wallet;Paid
O07008;Transfer;Paid
O07009;Transfer;Paid
O07010;E-Wallet;Paid
O07011;E-Wallet;Paid
O07012;COD;Paid
O07013;E-Wallet;Failed
O07014;COD;Paid
O07015;Credit Card;Paid
O07016;Transfer;Paid
O07017;QRIS;Paid
O07018;Credit Card;Paid
O07019;QRIS;Paid
O07020;Transfer;Paid
O07021;Transfer;Paid
O07022;QRIS;Paid
O07023;QRIS;Failed
O07024;Credit Card;Paid
O07025;E-Wallet;Paid
O07026;QRIS;Paid
O07027;COD;Paid
O07028;Transfer;Paid
O07029;Credit Card;Paid
O07030;COD;Paid
O07031;E-Wallet;Paid
O07032;QRIS;Paid
O07033;E-Wallet;Paid
O07034;Transfer;Paid
O07035;Transfer;Failed
O07036;E-Wallet;Failed
O07037;Credit Card;Paid
O07038;COD;Paid
O07039;Transfer;Paid
O07040;COD;Paid
O07041;Transfer;Paid
O07042;E-Wallet;Paid
O07043;QRIS;Paid
O07044;QRIS;Paid
O07045;QRIS;Paid
O07046;COD;Paid
O07047;Transfer;Paid
O07048;Transfer;Paid
O07049;Transfer;Paid
O07050;E-Wallet;Failed
O07051;Transfer;Paid
O07052;COD;Failed
O07053;COD;Failed
O07054;E-Wallet;Paid
O07055;QRIS;Failed
O07056;Credit Card;Paid
O07057;Credit Card;Failed
O07058;Credit Card;Failed
O07059;E-Wallet;Paid
O07060;Transfer;Paid
O07061;Transfer;Failed
O07062;COD;Paid
O07063;Credit Card;Paid
O07064;COD;Paid
O07065;COD;Failed
O07066;E-Wallet;Paid
O07067;Credit Card;Paid
O07068;Transfer;Paid
O07069;Transfer;Paid
O07070;Credit Card;Failed
O07071;Credit Card;Paid
O07072;Transfer;Paid
O07073;Credit Card;Paid
O07074;QRIS;Paid
O07075;Transfer;Paid
O07076;COD;Paid
O07077;Credit Card;Paid
O07078;QRIS;Paid
O07079;COD;Paid
O07080;COD;Paid
O07081;COD;Paid
O07082;Credit Card;Failed
O07083;E-Wallet;Paid
O07084;QRIS;Paid
O07085;COD;Paid
O07086;QRIS;Paid
O07087;E-Wallet;Paid
O07088;QRIS;Failed
O07089;QRIS;Paid
O07090;QRIS;Paid
O07091;Transfer;Paid
O07092;QRIS;Paid
O07093;E-Wallet;Failed
O07094;Credit Card;Paid
O07095;COD;Paid
O07096;E-Wallet;Paid
O07097;E-Wallet;Paid
O07098;Credit Card;Paid
O07099;COD;Paid
O07100;QRIS;Paid
O07101;COD;Paid
O07102;COD;Paid
O07103;Transfer;Paid
O07104;Credit Card;Failed
O07105;COD;Paid
O07106;Transfer;Paid
O07107;COD;Paid
O07108;QRIS;Paid
O07109;Transfer;Paid
O07110;Transfer;Paid
O07111;E-Wallet;Paid
O07112;QRIS;Failed
O07113;COD;Paid
O07114;Transfer;Paid
O07115;E-Wallet;Paid
O07116;COD;Failed
O07117;COD;Paid
O07118;COD;Paid
O07119;COD;Paid
O07120;Credit Card;Failed
O07121;COD;Paid
O07122;E-Wallet;Failed
O07123;Credit Card;Paid
O07124;E-Wallet;Paid
O07125;E-Wallet;Failed
O07126;QRIS;Failed
O07127;Credit Card;Paid
O07128;COD;Failed
O07129;E-Wallet;Paid
O07130;Credit Card;Paid
O07131;COD;Paid
O07132;Transfer;Paid
O07133;QRIS;Paid
O07134;Credit Card;Paid
O07135;QRIS;Paid
O07136;COD;Paid
O07137;COD;Paid
O07138;QRIS;Failed
O07139;Credit Card;Paid
O07140;QRIS;Paid
O07141;E-Wallet;Paid
O07142;QRIS;Paid
O07143;Credit Card;Paid
O07144;E-Wallet;Failed
O07145;Transfer;Failed
O07146;E-Wallet;Paid
O07147;Credit Card;Paid
O07148;E-Wallet;Paid
O07149;Transfer;Paid
O07150;Credit Card;Paid
O07151;Credit Card;Paid
O07152;COD;Failed
O07153;Credit Card;Failed
O07154;QRIS;Paid
O07155;E-Wallet;Paid
O07156;Transfer;Paid
O07157;QRIS;Paid
O07158;Credit Card;Paid
O07159;Credit Card;Failed
O07160;Credit Card;Failed
O07161;E-Wallet;Failed
O07162;Transfer;Paid
O07163;COD;Failed
O07164;COD;Paid
O07165;E-Wallet;Paid
O07166;Transfer;Paid
O07167;COD;Paid
O07168;COD;Paid
O07169;COD;Paid
O07170;Credit Card;Paid
O07171;E-Wallet;Paid
O07172;COD;Paid
O07173;Transfer;Paid
O07174;QRIS;Paid
O07175;E-Wallet;Paid
O07176;E-Wallet;Paid
O07177;QRIS;Paid
O07178;Credit Card;Failed
O07179;QRIS;Paid
O07180;COD;Paid
O07181;Credit Card;Failed
O07182;Transfer;Paid
O07183;Transfer;Failed
O07184;COD;Paid
O07185;QRIS;Paid
O07186;E-Wallet;Paid
O07187;Credit Card;Failed
O07188;QRIS;Paid
O07189;Transfer;Failed
O07190;Credit Card;Paid
O07191;Transfer;Paid
O07192;E-Wallet;Paid
O07193;COD;Paid
O07194;QRIS;Paid
O07195;COD;Paid
O07196;E-Wallet;Paid
O07197;Transfer;Paid
O07198;E-Wallet;Paid
O07199;E-Wallet;Failed
O07200;QRIS;Paid
O07201;QRIS;Paid
O07202;E-Wallet;Paid
O07203;Transfer;Paid
O07204;QRIS;Paid
O07205;E-Wallet;Paid
O07206;COD;Paid
O07207;QRIS;Failed
O07208;COD;Paid
O07209;E-Wallet;Paid
O07210;COD;Paid
O07211;QRIS;Paid
O07212;Credit Card;Paid
O07213;Credit Card;Paid
O07214;E-Wallet;Paid
O07215;Credit Card;Paid
O07216;Credit Card;Paid
O07217;Transfer;Failed
O07218;COD;Paid
O07219;QRIS;Paid
O07220;QRIS;Paid
O07221;E-Wallet;Paid
O07222;Transfer;Paid
O07223;QRIS;Paid
O07224;COD;Paid
O07225;Transfer;Paid
O07226;QRIS;Failed
O07227;COD;Failed
O07228;Transfer;Paid
O07229;COD;Paid
O07230;QRIS;Paid
O07231;E-Wallet;Failed
O07232;Credit Card;Paid
O07233;COD;Failed
O07234;E-Wallet;Failed
O07235;E-Wallet;Paid
O07236;QRIS;Paid
O07237;COD;Paid
O07238;Transfer;Paid
O07239;Transfer;Paid
O07240;Transfer;Paid
O07241;Credit Card;Paid
O07242;Transfer;Paid
O07243;Credit Card;Paid
O07244;E-Wallet;Paid
O07245;E-Wallet;Paid
O07246;E-Wallet;Paid
O07247;QRIS;Failed
O07248;QRIS;Paid
O07249;E-Wallet;Paid
O07250;COD;Paid
O07251;QRIS;Paid
O07252;COD;Paid
O07253;Transfer;Paid
O07254;COD;Paid
O07255;Transfer;Paid
O07256;Credit Card;Paid
O07257;QRIS;Failed
O07258;COD;Paid
O07259;QRIS;Paid
O07260;E-Wallet;Paid
O07261;Transfer;Failed
O07262;Credit Card;Paid
O07263;QRIS;Paid
O07264;Transfer;Paid
O07265;Credit Card;Paid
O07266;QRIS;Failed
O07267;E-Wallet;Paid
O07268;E-Wallet;Paid
O07269;QRIS;Paid
O07270;Credit Card;Paid
O07271;Credit Card;Paid
O07272;Credit Card;Paid
O07273;Transfer;Paid
O07274;Transfer;Paid
O07275;Transfer;Paid
O07276;E-Wallet;Failed
O07277;COD;Paid
O07278;Credit Card;Paid
O07279;Credit Card;Paid
O07280;Credit Card;Failed
O07281;E-Wallet;Paid
O07282;Credit Card;Paid
O07283;COD;Paid
O07284;QRIS;Failed
O07285;Credit Card;Failed
O07286;COD;Failed
O07287;E-Wallet;Paid
O07288;QRIS;Paid
O07289;Transfer;Failed
O07290;COD;Paid
O07291;Credit Card;Paid
O07292;QRIS;Paid
O07293;QRIS;Failed
O07294;QRIS;Paid
O07295;COD;Paid
O07296;QRIS;Paid
O07297;Credit Card;Failed
O07298;Credit Card;Paid
O07299;Transfer;Failed
O07300;Transfer;Paid
O07301;E-Wallet;Paid
O07302;E-Wallet;Paid
O07303;COD;Failed
O07304;Credit Card;Paid
O07305;COD;Paid
O07306;E-Wallet;Paid
O07307;Transfer;Paid
O07308;COD;Paid
O07309;COD;Paid
O07310;Transfer;Paid
O07311;E-Wallet;Failed
O07312;Credit Card;Failed
O07313;Transfer;Failed
O07314;Credit Card;Paid
O07315;Credit Card;Paid
O07316;COD;Paid
O07317;QRIS;Paid
O07318;Transfer;Paid
O07319;Transfer;Paid
O07320;QRIS;Paid
O07321;COD;Paid
O07322;Transfer;Failed
O07323;E-Wallet;Paid
O07324;Credit Card;Paid
O07325;Transfer;Paid
O07326;COD;Failed
O07327;E-Wallet;Paid
O07328;Credit Card;Paid
O07329;E-Wallet;Paid
O07330;COD;Paid
O07331;Transfer;Paid
O07332;COD;Paid
O07333;Credit Card;Paid
O07334;COD;Paid
O07335;E-Wallet;Paid
O07336;E-Wallet;Failed
O07337;E-Wallet;Paid
O07338;Transfer;Failed
O07339;COD;Failed
O07340;COD;Paid
O07341;Credit Card;Paid
O07342;Credit Card;Failed
O07343;Transfer;Failed
O07344;Transfer;Paid
O07345;COD;Paid
O07346;E-Wallet;Paid
O07347;QRIS;Paid
O07348;Credit Card;Paid
O07349;E-Wallet;Paid
O07350;COD;Paid
O07351;COD;Failed
O07352;COD;Paid
O07353;Transfer;Failed
O07354;E-Wallet;Paid
O07355;Transfer;Failed
O07356;QRIS;Paid
O07357;COD;Paid
O07358;Transfer;Paid
O07359;COD;Paid
O07360;Credit Card;Failed
O07361;COD;Paid
O07362;E-Wallet;Failed
O07363;Credit Card;Paid
O07364;Transfer;Paid
O07365;QRIS;Paid
O07366;Credit Card;Failed
O07367;Credit Card;Paid
O07368;Transfer;Paid
O07369;QRIS;Failed
O07370;COD;Paid
O07371;QRIS;Paid
O07372;Credit Card;Paid
O07373;QRIS;Paid
O07374;COD;Paid
O07375;QRIS;Paid
O07376;QRIS;Failed
O07377;COD;Paid
O07378;Transfer;Paid
O07379;QRIS;Paid
O07380;Credit Card;Paid
O07381;QRIS;Failed
O07382;Transfer;Paid
O07383;E-Wallet;Paid
O07384;E-Wallet;Failed
O07385;Transfer;Paid
O07386;Transfer;Failed
O07387;Credit Card;Paid
O07388;Credit Card;Paid
O07389;Transfer;Paid
O07390;Credit Card;Paid
O07391;Transfer;Paid
O07392;Transfer;Paid
O07393;E-Wallet;Paid
O07394;QRIS;Failed
O07395;E-Wallet;Paid
O07396;QRIS;Paid
O07397;COD;Failed
O07398;COD;Paid
O07399;E-Wallet;Paid
O07400;COD;Failed
O07401;COD;Failed
O07402;QRIS;Failed
O07403;QRIS;Paid
O07404;Transfer;Failed
O07405;COD;Failed
O07406;Credit Card;Paid
O07407;Transfer;Paid
O07408;Transfer;Failed
O07409;Transfer;Paid
O07410;COD;Paid
O07411;Transfer;Paid
O07412;COD;Paid
O07413;Transfer;Paid
O07414;E-Wallet;Paid
O07415;Credit Card;Paid
O07416;QRIS;Paid
O07417;Transfer;Paid
O07418;E-Wallet;Paid
O07419;E-Wallet;Failed
O07420;QRIS;Paid
O07421;COD;Paid
O07422;Credit Card;Paid
O07423;Credit Card;Paid
O07424;Credit Card;Paid
O07425;COD;Failed
O07426;E-Wallet;Paid
O07427;E-Wallet;Failed
O07428;Credit Card;Failed
O07429;QRIS;Paid
O07430;QRIS;Paid
O07431;Credit Card;Failed
O07432;E-Wallet;Paid
O07433;QRIS;Paid
O07434;Credit Card;Paid
O07435;QRIS;Paid
O07436;COD;Paid
O07437;QRIS;Paid
O07438;Credit Card;Paid
O07439;COD;Paid
O07440;COD;Paid
O07441;QRIS;Failed
O07442;QRIS;Paid
O07443;Transfer;Paid
O07444;QRIS;Paid
O07445;Transfer;Paid
O07446;E-Wallet;Paid
O07447;COD;Paid
O07448;QRIS;Paid
O07449;Transfer;Paid
O07450;E-Wallet;Paid
O07451;QRIS;Paid
O07452;Credit Card;Paid
O07453;COD;Paid
O07454;Credit Card;Paid
O07455;Credit Card;Paid
O07456;Transfer;Paid
O07457;COD;Paid
O07458;Transfer;Paid
O07459;E-Wallet;Failed
O07460;QRIS;Paid
O07461;E-Wallet;Failed
O07462;COD;Paid
O07463;QRIS;Paid
O07464;Transfer;Failed
O07465;COD;Paid
O07466;E-Wallet;Paid
O07467;E-Wallet;Paid
O07468;Credit Card;Failed
O07469;QRIS;Paid
O07470;QRIS;Paid
O07471;Credit Card;Paid
O07472;Transfer;Paid
O07473;COD;Failed
O07474;Transfer;Paid
O07475;Transfer;Paid
O07476;COD;Failed
O07477;Credit Card;Paid
O07478;Credit Card;Failed
O07479;E-Wallet;Paid
O07480;QRIS;Failed
O07481;E-Wallet;Failed
O07482;Transfer;Paid
O07483;E-Wallet;Failed
O07484;Credit Card;Failed
O07485;E-Wallet;Paid
O07486;E-Wallet;Paid
O07487;Credit Card;Paid
O07488;Transfer;Failed
O07489;Credit Card;Paid
O07490;QRIS;Paid
O07491;Credit Card;Paid
O07492;Transfer;Paid
O07493;QRIS;Paid
O07494;Credit Card;Failed
O07495;Transfer;Failed
O07496;E-Wallet;Paid
O07497;E-Wallet;Paid
O07498;COD;Failed
O07499;E-Wallet;Paid
O07500;E-Wallet;Paid
O07501;Transfer;Paid
O07502;E-Wallet;Failed
O07503;COD;Paid
O07504;COD;Paid
O07505;COD;Failed
O07506;Transfer;Paid
O07507;Transfer;Failed
O07508;E-Wallet;Paid
O07509;QRIS;Paid
O07510;Transfer;Failed
O07511;E-Wallet;Paid
O07512;Transfer;Paid
O07513;COD;Failed
O07514;QRIS;Failed
O07515;E-Wallet;Paid
O07516;Transfer;Paid
O07517;Transfer;Paid
O07518;E-Wallet;Paid
O07519;QRIS;Paid
O07520;QRIS;Failed
O07521;E-Wallet;Failed
O07522;COD;Paid
O07523;Credit Card;Failed
O07524;QRIS;Paid
O07525;E-Wallet;Paid
O07526;QRIS;Paid
O07527;COD;Paid
O07528;Transfer;Paid
O07529;E-Wallet;Paid
O07530;COD;Paid
O07531;E-Wallet;Failed
O07532;QRIS;Paid
O07533;Transfer;Paid
O07534;QRIS;Failed
O07535;COD;Paid
O07536;Transfer;Paid
O07537;Credit Card;Paid
O07538;E-Wallet;Paid
O07539;Credit Card;Failed
O07540;QRIS;Paid
O07541;COD;Paid
O07542;E-Wallet;Paid
O07543;COD;Paid
O07544;Transfer;Paid
O07545;QRIS;Paid
O07546;COD;Paid
O07547;Credit Card;Paid
O07548;COD;Paid
O07549;E-Wallet;Paid
O07550;COD;Paid
O07551;COD;Failed
O07552;COD;Paid
O07553;COD;Paid
O07554;Credit Card;Paid
O07555;QRIS;Paid
O07556;Credit Card;Paid
O07557;E-Wallet;Paid
O07558;COD;Paid
O07559;E-Wallet;Paid
O07560;QRIS;Paid
O07561;Credit Card;Paid
O07562;Credit Card;Paid
O07563;COD;Paid
O07564;Transfer;Paid
O07565;Transfer;Paid
O07566;E-Wallet;Paid
O07567;Transfer;Paid
O07568;Credit Card;Failed
O07569;Credit Card;Paid
O07570;QRIS;Paid
O07571;Transfer;Paid
O07572;Credit Card;Paid
O07573;E-Wallet;Failed
O07574;Transfer;Failed
O07575;QRIS;Failed
O07576;Credit Card;Paid
O07577;Credit Card;Paid
O07578;COD;Failed
O07579;COD;Paid
O07580;Transfer;Paid
O07581;QRIS;Paid
O07582;E-Wallet;Paid
O07583;Credit Card;Paid
O07584;COD;Failed
O07585;COD;Paid
O07586;Transfer;Paid
O07587;Credit Card;Paid
O07588;Transfer;Paid
O07589;COD;Paid
O07590;E-Wallet;Paid
O07591;COD;Paid
O07592;E-Wallet;Paid
O07593;COD;Paid
O07594;COD;Paid
O07595;QRIS;Failed
O07596;E-Wallet;Paid
O07597;E-Wallet;Paid
O07598;COD;Paid
O07599;QRIS;Paid
O07600;COD;Failed
O07601;Transfer;Failed
O07602;Transfer;Failed
O07603;QRIS;Paid
O07604;Transfer;Paid
O07605;Credit Card;Paid
O07606;Transfer;Paid
O07607;E-Wallet;Failed
O07608;COD;Failed
O07609;Transfer;Paid
O07610;QRIS;Paid
O07611;QRIS;Paid
O07612;QRIS;Paid
O07613;E-Wallet;Paid
O07614;Transfer;Paid
O07615;Transfer;Paid
O07616;QRIS;Paid
O07617;E-Wallet;Paid
O07618;COD;Paid
O07619;Credit Card;Failed
O07620;Transfer;Paid
O07621;E-Wallet;Paid
O07622;E-Wallet;Paid
O07623;COD;Paid
O07624;Transfer;Paid
O07625;QRIS;Paid
O07626;E-Wallet;Failed
O07627;Transfer;Paid
O07628;COD;Failed
O07629;COD;Paid
O07630;Transfer;Paid
O07631;COD;Paid
O07632;E-Wallet;Failed
O07633;E-Wallet;Paid
O07634;COD;Failed
O07635;COD;Failed
O07636;E-Wallet;Paid
O07637;COD;Paid
O07638;QRIS;Paid
O07639;E-Wallet;Paid
O07640;Transfer;Paid
O07641;E-Wallet;Failed
O07642;E-Wallet;Paid
O07643;Credit Card;Paid
O07644;QRIS;Paid
O07645;E-Wallet;Paid
O07646;E-Wallet;Paid
O07647;COD;Paid
O07648;QRIS;Paid
O07649;Transfer;Paid
O07650;Transfer;Paid
O07651;Credit Card;Paid
O07652;COD;Paid
O07653;Credit Card;Failed
O07654;QRIS;Paid
O07655;QRIS;Paid
O07656;E-Wallet;Paid
O07657;Transfer;Paid
O07658;COD;Paid
O07659;COD;Paid
O07660;Transfer;Failed
O07661;E-Wallet;Paid
O07662;Credit Card;Paid
O07663;Credit Card;Paid
O07664;Credit Card;Paid
O07665;COD;Paid
O07666;E-Wallet;Paid
O07667;COD;Failed
O07668;COD;Paid
O07669;E-Wallet;Failed
O07670;Transfer;Paid
O07671;Credit Card;Failed
O07672;QRIS;Failed
O07673;E-Wallet;Paid
O07674;QRIS;Paid
O07675;QRIS;Paid
O07676;Credit Card;Paid
O07677;COD;Paid
O07678;Transfer;Paid
O07679;COD;Failed
O07680;Transfer;Paid
O07681;Transfer;Paid
O07682;E-Wallet;Paid
O07683;Transfer;Paid
O07684;Credit Card;Paid
O07685;QRIS;Failed
O07686;QRIS;Paid
O07687;QRIS;Failed
O07688;COD;Paid
O07689;Transfer;Paid
O07690;E-Wallet;Paid
O07691;QRIS;Paid
O07692;Credit Card;Paid
O07693;COD;Failed
O07694;COD;Paid
O07695;Credit Card;Paid
O07696;QRIS;Paid
O07697;Transfer;Paid
O07698;QRIS;Paid
O07699;Credit Card;Failed
O07700;Credit Card;Failed
O07701;Credit Card;Failed
O07702;Transfer;Paid
O07703;QRIS;Failed
O07704;COD;Paid
O07705;E-Wallet;Paid
O07706;COD;Paid
O07707;Credit Card;Failed
O07708;QRIS;Paid
O07709;Transfer;Paid
O07710;E-Wallet;Paid
O07711;QRIS;Paid
O07712;Transfer;Paid
O07713;COD;Paid
O07714;Transfer;Paid
O07715;Transfer;Paid
O07716;Transfer;Failed
O07717;COD;Paid
O07718;Transfer;Failed
O07719;Credit Card;Paid
O07720;COD;Failed
O07721;QRIS;Paid
O07722;E-Wallet;Paid
O07723;E-Wallet;Paid
O07724;QRIS;Paid
O07725;Transfer;Paid
O07726;QRIS;Paid
O07727;Transfer;Paid
O07728;QRIS;Paid
O07729;Transfer;Paid
O07730;Credit Card;Failed
O07731;COD;Paid
O07732;QRIS;Paid
O07733;Transfer;Failed
O07734;QRIS;Failed
O07735;QRIS;Paid
O07736;Transfer;Paid
O07737;Transfer;Paid
O07738;E-Wallet;Failed
O07739;Credit Card;Paid
O07740;COD;Paid
O07741;COD;Failed
O07742;Transfer;Paid
O07743;E-Wallet;Failed
O07744;Transfer;Paid
O07745;Credit Card;Failed
O07746;Credit Card;Paid
O07747;QRIS;Failed
O07748;Transfer;Paid
O07749;Credit Card;Failed
O07750;QRIS;Paid
O07751;QRIS;Failed
O07752;Credit Card;Paid
O07753;E-Wallet;Paid
O07754;QRIS;Paid
O07755;Transfer;Paid
O07756;Credit Card;Paid
O07757;Transfer;Paid
O07758;Credit Card;Paid
O07759;E-Wallet;Failed
O07760;E-Wallet;Failed
O07761;COD;Paid
O07762;COD;Paid
O07763;COD;Paid
O07764;QRIS;Failed
O07765;Credit Card;Paid
O07766;Transfer;Paid
O07767;COD;Failed
O07768;QRIS;Paid
O07769;Credit Card;Paid
O07770;Credit Card;Paid
O07771;Transfer;Paid
O07772;E-Wallet;Paid
O07773;E-Wallet;Paid
O07774;COD;Paid
O07775;Transfer;Paid
O07776;QRIS;Paid
O07777;COD;Paid
O07778;Credit Card;Paid
O07779;E-Wallet;Failed
O07780;E-Wallet;Paid
O07781;QRIS;Paid
O07782;COD;Failed
O07783;E-Wallet;Paid
O07784;E-Wallet;Paid
O07785;COD;Paid
O07786;QRIS;Paid
O07787;E-Wallet;Failed
O07788;E-Wallet;Paid
O07789;Credit Card;Paid
O07790;Transfer;Failed
O07791;COD;Failed
O07792;E-Wallet;Paid
O07793;E-Wallet;Paid
O07794;Transfer;Paid
O07795;Transfer;Failed
O07796;E-Wallet;Failed
O07797;E-Wallet;Paid
O07798;Credit Card;Failed
O07799;Transfer;Paid
O07800;COD;Paid
O07801;Transfer;Paid
O07802;COD;Paid
O07803;COD;Paid
O07804;Credit Card;Paid
O07805;Transfer;Failed
O07806;QRIS;Paid
O07807;E-Wallet;Paid
O07808;E-Wallet;Paid
O07809;COD;Paid
O07810;QRIS;Paid
O07811;Credit Card;Paid
O07812;Transfer;Paid
O07813;Credit Card;Paid
O07814;Credit Card;Paid
O07815;COD;Failed
O07816;Transfer;Failed
O07817;Transfer;Failed
O07818;Credit Card;Failed
O07819;COD;Failed
O07820;Credit Card;Paid
O07821;Transfer;Paid
O07822;QRIS;Paid
O07823;QRIS;Paid
O07824;E-Wallet;Paid
O07825;Credit Card;Paid
O07826;Transfer;Failed
O07827;COD;Paid
O07828;COD;Paid
O07829;COD;Paid
O07830;Transfer;Paid
O07831;COD;Paid
O07832;QRIS;Paid
O07833;E-Wallet;Paid
O07834;E-Wallet;Paid
O07835;Credit Card;Failed
O07836;E-Wallet;Paid
O07837;E-Wallet;Paid
O07838;Credit Card;Paid
O07839;E-Wallet;Paid
O07840;COD;Paid
O07841;Credit Card;Failed
O07842;COD;Paid
O07843;QRIS;Failed
O07844;Credit Card;Paid
O07845;QRIS;Paid
O07846;E-Wallet;Failed
O07847;E-Wallet;Paid
O07848;Credit Card;Failed
O07849;QRIS;Paid
O07850;COD;Failed
O07851;COD;Paid
O07852;E-Wallet;Failed
O07853;Transfer;Paid
O07854;COD;Paid
O07855;QRIS;Failed
O07856;Transfer;Paid
O07857;QRIS;Paid
O07858;Credit Card;Paid
O07859;QRIS;Paid
O07860;Transfer;Paid
O07861;E-Wallet;Paid
O07862;COD;Failed
O07863;E-Wallet;Paid
O07864;QRIS;Paid
O07865;Credit Card;Paid
O07866;Transfer;Failed
O07867;COD;Paid
O07868;Transfer;Paid
O07869;E-Wallet;Paid
O07870;Transfer;Paid
O07871;COD;Paid
O07872;E-Wallet;Paid
O07873;QRIS;Failed
O07874;Transfer;Paid
O07875;Transfer;Paid
O07876;QRIS;Paid
O07877;Transfer;Failed
O07878;Transfer;Paid
O07879;Transfer;Paid
O07880;E-Wallet;Paid
O07881;Transfer;Paid
O07882;QRIS;Paid
O07883;QRIS;Paid
O07884;Credit Card;Failed
O07885;Transfer;Paid
O07886;E-Wallet;Paid
O07887;Transfer;Paid
O07888;QRIS;Failed
O07889;Credit Card;Paid
O07890;QRIS;Paid
O07891;Transfer;Paid
O07892;COD;Paid
O07893;COD;Paid
O07894;Credit Card;Failed
O07895;QRIS;Paid
O07896;Credit Card;Paid
O07897;QRIS;Failed
O07898;Credit Card;Paid
O07899;Transfer;Paid
O07900;QRIS;Paid
O07901;Credit Card;Paid
O07902;COD;Paid
O07903;Transfer;Paid
O07904;QRIS;Failed
O07905;Credit Card;Paid
O07906;COD;Failed
O07907;Transfer;Failed
O07908;Credit Card;Paid
O07909;Credit Card;Paid
O07910;QRIS;Failed
O07911;COD;Paid
O07912;Transfer;Paid
O07913;Transfer;Paid
O07914;E-Wallet;Paid
O07915;E-Wallet;Paid
O07916;COD;Paid
O07917;QRIS;Paid
O07918;QRIS;Paid
O07919;Transfer;Paid
O07920;QRIS;Paid
O07921;E-Wallet;Paid
O07922;Credit Card;Paid
O07923;QRIS;Paid
O07924;COD;Paid
O07925;Transfer;Paid
O07926;E-Wallet;Failed
O07927;COD;Paid
O07928;QRIS;Paid
O07929;QRIS;Paid
O07930;E-Wallet;Paid
O07931;E-Wallet;Failed
O07932;E-Wallet;Paid
O07933;Transfer;Paid
O07934;Transfer;Failed
O07935;E-Wallet;Failed
O07936;E-Wallet;Paid
O07937;QRIS;Failed
O07938;QRIS;Paid
O07939;COD;Paid
O07940;COD;Paid
O07941;E-Wallet;Paid
O07942;Credit Card;Paid
O07943;COD;Paid
O07944;Credit Card;Failed
O07945;COD;Paid
O07946;Credit Card;Paid
O07947;Credit Card;Paid
O07948;QRIS;Paid
O07949;QRIS;Paid
O07950;Credit Card;Failed
O07951;Transfer;Paid
O07952;Transfer;Paid
O07953;E-Wallet;Paid
O07954;Credit Card;Paid
O07955;E-Wallet;Paid
O07956;E-Wallet;Failed
O07957;E-Wallet;Paid
O07958;Transfer;Paid
O07959;QRIS;Paid
O07960;E-Wallet;Paid
O07961;COD;Paid
O07962;E-Wallet;Failed
O07963;E-Wallet;Paid
O07964;COD;Failed
O07965;E-Wallet;Paid
O07966;Transfer;Paid
O07967;Transfer;Paid
O07968;COD;Failed
O07969;COD;Paid
O07970;QRIS;Paid
O07971;Credit Card;Paid
O07972;COD;Failed
O07973;COD;Paid
O07974;Transfer;Failed
O07975;COD;Paid
O07976;Credit Card;Paid
O07977;Credit Card;Paid
O07978;Credit Card;Paid
O07979;COD;Paid
O07980;QRIS;Paid
O07981;Credit Card;Paid
O07982;Credit Card;Paid
O07983;Credit Card;Paid
O07984;COD;Paid
O07985;Transfer;Paid
O07986;QRIS;Paid
O07987;QRIS;Paid
O07988;Credit Card;Paid
O07989;E-Wallet;Failed
O07990;E-Wallet;Paid
O07991;Transfer;Paid
O07992;COD;Paid
O07993;E-Wallet;Failed
O07994;COD;Paid
O07995;COD;Paid
O07996;QRIS;Paid
O07997;Credit Card;Paid
O07998;E-Wallet;Paid
O07999;Credit Card;Paid
O08000;Transfer;Paid
O08001;Transfer;Failed
O08002;E-Wallet;Failed
O08003;Transfer;Paid
O08004;Credit Card;Paid
O08005;Credit Card;Failed
O08006;Credit Card;Paid
O08007;E-Wallet;Paid
O08008;QRIS;Paid
O08009;E-Wallet;Paid
O08010;COD;Paid
O08011;COD;Paid
O08012;COD;Paid
O08013;Transfer;Paid
O08014;E-Wallet;Paid
O08015;Transfer;Failed
O08016;COD;Paid
O08017;QRIS;Paid
O08018;QRIS;Paid
O08019;E-Wallet;Paid
O08020;QRIS;Paid
O08021;Transfer;Failed
O08022;Credit Card;Paid
O08023;QRIS;Paid
O08024;Transfer;Failed
O08025;Transfer;Paid
O08026;QRIS;Paid
O08027;E-Wallet;Failed
O08028;COD;Failed
O08029;E-Wallet;Paid
O08030;Transfer;Paid
O08031;Transfer;Paid
O08032;E-Wallet;Paid
O08033;COD;Failed
O08034;COD;Failed
O08035;Transfer;Paid
O08036;COD;Paid
O08037;QRIS;Paid
O08038;E-Wallet;Failed
O08039;E-Wallet;Paid
O08040;COD;Paid
O08041;COD;Paid
O08042;QRIS;Paid
O08043;Transfer;Paid
O08044;E-Wallet;Paid
O08045;E-Wallet;Paid
O08046;Transfer;Paid
O08047;E-Wallet;Paid
O08048;QRIS;Paid
O08049;E-Wallet;Failed
O08050;Transfer;Paid
O08051;COD;Failed
O08052;Transfer;Paid
O08053;COD;Failed
O08054;QRIS;Paid
O08055;Transfer;Failed
O08056;Credit Card;Paid
O08057;Credit Card;Paid
O08058;E-Wallet;Paid
O08059;COD;Paid
O08060;Transfer;Paid
O08061;Credit Card;Paid
O08062;Credit Card;Paid
O08063;Credit Card;Paid
O08064;Transfer;Failed
O08065;Credit Card;Paid
O08066;E-Wallet;Paid
O08067;E-Wallet;Failed
O08068;QRIS;Failed
O08069;COD;Failed
O08070;E-Wallet;Failed
O08071;COD;Failed
O08072;Transfer;Paid
O08073;Transfer;Failed
O08074;E-Wallet;Paid
O08075;QRIS;Failed
O08076;Credit Card;Paid
O08077;COD;Failed
O08078;E-Wallet;Paid
O08079;Credit Card;Paid
O08080;E-Wallet;Failed
O08081;Credit Card;Paid
O08082;Transfer;Paid
O08083;Credit Card;Paid
O08084;Credit Card;Paid
O08085;Transfer;Paid
O08086;QRIS;Paid
O08087;QRIS;Paid
O08088;Transfer;Paid
O08089;QRIS;Failed
O08090;QRIS;Failed
O08091;QRIS;Paid
O08092;E-Wallet;Paid
O08093;COD;Paid
O08094;Transfer;Paid
O08095;QRIS;Paid
O08096;Transfer;Paid
O08097;Transfer;Paid
O08098;Credit Card;Paid
O08099;QRIS;Paid
O08100;Transfer;Paid
O08101;Credit Card;Paid
O08102;Credit Card;Paid
O08103;COD;Paid
O08104;Credit Card;Paid
O08105;Transfer;Paid
O08106;Credit Card;Failed
O08107;COD;Paid
O08108;E-Wallet;Paid
O08109;QRIS;Paid
O08110;QRIS;Paid
O08111;COD;Paid
O08112;Credit Card;Paid
O08113;Credit Card;Paid
O08114;COD;Paid
O08115;E-Wallet;Failed
O08116;E-Wallet;Failed
O08117;E-Wallet;Failed
O08118;Transfer;Paid
O08119;Credit Card;Failed
O08120;COD;Paid
O08121;E-Wallet;Paid
O08122;COD;Paid
O08123;QRIS;Paid
O08124;Credit Card;Paid
O08125;Credit Card;Paid
O08126;Transfer;Paid
O08127;QRIS;Paid
O08128;COD;Paid
O08129;Credit Card;Paid
O08130;Transfer;Paid
O08131;QRIS;Failed
O08132;Transfer;Paid
O08133;QRIS;Paid
O08134;QRIS;Paid
O08135;QRIS;Paid
O08136;COD;Paid
O08137;Transfer;Paid
O08138;Transfer;Paid
O08139;Credit Card;Paid
O08140;E-Wallet;Paid
O08141;COD;Paid
O08142;E-Wallet;Failed
O08143;COD;Paid
O08144;Transfer;Paid
O08145;Transfer;Failed
O08146;E-Wallet;Paid
O08147;COD;Paid
O08148;QRIS;Paid
O08149;QRIS;Failed
O08150;Credit Card;Paid
O08151;Transfer;Paid
O08152;COD;Paid
O08153;E-Wallet;Failed
O08154;E-Wallet;Paid
O08155;Credit Card;Failed
O08156;E-Wallet;Paid
O08157;QRIS;Paid
O08158;QRIS;Paid
O08159;E-Wallet;Paid
O08160;Transfer;Failed
O08161;QRIS;Paid
O08162;Transfer;Paid
O08163;Transfer;Paid
O08164;QRIS;Paid
O08165;E-Wallet;Paid
O08166;QRIS;Paid
O08167;Transfer;Paid
O08168;QRIS;Paid
O08169;Transfer;Failed
O08170;QRIS;Paid
O08171;QRIS;Failed
O08172;Transfer;Paid
O08173;E-Wallet;Paid
O08174;COD;Paid
O08175;E-Wallet;Failed
O08176;Credit Card;Paid
O08177;QRIS;Paid
O08178;QRIS;Failed
O08179;COD;Paid
O08180;Transfer;Paid
O08181;Credit Card;Paid
O08182;QRIS;Paid
O08183;COD;Paid
O08184;COD;Failed
O08185;E-Wallet;Paid
O08186;Credit Card;Paid
O08187;E-Wallet;Paid
O08188;Transfer;Paid
O08189;Credit Card;Failed
O08190;COD;Paid
O08191;QRIS;Paid
O08192;COD;Failed
O08193;E-Wallet;Paid
O08194;Transfer;Failed
O08195;COD;Failed
O08196;COD;Paid
O08197;E-Wallet;Failed
O08198;Transfer;Paid
O08199;Transfer;Failed
O08200;E-Wallet;Paid
O08201;E-Wallet;Paid
O08202;E-Wallet;Paid
O08203;QRIS;Paid
O08204;Credit Card;Failed
O08205;Credit Card;Paid
O08206;E-Wallet;Paid
O08207;COD;Paid
O08208;E-Wallet;Paid
O08209;E-Wallet;Paid
O08210;QRIS;Paid
O08211;COD;Paid
O08212;Credit Card;Failed
O08213;Transfer;Failed
O08214;COD;Paid
O08215;Transfer;Failed
O08216;COD;Failed
O08217;E-Wallet;Paid
O08218;QRIS;Failed
O08219;QRIS;Paid
O08220;QRIS;Paid
O08221;Transfer;Paid
O08222;QRIS;Failed
O08223;QRIS;Paid
O08224;E-Wallet;Paid
O08225;Transfer;Paid
O08226;E-Wallet;Paid
O08227;COD;Paid
O08228;Credit Card;Paid
O08229;Transfer;Paid
O08230;E-Wallet;Paid
O08231;Credit Card;Paid
O08232;Transfer;Paid
O08233;E-Wallet;Failed
O08234;E-Wallet;Paid
O08235;E-Wallet;Failed
O08236;Transfer;Paid
O08237;QRIS;Paid
O08238;QRIS;Paid
O08239;Transfer;Paid
O08240;Transfer;Paid
O08241;Transfer;Paid
O08242;Transfer;Paid
O08243;Transfer;Paid
O08244;COD;Paid
O08245;E-Wallet;Failed
O08246;QRIS;Paid
O08247;E-Wallet;Paid
O08248;Credit Card;Paid
O08249;Transfer;Paid
O08250;COD;Paid
O08251;QRIS;Paid
O08252;QRIS;Paid
O08253;Transfer;Paid
O08254;COD;Failed
O08255;QRIS;Paid
O08256;Transfer;Paid
O08257;Transfer;Failed
O08258;Credit Card;Failed
O08259;Transfer;Failed
O08260;E-Wallet;Paid
O08261;COD;Paid
O08262;QRIS;Failed
O08263;Credit Card;Paid
O08264;Transfer;Paid
O08265;QRIS;Paid
O08266;Credit Card;Paid
O08267;Credit Card;Paid
O08268;E-Wallet;Paid
O08269;COD;Failed
O08270;Credit Card;Paid
O08271;COD;Paid
O08272;Transfer;Paid
O08273;E-Wallet;Paid
O08274;QRIS;Failed
O08275;QRIS;Paid
O08276;Credit Card;Paid
O08277;E-Wallet;Paid
O08278;QRIS;Paid
O08279;Credit Card;Paid
O08280;Transfer;Paid
O08281;QRIS;Paid
O08282;E-Wallet;Paid
O08283;Credit Card;Paid
O08284;Credit Card;Failed
O08285;COD;Paid
O08286;QRIS;Paid
O08287;Credit Card;Failed
O08288;Credit Card;Paid
O08289;Transfer;Paid
O08290;Transfer;Paid
O08291;COD;Paid
O08292;E-Wallet;Paid
O08293;E-Wallet;Paid
O08294;Transfer;Failed
O08295;Transfer;Paid
O08296;COD;Paid
O08297;Credit Card;Paid
O08298;COD;Paid
O08299;E-Wallet;Paid
O08300;Credit Card;Failed
O08301;Credit Card;Paid
O08302;QRIS;Paid
O08303;E-Wallet;Failed
O08304;Credit Card;Failed
O08305;COD;Paid
O08306;Credit Card;Failed
O08307;COD;Paid
O08308;Transfer;Paid
O08309;Transfer;Paid
O08310;Credit Card;Paid
O08311;Transfer;Paid
O08312;Transfer;Paid
O08313;Credit Card;Paid
O08314;E-Wallet;Paid
O08315;E-Wallet;Paid
O08316;QRIS;Paid
O08317;COD;Paid
O08318;QRIS;Paid
O08319;Transfer;Paid
O08320;Credit Card;Paid
O08321;Credit Card;Paid
O08322;Transfer;Failed
O08323;E-Wallet;Paid
O08324;QRIS;Paid
O08325;E-Wallet;Paid
O08326;E-Wallet;Paid
O08327;COD;Failed
O08328;E-Wallet;Paid
O08329;COD;Paid
O08330;COD;Paid
O08331;QRIS;Paid
O08332;E-Wallet;Paid
O08333;Credit Card;Failed
O08334;QRIS;Paid
O08335;COD;Paid
O08336;Credit Card;Paid
O08337;E-Wallet;Paid
O08338;Credit Card;Paid
O08339;COD;Paid
O08340;QRIS;Paid
O08341;Transfer;Paid
O08342;COD;Paid
O08343;Transfer;Paid
O08344;E-Wallet;Paid
O08345;E-Wallet;Paid
O08346;COD;Paid
O08347;QRIS;Paid
O08348;QRIS;Paid
O08349;QRIS;Paid
O08350;Credit Card;Paid
O08351;Transfer;Paid
O08352;COD;Paid
O08353;Credit Card;Failed
O08354;COD;Failed
O08355;Credit Card;Paid
O08356;Transfer;Paid
O08357;E-Wallet;Paid
O08358;Transfer;Paid
O08359;Transfer;Paid
O08360;E-Wallet;Paid
O08361;E-Wallet;Paid
O08362;COD;Paid
O08363;E-Wallet;Paid
O08364;Credit Card;Failed
O08365;Transfer;Paid
O08366;E-Wallet;Paid
O08367;COD;Paid
O08368;COD;Failed
O08369;Credit Card;Paid
O08370;COD;Failed
O08371;E-Wallet;Paid
O08372;E-Wallet;Paid
O08373;COD;Failed
O08374;QRIS;Paid
O08375;E-Wallet;Paid
O08376;Transfer;Paid
O08377;Transfer;Failed
O08378;COD;Paid
O08379;QRIS;Paid
O08380;E-Wallet;Failed
O08381;COD;Paid
O08382;Credit Card;Failed
O08383;QRIS;Paid
O08384;COD;Paid
O08385;Transfer;Failed
O08386;COD;Paid
O08387;Transfer;Paid
O08388;COD;Paid
O08389;Credit Card;Paid
O08390;COD;Paid
O08391;Credit Card;Paid
O08392;COD;Paid
O08393;E-Wallet;Failed
O08394;COD;Failed
O08395;Credit Card;Paid
O08396;QRIS;Paid
O08397;QRIS;Paid
O08398;COD;Paid
O08399;E-Wallet;Failed
O08400;E-Wallet;Failed
O08401;QRIS;Paid
O08402;Credit Card;Paid
O08403;Transfer;Paid
O08404;Transfer;Paid
O08405;QRIS;Paid
O08406;Transfer;Paid
O08407;QRIS;Paid
O08408;Credit Card;Paid
O08409;Credit Card;Failed
O08410;COD;Paid
O08411;Credit Card;Paid
O08412;E-Wallet;Paid
O08413;Credit Card;Paid
O08414;COD;Paid
O08415;Credit Card;Failed
O08416;QRIS;Failed
O08417;Transfer;Paid
O08418;QRIS;Paid
O08419;COD;Paid
O08420;Transfer;Paid
O08421;QRIS;Failed
O08422;QRIS;Paid
O08423;COD;Paid
O08424;QRIS;Paid
O08425;QRIS;Paid
O08426;Credit Card;Paid
O08427;E-Wallet;Paid
O08428;COD;Paid
O08429;Transfer;Failed
O08430;Transfer;Failed
O08431;COD;Failed
O08432;Transfer;Paid
O08433;Transfer;Paid
O08434;Transfer;Paid
O08435;E-Wallet;Paid
O08436;QRIS;Paid
O08437;Credit Card;Paid
O08438;Transfer;Failed
O08439;Transfer;Paid
O08440;QRIS;Failed
O08441;Transfer;Paid
O08442;QRIS;Paid
O08443;Transfer;Paid
O08444;QRIS;Failed
O08445;E-Wallet;Paid
O08446;QRIS;Paid
O08447;QRIS;Paid
O08448;Transfer;Failed
O08449;Credit Card;Paid
O08450;E-Wallet;Failed
O08451;Transfer;Paid
O08452;QRIS;Paid
O08453;Transfer;Paid
O08454;Credit Card;Failed
O08455;QRIS;Paid
O08456;Transfer;Failed
O08457;E-Wallet;Paid
O08458;E-Wallet;Paid
O08459;QRIS;Failed
O08460;Credit Card;Paid
O08461;Credit Card;Failed
O08462;Credit Card;Failed
O08463;E-Wallet;Paid
O08464;Credit Card;Paid
O08465;E-Wallet;Failed
O08466;Credit Card;Paid
O08467;COD;Paid
O08468;COD;Paid
O08469;Credit Card;Failed
O08470;QRIS;Failed
O08471;E-Wallet;Paid
O08472;Credit Card;Failed
O08473;Credit Card;Paid
O08474;Transfer;Failed
O08475;Transfer;Paid
O08476;Credit Card;Failed
O08477;Transfer;Paid
O08478;QRIS;Failed
O08479;QRIS;Paid
O08480;Transfer;Failed
O08481;Credit Card;Paid
O08482;Transfer;Paid
O08483;Credit Card;Paid
O08484;E-Wallet;Paid
O08485;Credit Card;Paid
O08486;E-Wallet;Paid
O08487;QRIS;Paid
O08488;COD;Paid
O08489;Transfer;Paid
O08490;E-Wallet;Paid
O08491;Credit Card;Paid
O08492;Credit Card;Paid
O08493;COD;Paid
O08494;Credit Card;Failed
O08495;E-Wallet;Failed
O08496;QRIS;Paid
O08497;QRIS;Paid
O08498;E-Wallet;Paid
O08499;Credit Card;Paid
O08500;QRIS;Paid
O08501;COD;Paid
O08502;QRIS;Paid
O08503;COD;Failed
O08504;E-Wallet;Paid
O08505;Credit Card;Paid
O08506;QRIS;Failed
O08507;COD;Paid
O08508;E-Wallet;Paid
O08509;E-Wallet;Paid
O08510;QRIS;Paid
O08511;QRIS;Paid
O08512;Transfer;Paid
O08513;Transfer;Paid
O08514;Transfer;Paid
O08515;Transfer;Paid
O08516;E-Wallet;Failed
O08517;QRIS;Paid
O08518;COD;Failed
O08519;QRIS;Failed
O08520;QRIS;Paid
O08521;COD;Paid
O08522;COD;Paid
O08523;E-Wallet;Paid
O08524;Credit Card;Paid
O08525;Credit Card;Paid
O08526;QRIS;Failed
O08527;Credit Card;Paid
O08528;E-Wallet;Paid
O08529;E-Wallet;Paid
O08530;Credit Card;Failed
O08531;QRIS;Paid
O08532;COD;Paid
O08533;QRIS;Paid
O08534;COD;Paid
O08535;Transfer;Paid
O08536;QRIS;Paid
O08537;Transfer;Paid
O08538;Transfer;Paid
O08539;QRIS;Paid
O08540;QRIS;Paid
O08541;QRIS;Paid
O08542;QRIS;Paid
O08543;E-Wallet;Failed
O08544;COD;Paid
O08545;Credit Card;Failed
O08546;Transfer;Paid
O08547;Transfer;Paid
O08548;Credit Card;Failed
O08549;E-Wallet;Failed
O08550;Credit Card;Paid
O08551;Credit Card;Paid
O08552;QRIS;Paid
O08553;Transfer;Paid
O08554;E-Wallet;Failed
O08555;Credit Card;Paid
O08556;Transfer;Failed
O08557;Transfer;Paid
O08558;COD;Paid
O08559;Transfer;Paid
O08560;QRIS;Paid
O08561;Transfer;Paid
O08562;Transfer;Paid
O08563;QRIS;Paid
O08564;Credit Card;Paid
O08565;COD;Paid
O08566;QRIS;Failed
O08567;COD;Failed
O08568;Credit Card;Paid
O08569;COD;Failed
O08570;Transfer;Failed
O08571;QRIS;Paid
O08572;Transfer;Paid
O08573;Transfer;Paid
O08574;COD;Paid
O08575;Transfer;Paid
O08576;COD;Failed
O08577;Transfer;Paid
O08578;Credit Card;Paid
O08579;Credit Card;Paid
O08580;COD;Paid
O08581;Transfer;Paid
O08582;COD;Paid
O08583;Credit Card;Failed
O08584;Credit Card;Paid
O08585;Transfer;Paid
O08586;Transfer;Paid
O08587;Transfer;Paid
O08588;QRIS;Failed
O08589;COD;Paid
O08590;Credit Card;Paid
O08591;QRIS;Paid
O08592;COD;Paid
O08593;QRIS;Paid
O08594;E-Wallet;Failed
O08595;Credit Card;Paid
O08596;Transfer;Paid
O08597;Transfer;Failed
O08598;Transfer;Paid
O08599;COD;Paid
O08600;E-Wallet;Paid
O08601;COD;Paid
O08602;Credit Card;Paid
O08603;Transfer;Failed
O08604;Transfer;Failed
O08605;QRIS;Paid
O08606;Transfer;Paid
O08607;E-Wallet;Failed
O08608;QRIS;Paid
O08609;QRIS;Paid
O08610;E-Wallet;Paid
O08611;COD;Paid
O08612;Transfer;Paid
O08613;COD;Paid
O08614;Transfer;Failed
O08615;QRIS;Paid
O08616;Transfer;Paid
O08617;E-Wallet;Paid
O08618;Transfer;Paid
O08619;QRIS;Paid
O08620;E-Wallet;Paid
O08621;COD;Failed
O08622;Transfer;Paid
O08623;QRIS;Paid
O08624;QRIS;Paid
O08625;Transfer;Paid
O08626;COD;Paid
O08627;E-Wallet;Failed
O08628;QRIS;Failed
O08629;E-Wallet;Paid
O08630;E-Wallet;Paid
O08631;COD;Paid
O08632;COD;Paid
O08633;QRIS;Failed
O08634;Transfer;Paid
O08635;Transfer;Failed
O08636;QRIS;Paid
O08637;Transfer;Failed
O08638;COD;Paid
O08639;COD;Paid
O08640;QRIS;Paid
O08641;E-Wallet;Paid
O08642;E-Wallet;Paid
O08643;Credit Card;Paid
O08644;Transfer;Failed
O08645;QRIS;Paid
O08646;Transfer;Paid
O08647;Credit Card;Paid
O08648;Transfer;Paid
O08649;Transfer;Failed
O08650;QRIS;Paid
O08651;Transfer;Paid
O08652;COD;Paid
O08653;Transfer;Failed
O08654;E-Wallet;Paid
O08655;E-Wallet;Failed
O08656;Credit Card;Failed
O08657;Credit Card;Paid
O08658;COD;Paid
O08659;Credit Card;Paid
O08660;QRIS;Paid
O08661;COD;Paid
O08662;Credit Card;Failed
O08663;Credit Card;Paid
O08664;E-Wallet;Paid
O08665;COD;Paid
O08666;E-Wallet;Paid
O08667;COD;Paid
O08668;Transfer;Failed
O08669;COD;Paid
O08670;COD;Failed
O08671;E-Wallet;Paid
O08672;E-Wallet;Paid
O08673;Transfer;Paid
O08674;COD;Paid
O08675;COD;Failed
O08676;QRIS;Paid
O08677;QRIS;Paid
O08678;COD;Paid
O08679;QRIS;Paid
O08680;COD;Paid
O08681;COD;Paid
O08682;E-Wallet;Paid
O08683;QRIS;Paid
O08684;Credit Card;Paid
O08685;Transfer;Paid
O08686;COD;Paid
O08687;Credit Card;Paid
O08688;Transfer;Paid
O08689;E-Wallet;Failed
O08690;E-Wallet;Failed
O08691;QRIS;Paid
O08692;E-Wallet;Paid
O08693;E-Wallet;Paid
O08694;COD;Paid
O08695;COD;Paid
O08696;QRIS;Paid
O08697;QRIS;Paid
O08698;Transfer;Paid
O08699;Transfer;Paid
O08700;COD;Paid
O08701;COD;Paid
O08702;COD;Failed
O08703;QRIS;Paid
O08704;Transfer;Paid
O08705;QRIS;Paid
O08706;QRIS;Paid
O08707;Credit Card;Failed
O08708;Credit Card;Paid
O08709;Transfer;Failed
O08710;Transfer;Failed
O08711;QRIS;Paid
O08712;QRIS;Paid
O08713;COD;Paid
O08714;Transfer;Paid
O08715;QRIS;Paid
O08716;QRIS;Paid
O08717;QRIS;Paid
O08718;E-Wallet;Paid
O08719;COD;Paid
O08720;E-Wallet;Failed
O08721;COD;Paid
O08722;COD;Failed
O08723;Transfer;Paid
O08724;E-Wallet;Paid
O08725;QRIS;Paid
O08726;QRIS;Paid
O08727;Credit Card;Paid
O08728;COD;Paid
O08729;Credit Card;Paid
O08730;COD;Failed
O08731;Credit Card;Failed
O08732;E-Wallet;Paid
O08733;Credit Card;Paid
O08734;COD;Paid
O08735;E-Wallet;Paid
O08736;Credit Card;Paid
O08737;Credit Card;Paid
O08738;E-Wallet;Paid
O08739;QRIS;Paid
O08740;Credit Card;Paid
O08741;E-Wallet;Failed
O08742;Credit Card;Paid
O08743;E-Wallet;Failed
O08744;E-Wallet;Paid
O08745;COD;Paid
O08746;E-Wallet;Paid
O08747;COD;Paid
O08748;QRIS;Paid
O08749;Credit Card;Paid
O08750;Credit Card;Failed
O08751;COD;Paid
O08752;Transfer;Paid
O08753;Credit Card;Paid
O08754;QRIS;Paid
O08755;Transfer;Paid
O08756;COD;Paid
O08757;E-Wallet;Paid
O08758;COD;Failed
O08759;E-Wallet;Paid
O08760;Credit Card;Paid
O08761;Transfer;Paid
O08762;Credit Card;Paid
O08763;QRIS;Paid
O08764;Transfer;Paid
O08765;E-Wallet;Failed
O08766;Credit Card;Paid
O08767;QRIS;Paid
O08768;Credit Card;Paid
O08769;Transfer;Paid
O08770;COD;Failed
O08771;COD;Paid
O08772;E-Wallet;Failed
O08773;COD;Paid
O08774;COD;Paid
O08775;Transfer;Paid
O08776;E-Wallet;Paid
O08777;E-Wallet;Paid
O08778;COD;Paid
O08779;E-Wallet;Failed
O08780;COD;Failed
O08781;Credit Card;Failed
O08782;Credit Card;Paid
O08783;Credit Card;Paid
O08784;Credit Card;Paid
O08785;Transfer;Paid
O08786;Credit Card;Failed
O08787;E-Wallet;Paid
O08788;E-Wallet;Paid
O08789;COD;Failed
O08790;Transfer;Paid
O08791;QRIS;Paid
O08792;E-Wallet;Paid
O08793;Transfer;Paid
O08794;COD;Paid
O08795;E-Wallet;Paid
O08796;E-Wallet;Failed
O08797;Transfer;Paid
O08798;COD;Paid
O08799;E-Wallet;Failed
O08800;COD;Paid
O08801;COD;Failed
O08802;Credit Card;Paid
O08803;QRIS;Paid
O08804;COD;Paid
O08805;Credit Card;Failed
O08806;E-Wallet;Paid
O08807;QRIS;Paid
O08808;Credit Card;Failed
O08809;Transfer;Paid
O08810;Transfer;Paid
O08811;E-Wallet;Paid
O08812;E-Wallet;Paid
O08813;Transfer;Failed
O08814;Credit Card;Paid
O08815;QRIS;Paid
O08816;COD;Failed
O08817;Transfer;Failed
O08818;COD;Paid
O08819;COD;Paid
O08820;Credit Card;Failed
O08821;Credit Card;Paid
O08822;Transfer;Paid
O08823;E-Wallet;Paid
O08824;E-Wallet;Paid
O08825;QRIS;Failed
O08826;QRIS;Paid
O08827;COD;Paid
O08828;Transfer;Paid
O08829;COD;Failed
O08830;COD;Paid
O08831;Credit Card;Paid
O08832;COD;Paid
O08833;Credit Card;Failed
O08834;COD;Paid
O08835;QRIS;Paid
O08836;Credit Card;Paid
O08837;Credit Card;Paid
O08838;E-Wallet;Paid
O08839;COD;Failed
O08840;COD;Paid
O08841;E-Wallet;Failed
O08842;E-Wallet;Paid
O08843;Credit Card;Failed
O08844;QRIS;Paid
O08845;Transfer;Paid
O08846;Credit Card;Failed
O08847;Transfer;Failed
O08848;COD;Paid
O08849;QRIS;Paid
O08850;COD;Paid
O08851;E-Wallet;Failed
O08852;Transfer;Failed
O08853;Transfer;Paid
O08854;Credit Card;Failed
O08855;Transfer;Paid
O08856;COD;Paid
O08857;Transfer;Paid
O08858;Credit Card;Paid
O08859;QRIS;Paid
O08860;QRIS;Failed
O08861;COD;Failed
O08862;Transfer;Failed
O08863;E-Wallet;Paid
O08864;Credit Card;Failed
O08865;COD;Paid
O08866;E-Wallet;Paid
O08867;QRIS;Paid
O08868;QRIS;Paid
O08869;QRIS;Paid
O08870;Credit Card;Paid
O08871;COD;Paid
O08872;COD;Paid
O08873;Transfer;Paid
O08874;Credit Card;Paid
O08875;E-Wallet;Paid
O08876;QRIS;Paid
O08877;Transfer;Paid
O08878;Transfer;Paid
O08879;Credit Card;Paid
O08880;Credit Card;Paid
O08881;QRIS;Paid
O08882;E-Wallet;Paid
O08883;COD;Paid
O08884;COD;Failed
O08885;COD;Failed
O08886;COD;Paid
O08887;Transfer;Paid
O08888;Transfer;Paid
O08889;Transfer;Paid
O08890;COD;Paid
O08891;Transfer;Failed
O08892;Credit Card;Failed
O08893;COD;Paid
O08894;Transfer;Paid
O08895;COD;Paid
O08896;E-Wallet;Failed
O08897;E-Wallet;Paid
O08898;E-Wallet;Paid
O08899;QRIS;Paid
O08900;Credit Card;Paid
O08901;QRIS;Failed
O08902;QRIS;Paid
O08903;Transfer;Paid
O08904;E-Wallet;Failed
O08905;COD;Paid
O08906;Transfer;Failed
O08907;QRIS;Paid
O08908;Transfer;Paid
O08909;QRIS;Paid
O08910;Credit Card;Paid
O08911;E-Wallet;Paid
O08912;Credit Card;Paid
O08913;Transfer;Paid
O08914;Transfer;Paid
O08915;Credit Card;Paid
O08916;E-Wallet;Failed
O08917;COD;Paid
O08918;E-Wallet;Paid
O08919;E-Wallet;Failed
O08920;Credit Card;Failed
O08921;COD;Paid
O08922;QRIS;Paid
O08923;Transfer;Failed
O08924;Transfer;Paid
O08925;Transfer;Paid
O08926;Transfer;Paid
O08927;QRIS;Failed
O08928;COD;Paid
O08929;Credit Card;Failed
O08930;Credit Card;Paid
O08931;QRIS;Paid
O08932;E-Wallet;Paid
O08933;Transfer;Paid
O08934;QRIS;Paid
O08935;QRIS;Failed
O08936;Credit Card;Failed
O08937;Credit Card;Failed
O08938;Transfer;Paid
O08939;QRIS;Paid
O08940;QRIS;Paid
O08941;QRIS;Paid
O08942;E-Wallet;Paid
O08943;Credit Card;Paid
O08944;Transfer;Paid
O08945;Credit Card;Paid
O08946;Transfer;Paid
O08947;Credit Card;Paid
O08948;Credit Card;Paid
O08949;Credit Card;Paid
O08950;COD;Failed
O08951;COD;Paid
O08952;COD;Paid
O08953;COD;Failed
O08954;Transfer;Failed
O08955;E-Wallet;Failed
O08956;Transfer;Paid
O08957;QRIS;Paid
O08958;Credit Card;Paid
O08959;E-Wallet;Paid
O08960;QRIS;Paid
O08961;Credit Card;Paid
O08962;Transfer;Failed
O08963;COD;Paid
O08964;QRIS;Failed
O08965;COD;Failed
O08966;QRIS;Failed
O08967;QRIS;Paid
O08968;Credit Card;Paid
O08969;Credit Card;Paid
O08970;E-Wallet;Paid
O08971;Transfer;Paid
O08972;Transfer;Paid
O08973;Credit Card;Failed
O08974;Credit Card;Paid
O08975;COD;Paid
O08976;E-Wallet;Paid
O08977;Credit Card;Paid
O08978;COD;Paid
O08979;Transfer;Failed
O08980;Credit Card;Paid
O08981;COD;Paid
O08982;Credit Card;Paid
O08983;Transfer;Paid
O08984;Credit Card;Paid
O08985;QRIS;Paid
O08986;QRIS;Paid
O08987;COD;Paid
O08988;QRIS;Failed
O08989;COD;Failed
O08990;E-Wallet;Paid
O08991;COD;Paid
O08992;COD;Paid
O08993;QRIS;Paid
O08994;COD;Failed
O08995;Credit Card;Paid
O08996;QRIS;Paid
O08997;COD;Paid
O08998;Credit Card;Failed
O08999;Credit Card;Paid
O09000;Credit Card;Paid
O09001;QRIS;Paid
O09002;Credit Card;Paid
O09003;Transfer;Paid
O09004;E-Wallet;Failed
O09005;COD;Paid
O09006;Transfer;Paid
O09007;COD;Paid
O09008;QRIS;Paid
O09009;Credit Card;Paid
O09010;COD;Paid
O09011;E-Wallet;Paid
O09012;COD;Paid
O09013;COD;Paid
O09014;Transfer;Paid
O09015;QRIS;Failed
O09016;Credit Card;Paid
O09017;COD;Paid
O09018;Transfer;Paid
O09019;Transfer;Failed
O09020;Credit Card;Paid
O09021;Transfer;Paid
O09022;Credit Card;Paid
O09023;Credit Card;Paid
O09024;COD;Paid
O09025;Credit Card;Paid
O09026;QRIS;Failed
O09027;E-Wallet;Paid
O09028;Transfer;Failed
O09029;COD;Paid
O09030;QRIS;Paid
O09031;COD;Paid
O09032;Credit Card;Failed
O09033;QRIS;Failed
O09034;Transfer;Paid
O09035;QRIS;Paid
O09036;QRIS;Failed
O09037;E-Wallet;Failed
O09038;Transfer;Paid
O09039;Transfer;Paid
O09040;E-Wallet;Paid
O09041;Credit Card;Paid
O09042;Transfer;Paid
O09043;Credit Card;Paid
O09044;COD;Paid
O09045;Credit Card;Failed
O09046;COD;Paid
O09047;E-Wallet;Failed
O09048;Transfer;Paid
O09049;Credit Card;Paid
O09050;Transfer;Paid
O09051;QRIS;Paid
O09052;COD;Paid
O09053;E-Wallet;Paid
O09054;Credit Card;Paid
O09055;Credit Card;Paid
O09056;Credit Card;Paid
O09057;COD;Paid
O09058;Credit Card;Paid
O09059;QRIS;Paid
O09060;COD;Paid
O09061;QRIS;Paid
O09062;QRIS;Paid
O09063;Transfer;Paid
O09064;E-Wallet;Paid
O09065;QRIS;Paid
O09066;Credit Card;Paid
O09067;Transfer;Failed
O09068;Transfer;Paid
O09069;E-Wallet;Paid
O09070;QRIS;Paid
O09071;COD;Paid
O09072;QRIS;Paid
O09073;COD;Paid
O09074;QRIS;Paid
O09075;Transfer;Paid
O09076;Credit Card;Failed
O09077;COD;Paid
O09078;Credit Card;Paid
O09079;E-Wallet;Failed
O09080;COD;Paid
O09081;Transfer;Paid
O09082;Credit Card;Paid
O09083;COD;Paid
O09084;COD;Paid
O09085;COD;Paid
O09086;COD;Paid
O09087;Credit Card;Paid
O09088;Credit Card;Paid
O09089;Credit Card;Paid
O09090;Transfer;Paid
O09091;E-Wallet;Failed
O09092;COD;Paid
O09093;COD;Paid
O09094;Transfer;Failed
O09095;COD;Paid
O09096;Transfer;Failed
O09097;QRIS;Paid
O09098;COD;Paid
O09099;E-Wallet;Paid
O09100;E-Wallet;Failed
O09101;Credit Card;Paid
O09102;COD;Paid
O09103;QRIS;Paid
O09104;QRIS;Paid
O09105;E-Wallet;Paid
O09106;Transfer;Failed
O09107;QRIS;Paid
O09108;Credit Card;Paid
O09109;COD;Paid
O09110;COD;Paid
O09111;QRIS;Paid
O09112;Credit Card;Paid
O09113;Credit Card;Failed
O09114;QRIS;Paid
O09115;Transfer;Paid
O09116;QRIS;Paid
O09117;E-Wallet;Paid
O09118;COD;Failed
O09119;QRIS;Failed
O09120;QRIS;Paid
O09121;Credit Card;Paid
O09122;COD;Paid
O09123;E-Wallet;Paid
O09124;COD;Failed
O09125;Credit Card;Paid
O09126;QRIS;Paid
O09127;Transfer;Paid
O09128;COD;Paid
O09129;COD;Paid
O09130;Transfer;Failed
O09131;Credit Card;Failed
O09132;Credit Card;Paid
O09133;Credit Card;Paid
O09134;Transfer;Paid
O09135;E-Wallet;Paid
O09136;Transfer;Paid
O09137;Credit Card;Paid
O09138;E-Wallet;Failed
O09139;Transfer;Failed
O09140;QRIS;Paid
O09141;Credit Card;Failed
O09142;Credit Card;Paid
O09143;QRIS;Paid
O09144;E-Wallet;Paid
O09145;COD;Failed
O09146;Transfer;Paid
O09147;Transfer;Paid
O09148;QRIS;Paid
O09149;QRIS;Paid
O09150;Credit Card;Failed
O09151;Credit Card;Paid
O09152;Credit Card;Paid
O09153;Transfer;Paid
O09154;QRIS;Paid
O09155;COD;Paid
O09156;COD;Paid
O09157;Credit Card;Paid
O09158;Credit Card;Paid
O09159;Credit Card;Paid
O09160;COD;Paid
O09161;Credit Card;Failed
O09162;COD;Paid
O09163;QRIS;Paid
O09164;QRIS;Paid
O09165;Credit Card;Paid
O09166;QRIS;Failed
O09167;E-Wallet;Paid
O09168;E-Wallet;Failed
O09169;QRIS;Paid
O09170;Transfer;Paid
O09171;QRIS;Failed
O09172;E-Wallet;Paid
O09173;E-Wallet;Paid
O09174;QRIS;Paid
O09175;QRIS;Paid
O09176;Credit Card;Paid
O09177;QRIS;Paid
O09178;QRIS;Paid
O09179;QRIS;Paid
O09180;COD;Paid
O09181;Credit Card;Paid
O09182;E-Wallet;Failed
O09183;COD;Failed
O09184;COD;Paid
O09185;E-Wallet;Failed
O09186;E-Wallet;Failed
O09187;Credit Card;Failed
O09188;Transfer;Paid
O09189;QRIS;Paid
O09190;QRIS;Paid
O09191;QRIS;Paid
O09192;Credit Card;Paid
O09193;COD;Paid
O09194;QRIS;Paid
O09195;Credit Card;Paid
O09196;COD;Paid
O09197;E-Wallet;Failed
O09198;Transfer;Failed
O09199;E-Wallet;Paid
O09200;QRIS;Paid
O09201;Transfer;Failed
O09202;COD;Paid
O09203;Transfer;Paid
O09204;QRIS;Paid
O09205;QRIS;Paid
O09206;Transfer;Paid
O09207;QRIS;Paid
O09208;Credit Card;Paid
O09209;Transfer;Failed
O09210;E-Wallet;Paid
O09211;QRIS;Failed
O09212;Transfer;Paid
O09213;Transfer;Paid
O09214;Credit Card;Paid
O09215;E-Wallet;Paid
O09216;Credit Card;Failed
O09217;Credit Card;Paid
O09218;QRIS;Paid
O09219;Credit Card;Paid
O09220;COD;Paid
O09221;Credit Card;Failed
O09222;COD;Failed
O09223;E-Wallet;Paid
O09224;COD;Paid
O09225;COD;Paid
O09226;COD;Paid
O09227;E-Wallet;Failed
O09228;Credit Card;Paid
O09229;Transfer;Paid
O09230;Transfer;Paid
O09231;Credit Card;Paid
O09232;Transfer;Paid
O09233;Transfer;Paid
O09234;QRIS;Paid
O09235;Credit Card;Paid
O09236;COD;Failed
O09237;Credit Card;Paid
O09238;Transfer;Paid
O09239;E-Wallet;Paid
O09240;COD;Paid
O09241;COD;Paid
O09242;E-Wallet;Paid
O09243;QRIS;Paid
O09244;Credit Card;Failed
O09245;Credit Card;Paid
O09246;Credit Card;Paid
O09247;E-Wallet;Failed
O09248;COD;Paid
O09249;Credit Card;Paid
O09250;Transfer;Paid
O09251;Transfer;Paid
O09252;Transfer;Paid
O09253;Transfer;Paid
O09254;Credit Card;Paid
O09255;QRIS;Failed
O09256;Credit Card;Paid
O09257;Transfer;Paid
O09258;E-Wallet;Failed
O09259;Transfer;Paid
O09260;Transfer;Paid
O09261;Credit Card;Paid
O09262;QRIS;Paid
O09263;Transfer;Failed
O09264;Credit Card;Paid
O09265;Credit Card;Paid
O09266;QRIS;Paid
O09267;Transfer;Paid
O09268;QRIS;Paid
O09269;COD;Paid
O09270;E-Wallet;Failed
O09271;Transfer;Paid
O09272;Credit Card;Paid
O09273;COD;Failed
O09274;Transfer;Failed
O09275;QRIS;Paid
O09276;Transfer;Paid
O09277;Credit Card;Paid
O09278;Transfer;Paid
O09279;Transfer;Paid
O09280;COD;Paid
O09281;COD;Paid
O09282;COD;Paid
O09283;QRIS;Paid
O09284;Credit Card;Paid
O09285;Transfer;Paid
O09286;QRIS;Paid
O09287;Transfer;Paid
O09288;Transfer;Failed
O09289;QRIS;Paid
O09290;Transfer;Paid
O09291;Credit Card;Paid
O09292;E-Wallet;Paid
O09293;QRIS;Paid
O09294;COD;Paid
O09295;COD;Failed
O09296;Transfer;Paid
O09297;QRIS;Failed
O09298;E-Wallet;Failed
O09299;Transfer;Paid
O09300;COD;Paid
O09301;E-Wallet;Paid
O09302;QRIS;Failed
O09303;QRIS;Failed
O09304;QRIS;Paid
O09305;E-Wallet;Paid
O09306;Transfer;Paid
O09307;COD;Paid
O09308;COD;Paid
O09309;COD;Paid
O09310;QRIS;Paid
O09311;E-Wallet;Paid
O09312;Transfer;Paid
O09313;E-Wallet;Paid
O09314;QRIS;Paid
O09315;Transfer;Paid
O09316;Credit Card;Paid
O09317;E-Wallet;Paid
O09318;Transfer;Paid
O09319;COD;Paid
O09320;E-Wallet;Failed
O09321;Transfer;Paid
O09322;Transfer;Paid
O09323;Transfer;Paid
O09324;QRIS;Failed
O09325;E-Wallet;Paid
O09326;COD;Failed
O09327;QRIS;Paid
O09328;QRIS;Failed
O09329;QRIS;Paid
O09330;COD;Failed
O09331;E-Wallet;Paid
O09332;QRIS;Paid
O09333;QRIS;Paid
O09334;QRIS;Failed
O09335;Transfer;Paid
O09336;Transfer;Paid
O09337;QRIS;Paid
O09338;Transfer;Paid
O09339;E-Wallet;Paid
O09340;Credit Card;Paid
O09341;QRIS;Failed
O09342;Credit Card;Failed
O09343;QRIS;Paid
O09344;COD;Paid
O09345;Transfer;Paid
O09346;Transfer;Paid
O09347;Credit Card;Paid
O09348;E-Wallet;Failed
O09349;Transfer;Paid
O09350;QRIS;Paid
O09351;E-Wallet;Paid
O09352;QRIS;Paid
O09353;E-Wallet;Paid
O09354;E-Wallet;Paid
O09355;E-Wallet;Paid
O09356;COD;Paid
O09357;Credit Card;Paid
O09358;E-Wallet;Paid
O09359;E-Wallet;Failed
O09360;COD;Paid
O09361;Credit Card;Paid
O09362;COD;Paid
O09363;Transfer;Paid
O09364;Credit Card;Failed
O09365;Credit Card;Paid
O09366;E-Wallet;Paid
O09367;Credit Card;Paid
O09368;Credit Card;Paid
O09369;Transfer;Paid
O09370;QRIS;Paid
O09371;Transfer;Paid
O09372;QRIS;Paid
O09373;Credit Card;Paid
O09374;COD;Paid
O09375;E-Wallet;Failed
O09376;Credit Card;Paid
O09377;QRIS;Paid
O09378;QRIS;Paid
O09379;Transfer;Failed
O09380;E-Wallet;Failed
O09381;COD;Paid
O09382;COD;Failed
O09383;E-Wallet;Failed
O09384;COD;Failed
O09385;E-Wallet;Paid
O09386;COD;Paid
O09387;Transfer;Paid
O09388;QRIS;Paid
O09389;Credit Card;Failed
O09390;E-Wallet;Failed
O09391;QRIS;Paid
O09392;Transfer;Failed
O09393;COD;Paid
O09394;QRIS;Paid
O09395;QRIS;Paid
O09396;QRIS;Paid
O09397;QRIS;Paid
O09398;COD;Paid
O09399;Transfer;Paid
O09400;COD;Paid
O09401;E-Wallet;Paid
O09402;Transfer;Failed
O09403;E-Wallet;Paid
O09404;Credit Card;Paid
O09405;QRIS;Failed
O09406;E-Wallet;Paid
O09407;Transfer;Paid
O09408;E-Wallet;Paid
O09409;E-Wallet;Paid
O09410;Transfer;Paid
O09411;Transfer;Paid
O09412;Credit Card;Paid
O09413;Credit Card;Paid
O09414;COD;Paid
O09415;E-Wallet;Paid
O09416;COD;Paid
O09417;QRIS;Paid
O09418;Transfer;Paid
O09419;Credit Card;Paid
O09420;E-Wallet;Paid
O09421;QRIS;Failed
O09422;E-Wallet;Paid
O09423;Transfer;Paid
O09424;Transfer;Paid
O09425;Credit Card;Paid
O09426;COD;Paid
O09427;Transfer;Paid
O09428;QRIS;Failed
O09429;QRIS;Paid
O09430;E-Wallet;Paid
O09431;Credit Card;Paid
O09432;QRIS;Paid
O09433;COD;Paid
O09434;QRIS;Paid
O09435;Credit Card;Paid
O09436;QRIS;Failed
O09437;QRIS;Paid
O09438;Transfer;Failed
O09439;E-Wallet;Paid
O09440;Transfer;Failed
O09441;E-Wallet;Paid
O09442;Transfer;Paid
O09443;QRIS;Paid
O09444;E-Wallet;Paid
O09445;COD;Paid
O09446;E-Wallet;Paid
O09447;Transfer;Failed
O09448;COD;Paid
O09449;QRIS;Paid
O09450;QRIS;Paid
O09451;E-Wallet;Paid
O09452;E-Wallet;Failed
O09453;COD;Failed
O09454;COD;Paid
O09455;Transfer;Paid
O09456;QRIS;Paid
O09457;E-Wallet;Paid
O09458;Credit Card;Failed
O09459;QRIS;Failed
O09460;E-Wallet;Paid
O09461;E-Wallet;Paid
O09462;QRIS;Paid
O09463;Credit Card;Paid
O09464;QRIS;Paid
O09465;Credit Card;Paid
O09466;QRIS;Paid
O09467;Transfer;Failed
O09468;E-Wallet;Paid
O09469;QRIS;Paid
O09470;QRIS;Failed
O09471;Credit Card;Paid
O09472;Credit Card;Failed
O09473;QRIS;Failed
O09474;Transfer;Paid
O09475;E-Wallet;Paid
O09476;Transfer;Paid
O09477;QRIS;Paid
O09478;Credit Card;Failed
O09479;E-Wallet;Failed
O09480;E-Wallet;Paid
O09481;Credit Card;Paid
O09482;E-Wallet;Paid
O09483;Transfer;Paid
O09484;Credit Card;Paid
O09485;Transfer;Failed
O09486;COD;Paid
O09487;Transfer;Paid
O09488;Credit Card;Paid
O09489;Transfer;Failed
O09490;Credit Card;Paid
O09491;QRIS;Failed
O09492;Transfer;Paid
O09493;COD;Paid
O09494;Transfer;Paid
O09495;QRIS;Paid
O09496;E-Wallet;Failed
O09497;E-Wallet;Paid
O09498;COD;Failed
O09499;E-Wallet;Paid
O09500;E-Wallet;Paid
O09501;QRIS;Paid
O09502;E-Wallet;Paid
O09503;COD;Paid
O09504;Transfer;Paid
O09505;QRIS;Paid
O09506;E-Wallet;Failed
O09507;Transfer;Paid
O09508;E-Wallet;Paid
O09509;Transfer;Paid
O09510;COD;Paid
O09511;Transfer;Paid
O09512;E-Wallet;Paid
O09513;Credit Card;Paid
O09514;Transfer;Paid
O09515;Transfer;Paid
O09516;COD;Paid
O09517;QRIS;Paid
O09518;Transfer;Paid
O09519;E-Wallet;Paid
O09520;Credit Card;Paid
O09521;COD;Failed
O09522;Credit Card;Paid
O09523;Credit Card;Paid
O09524;Transfer;Paid
O09525;Transfer;Paid
O09526;QRIS;Paid
O09527;Credit Card;Paid
O09528;QRIS;Paid
O09529;Credit Card;Failed
O09530;Transfer;Paid
O09531;QRIS;Paid
O09532;Credit Card;Paid
O09533;QRIS;Paid
O09534;COD;Paid
O09535;Credit Card;Paid
O09536;QRIS;Paid
O09537;COD;Failed
O09538;COD;Paid
O09539;Credit Card;Paid
O09540;E-Wallet;Failed
O09541;Transfer;Paid
O09542;COD;Failed
O09543;Transfer;Failed
O09544;QRIS;Failed
O09545;COD;Paid
O09546;E-Wallet;Paid
O09547;COD;Paid
O09548;COD;Paid
O09549;Transfer;Paid
O09550;Credit Card;Failed
O09551;Transfer;Paid
O09552;COD;Paid
O09553;Transfer;Paid
O09554;E-Wallet;Paid
O09555;QRIS;Paid
O09556;Credit Card;Paid
O09557;Transfer;Paid
O09558;COD;Paid
O09559;E-Wallet;Failed
O09560;QRIS;Failed
O09561;E-Wallet;Paid
O09562;Credit Card;Paid
O09563;Transfer;Paid
O09564;QRIS;Failed
O09565;E-Wallet;Paid
O09566;QRIS;Failed
O09567;Transfer;Paid
O09568;E-Wallet;Paid
O09569;COD;Paid
O09570;Credit Card;Paid
O09571;Transfer;Paid
O09572;Credit Card;Paid
O09573;QRIS;Paid
O09574;E-Wallet;Paid
O09575;E-Wallet;Paid
O09576;Credit Card;Paid
O09577;Transfer;Paid
O09578;COD;Paid
O09579;Credit Card;Paid
O09580;Credit Card;Paid
O09581;COD;Paid
O09582;QRIS;Paid
O09583;QRIS;Paid
O09584;E-Wallet;Paid
O09585;COD;Paid
O09586;Transfer;Failed
O09587;Transfer;Paid
O09588;Transfer;Paid
O09589;Transfer;Failed
O09590;Transfer;Paid
O09591;QRIS;Paid
O09592;QRIS;Paid
O09593;COD;Paid
O09594;E-Wallet;Failed
O09595;Credit Card;Paid
O09596;E-Wallet;Paid
O09597;Credit Card;Paid
O09598;E-Wallet;Failed
O09599;QRIS;Paid
O09600;COD;Paid
O09601;COD;Failed
O09602;Credit Card;Failed
O09603;Credit Card;Paid
O09604;Credit Card;Failed
O09605;Transfer;Failed
O09606;QRIS;Paid
O09607;QRIS;Failed
O09608;Transfer;Paid
O09609;Credit Card;Paid
O09610;E-Wallet;Failed
O09611;Credit Card;Failed
O09612;Transfer;Paid
O09613;E-Wallet;Failed
O09614;Credit Card;Paid
O09615;E-Wallet;Paid
O09616;E-Wallet;Paid
O09617;E-Wallet;Failed
O09618;QRIS;Failed
O09619;Transfer;Failed
O09620;Transfer;Paid
O09621;COD;Paid
O09622;Credit Card;Paid
O09623;Transfer;Paid
O09624;COD;Failed
O09625;Credit Card;Paid
O09626;Transfer;Paid
O09627;Credit Card;Paid
O09628;QRIS;Paid
O09629;Transfer;Paid
O09630;COD;Failed
O09631;QRIS;Paid
O09632;QRIS;Paid
O09633;QRIS;Paid
O09634;COD;Paid
O09635;Credit Card;Paid
O09636;QRIS;Paid
O09637;COD;Failed
O09638;QRIS;Paid
O09639;QRIS;Paid
O09640;COD;Paid
O09641;COD;Paid
O09642;E-Wallet;Paid
O09643;Transfer;Failed
O09644;E-Wallet;Paid
O09645;Credit Card;Paid
O09646;Transfer;Paid
O09647;QRIS;Paid
O09648;COD;Paid
O09649;Credit Card;Paid
O09650;QRIS;Paid
O09651;QRIS;Paid
O09652;E-Wallet;Paid
O09653;Credit Card;Paid
O09654;Transfer;Paid
O09655;QRIS;Failed
O09656;Credit Card;Paid
O09657;QRIS;Paid
O09658;QRIS;Paid
O09659;QRIS;Paid
O09660;QRIS;Paid
O09661;COD;Paid
O09662;Transfer;Paid
O09663;Credit Card;Paid
O09664;QRIS;Paid
O09665;Transfer;Paid
O09666;Credit Card;Paid
O09667;Credit Card;Paid
O09668;Transfer;Paid
O09669;Credit Card;Paid
O09670;QRIS;Paid
O09671;Credit Card;Paid
O09672;E-Wallet;Failed
O09673;COD;Paid
O09674;COD;Failed
O09675;Credit Card;Paid
O09676;QRIS;Paid
O09677;COD;Paid
O09678;E-Wallet;Paid
O09679;Transfer;Failed
O09680;COD;Paid
O09681;Credit Card;Paid
O09682;Credit Card;Paid
O09683;Credit Card;Paid
O09684;E-Wallet;Paid
O09685;Transfer;Paid
O09686;Credit Card;Paid
O09687;E-Wallet;Failed
O09688;QRIS;Paid
O09689;Transfer;Failed
O09690;QRIS;Paid
O09691;QRIS;Paid
O09692;E-Wallet;Paid
O09693;QRIS;Paid
O09694;QRIS;Paid
O09695;E-Wallet;Paid
O09696;Transfer;Failed
O09697;E-Wallet;Paid
O09698;Transfer;Paid
O09699;E-Wallet;Paid
O09700;Transfer;Paid
O09701;QRIS;Paid
O09702;Transfer;Paid
O09703;Transfer;Failed
O09704;Credit Card;Failed
O09705;QRIS;Paid
O09706;E-Wallet;Paid
O09707;COD;Paid
O09708;COD;Paid
O09709;Credit Card;Paid
O09710;COD;Paid
O09711;Transfer;Paid
O09712;COD;Failed
O09713;Credit Card;Failed
O09714;E-Wallet;Paid
O09715;Transfer;Paid
O09716;QRIS;Paid
O09717;QRIS;Paid
O09718;QRIS;Paid
O09719;QRIS;Paid
O09720;QRIS;Paid
O09721;QRIS;Paid
O09722;Credit Card;Paid
O09723;E-Wallet;Paid
O09724;E-Wallet;Failed
O09725;Credit Card;Paid
O09726;E-Wallet;Paid
O09727;QRIS;Failed
O09728;E-Wallet;Paid
O09729;COD;Paid
O09730;Transfer;Paid
O09731;QRIS;Paid
O09732;Credit Card;Paid
O09733;QRIS;Failed
O09734;E-Wallet;Paid
O09735;QRIS;Paid
O09736;E-Wallet;Paid
O09737;Credit Card;Paid
O09738;COD;Paid
O09739;COD;Failed
O09740;Credit Card;Paid
O09741;Transfer;Paid
O09742;Transfer;Paid
O09743;Transfer;Failed
O09744;Credit Card;Failed
O09745;Credit Card;Failed
O09746;Transfer;Failed
O09747;Credit Card;Paid
O09748;QRIS;Paid
O09749;E-Wallet;Paid
O09750;Transfer;Paid
O09751;Transfer;Paid
O09752;E-Wallet;Paid
O09753;Transfer;Paid
O09754;QRIS;Failed
O09755;E-Wallet;Failed
O09756;QRIS;Failed
O09757;QRIS;Paid
O09758;E-Wallet;Paid
O09759;QRIS;Paid
O09760;Transfer;Paid
O09761;COD;Paid
O09762;COD;Paid
O09763;Credit Card;Paid
O09764;COD;Paid
O09765;Transfer;Paid
O09766;Transfer;Paid
O09767;E-Wallet;Paid
O09768;E-Wallet;Paid
O09769;COD;Paid
O09770;Credit Card;Failed
O09771;COD;Paid
O09772;COD;Paid
O09773;COD;Paid
O09774;Transfer;Paid
O09775;Transfer;Paid
O09776;Credit Card;Paid
O09777;COD;Paid
O09778;COD;Paid
O09779;COD;Paid
O09780;COD;Paid
O09781;QRIS;Failed
O09782;COD;Failed
O09783;Credit Card;Failed
O09784;QRIS;Paid
O09785;Transfer;Paid
O09786;E-Wallet;Paid
O09787;Credit Card;Paid
O09788;QRIS;Paid
O09789;QRIS;Paid
O09790;COD;Failed
O09791;QRIS;Paid
O09792;QRIS;Paid
O09793;Credit Card;Paid
O09794;Credit Card;Paid
O09795;Transfer;Paid
O09796;COD;Failed
O09797;Transfer;Paid
O09798;COD;Failed
O09799;Transfer;Paid
O09800;QRIS;Failed
O09801;E-Wallet;Paid
O09802;Transfer;Paid
O09803;E-Wallet;Failed
O09804;COD;Paid
O09805;Transfer;Paid
O09806;QRIS;Paid
O09807;QRIS;Paid
O09808;E-Wallet;Paid
O09809;E-Wallet;Paid
O09810;E-Wallet;Paid
O09811;Credit Card;Paid
O09812;Transfer;Paid
O09813;Transfer;Paid
O09814;COD;Paid
O09815;COD;Failed
O09816;COD;Paid
O09817;Transfer;Failed
O09818;Transfer;Paid
O09819;E-Wallet;Paid
O09820;Transfer;Paid
O09821;COD;Paid
O09822;Credit Card;Paid
O09823;QRIS;Paid
O09824;E-Wallet;Paid
O09825;E-Wallet;Failed
O09826;QRIS;Paid
O09827;Transfer;Failed
O09828;COD;Paid
O09829;Credit Card;Paid
O09830;Credit Card;Paid
O09831;E-Wallet;Failed
O09832;Credit Card;Failed
O09833;Credit Card;Paid
O09834;QRIS;Paid
O09835;QRIS;Paid
O09836;QRIS;Failed
O09837;Credit Card;Failed
O09838;Transfer;Paid
O09839;QRIS;Paid
O09840;QRIS;Failed
O09841;QRIS;Paid
O09842;QRIS;Paid
O09843;QRIS;Failed
O09844;E-Wallet;Paid
O09845;E-Wallet;Paid
O09846;COD;Paid
O09847;Transfer;Failed
O09848;E-Wallet;Paid
O09849;Credit Card;Paid
O09850;E-Wallet;Paid
O09851;QRIS;Failed
O09852;E-Wallet;Paid
O09853;COD;Failed
O09854;Transfer;Failed
O09855;Transfer;Paid
O09856;Transfer;Paid
O09857;E-Wallet;Paid
O09858;E-Wallet;Paid
O09859;Transfer;Paid
O09860;COD;Failed
O09861;Transfer;Paid
O09862;QRIS;Paid
O09863;COD;Failed
O09864;COD;Paid
O09865;E-Wallet;Paid
O09866;E-Wallet;Paid
O09867;E-Wallet;Paid
O09868;QRIS;Paid
O09869;E-Wallet;Failed
O09870;Transfer;Paid
O09871;COD;Paid
O09872;QRIS;Paid
O09873;Transfer;Failed
O09874;COD;Failed
O09875;Transfer;Paid
O09876;COD;Paid
O09877;Transfer;Paid
O09878;QRIS;Failed
O09879;Credit Card;Paid
O09880;COD;Failed
O09881;COD;Paid
O09882;Transfer;Paid
O09883;QRIS;Paid
O09884;Transfer;Failed
O09885;QRIS;Paid
O09886;Credit Card;Paid
O09887;Credit Card;Paid
O09888;Transfer;Failed
O09889;Credit Card;Failed
O09890;QRIS;Failed
O09891;Credit Card;Paid
O09892;Transfer;Paid
O09893;COD;Failed
O09894;QRIS;Paid
O09895;QRIS;Paid
O09896;COD;Paid
O09897;COD;Failed
O09898;Credit Card;Paid
O09899;E-Wallet;Paid
O09900;QRIS;Failed
O09901;COD;Failed
O09902;COD;Paid
O09903;E-Wallet;Paid
O09904;E-Wallet;Failed
O09905;QRIS;Failed
O09906;QRIS;Paid
O09907;Credit Card;Paid
O09908;Credit Card;Paid
O09909;Transfer;Failed
O09910;E-Wallet;Paid
O09911;Credit Card;Failed
O09912;QRIS;Paid
O09913;E-Wallet;Paid
O09914;Transfer;Paid
O09915;E-Wallet;Failed
O09916;QRIS;Paid
O09917;Transfer;Paid
O09918;QRIS;Paid
O09919;E-Wallet;Paid
O09920;Transfer;Failed
O09921;Transfer;Paid
O09922;Credit Card;Failed
O09923;QRIS;Paid
O09924;COD;Paid
O09925;COD;Paid
O09926;Credit Card;Paid
O09927;E-Wallet;Paid
O09928;Transfer;Paid
O09929;E-Wallet;Failed
O09930;QRIS;Failed
O09931;Transfer;Paid
O09932;COD;Paid
O09933;Transfer;Failed
O09934;Credit Card;Failed
O09935;Credit Card;Paid
O09936;Credit Card;Paid
O09937;COD;Failed
O09938;COD;Paid
O09939;QRIS;Paid
O09940;COD;Paid
O09941;COD;Failed
O09942;E-Wallet;Paid
O09943;Transfer;Failed
O09944;QRIS;Failed
O09945;Credit Card;Paid
O09946;E-Wallet;Paid
O09947;E-Wallet;Paid
O09948;Credit Card;Failed
O09949;Credit Card;Paid
O09950;Transfer;Failed
O09951;E-Wallet;Paid
O09952;Credit Card;Paid
O09953;QRIS;Paid
O09954;Transfer;Failed
O09955;Transfer;Paid
O09956;Credit Card;Paid
O09957;QRIS;Failed
O09958;E-Wallet;Failed
O09959;Transfer;Paid
O09960;Transfer;Paid
O09961;E-Wallet;Paid
O09962;E-Wallet;Paid
O09963;COD;Paid
O09964;E-Wallet;Failed
O09965;QRIS;Paid
O09966;COD;Paid
O09967;Credit Card;Paid
O09968;Transfer;Failed
O09969;Transfer;Paid
O09970;E-Wallet;Paid
O09971;E-Wallet;Paid
O09972;COD;Paid
O09973;Credit Card;Failed
O09974;COD;Paid
O09975;Transfer;Paid
O09976;E-Wallet;Failed
O09977;E-Wallet;Paid
O09978;Credit Card;Failed
O09979;E-Wallet;Paid
O09980;Transfer;Paid
O09981;E-Wallet;Paid
O09982;Credit Card;Paid
O09983;COD;Paid
O09984;Credit Card;Paid
O09985;Transfer;Failed
O09986;Credit Card;Paid
O09987;COD;Failed
O09988;E-Wallet;Paid
O09989;COD;Paid
O09990;QRIS;Paid
O09991;Transfer;Paid
O09992;Transfer;Paid
O09993;QRIS;Failed
O09994;COD;Paid
O09995;QRIS;Paid
O09996;Transfer;Paid
O09997;E-Wallet;Paid
O09998;E-Wallet;Paid
O09999;Credit Card;Paid
O10000;COD;Paid
