Order_ID;Rating;Review_Type
O00001;4;Positive
O00002;3;Neutral
O00003;4;Positive
O00004;3;Neutral
O00005;4;Positive
O00006;5;Positive
O00007;3;Neutral
O00008;4;Positive
O00009;3;Neutral
O00010;2;Negative
O00011;1;Negative
O00012;4;Positive
O00013;5;Positive
O00014;1;Negative
O00015;4;Positive
O00016;5;Positive
O00017;5;Positive
O00018;3;Neutral
O00019;4;Positive
O00020;3;Neutral
O00021;3;Neutral
O00022;1;Negative
O00023;1;Negative
O00024;5;Positive
O00025;3;Neutral
O00026;3;Neutral
O00027;1;Negative
O00028;5;Positive
O00029;4;Positive
O00030;2;Negative
O00031;4;Positive
O00032;4;Positive
O00033;5;Positive
O00034;3;Neutral
O00035;5;Positive
O00036;2;Negative
O00037;4;Positive
O00038;3;Neutral
O00039;2;Negative
O00040;4;Positive
O00041;4;Positive
O00042;5;Positive
O00043;2;Negative
O00044;3;Neutral
O00045;1;Negative
O00046;4;Positive
O00047;5;Positive
O00048;4;Positive
O00049;5;Positive
O00050;1;Negative
O00051;4;Positive
O00052;2;Negative
O00053;4;Positive
O00054;5;Positive
O00055;3;Neutral
O00056;2;Negative
O00057;5;Positive
O00058;1;Negative
O00059;4;Positive
O00060;5;Positive
O00061;5;Positive
O00062;5;Positive
O00063;5;Positive
O00064;3;Neutral
O00065;3;Neutral
O00066;1;Negative
O00067;5;Positive
O00068;4;Positive
O00069;1;Negative
O00070;2;Negative
O00071;1;Negative
O00072;3;Neutral
O00073;1;Negative
O00074;1;Negative
O00075;1;Negative
O00076;1;Negative
O00077;3;Neutral
O00078;5;Positive
O00079;2;Negative
O00080;5;Positive
O00081;2;Negative
O00082;3;Neutral
O00083;3;Neutral
O00084;4;Positive
O00085;1;Negative
O00086;2;Negative
O00087;3;Neutral
O00088;2;Negative
O00089;5;Positive
O00090;3;Neutral
O00091;5;Positive
O00092;1;Negative
O00093;4;Positive
O00094;1;Negative
O00095;5;Positive
O00096;5;Positive
O00097;4;Positive
O00098;4;Positive
O00099;3;Neutral
O00100;1;Negative
O00101;4;Positive
O00102;1;Negative
O00103;4;Positive
O00104;1;Negative
O00105;1;Negative
O00106;2;Negative
O00107;5;Positive
O00108;3;Neutral
O00109;3;Neutral
O00110;2;Negative
O00111;1;Negative
O00112;5;Positive
O00113;5;Positive
O00114;5;Positive
O00115;2;Negative
O00116;4;Positive
O00117;2;Negative
O00118;2;Negative
O00119;4;Positive
O00120;4;Positive
O00121;1;Negative
O00122;1;Negative
O00123;1;Negative
O00124;5;Positive
O00125;1;Negative
O00126;1;Negative
O00127;4;Positive
O00128;4;Positive
O00129;5;Positive
O00130;1;Negative
O00131;4;Positive
O00132;1;Negative
O00133;4;Positive
O00134;3;Neutral
O00135;4;Positive
O00136;4;Positive
O00137;1;Negative
O00138;3;Neutral
O00139;3;Neutral
O00140;4;Positive
O00141;5;Positive
O00142;4;Positive
O00143;2;Negative
O00144;2;Negative
O00145;4;Positive
O00146;3;Neutral
O00147;4;Positive
O00148;5;Positive
O00149;3;Neutral
O00150;4;Positive
O00151;3;Neutral
O00152;2;Negative
O00153;4;Positive
O00154;4;Positive
O00155;5;Positive
O00156;1;Negative
O00157;3;Neutral
O00158;4;Positive
O00159;2;Negative
O00160;2;Negative
O00161;3;Neutral
O00162;2;Negative
O00163;4;Positive
O00164;1;Negative
O00165;3;Neutral
O00166;5;Positive
O00167;1;Negative
O00168;4;Positive
O00169;4;Positive
O00170;1;Negative
O00171;5;Positive
O00172;1;Negative
O00173;4;Positive
O00174;2;Negative
O00175;1;Negative
O00176;4;Positive
O00177;4;Positive
O00178;3;Neutral
O00179;3;Neutral
O00180;4;Positive
O00181;1;Negative
O00182;2;Negative
O00183;1;Negative
O00184;4;Positive
O00185;4;Positive
O00186;5;Positive
O00187;2;Negative
O00188;2;Negative
O00189;4;Positive
O00190;3;Neutral
O00191;1;Negative
O00192;1;Negative
O00193;5;Positive
O00194;1;Negative
O00195;5;Positive
O00196;5;Positive
O00197;5;Positive
O00198;5;Positive
O00199;1;Negative
O00200;4;Positive
O00201;1;Negative
O00202;3;Neutral
O00203;4;Positive
O00204;2;Negative
O00205;4;Positive
O00206;5;Positive
O00207;1;Negative
O00208;3;Neutral
O00209;5;Positive
O00210;2;Negative
O00211;1;Negative
O00212;5;Positive
O00213;4;Positive
O00214;1;Negative
O00215;5;Positive
O00216;5;Positive
O00217;3;Neutral
O00218;4;Positive
O00219;2;Negative
O00220;2;Negative
O00221;1;Negative
O00222;1;Negative
O00223;1;Negative
O00224;5;Positive
O00225;2;Negative
O00226;4;Positive
O00227;5;Positive
O00228;5;Positive
O00229;4;Positive
O00230;4;Positive
O00231;5;Positive
O00232;4;Positive
O00233;4;Positive
O00234;5;Positive
O00235;4;Positive
O00236;2;Negative
O00237;2;Negative
O00238;2;Negative
O00239;4;Positive
O00240;3;Neutral
O00241;5;Positive
O00242;3;Neutral
O00243;5;Positive
O00244;1;Negative
O00245;5;Positive
O00246;1;Negative
O00247;5;Positive
O00248;2;Negative
O00249;2;Negative
O00250;3;Neutral
O00251;1;Negative
O00252;3;Neutral
O00253;3;Neutral
O00254;1;Negative
O00255;1;Negative
O00256;2;Negative
O00257;4;Positive
O00258;3;Neutral
O00259;3;Neutral
O00260;1;Negative
O00261;5;Positive
O00262;4;Positive
O00263;3;Neutral
O00264;1;Negative
O00265;5;Positive
O00266;2;Negative
O00267;1;Negative
O00268;4;Positive
O00269;5;Positive
O00270;5;Positive
O00271;5;Positive
O00272;4;Positive
O00273;5;Positive
O00274;3;Neutral
O00275;4;Positive
O00276;2;Negative
O00277;4;Positive
O00278;5;Positive
O00279;3;Neutral
O00280;3;Neutral
O00281;5;Positive
O00282;2;Negative
O00283;5;Positive
O00284;1;Negative
O00285;4;Positive
O00286;1;Negative
O00287;1;Negative
O00288;5;Positive
O00289;4;Positive
O00290;1;Negative
O00291;2;Negative
O00292;1;Negative
O00293;1;Negative
O00294;1;Negative
O00295;5;Positive
O00296;1;Negative
O00297;2;Negative
O00298;3;Neutral
O00299;3;Neutral
O00300;2;Negative
O00301;5;Positive
O00302;4;Positive
O00303;3;Neutral
O00304;5;Positive
O00305;2;Negative
O00306;1;Negative
O00307;1;Negative
O00308;3;Neutral
O00309;4;Positive
O00310;2;Negative
O00311;2;Negative
O00312;2;Negative
O00313;2;Negative
O00314;2;Negative
O00315;4;Positive
O00316;3;Neutral
O00317;1;Negative
O00318;3;Neutral
O00319;5;Positive
O00320;1;Negative
O00321;3;Neutral
O00322;3;Neutral
O00323;1;Negative
O00324;1;Negative
O00325;5;Positive
O00326;1;Negative
O00327;5;Positive
O00328;4;Positive
O00329;2;Negative
O00330;3;Neutral
O00331;2;Negative
O00332;4;Positive
O00333;2;Negative
O00334;5;Positive
O00335;1;Negative
O00336;4;Positive
O00337;4;Positive
O00338;1;Negative
O00339;2;Negative
O00340;5;Positive
O00341;4;Positive
O00342;5;Positive
O00343;4;Positive
O00344;2;Negative
O00345;5;Positive
O00346;1;Negative
O00347;3;Neutral
O00348;4;Positive
O00349;3;Neutral
O00350;3;Neutral
O00351;3;Neutral
O00352;5;Positive
O00353;1;Negative
O00354;3;Neutral
O00355;1;Negative
O00356;3;Neutral
O00357;4;Positive
O00358;1;Negative
O00359;1;Negative
O00360;5;Positive
O00361;4;Positive
O00362;2;Negative
O00363;4;Positive
O00364;4;Positive
O00365;1;Negative
O00366;4;Positive
O00367;1;Negative
O00368;1;Negative
O00369;5;Positive
O00370;4;Positive
O00371;1;Negative
O00372;3;Neutral
O00373;4;Positive
O00374;3;Neutral
O00375;2;Negative
O00376;4;Positive
O00377;2;Negative
O00378;1;Negative
O00379;1;Negative
O00380;1;Negative
O00381;2;Negative
O00382;2;Negative
O00383;1;Negative
O00384;3;Neutral
O00385;4;Positive
O00386;5;Positive
O00387;3;Neutral
O00388;1;Negative
O00389;2;Negative
O00390;1;Negative
O00391;4;Positive
O00392;2;Negative
O00393;5;Positive
O00394;2;Negative
O00395;4;Positive
O00396;3;Neutral
O00397;5;Positive
O00398;2;Negative
O00399;5;Positive
O00400;1;Negative
O00401;4;Positive
O00402;4;Positive
O00403;1;Negative
O00404;1;Negative
O00405;3;Neutral
O00406;3;Neutral
O00407;1;Negative
O00408;3;Neutral
O00409;5;Positive
O00410;3;Neutral
O00411;2;Negative
O00412;5;Positive
O00413;4;Positive
O00414;2;Negative
O00415;2;Negative
O00416;2;Negative
O00417;3;Neutral
O00418;4;Positive
O00419;3;Neutral
O00420;2;Negative
O00421;3;Neutral
O00422;3;Neutral
O00423;5;Positive
O00424;2;Negative
O00425;2;Negative
O00426;5;Positive
O00427;5;Positive
O00428;4;Positive
O00429;2;Negative
O00430;3;Neutral
O00431;4;Positive
O00432;3;Neutral
O00433;5;Positive
O00434;4;Positive
O00435;3;Neutral
O00436;1;Negative
O00437;5;Positive
O00438;1;Negative
O00439;1;Negative
O00440;4;Positive
O00441;5;Positive
O00442;3;Neutral
O00443;2;Negative
O00444;3;Neutral
O00445;5;Positive
O00446;4;Positive
O00447;3;Neutral
O00448;3;Neutral
O00449;2;Negative
O00450;4;Positive
O00451;4;Positive
O00452;3;Neutral
O00453;1;Negative
O00454;4;Positive
O00455;5;Positive
O00456;4;Positive
O00457;1;Negative
O00458;1;Negative
O00459;4;Positive
O00460;3;Neutral
O00461;2;Negative
O00462;5;Positive
O00463;1;Negative
O00464;5;Positive
O00465;3;Neutral
O00466;5;Positive
O00467;1;Negative
O00468;5;Positive
O00469;4;Positive
O00470;2;Negative
O00471;2;Negative
O00472;1;Negative
O00473;2;Negative
O00474;4;Positive
O00475;4;Positive
O00476;2;Negative
O00477;3;Neutral
O00478;5;Positive
O00479;3;Neutral
O00480;2;Negative
O00481;1;Negative
O00482;3;Neutral
O00483;5;Positive
O00484;3;Neutral
O00485;4;Positive
O00486;1;Negative
O00487;2;Negative
O00488;1;Negative
O00489;1;Negative
O00490;2;Negative
O00491;1;Negative
O00492;5;Positive
O00493;2;Negative
O00494;4;Positive
O00495;5;Positive
O00496;4;Positive
O00497;3;Neutral
O00498;1;Negative
O00499;1;Negative
O00500;2;Negative
O00501;4;Positive
O00502;4;Positive
O00503;3;Neutral
O00504;2;Negative
O00505;1;Negative
O00506;3;Neutral
O00507;1;Negative
O00508;4;Positive
O00509;5;Positive
O00510;3;Neutral
O00511;1;Negative
O00512;5;Positive
O00513;4;Positive
O00514;5;Positive
O00515;2;Negative
O00516;2;Negative
O00517;1;Negative
O00518;4;Positive
O00519;1;Negative
O00520;3;Neutral
O00521;1;Negative
O00522;1;Negative
O00523;5;Positive
O00524;3;Neutral
O00525;3;Neutral
O00526;1;Negative
O00527;2;Negative
O00528;2;Negative
O00529;1;Negative
O00530;4;Positive
O00531;5;Positive
O00532;5;Positive
O00533;2;Negative
O00534;1;Negative
O00535;5;Positive
O00536;1;Negative
O00537;1;Negative
O00538;4;Positive
O00539;5;Positive
O00540;1;Negative
O00541;2;Negative
O00542;5;Positive
O00543;1;Negative
O00544;1;Negative
O00545;4;Positive
O00546;4;Positive
O00547;5;Positive
O00548;4;Positive
O00549;5;Positive
O00550;1;Negative
O00551;3;Neutral
O00552;5;Positive
O00553;4;Positive
O00554;5;Positive
O00555;3;Neutral
O00556;1;Negative
O00557;2;Negative
O00558;3;Neutral
O00559;2;Negative
O00560;3;Neutral
O00561;2;Negative
O00562;2;Negative
O00563;5;Positive
O00564;5;Positive
O00565;1;Negative
O00566;4;Positive
O00567;3;Neutral
O00568;3;Neutral
O00569;4;Positive
O00570;3;Neutral
O00571;1;Negative
O00572;3;Neutral
O00573;5;Positive
O00574;5;Positive
O00575;3;Neutral
O00576;4;Positive
O00577;1;Negative
O00578;1;Negative
O00579;5;Positive
O00580;5;Positive
O00581;2;Negative
O00582;4;Positive
O00583;1;Negative
O00584;2;Negative
O00585;4;Positive
O00586;5;Positive
O00587;5;Positive
O00588;1;Negative
O00589;2;Negative
O00590;1;Negative
O00591;5;Positive
O00592;2;Negative
O00593;1;Negative
O00594;2;Negative
O00595;2;Negative
O00596;5;Positive
O00597;5;Positive
O00598;1;Negative
O00599;4;Positive
O00600;5;Positive
O00601;4;Positive
O00602;3;Neutral
O00603;3;Neutral
O00604;1;Negative
O00605;2;Negative
O00606;3;Neutral
O00607;5;Positive
O00608;2;Negative
O00609;5;Positive
O00610;5;Positive
O00611;3;Neutral
O00612;2;Negative
O00613;1;Negative
O00614;1;Negative
O00615;2;Negative
O00616;1;Negative
O00617;2;Negative
O00618;3;Neutral
O00619;2;Negative
O00620;5;Positive
O00621;5;Positive
O00622;4;Positive
O00623;3;Neutral
O00624;3;Neutral
O00625;5;Positive
O00626;1;Negative
O00627;2;Negative
O00628;3;Neutral
O00629;2;Negative
O00630;1;Negative
O00631;5;Positive
O00632;5;Positive
O00633;5;Positive
O00634;5;Positive
O00635;5;Positive
O00636;1;Negative
O00637;1;Negative
O00638;4;Positive
O00639;2;Negative
O00640;5;Positive
O00641;5;Positive
O00642;3;Neutral
O00643;3;Neutral
O00644;4;Positive
O00645;4;Positive
O00646;3;Neutral
O00647;3;Neutral
O00648;4;Positive
O00649;3;Neutral
O00650;3;Neutral
O00651;2;Negative
O00652;4;Positive
O00653;4;Positive
O00654;3;Neutral
O00655;5;Positive
O00656;4;Positive
O00657;5;Positive
O00658;5;Positive
O00659;5;Positive
O00660;1;Negative
O00661;4;Positive
O00662;5;Positive
O00663;2;Negative
O00664;4;Positive
O00665;2;Negative
O00666;5;Positive
O00667;2;Negative
O00668;5;Positive
O00669;5;Positive
O00670;3;Neutral
O00671;5;Positive
O00672;2;Negative
O00673;1;Negative
O00674;3;Neutral
O00675;1;Negative
O00676;5;Positive
O00677;2;Negative
O00678;1;Negative
O00679;4;Positive
O00680;5;Positive
O00681;4;Positive
O00682;2;Negative
O00683;5;Positive
O00684;3;Neutral
O00685;3;Neutral
O00686;2;Negative
O00687;5;Positive
O00688;5;Positive
O00689;5;Positive
O00690;4;Positive
O00691;5;Positive
O00692;3;Neutral
O00693;4;Positive
O00694;4;Positive
O00695;4;Positive
O00696;1;Negative
O00697;2;Negative
O00698;2;Negative
O00699;2;Negative
O00700;5;Positive
O00701;3;Neutral
O00702;1;Negative
O00703;4;Positive
O00704;3;Neutral
O00705;5;Positive
O00706;4;Positive
O00707;4;Positive
O00708;2;Negative
O00709;5;Positive
O00710;4;Positive
O00711;4;Positive
O00712;3;Neutral
O00713;4;Positive
O00714;1;Negative
O00715;5;Positive
O00716;4;Positive
O00717;2;Negative
O00718;2;Negative
O00719;4;Positive
O00720;2;Negative
O00721;2;Negative
O00722;4;Positive
O00723;4;Positive
O00724;5;Positive
O00725;5;Positive
O00726;4;Positive
O00727;3;Neutral
O00728;1;Negative
O00729;4;Positive
O00730;4;Positive
O00731;4;Positive
O00732;4;Positive
O00733;4;Positive
O00734;3;Neutral
O00735;2;Negative
O00736;4;Positive
O00737;5;Positive
O00738;1;Negative
O00739;4;Positive
O00740;2;Negative
O00741;2;Negative
O00742;4;Positive
O00743;1;Negative
O00744;1;Negative
O00745;1;Negative
O00746;1;Negative
O00747;3;Neutral
O00748;5;Positive
O00749;4;Positive
O00750;2;Negative
O00751;5;Positive
O00752;5;Positive
O00753;4;Positive
O00754;1;Negative
O00755;3;Neutral
O00756;2;Negative
O00757;4;Positive
O00758;1;Negative
O00759;1;Negative
O00760;4;Positive
O00761;4;Positive
O00762;4;Positive
O00763;5;Positive
O00764;2;Negative
O00765;5;Positive
O00766;1;Negative
O00767;3;Neutral
O00768;1;Negative
O00769;4;Positive
O00770;1;Negative
O00771;2;Negative
O00772;3;Neutral
O00773;1;Negative
O00774;1;Negative
O00775;5;Positive
O00776;2;Negative
O00777;5;Positive
O00778;3;Neutral
O00779;2;Negative
O00780;3;Neutral
O00781;5;Positive
O00782;5;Positive
O00783;3;Neutral
O00784;1;Negative
O00785;4;Positive
O00786;1;Negative
O00787;3;Neutral
O00788;1;Negative
O00789;1;Negative
O00790;5;Positive
O00791;4;Positive
O00792;3;Neutral
O00793;3;Neutral
O00794;2;Negative
O00795;4;Positive
O00796;2;Negative
O00797;5;Positive
O00798;3;Neutral
O00799;2;Negative
O00800;1;Negative
O00801;2;Negative
O00802;2;Negative
O00803;5;Positive
O00804;5;Positive
O00805;4;Positive
O00806;2;Negative
O00807;1;Negative
O00808;1;Negative
O00809;2;Negative
O00810;5;Positive
O00811;5;Positive
O00812;3;Neutral
O00813;2;Negative
O00814;4;Positive
O00815;1;Negative
O00816;3;Neutral
O00817;1;Negative
O00818;1;Negative
O00819;5;Positive
O00820;1;Negative
O00821;4;Positive
O00822;5;Positive
O00823;1;Negative
O00824;3;Neutral
O00825;5;Positive
O00826;1;Negative
O00827;4;Positive
O00828;2;Negative
O00829;2;Negative
O00830;4;Positive
O00831;1;Negative
O00832;3;Neutral
O00833;4;Positive
O00834;2;Negative
O00835;5;Positive
O00836;5;Positive
O00837;5;Positive
O00838;1;Negative
O00839;1;Negative
O00840;4;Positive
O00841;1;Negative
O00842;1;Negative
O00843;5;Positive
O00844;3;Neutral
O00845;3;Neutral
O00846;3;Neutral
O00847;4;Positive
O00848;3;Neutral
O00849;5;Positive
O00850;2;Negative
O00851;2;Negative
O00852;4;Positive
O00853;5;Positive
O00854;3;Neutral
O00855;4;Positive
O00856;3;Neutral
O00857;1;Negative
O00858;1;Negative
O00859;3;Neutral
O00860;4;Positive
O00861;3;Neutral
O00862;1;Negative
O00863;1;Negative
O00864;2;Negative
O00865;3;Neutral
O00866;3;Neutral
O00867;1;Negative
O00868;5;Positive
O00869;3;Neutral
O00870;3;Neutral
O00871;4;Positive
O00872;3;Neutral
O00873;1;Negative
O00874;4;Positive
O00875;1;Negative
O00876;5;Positive
O00877;2;Negative
O00878;1;Negative
O00879;2;Negative
O00880;4;Positive
O00881;2;Negative
O00882;5;Positive
O00883;3;Neutral
O00884;2;Negative
O00885;1;Negative
O00886;3;Neutral
O00887;5;Positive
O00888;5;Positive
O00889;5;Positive
O00890;1;Negative
O00891;5;Positive
O00892;1;Negative
O00893;4;Positive
O00894;3;Neutral
O00895;2;Negative
O00896;4;Positive
O00897;3;Neutral
O00898;4;Positive
O00899;1;Negative
O00900;4;Positive
O00901;3;Neutral
O00902;3;Neutral
O00903;4;Positive
O00904;2;Negative
O00905;2;Negative
O00906;3;Neutral
O00907;1;Negative
O00908;3;Neutral
O00909;3;Neutral
O00910;5;Positive
O00911;2;Negative
O00912;1;Negative
O00913;3;Neutral
O00914;4;Positive
O00915;1;Negative
O00916;3;Neutral
O00917;5;Positive
O00918;5;Positive
O00919;2;Negative
O00920;1;Negative
O00921;2;Negative
O00922;5;Positive
O00923;1;Negative
O00924;3;Neutral
O00925;1;Negative
O00926;3;Neutral
O00927;2;Negative
O00928;1;Negative
O00929;5;Positive
O00930;4;Positive
O00931;3;Neutral
O00932;2;Negative
O00933;1;Negative
O00934;4;Positive
O00935;3;Neutral
O00936;2;Negative
O00937;1;Negative
O00938;5;Positive
O00939;3;Neutral
O00940;3;Neutral
O00941;1;Negative
O00942;1;Negative
O00943;1;Negative
O00944;3;Neutral
O00945;5;Positive
O00946;4;Positive
O00947;2;Negative
O00948;4;Positive
O00949;3;Neutral
O00950;1;Negative
O00951;3;Neutral
O00952;2;Negative
O00953;4;Positive
O00954;3;Neutral
O00955;5;Positive
O00956;4;Positive
O00957;1;Negative
O00958;1;Negative
O00959;3;Neutral
O00960;1;Negative
O00961;3;Neutral
O00962;1;Negative
O00963;1;Negative
O00964;4;Positive
O00965;5;Positive
O00966;2;Negative
O00967;5;Positive
O00968;5;Positive
O00969;2;Negative
O00970;5;Positive
O00971;3;Neutral
O00972;3;Neutral
O00973;5;Positive
O00974;4;Positive
O00975;5;Positive
O00976;4;Positive
O00977;3;Neutral
O00978;2;Negative
O00979;2;Negative
O00980;5;Positive
O00981;2;Negative
O00982;3;Neutral
O00983;2;Negative
O00984;5;Positive
O00985;3;Neutral
O00986;2;Negative
O00987;2;Negative
O00988;2;Negative
O00989;2;Negative
O00990;3;Neutral
O00991;4;Positive
O00992;5;Positive
O00993;4;Positive
O00994;3;Neutral
O00995;5;Positive
O00996;1;Negative
O00997;1;Negative
O00998;3;Neutral
O00999;5;Positive
O01000;3;Neutral
O01001;3;Neutral
O01002;3;Neutral
O01003;1;Negative
O01004;2;Negative
O01005;4;Positive
O01006;2;Negative
O01007;3;Neutral
O01008;5;Positive
O01009;2;Negative
O01010;3;Neutral
O01011;1;Negative
O01012;5;Positive
O01013;5;Positive
O01014;2;Negative
O01015;3;Neutral
O01016;5;Positive
O01017;4;Positive
O01018;2;Negative
O01019;5;Positive
O01020;2;Negative
O01021;5;Positive
O01022;4;Positive
O01023;5;Positive
O01024;5;Positive
O01025;3;Neutral
O01026;4;Positive
O01027;4;Positive
O01028;2;Negative
O01029;2;Negative
O01030;2;Negative
O01031;4;Positive
O01032;2;Negative
O01033;1;Negative
O01034;1;Negative
O01035;1;Negative
O01036;5;Positive
O01037;2;Negative
O01038;5;Positive
O01039;2;Negative
O01040;2;Negative
O01041;2;Negative
O01042;1;Negative
O01043;4;Positive
O01044;1;Negative
O01045;3;Neutral
O01046;4;Positive
O01047;2;Negative
O01048;3;Neutral
O01049;2;Negative
O01050;3;Neutral
O01051;1;Negative
O01052;4;Positive
O01053;2;Negative
O01054;4;Positive
O01055;3;Neutral
O01056;2;Negative
O01057;3;Neutral
O01058;3;Neutral
O01059;1;Negative
O01060;3;Neutral
O01061;1;Negative
O01062;3;Neutral
O01063;5;Positive
O01064;5;Positive
O01065;5;Positive
O01066;3;Neutral
O01067;3;Neutral
O01068;1;Negative
O01069;2;Negative
O01070;2;Negative
O01071;2;Negative
O01072;2;Negative
O01073;4;Positive
O01074;3;Neutral
O01075;5;Positive
O01076;5;Positive
O01077;2;Negative
O01078;3;Neutral
O01079;4;Positive
O01080;5;Positive
O01081;3;Neutral
O01082;4;Positive
O01083;5;Positive
O01084;4;Positive
O01085;2;Negative
O01086;1;Negative
O01087;5;Positive
O01088;5;Positive
O01089;1;Negative
O01090;5;Positive
O01091;1;Negative
O01092;3;Neutral
O01093;2;Negative
O01094;5;Positive
O01095;4;Positive
O01096;1;Negative
O01097;1;Negative
O01098;4;Positive
O01099;1;Negative
O01100;5;Positive
O01101;4;Positive
O01102;5;Positive
O01103;3;Neutral
O01104;1;Negative
O01105;1;Negative
O01106;4;Positive
O01107;5;Positive
O01108;2;Negative
O01109;1;Negative
O01110;3;Neutral
O01111;5;Positive
O01112;2;Negative
O01113;4;Positive
O01114;2;Negative
O01115;1;Negative
O01116;5;Positive
O01117;4;Positive
O01118;3;Neutral
O01119;1;Negative
O01120;4;Positive
O01121;3;Neutral
O01122;3;Neutral
O01123;3;Neutral
O01124;1;Negative
O01125;4;Positive
O01126;1;Negative
O01127;1;Negative
O01128;4;Positive
O01129;1;Negative
O01130;3;Neutral
O01131;2;Negative
O01132;4;Positive
O01133;1;Negative
O01134;1;Negative
O01135;2;Negative
O01136;4;Positive
O01137;5;Positive
O01138;5;Positive
O01139;4;Positive
O01140;1;Negative
O01141;1;Negative
O01142;2;Negative
O01143;5;Positive
O01144;5;Positive
O01145;4;Positive
O01146;1;Negative
O01147;4;Positive
O01148;4;Positive
O01149;1;Negative
O01150;2;Negative
O01151;2;Negative
O01152;5;Positive
O01153;2;Negative
O01154;2;Negative
O01155;2;Negative
O01156;5;Positive
O01157;5;Positive
O01158;2;Negative
O01159;2;Negative
O01160;4;Positive
O01161;5;Positive
O01162;4;Positive
O01163;3;Neutral
O01164;2;Negative
O01165;4;Positive
O01166;3;Neutral
O01167;5;Positive
O01168;2;Negative
O01169;1;Negative
O01170;3;Neutral
O01171;3;Neutral
O01172;1;Negative
O01173;5;Positive
O01174;5;Positive
O01175;1;Negative
O01176;2;Negative
O01177;3;Neutral
O01178;1;Negative
O01179;3;Neutral
O01180;2;Negative
O01181;4;Positive
O01182;4;Positive
O01183;4;Positive
O01184;3;Neutral
O01185;2;Negative
O01186;1;Negative
O01187;3;Neutral
O01188;3;Neutral
O01189;4;Positive
O01190;5;Positive
O01191;4;Positive
O01192;1;Negative
O01193;1;Negative
O01194;4;Positive
O01195;3;Neutral
O01196;3;Neutral
O01197;1;Negative
O01198;5;Positive
O01199;1;Negative
O01200;5;Positive
O01201;2;Negative
O01202;3;Neutral
O01203;2;Negative
O01204;5;Positive
O01205;4;Positive
O01206;5;Positive
O01207;4;Positive
O01208;1;Negative
O01209;1;Negative
O01210;3;Neutral
O01211;3;Neutral
O01212;5;Positive
O01213;1;Negative
O01214;2;Negative
O01215;1;Negative
O01216;3;Neutral
O01217;1;Negative
O01218;2;Negative
O01219;4;Positive
O01220;3;Neutral
O01221;4;Positive
O01222;3;Neutral
O01223;4;Positive
O01224;3;Neutral
O01225;4;Positive
O01226;3;Neutral
O01227;4;Positive
O01228;2;Negative
O01229;3;Neutral
O01230;1;Negative
O01231;5;Positive
O01232;5;Positive
O01233;4;Positive
O01234;5;Positive
O01235;2;Negative
O01236;3;Neutral
O01237;3;Neutral
O01238;5;Positive
O01239;5;Positive
O01240;4;Positive
O01241;1;Negative
O01242;5;Positive
O01243;1;Negative
O01244;3;Neutral
O01245;4;Positive
O01246;4;Positive
O01247;3;Neutral
O01248;3;Neutral
O01249;3;Neutral
O01250;1;Negative
O01251;3;Neutral
O01252;5;Positive
O01253;1;Negative
O01254;2;Negative
O01255;2;Negative
O01256;2;Negative
O01257;4;Positive
O01258;3;Neutral
O01259;1;Negative
O01260;4;Positive
O01261;4;Positive
O01262;4;Positive
O01263;3;Neutral
O01264;2;Negative
O01265;4;Positive
O01266;2;Negative
O01267;1;Negative
O01268;5;Positive
O01269;2;Negative
O01270;4;Positive
O01271;1;Negative
O01272;5;Positive
O01273;4;Positive
O01274;4;Positive
O01275;3;Neutral
O01276;4;Positive
O01277;3;Neutral
O01278;1;Negative
O01279;5;Positive
O01280;4;Positive
O01281;5;Positive
O01282;1;Negative
O01283;3;Neutral
O01284;4;Positive
O01285;4;Positive
O01286;3;Neutral
O01287;2;Negative
O01288;3;Neutral
O01289;4;Positive
O01290;3;Neutral
O01291;1;Negative
O01292;1;Negative
O01293;2;Negative
O01294;5;Positive
O01295;4;Positive
O01296;2;Negative
O01297;3;Neutral
O01298;1;Negative
O01299;1;Negative
O01300;5;Positive
O01301;5;Positive
O01302;1;Negative
O01303;5;Positive
O01304;4;Positive
O01305;1;Negative
O01306;5;Positive
O01307;1;Negative
O01308;4;Positive
O01309;5;Positive
O01310;5;Positive
O01311;1;Negative
O01312;4;Positive
O01313;1;Negative
O01314;1;Negative
O01315;4;Positive
O01316;3;Neutral
O01317;5;Positive
O01318;1;Negative
O01319;3;Neutral
O01320;5;Positive
O01321;3;Neutral
O01322;5;Positive
O01323;2;Negative
O01324;1;Negative
O01325;4;Positive
O01326;1;Negative
O01327;2;Negative
O01328;4;Positive
O01329;2;Negative
O01330;5;Positive
O01331;2;Negative
O01332;2;Negative
O01333;4;Positive
O01334;3;Neutral
O01335;1;Negative
O01336;3;Neutral
O01337;3;Neutral
O01338;1;Negative
O01339;2;Negative
O01340;4;Positive
O01341;2;Negative
O01342;4;Positive
O01343;5;Positive
O01344;5;Positive
O01345;2;Negative
O01346;2;Negative
O01347;2;Negative
O01348;2;Negative
O01349;1;Negative
O01350;4;Positive
O01351;3;Neutral
O01352;5;Positive
O01353;5;Positive
O01354;3;Neutral
O01355;1;Negative
O01356;3;Neutral
O01357;3;Neutral
O01358;4;Positive
O01359;5;Positive
O01360;4;Positive
O01361;4;Positive
O01362;3;Neutral
O01363;5;Positive
O01364;1;Negative
O01365;5;Positive
O01366;5;Positive
O01367;3;Neutral
O01368;3;Neutral
O01369;4;Positive
O01370;4;Positive
O01371;5;Positive
O01372;3;Neutral
O01373;3;Neutral
O01374;3;Neutral
O01375;2;Negative
O01376;1;Negative
O01377;3;Neutral
O01378;1;Negative
O01379;3;Neutral
O01380;4;Positive
O01381;2;Negative
O01382;5;Positive
O01383;5;Positive
O01384;3;Neutral
O01385;1;Negative
O01386;1;Negative
O01387;4;Positive
O01388;5;Positive
O01389;3;Neutral
O01390;4;Positive
O01391;2;Negative
O01392;5;Positive
O01393;5;Positive
O01394;4;Positive
O01395;2;Negative
O01396;2;Negative
O01397;2;Negative
O01398;4;Positive
O01399;1;Negative
O01400;2;Negative
O01401;2;Negative
O01402;3;Neutral
O01403;1;Negative
O01404;3;Neutral
O01405;5;Positive
O01406;1;Negative
O01407;1;Negative
O01408;1;Negative
O01409;2;Negative
O01410;2;Negative
O01411;5;Positive
O01412;4;Positive
O01413;3;Neutral
O01414;2;Negative
O01415;5;Positive
O01416;1;Negative
O01417;4;Positive
O01418;1;Negative
O01419;1;Negative
O01420;1;Negative
O01421;2;Negative
O01422;4;Positive
O01423;1;Negative
O01424;5;Positive
O01425;5;Positive
O01426;2;Negative
O01427;5;Positive
O01428;4;Positive
O01429;4;Positive
O01430;4;Positive
O01431;1;Negative
O01432;1;Negative
O01433;4;Positive
O01434;2;Negative
O01435;1;Negative
O01436;1;Negative
O01437;4;Positive
O01438;5;Positive
O01439;3;Neutral
O01440;3;Neutral
O01441;4;Positive
O01442;5;Positive
O01443;1;Negative
O01444;3;Neutral
O01445;2;Negative
O01446;4;Positive
O01447;5;Positive
O01448;5;Positive
O01449;1;Negative
O01450;5;Positive
O01451;1;Negative
O01452;4;Positive
O01453;4;Positive
O01454;3;Neutral
O01455;2;Negative
O01456;4;Positive
O01457;5;Positive
O01458;2;Negative
O01459;2;Negative
O01460;4;Positive
O01461;3;Neutral
O01462;1;Negative
O01463;5;Positive
O01464;4;Positive
O01465;5;Positive
O01466;5;Positive
O01467;3;Neutral
O01468;4;Positive
O01469;3;Neutral
O01470;3;Neutral
O01471;4;Positive
O01472;1;Negative
O01473;4;Positive
O01474;2;Negative
O01475;2;Negative
O01476;2;Negative
O01477;3;Neutral
O01478;1;Negative
O01479;4;Positive
O01480;3;Neutral
O01481;3;Neutral
O01482;3;Neutral
O01483;3;Neutral
O01484;1;Negative
O01485;5;Positive
O01486;3;Neutral
O01487;2;Negative
O01488;1;Negative
O01489;1;Negative
O01490;4;Positive
O01491;5;Positive
O01492;1;Negative
O01493;4;Positive
O01494;3;Neutral
O01495;2;Negative
O01496;1;Negative
O01497;4;Positive
O01498;2;Negative
O01499;1;Negative
O01500;1;Negative
O01501;3;Neutral
O01502;4;Positive
O01503;2;Negative
O01504;2;Negative
O01505;3;Neutral
O01506;2;Negative
O01507;1;Negative
O01508;3;Neutral
O01509;5;Positive
O01510;5;Positive
O01511;4;Positive
O01512;3;Neutral
O01513;4;Positive
O01514;4;Positive
O01515;5;Positive
O01516;5;Positive
O01517;2;Negative
O01518;1;Negative
O01519;5;Positive
O01520;5;Positive
O01521;2;Negative
O01522;4;Positive
O01523;1;Negative
O01524;2;Negative
O01525;5;Positive
O01526;3;Neutral
O01527;2;Negative
O01528;1;Negative
O01529;4;Positive
O01530;1;Negative
O01531;1;Negative
O01532;2;Negative
O01533;4;Positive
O01534;5;Positive
O01535;4;Positive
O01536;1;Negative
O01537;1;Negative
O01538;5;Positive
O01539;5;Positive
O01540;1;Negative
O01541;1;Negative
O01542;2;Negative
O01543;5;Positive
O01544;1;Negative
O01545;1;Negative
O01546;4;Positive
O01547;3;Neutral
O01548;4;Positive
O01549;1;Negative
O01550;5;Positive
O01551;3;Neutral
O01552;1;Negative
O01553;1;Negative
O01554;5;Positive
O01555;5;Positive
O01556;3;Neutral
O01557;3;Neutral
O01558;1;Negative
O01559;5;Positive
O01560;5;Positive
O01561;1;Negative
O01562;1;Negative
O01563;5;Positive
O01564;1;Negative
O01565;4;Positive
O01566;3;Neutral
O01567;5;Positive
O01568;2;Negative
O01569;2;Negative
O01570;1;Negative
O01571;5;Positive
O01572;4;Positive
O01573;1;Negative
O01574;3;Neutral
O01575;3;Neutral
O01576;2;Negative
O01577;1;Negative
O01578;1;Negative
O01579;3;Neutral
O01580;3;Neutral
O01581;4;Positive
O01582;3;Neutral
O01583;3;Neutral
O01584;2;Negative
O01585;5;Positive
O01586;3;Neutral
O01587;3;Neutral
O01588;1;Negative
O01589;3;Neutral
O01590;4;Positive
O01591;4;Positive
O01592;1;Negative
O01593;4;Positive
O01594;5;Positive
O01595;4;Positive
O01596;1;Negative
O01597;1;Negative
O01598;1;Negative
O01599;5;Positive
O01600;3;Neutral
O01601;3;Neutral
O01602;2;Negative
O01603;5;Positive
O01604;3;Neutral
O01605;1;Negative
O01606;5;Positive
O01607;3;Neutral
O01608;3;Neutral
O01609;4;Positive
O01610;5;Positive
O01611;4;Positive
O01612;1;Negative
O01613;1;Negative
O01614;3;Neutral
O01615;1;Negative
O01616;5;Positive
O01617;1;Negative
O01618;2;Negative
O01619;1;Negative
O01620;5;Positive
O01621;1;Negative
O01622;5;Positive
O01623;4;Positive
O01624;1;Negative
O01625;3;Neutral
O01626;2;Negative
O01627;2;Negative
O01628;3;Neutral
O01629;4;Positive
O01630;4;Positive
O01631;3;Neutral
O01632;4;Positive
O01633;2;Negative
O01634;3;Neutral
O01635;3;Neutral
O01636;2;Negative
O01637;1;Negative
O01638;3;Neutral
O01639;3;Neutral
O01640;2;Negative
O01641;3;Neutral
O01642;3;Neutral
O01643;4;Positive
O01644;1;Negative
O01645;4;Positive
O01646;5;Positive
O01647;4;Positive
O01648;4;Positive
O01649;4;Positive
O01650;4;Positive
O01651;1;Negative
O01652;1;Negative
O01653;1;Negative
O01654;1;Negative
O01655;1;Negative
O01656;3;Neutral
O01657;3;Neutral
O01658;5;Positive
O01659;3;Neutral
O01660;1;Negative
O01661;1;Negative
O01662;1;Negative
O01663;4;Positive
O01664;2;Negative
O01665;3;Neutral
O01666;5;Positive
O01667;4;Positive
O01668;2;Negative
O01669;2;Negative
O01670;1;Negative
O01671;1;Negative
O01672;5;Positive
O01673;4;Positive
O01674;1;Negative
O01675;4;Positive
O01676;4;Positive
O01677;2;Negative
O01678;4;Positive
O01679;5;Positive
O01680;3;Neutral
O01681;1;Negative
O01682;3;Neutral
O01683;3;Neutral
O01684;4;Positive
O01685;1;Negative
O01686;2;Negative
O01687;3;Neutral
O01688;1;Negative
O01689;5;Positive
O01690;3;Neutral
O01691;2;Negative
O01692;1;Negative
O01693;2;Negative
O01694;4;Positive
O01695;1;Negative
O01696;2;Negative
O01697;3;Neutral
O01698;5;Positive
O01699;3;Neutral
O01700;3;Neutral
O01701;4;Positive
O01702;3;Neutral
O01703;4;Positive
O01704;4;Positive
O01705;4;Positive
O01706;4;Positive
O01707;5;Positive
O01708;5;Positive
O01709;4;Positive
O01710;3;Neutral
O01711;2;Negative
O01712;3;Neutral
O01713;2;Negative
O01714;5;Positive
O01715;5;Positive
O01716;3;Neutral
O01717;2;Negative
O01718;4;Positive
O01719;4;Positive
O01720;1;Negative
O01721;5;Positive
O01722;1;Negative
O01723;5;Positive
O01724;3;Neutral
O01725;2;Negative
O01726;2;Negative
O01727;4;Positive
O01728;5;Positive
O01729;2;Negative
O01730;2;Negative
O01731;1;Negative
O01732;1;Negative
O01733;4;Positive
O01734;1;Negative
O01735;2;Negative
O01736;5;Positive
O01737;5;Positive
O01738;5;Positive
O01739;3;Neutral
O01740;5;Positive
O01741;4;Positive
O01742;2;Negative
O01743;2;Negative
O01744;4;Positive
O01745;3;Neutral
O01746;4;Positive
O01747;4;Positive
O01748;3;Neutral
O01749;4;Positive
O01750;2;Negative
O01751;2;Negative
O01752;5;Positive
O01753;3;Neutral
O01754;1;Negative
O01755;1;Negative
O01756;2;Negative
O01757;1;Negative
O01758;3;Neutral
O01759;5;Positive
O01760;2;Negative
O01761;1;Negative
O01762;1;Negative
O01763;5;Positive
O01764;5;Positive
O01765;3;Neutral
O01766;3;Neutral
O01767;2;Negative
O01768;1;Negative
O01769;4;Positive
O01770;4;Positive
O01771;1;Negative
O01772;3;Neutral
O01773;5;Positive
O01774;1;Negative
O01775;4;Positive
O01776;5;Positive
O01777;4;Positive
O01778;5;Positive
O01779;5;Positive
O01780;2;Negative
O01781;2;Negative
O01782;4;Positive
O01783;3;Neutral
O01784;2;Negative
O01785;5;Positive
O01786;3;Neutral
O01787;5;Positive
O01788;1;Negative
O01789;4;Positive
O01790;5;Positive
O01791;4;Positive
O01792;2;Negative
O01793;1;Negative
O01794;3;Neutral
O01795;3;Neutral
O01796;5;Positive
O01797;3;Neutral
O01798;4;Positive
O01799;3;Neutral
O01800;4;Positive
O01801;1;Negative
O01802;2;Negative
O01803;3;Neutral
O01804;1;Negative
O01805;2;Negative
O01806;2;Negative
O01807;5;Positive
O01808;2;Negative
O01809;2;Negative
O01810;4;Positive
O01811;4;Positive
O01812;4;Positive
O01813;5;Positive
O01814;1;Negative
O01815;2;Negative
O01816;1;Negative
O01817;5;Positive
O01818;1;Negative
O01819;5;Positive
O01820;1;Negative
O01821;4;Positive
O01822;1;Negative
O01823;1;Negative
O01824;4;Positive
O01825;4;Positive
O01826;2;Negative
O01827;5;Positive
O01828;2;Negative
O01829;4;Positive
O01830;4;Positive
O01831;4;Positive
O01832;4;Positive
O01833;3;Neutral
O01834;5;Positive
O01835;1;Negative
O01836;5;Positive
O01837;1;Negative
O01838;3;Neutral
O01839;3;Neutral
O01840;3;Neutral
O01841;3;Neutral
O01842;3;Neutral
O01843;4;Positive
O01844;4;Positive
O01845;5;Positive
O01846;5;Positive
O01847;2;Negative
O01848;1;Negative
O01849;1;Negative
O01850;4;Positive
O01851;3;Neutral
O01852;4;Positive
O01853;1;Negative
O01854;5;Positive
O01855;4;Positive
O01856;5;Positive
O01857;3;Neutral
O01858;4;Positive
O01859;2;Negative
O01860;5;Positive
O01861;2;Negative
O01862;2;Negative
O01863;4;Positive
O01864;4;Positive
O01865;3;Neutral
O01866;4;Positive
O01867;5;Positive
O01868;2;Negative
O01869;4;Positive
O01870;3;Neutral
O01871;4;Positive
O01872;2;Negative
O01873;4;Positive
O01874;5;Positive
O01875;2;Negative
O01876;1;Negative
O01877;1;Negative
O01878;5;Positive
O01879;2;Negative
O01880;3;Neutral
O01881;5;Positive
O01882;3;Neutral
O01883;4;Positive
O01884;4;Positive
O01885;1;Negative
O01886;2;Negative
O01887;5;Positive
O01888;1;Negative
O01889;3;Neutral
O01890;3;Neutral
O01891;2;Negative
O01892;5;Positive
O01893;5;Positive
O01894;3;Neutral
O01895;4;Positive
O01896;5;Positive
O01897;2;Negative
O01898;1;Negative
O01899;4;Positive
O01900;2;Negative
O01901;4;Positive
O01902;1;Negative
O01903;1;Negative
O01904;4;Positive
O01905;3;Neutral
O01906;2;Negative
O01907;5;Positive
O01908;5;Positive
O01909;5;Positive
O01910;3;Neutral
O01911;2;Negative
O01912;3;Neutral
O01913;3;Neutral
O01914;2;Negative
O01915;3;Neutral
O01916;2;Negative
O01917;2;Negative
O01918;3;Neutral
O01919;1;Negative
O01920;1;Negative
O01921;3;Neutral
O01922;2;Negative
O01923;3;Neutral
O01924;5;Positive
O01925;4;Positive
O01926;2;Negative
O01927;2;Negative
O01928;1;Negative
O01929;2;Negative
O01930;2;Negative
O01931;2;Negative
O01932;2;Negative
O01933;2;Negative
O01934;1;Negative
O01935;2;Negative
O01936;5;Positive
O01937;1;Negative
O01938;4;Positive
O01939;3;Neutral
O01940;2;Negative
O01941;1;Negative
O01942;2;Negative
O01943;1;Negative
O01944;5;Positive
O01945;2;Negative
O01946;4;Positive
O01947;4;Positive
O01948;4;Positive
O01949;1;Negative
O01950;5;Positive
O01951;1;Negative
O01952;2;Negative
O01953;3;Neutral
O01954;3;Neutral
O01955;2;Negative
O01956;5;Positive
O01957;1;Negative
O01958;2;Negative
O01959;5;Positive
O01960;2;Negative
O01961;5;Positive
O01962;4;Positive
O01963;2;Negative
O01964;4;Positive
O01965;4;Positive
O01966;3;Neutral
O01967;4;Positive
O01968;3;Neutral
O01969;5;Positive
O01970;4;Positive
O01971;3;Neutral
O01972;2;Negative
O01973;5;Positive
O01974;4;Positive
O01975;2;Negative
O01976;4;Positive
O01977;1;Negative
O01978;4;Positive
O01979;4;Positive
O01980;1;Negative
O01981;4;Positive
O01982;3;Neutral
O01983;1;Negative
O01984;2;Negative
O01985;4;Positive
O01986;5;Positive
O01987;3;Neutral
O01988;2;Negative
O01989;3;Neutral
O01990;3;Neutral
O01991;2;Negative
O01992;3;Neutral
O01993;3;Neutral
O01994;1;Negative
O01995;1;Negative
O01996;1;Negative
O01997;3;Neutral
O01998;4;Positive
O01999;3;Neutral
O02000;1;Negative
O02001;1;Negative
O02002;3;Neutral
O02003;3;Neutral
O02004;4;Positive
O02005;1;Negative
O02006;3;Neutral
O02007;1;Negative
O02008;1;Negative
O02009;4;Positive
O02010;1;Negative
O02011;2;Negative
O02012;1;Negative
O02013;4;Positive
O02014;5;Positive
O02015;4;Positive
O02016;2;Negative
O02017;3;Neutral
O02018;2;Negative
O02019;5;Positive
O02020;4;Positive
O02021;4;Positive
O02022;2;Negative
O02023;4;Positive
O02024;4;Positive
O02025;2;Negative
O02026;4;Positive
O02027;2;Negative
O02028;5;Positive
O02029;2;Negative
O02030;5;Positive
O02031;4;Positive
O02032;1;Negative
O02033;3;Neutral
O02034;2;Negative
O02035;5;Positive
O02036;2;Negative
O02037;4;Positive
O02038;5;Positive
O02039;1;Negative
O02040;1;Negative
O02041;4;Positive
O02042;1;Negative
O02043;4;Positive
O02044;5;Positive
O02045;3;Neutral
O02046;4;Positive
O02047;1;Negative
O02048;2;Negative
O02049;2;Negative
O02050;3;Neutral
O02051;3;Neutral
O02052;5;Positive
O02053;2;Negative
O02054;1;Negative
O02055;1;Negative
O02056;5;Positive
O02057;2;Negative
O02058;3;Neutral
O02059;3;Neutral
O02060;4;Positive
O02061;5;Positive
O02062;4;Positive
O02063;2;Negative
O02064;5;Positive
O02065;5;Positive
O02066;1;Negative
O02067;5;Positive
O02068;1;Negative
O02069;1;Negative
O02070;1;Negative
O02071;3;Neutral
O02072;1;Negative
O02073;1;Negative
O02074;1;Negative
O02075;3;Neutral
O02076;3;Neutral
O02077;3;Neutral
O02078;1;Negative
O02079;3;Neutral
O02080;3;Neutral
O02081;1;Negative
O02082;2;Negative
O02083;5;Positive
O02084;2;Negative
O02085;5;Positive
O02086;1;Negative
O02087;1;Negative
O02088;2;Negative
O02089;4;Positive
O02090;2;Negative
O02091;5;Positive
O02092;5;Positive
O02093;3;Neutral
O02094;2;Negative
O02095;4;Positive
O02096;4;Positive
O02097;2;Negative
O02098;1;Negative
O02099;3;Neutral
O02100;1;Negative
O02101;3;Neutral
O02102;5;Positive
O02103;3;Neutral
O02104;4;Positive
O02105;2;Negative
O02106;5;Positive
O02107;5;Positive
O02108;2;Negative
O02109;1;Negative
O02110;2;Negative
O02111;2;Negative
O02112;1;Negative
O02113;2;Negative
O02114;1;Negative
O02115;5;Positive
O02116;3;Neutral
O02117;5;Positive
O02118;3;Neutral
O02119;4;Positive
O02120;5;Positive
O02121;5;Positive
O02122;4;Positive
O02123;1;Negative
O02124;5;Positive
O02125;1;Negative
O02126;4;Positive
O02127;2;Negative
O02128;3;Neutral
O02129;1;Negative
O02130;2;Negative
O02131;2;Negative
O02132;3;Neutral
O02133;5;Positive
O02134;3;Neutral
O02135;1;Negative
O02136;5;Positive
O02137;1;Negative
O02138;5;Positive
O02139;4;Positive
O02140;1;Negative
O02141;4;Positive
O02142;3;Neutral
O02143;2;Negative
O02144;5;Positive
O02145;5;Positive
O02146;2;Negative
O02147;5;Positive
O02148;3;Neutral
O02149;4;Positive
O02150;3;Neutral
O02151;1;Negative
O02152;1;Negative
O02153;4;Positive
O02154;4;Positive
O02155;1;Negative
O02156;1;Negative
O02157;4;Positive
O02158;5;Positive
O02159;2;Negative
O02160;3;Neutral
O02161;3;Neutral
O02162;1;Negative
O02163;2;Negative
O02164;5;Positive
O02165;3;Neutral
O02166;4;Positive
O02167;3;Neutral
O02168;3;Neutral
O02169;2;Negative
O02170;2;Negative
O02171;5;Positive
O02172;5;Positive
O02173;3;Neutral
O02174;1;Negative
O02175;5;Positive
O02176;2;Negative
O02177;2;Negative
O02178;1;Negative
O02179;4;Positive
O02180;3;Neutral
O02181;3;Neutral
O02182;5;Positive
O02183;4;Positive
O02184;5;Positive
O02185;1;Negative
O02186;5;Positive
O02187;5;Positive
O02188;3;Neutral
O02189;2;Negative
O02190;3;Neutral
O02191;2;Negative
O02192;5;Positive
O02193;4;Positive
O02194;5;Positive
O02195;5;Positive
O02196;5;Positive
O02197;1;Negative
O02198;3;Neutral
O02199;2;Negative
O02200;2;Negative
O02201;2;Negative
O02202;4;Positive
O02203;5;Positive
O02204;2;Negative
O02205;4;Positive
O02206;4;Positive
O02207;5;Positive
O02208;5;Positive
O02209;1;Negative
O02210;4;Positive
O02211;3;Neutral
O02212;1;Negative
O02213;5;Positive
O02214;1;Negative
O02215;1;Negative
O02216;1;Negative
O02217;2;Negative
O02218;5;Positive
O02219;2;Negative
O02220;2;Negative
O02221;3;Neutral
O02222;4;Positive
O02223;3;Neutral
O02224;4;Positive
O02225;3;Neutral
O02226;5;Positive
O02227;3;Neutral
O02228;5;Positive
O02229;5;Positive
O02230;2;Negative
O02231;4;Positive
O02232;2;Negative
O02233;2;Negative
O02234;4;Positive
O02235;1;Negative
O02236;5;Positive
O02237;1;Negative
O02238;2;Negative
O02239;4;Positive
O02240;4;Positive
O02241;4;Positive
O02242;1;Negative
O02243;2;Negative
O02244;4;Positive
O02245;4;Positive
O02246;2;Negative
O02247;1;Negative
O02248;3;Neutral
O02249;3;Neutral
O02250;1;Negative
O02251;2;Negative
O02252;4;Positive
O02253;5;Positive
O02254;3;Neutral
O02255;4;Positive
O02256;4;Positive
O02257;1;Negative
O02258;4;Positive
O02259;1;Negative
O02260;5;Positive
O02261;4;Positive
O02262;1;Negative
O02263;3;Neutral
O02264;1;Negative
O02265;5;Positive
O02266;3;Neutral
O02267;1;Negative
O02268;1;Negative
O02269;1;Negative
O02270;4;Positive
O02271;3;Neutral
O02272;5;Positive
O02273;5;Positive
O02274;4;Positive
O02275;1;Negative
O02276;5;Positive
O02277;5;Positive
O02278;1;Negative
O02279;4;Positive
O02280;2;Negative
O02281;5;Positive
O02282;3;Neutral
O02283;4;Positive
O02284;4;Positive
O02285;5;Positive
O02286;5;Positive
O02287;5;Positive
O02288;3;Neutral
O02289;4;Positive
O02290;4;Positive
O02291;1;Negative
O02292;1;Negative
O02293;3;Neutral
O02294;4;Positive
O02295;2;Negative
O02296;3;Neutral
O02297;3;Neutral
O02298;1;Negative
O02299;2;Negative
O02300;3;Neutral
O02301;2;Negative
O02302;3;Neutral
O02303;2;Negative
O02304;1;Negative
O02305;2;Negative
O02306;3;Neutral
O02307;1;Negative
O02308;4;Positive
O02309;5;Positive
O02310;5;Positive
O02311;4;Positive
O02312;2;Negative
O02313;1;Negative
O02314;1;Negative
O02315;5;Positive
O02316;1;Negative
O02317;3;Neutral
O02318;4;Positive
O02319;3;Neutral
O02320;3;Neutral
O02321;5;Positive
O02322;5;Positive
O02323;1;Negative
O02324;1;Negative
O02325;2;Negative
O02326;4;Positive
O02327;3;Neutral
O02328;1;Negative
O02329;2;Negative
O02330;5;Positive
O02331;1;Negative
O02332;1;Negative
O02333;4;Positive
O02334;5;Positive
O02335;4;Positive
O02336;4;Positive
O02337;4;Positive
O02338;3;Neutral
O02339;2;Negative
O02340;5;Positive
O02341;2;Negative
O02342;3;Neutral
O02343;2;Negative
O02344;3;Neutral
O02345;3;Neutral
O02346;1;Negative
O02347;3;Neutral
O02348;3;Neutral
O02349;4;Positive
O02350;2;Negative
O02351;3;Neutral
O02352;1;Negative
O02353;2;Negative
O02354;1;Negative
O02355;4;Positive
O02356;4;Positive
O02357;1;Negative
O02358;4;Positive
O02359;5;Positive
O02360;3;Neutral
O02361;3;Neutral
O02362;5;Positive
O02363;3;Neutral
O02364;4;Positive
O02365;5;Positive
O02366;1;Negative
O02367;2;Negative
O02368;3;Neutral
O02369;5;Positive
O02370;3;Neutral
O02371;1;Negative
O02372;3;Neutral
O02373;1;Negative
O02374;2;Negative
O02375;1;Negative
O02376;3;Neutral
O02377;4;Positive
O02378;2;Negative
O02379;1;Negative
O02380;4;Positive
O02381;4;Positive
O02382;4;Positive
O02383;3;Neutral
O02384;2;Negative
O02385;5;Positive
O02386;4;Positive
O02387;3;Neutral
O02388;1;Negative
O02389;1;Negative
O02390;4;Positive
O02391;5;Positive
O02392;1;Negative
O02393;2;Negative
O02394;2;Negative
O02395;2;Negative
O02396;5;Positive
O02397;1;Negative
O02398;5;Positive
O02399;4;Positive
O02400;3;Neutral
O02401;2;Negative
O02402;5;Positive
O02403;5;Positive
O02404;2;Negative
O02405;5;Positive
O02406;3;Neutral
O02407;3;Neutral
O02408;1;Negative
O02409;1;Negative
O02410;1;Negative
O02411;2;Negative
O02412;4;Positive
O02413;2;Negative
O02414;3;Neutral
O02415;1;Negative
O02416;2;Negative
O02417;2;Negative
O02418;2;Negative
O02419;3;Neutral
O02420;4;Positive
O02421;2;Negative
O02422;5;Positive
O02423;3;Neutral
O02424;3;Neutral
O02425;4;Positive
O02426;4;Positive
O02427;2;Negative
O02428;5;Positive
O02429;3;Neutral
O02430;3;Neutral
O02431;4;Positive
O02432;1;Negative
O02433;4;Positive
O02434;4;Positive
O02435;4;Positive
O02436;4;Positive
O02437;5;Positive
O02438;1;Negative
O02439;5;Positive
O02440;2;Negative
O02441;5;Positive
O02442;4;Positive
O02443;1;Negative
O02444;3;Neutral
O02445;3;Neutral
O02446;5;Positive
O02447;1;Negative
O02448;2;Negative
O02449;5;Positive
O02450;1;Negative
O02451;5;Positive
O02452;3;Neutral
O02453;3;Neutral
O02454;2;Negative
O02455;2;Negative
O02456;2;Negative
O02457;4;Positive
O02458;1;Negative
O02459;5;Positive
O02460;5;Positive
O02461;5;Positive
O02462;2;Negative
O02463;4;Positive
O02464;5;Positive
O02465;3;Neutral
O02466;2;Negative
O02467;5;Positive
O02468;5;Positive
O02469;5;Positive
O02470;4;Positive
O02471;5;Positive
O02472;1;Negative
O02473;5;Positive
O02474;2;Negative
O02475;4;Positive
O02476;4;Positive
O02477;2;Negative
O02478;3;Neutral
O02479;2;Negative
O02480;2;Negative
O02481;5;Positive
O02482;2;Negative
O02483;3;Neutral
O02484;4;Positive
O02485;5;Positive
O02486;1;Negative
O02487;1;Negative
O02488;4;Positive
O02489;2;Negative
O02490;2;Negative
O02491;1;Negative
O02492;5;Positive
O02493;4;Positive
O02494;1;Negative
O02495;5;Positive
O02496;3;Neutral
O02497;1;Negative
O02498;4;Positive
O02499;2;Negative
O02500;1;Negative
O02501;3;Neutral
O02502;4;Positive
O02503;3;Neutral
O02504;5;Positive
O02505;5;Positive
O02506;2;Negative
O02507;5;Positive
O02508;2;Negative
O02509;3;Neutral
O02510;2;Negative
O02511;5;Positive
O02512;4;Positive
O02513;5;Positive
O02514;1;Negative
O02515;2;Negative
O02516;3;Neutral
O02517;1;Negative
O02518;5;Positive
O02519;5;Positive
O02520;1;Negative
O02521;3;Neutral
O02522;5;Positive
O02523;3;Neutral
O02524;2;Negative
O02525;3;Neutral
O02526;4;Positive
O02527;1;Negative
O02528;3;Neutral
O02529;1;Negative
O02530;3;Neutral
O02531;3;Neutral
O02532;4;Positive
O02533;1;Negative
O02534;3;Neutral
O02535;4;Positive
O02536;2;Negative
O02537;4;Positive
O02538;1;Negative
O02539;5;Positive
O02540;2;Negative
O02541;3;Neutral
O02542;4;Positive
O02543;1;Negative
O02544;5;Positive
O02545;2;Negative
O02546;2;Negative
O02547;1;Negative
O02548;2;Negative
O02549;4;Positive
O02550;1;Negative
O02551;1;Negative
O02552;3;Neutral
O02553;2;Negative
O02554;1;Negative
O02555;2;Negative
O02556;2;Negative
O02557;4;Positive
O02558;2;Negative
O02559;4;Positive
O02560;5;Positive
O02561;2;Negative
O02562;4;Positive
O02563;2;Negative
O02564;5;Positive
O02565;3;Neutral
O02566;4;Positive
O02567;1;Negative
O02568;1;Negative
O02569;4;Positive
O02570;4;Positive
O02571;4;Positive
O02572;4;Positive
O02573;5;Positive
O02574;5;Positive
O02575;3;Neutral
O02576;2;Negative
O02577;2;Negative
O02578;3;Neutral
O02579;5;Positive
O02580;3;Neutral
O02581;4;Positive
O02582;4;Positive
O02583;3;Neutral
O02584;4;Positive
O02585;2;Negative
O02586;5;Positive
O02587;5;Positive
O02588;5;Positive
O02589;2;Negative
O02590;2;Negative
O02591;1;Negative
O02592;3;Neutral
O02593;2;Negative
O02594;5;Positive
O02595;3;Neutral
O02596;2;Negative
O02597;1;Negative
O02598;4;Positive
O02599;1;Negative
O02600;4;Positive
O02601;5;Positive
O02602;5;Positive
O02603;1;Negative
O02604;1;Negative
O02605;5;Positive
O02606;5;Positive
O02607;2;Negative
O02608;3;Neutral
O02609;1;Negative
O02610;2;Negative
O02611;3;Neutral
O02612;4;Positive
O02613;2;Negative
O02614;5;Positive
O02615;2;Negative
O02616;3;Neutral
O02617;4;Positive
O02618;5;Positive
O02619;5;Positive
O02620;5;Positive
O02621;3;Neutral
O02622;1;Negative
O02623;5;Positive
O02624;4;Positive
O02625;3;Neutral
O02626;3;Neutral
O02627;5;Positive
O02628;3;Neutral
O02629;3;Neutral
O02630;4;Positive
O02631;2;Negative
O02632;1;Negative
O02633;2;Negative
O02634;2;Negative
O02635;2;Negative
O02636;3;Neutral
O02637;2;Negative
O02638;3;Neutral
O02639;2;Negative
O02640;3;Neutral
O02641;2;Negative
O02642;4;Positive
O02643;3;Neutral
O02644;4;Positive
O02645;4;Positive
O02646;4;Positive
O02647;3;Neutral
O02648;1;Negative
O02649;2;Negative
O02650;2;Negative
O02651;3;Neutral
O02652;1;Negative
O02653;1;Negative
O02654;1;Negative
O02655;4;Positive
O02656;3;Neutral
O02657;4;Positive
O02658;2;Negative
O02659;5;Positive
O02660;3;Neutral
O02661;3;Neutral
O02662;3;Neutral
O02663;5;Positive
O02664;4;Positive
O02665;5;Positive
O02666;2;Negative
O02667;3;Neutral
O02668;4;Positive
O02669;5;Positive
O02670;1;Negative
O02671;4;Positive
O02672;2;Negative
O02673;4;Positive
O02674;5;Positive
O02675;2;Negative
O02676;4;Positive
O02677;5;Positive
O02678;5;Positive
O02679;5;Positive
O02680;4;Positive
O02681;5;Positive
O02682;1;Negative
O02683;3;Neutral
O02684;3;Neutral
O02685;2;Negative
O02686;1;Negative
O02687;4;Positive
O02688;3;Neutral
O02689;4;Positive
O02690;3;Neutral
O02691;5;Positive
O02692;3;Neutral
O02693;2;Negative
O02694;4;Positive
O02695;2;Negative
O02696;3;Neutral
O02697;4;Positive
O02698;1;Negative
O02699;3;Neutral
O02700;3;Neutral
O02701;2;Negative
O02702;4;Positive
O02703;4;Positive
O02704;2;Negative
O02705;3;Neutral
O02706;3;Neutral
O02707;2;Negative
O02708;1;Negative
O02709;4;Positive
O02710;2;Negative
O02711;4;Positive
O02712;4;Positive
O02713;3;Neutral
O02714;5;Positive
O02715;4;Positive
O02716;3;Neutral
O02717;1;Negative
O02718;3;Neutral
O02719;5;Positive
O02720;2;Negative
O02721;1;Negative
O02722;3;Neutral
O02723;1;Negative
O02724;1;Negative
O02725;3;Neutral
O02726;4;Positive
O02727;3;Neutral
O02728;5;Positive
O02729;4;Positive
O02730;2;Negative
O02731;1;Negative
O02732;4;Positive
O02733;5;Positive
O02734;2;Negative
O02735;1;Negative
O02736;1;Negative
O02737;3;Neutral
O02738;2;Negative
O02739;1;Negative
O02740;2;Negative
O02741;4;Positive
O02742;2;Negative
O02743;4;Positive
O02744;5;Positive
O02745;1;Negative
O02746;3;Neutral
O02747;3;Neutral
O02748;5;Positive
O02749;1;Negative
O02750;2;Negative
O02751;5;Positive
O02752;2;Negative
O02753;4;Positive
O02754;1;Negative
O02755;3;Neutral
O02756;1;Negative
O02757;5;Positive
O02758;5;Positive
O02759;3;Neutral
O02760;2;Negative
O02761;4;Positive
O02762;3;Neutral
O02763;4;Positive
O02764;4;Positive
O02765;3;Neutral
O02766;5;Positive
O02767;4;Positive
O02768;4;Positive
O02769;5;Positive
O02770;4;Positive
O02771;1;Negative
O02772;5;Positive
O02773;1;Negative
O02774;3;Neutral
O02775;1;Negative
O02776;5;Positive
O02777;1;Negative
O02778;5;Positive
O02779;1;Negative
O02780;5;Positive
O02781;1;Negative
O02782;5;Positive
O02783;1;Negative
O02784;1;Negative
O02785;2;Negative
O02786;1;Negative
O02787;4;Positive
O02788;2;Negative
O02789;1;Negative
O02790;2;Negative
O02791;5;Positive
O02792;1;Negative
O02793;4;Positive
O02794;1;Negative
O02795;1;Negative
O02796;2;Negative
O02797;3;Neutral
O02798;4;Positive
O02799;3;Neutral
O02800;2;Negative
O02801;2;Negative
O02802;3;Neutral
O02803;1;Negative
O02804;4;Positive
O02805;5;Positive
O02806;1;Negative
O02807;1;Negative
O02808;5;Positive
O02809;5;Positive
O02810;2;Negative
O02811;2;Negative
O02812;1;Negative
O02813;2;Negative
O02814;3;Neutral
O02815;2;Negative
O02816;5;Positive
O02817;2;Negative
O02818;5;Positive
O02819;5;Positive
O02820;5;Positive
O02821;5;Positive
O02822;5;Positive
O02823;4;Positive
O02824;4;Positive
O02825;2;Negative
O02826;3;Neutral
O02827;4;Positive
O02828;3;Neutral
O02829;3;Neutral
O02830;1;Negative
O02831;5;Positive
O02832;3;Neutral
O02833;5;Positive
O02834;1;Negative
O02835;2;Negative
O02836;1;Negative
O02837;5;Positive
O02838;3;Neutral
O02839;1;Negative
O02840;2;Negative
O02841;4;Positive
O02842;2;Negative
O02843;1;Negative
O02844;2;Negative
O02845;3;Neutral
O02846;3;Neutral
O02847;2;Negative
O02848;2;Negative
O02849;5;Positive
O02850;5;Positive
O02851;5;Positive
O02852;5;Positive
O02853;4;Positive
O02854;2;Negative
O02855;5;Positive
O02856;5;Positive
O02857;2;Negative
O02858;1;Negative
O02859;1;Negative
O02860;3;Neutral
O02861;1;Negative
O02862;1;Negative
O02863;3;Neutral
O02864;4;Positive
O02865;3;Neutral
O02866;3;Neutral
O02867;3;Neutral
O02868;4;Positive
O02869;4;Positive
O02870;2;Negative
O02871;4;Positive
O02872;5;Positive
O02873;1;Negative
O02874;5;Positive
O02875;2;Negative
O02876;1;Negative
O02877;1;Negative
O02878;2;Negative
O02879;3;Neutral
O02880;4;Positive
O02881;5;Positive
O02882;4;Positive
O02883;4;Positive
O02884;4;Positive
O02885;3;Neutral
O02886;4;Positive
O02887;2;Negative
O02888;4;Positive
O02889;2;Negative
O02890;5;Positive
O02891;1;Negative
O02892;3;Neutral
O02893;2;Negative
O02894;1;Negative
O02895;2;Negative
O02896;5;Positive
O02897;5;Positive
O02898;3;Neutral
O02899;5;Positive
O02900;1;Negative
O02901;5;Positive
O02902;2;Negative
O02903;5;Positive
O02904;1;Negative
O02905;1;Negative
O02906;4;Positive
O02907;5;Positive
O02908;4;Positive
O02909;4;Positive
O02910;4;Positive
O02911;2;Negative
O02912;5;Positive
O02913;4;Positive
O02914;3;Neutral
O02915;4;Positive
O02916;3;Neutral
O02917;2;Negative
O02918;2;Negative
O02919;1;Negative
O02920;3;Neutral
O02921;1;Negative
O02922;2;Negative
O02923;2;Negative
O02924;4;Positive
O02925;2;Negative
O02926;4;Positive
O02927;3;Neutral
O02928;3;Neutral
O02929;1;Negative
O02930;5;Positive
O02931;4;Positive
O02932;1;Negative
O02933;5;Positive
O02934;4;Positive
O02935;5;Positive
O02936;4;Positive
O02937;4;Positive
O02938;2;Negative
O02939;5;Positive
O02940;4;Positive
O02941;5;Positive
O02942;1;Negative
O02943;4;Positive
O02944;3;Neutral
O02945;4;Positive
O02946;5;Positive
O02947;1;Negative
O02948;4;Positive
O02949;5;Positive
O02950;4;Positive
O02951;5;Positive
O02952;3;Neutral
O02953;4;Positive
O02954;4;Positive
O02955;1;Negative
O02956;1;Negative
O02957;1;Negative
O02958;1;Negative
O02959;5;Positive
O02960;2;Negative
O02961;2;Negative
O02962;4;Positive
O02963;1;Negative
O02964;4;Positive
O02965;2;Negative
O02966;2;Negative
O02967;5;Positive
O02968;4;Positive
O02969;4;Positive
O02970;4;Positive
O02971;3;Neutral
O02972;3;Neutral
O02973;4;Positive
O02974;1;Negative
O02975;4;Positive
O02976;5;Positive
O02977;1;Negative
O02978;1;Negative
O02979;4;Positive
O02980;5;Positive
O02981;5;Positive
O02982;2;Negative
O02983;2;Negative
O02984;2;Negative
O02985;3;Neutral
O02986;3;Neutral
O02987;1;Negative
O02988;4;Positive
O02989;5;Positive
O02990;5;Positive
O02991;3;Neutral
O02992;2;Negative
O02993;5;Positive
O02994;5;Positive
O02995;3;Neutral
O02996;4;Positive
O02997;1;Negative
O02998;4;Positive
O02999;2;Negative
O03000;5;Positive
O03001;3;Neutral
O03002;5;Positive
O03003;5;Positive
O03004;2;Negative
O03005;4;Positive
O03006;5;Positive
O03007;1;Negative
O03008;5;Positive
O03009;4;Positive
O03010;5;Positive
O03011;5;Positive
O03012;4;Positive
O03013;2;Negative
O03014;3;Neutral
O03015;1;Negative
O03016;5;Positive
O03017;3;Neutral
O03018;4;Positive
O03019;2;Negative
O03020;2;Negative
O03021;1;Negative
O03022;1;Negative
O03023;1;Negative
O03024;2;Negative
O03025;4;Positive
O03026;5;Positive
O03027;4;Positive
O03028;4;Positive
O03029;1;Negative
O03030;2;Negative
O03031;1;Negative
O03032;4;Positive
O03033;3;Neutral
O03034;3;Neutral
O03035;2;Negative
O03036;2;Negative
O03037;3;Neutral
O03038;1;Negative
O03039;4;Positive
O03040;4;Positive
O03041;1;Negative
O03042;3;Neutral
O03043;2;Negative
O03044;1;Negative
O03045;2;Negative
O03046;5;Positive
O03047;4;Positive
O03048;2;Negative
O03049;2;Negative
O03050;1;Negative
O03051;2;Negative
O03052;1;Negative
O03053;2;Negative
O03054;5;Positive
O03055;5;Positive
O03056;5;Positive
O03057;3;Neutral
O03058;3;Neutral
O03059;1;Negative
O03060;1;Negative
O03061;5;Positive
O03062;2;Negative
O03063;5;Positive
O03064;1;Negative
O03065;5;Positive
O03066;4;Positive
O03067;5;Positive
O03068;4;Positive
O03069;3;Neutral
O03070;2;Negative
O03071;2;Negative
O03072;5;Positive
O03073;2;Negative
O03074;2;Negative
O03075;5;Positive
O03076;5;Positive
O03077;2;Negative
O03078;4;Positive
O03079;5;Positive
O03080;3;Neutral
O03081;5;Positive
O03082;1;Negative
O03083;2;Negative
O03084;4;Positive
O03085;2;Negative
O03086;5;Positive
O03087;3;Neutral
O03088;2;Negative
O03089;2;Negative
O03090;1;Negative
O03091;4;Positive
O03092;2;Negative
O03093;4;Positive
O03094;1;Negative
O03095;3;Neutral
O03096;5;Positive
O03097;1;Negative
O03098;3;Neutral
O03099;2;Negative
O03100;3;Neutral
O03101;5;Positive
O03102;5;Positive
O03103;1;Negative
O03104;1;Negative
O03105;3;Neutral
O03106;5;Positive
O03107;3;Neutral
O03108;3;Neutral
O03109;1;Negative
O03110;4;Positive
O03111;2;Negative
O03112;1;Negative
O03113;2;Negative
O03114;5;Positive
O03115;5;Positive
O03116;3;Neutral
O03117;4;Positive
O03118;3;Neutral
O03119;1;Negative
O03120;3;Neutral
O03121;1;Negative
O03122;3;Neutral
O03123;4;Positive
O03124;5;Positive
O03125;5;Positive
O03126;3;Neutral
O03127;3;Neutral
O03128;4;Positive
O03129;3;Neutral
O03130;3;Neutral
O03131;3;Neutral
O03132;4;Positive
O03133;4;Positive
O03134;1;Negative
O03135;4;Positive
O03136;5;Positive
O03137;3;Neutral
O03138;4;Positive
O03139;5;Positive
O03140;3;Neutral
O03141;1;Negative
O03142;4;Positive
O03143;1;Negative
O03144;2;Negative
O03145;1;Negative
O03146;2;Negative
O03147;3;Neutral
O03148;1;Negative
O03149;3;Neutral
O03150;1;Negative
O03151;1;Negative
O03152;3;Neutral
O03153;2;Negative
O03154;1;Negative
O03155;3;Neutral
O03156;1;Negative
O03157;5;Positive
O03158;5;Positive
O03159;3;Neutral
O03160;3;Neutral
O03161;3;Neutral
O03162;4;Positive
O03163;3;Neutral
O03164;4;Positive
O03165;3;Neutral
O03166;4;Positive
O03167;2;Negative
O03168;1;Negative
O03169;1;Negative
O03170;2;Negative
O03171;3;Neutral
O03172;3;Neutral
O03173;4;Positive
O03174;3;Neutral
O03175;2;Negative
O03176;5;Positive
O03177;3;Neutral
O03178;2;Negative
O03179;3;Neutral
O03180;4;Positive
O03181;5;Positive
O03182;5;Positive
O03183;5;Positive
O03184;4;Positive
O03185;5;Positive
O03186;1;Negative
O03187;2;Negative
O03188;4;Positive
O03189;5;Positive
O03190;1;Negative
O03191;4;Positive
O03192;4;Positive
O03193;5;Positive
O03194;4;Positive
O03195;5;Positive
O03196;3;Neutral
O03197;5;Positive
O03198;1;Negative
O03199;2;Negative
O03200;3;Neutral
O03201;1;Negative
O03202;4;Positive
O03203;4;Positive
O03204;1;Negative
O03205;4;Positive
O03206;4;Positive
O03207;3;Neutral
O03208;2;Negative
O03209;1;Negative
O03210;2;Negative
O03211;4;Positive
O03212;4;Positive
O03213;1;Negative
O03214;3;Neutral
O03215;1;Negative
O03216;1;Negative
O03217;3;Neutral
O03218;5;Positive
O03219;4;Positive
O03220;2;Negative
O03221;2;Negative
O03222;2;Negative
O03223;5;Positive
O03224;1;Negative
O03225;4;Positive
O03226;3;Neutral
O03227;4;Positive
O03228;5;Positive
O03229;4;Positive
O03230;4;Positive
O03231;5;Positive
O03232;3;Neutral
O03233;4;Positive
O03234;5;Positive
O03235;2;Negative
O03236;1;Negative
O03237;1;Negative
O03238;4;Positive
O03239;4;Positive
O03240;5;Positive
O03241;1;Negative
O03242;5;Positive
O03243;2;Negative
O03244;2;Negative
O03245;1;Negative
O03246;1;Negative
O03247;4;Positive
O03248;3;Neutral
O03249;1;Negative
O03250;5;Positive
O03251;3;Neutral
O03252;4;Positive
O03253;2;Negative
O03254;3;Neutral
O03255;2;Negative
O03256;2;Negative
O03257;5;Positive
O03258;4;Positive
O03259;1;Negative
O03260;4;Positive
O03261;1;Negative
O03262;1;Negative
O03263;2;Negative
O03264;1;Negative
O03265;2;Negative
O03266;1;Negative
O03267;1;Negative
O03268;2;Negative
O03269;3;Neutral
O03270;4;Positive
O03271;1;Negative
O03272;2;Negative
O03273;1;Negative
O03274;2;Negative
O03275;3;Neutral
O03276;1;Negative
O03277;2;Negative
O03278;1;Negative
O03279;3;Neutral
O03280;3;Neutral
O03281;3;Neutral
O03282;3;Neutral
O03283;4;Positive
O03284;2;Negative
O03285;4;Positive
O03286;5;Positive
O03287;5;Positive
O03288;1;Negative
O03289;4;Positive
O03290;2;Negative
O03291;5;Positive
O03292;1;Negative
O03293;3;Neutral
O03294;5;Positive
O03295;3;Neutral
O03296;1;Negative
O03297;2;Negative
O03298;1;Negative
O03299;3;Neutral
O03300;2;Negative
O03301;1;Negative
O03302;2;Negative
O03303;2;Negative
O03304;3;Neutral
O03305;4;Positive
O03306;5;Positive
O03307;4;Positive
O03308;5;Positive
O03309;1;Negative
O03310;2;Negative
O03311;5;Positive
O03312;3;Neutral
O03313;1;Negative
O03314;3;Neutral
O03315;1;Negative
O03316;4;Positive
O03317;5;Positive
O03318;3;Neutral
O03319;5;Positive
O03320;2;Negative
O03321;4;Positive
O03322;2;Negative
O03323;4;Positive
O03324;2;Negative
O03325;1;Negative
O03326;4;Positive
O03327;3;Neutral
O03328;4;Positive
O03329;5;Positive
O03330;5;Positive
O03331;5;Positive
O03332;5;Positive
O03333;3;Neutral
O03334;4;Positive
O03335;4;Positive
O03336;4;Positive
O03337;3;Neutral
O03338;2;Negative
O03339;3;Neutral
O03340;5;Positive
O03341;3;Neutral
O03342;3;Neutral
O03343;4;Positive
O03344;1;Negative
O03345;1;Negative
O03346;4;Positive
O03347;5;Positive
O03348;2;Negative
O03349;3;Neutral
O03350;5;Positive
O03351;1;Negative
O03352;4;Positive
O03353;2;Negative
O03354;3;Neutral
O03355;3;Neutral
O03356;5;Positive
O03357;4;Positive
O03358;1;Negative
O03359;3;Neutral
O03360;3;Neutral
O03361;2;Negative
O03362;4;Positive
O03363;4;Positive
O03364;1;Negative
O03365;5;Positive
O03366;5;Positive
O03367;5;Positive
O03368;1;Negative
O03369;2;Negative
O03370;3;Neutral
O03371;2;Negative
O03372;5;Positive
O03373;2;Negative
O03374;1;Negative
O03375;5;Positive
O03376;3;Neutral
O03377;4;Positive
O03378;2;Negative
O03379;5;Positive
O03380;3;Neutral
O03381;1;Negative
O03382;1;Negative
O03383;3;Neutral
O03384;2;Negative
O03385;2;Negative
O03386;3;Neutral
O03387;1;Negative
O03388;3;Neutral
O03389;1;Negative
O03390;1;Negative
O03391;2;Negative
O03392;5;Positive
O03393;5;Positive
O03394;2;Negative
O03395;4;Positive
O03396;4;Positive
O03397;1;Negative
O03398;4;Positive
O03399;2;Negative
O03400;4;Positive
O03401;5;Positive
O03402;3;Neutral
O03403;5;Positive
O03404;1;Negative
O03405;3;Neutral
O03406;1;Negative
O03407;1;Negative
O03408;3;Neutral
O03409;3;Neutral
O03410;2;Negative
O03411;4;Positive
O03412;4;Positive
O03413;4;Positive
O03414;4;Positive
O03415;5;Positive
O03416;1;Negative
O03417;4;Positive
O03418;2;Negative
O03419;4;Positive
O03420;5;Positive
O03421;3;Neutral
O03422;4;Positive
O03423;2;Negative
O03424;5;Positive
O03425;5;Positive
O03426;5;Positive
O03427;1;Negative
O03428;4;Positive
O03429;5;Positive
O03430;3;Neutral
O03431;2;Negative
O03432;2;Negative
O03433;2;Negative
O03434;1;Negative
O03435;3;Neutral
O03436;5;Positive
O03437;3;Neutral
O03438;5;Positive
O03439;3;Neutral
O03440;4;Positive
O03441;3;Neutral
O03442;1;Negative
O03443;1;Negative
O03444;3;Neutral
O03445;5;Positive
O03446;5;Positive
O03447;1;Negative
O03448;1;Negative
O03449;1;Negative
O03450;5;Positive
O03451;5;Positive
O03452;4;Positive
O03453;4;Positive
O03454;4;Positive
O03455;5;Positive
O03456;2;Negative
O03457;1;Negative
O03458;5;Positive
O03459;1;Negative
O03460;1;Negative
O03461;3;Neutral
O03462;2;Negative
O03463;2;Negative
O03464;4;Positive
O03465;3;Neutral
O03466;1;Negative
O03467;1;Negative
O03468;2;Negative
O03469;2;Negative
O03470;2;Negative
O03471;5;Positive
O03472;3;Neutral
O03473;1;Negative
O03474;3;Neutral
O03475;1;Negative
O03476;1;Negative
O03477;1;Negative
O03478;5;Positive
O03479;5;Positive
O03480;4;Positive
O03481;2;Negative
O03482;4;Positive
O03483;5;Positive
O03484;3;Neutral
O03485;2;Negative
O03486;2;Negative
O03487;5;Positive
O03488;5;Positive
O03489;4;Positive
O03490;4;Positive
O03491;4;Positive
O03492;5;Positive
O03493;1;Negative
O03494;1;Negative
O03495;3;Neutral
O03496;4;Positive
O03497;5;Positive
O03498;3;Neutral
O03499;4;Positive
O03500;1;Negative
O03501;1;Negative
O03502;2;Negative
O03503;2;Negative
O03504;4;Positive
O03505;2;Negative
O03506;5;Positive
O03507;2;Negative
O03508;4;Positive
O03509;4;Positive
O03510;1;Negative
O03511;5;Positive
O03512;4;Positive
O03513;1;Negative
O03514;5;Positive
O03515;4;Positive
O03516;2;Negative
O03517;4;Positive
O03518;3;Neutral
O03519;3;Neutral
O03520;1;Negative
O03521;1;Negative
O03522;3;Neutral
O03523;4;Positive
O03524;4;Positive
O03525;3;Neutral
O03526;2;Negative
O03527;2;Negative
O03528;1;Negative
O03529;1;Negative
O03530;3;Neutral
O03531;5;Positive
O03532;1;Negative
O03533;5;Positive
O03534;2;Negative
O03535;2;Negative
O03536;1;Negative
O03537;1;Negative
O03538;5;Positive
O03539;1;Negative
O03540;3;Neutral
O03541;3;Neutral
O03542;3;Neutral
O03543;1;Negative
O03544;4;Positive
O03545;1;Negative
O03546;2;Negative
O03547;3;Neutral
O03548;5;Positive
O03549;3;Neutral
O03550;1;Negative
O03551;1;Negative
O03552;3;Neutral
O03553;4;Positive
O03554;2;Negative
O03555;5;Positive
O03556;2;Negative
O03557;2;Negative
O03558;5;Positive
O03559;4;Positive
O03560;3;Neutral
O03561;1;Negative
O03562;4;Positive
O03563;2;Negative
O03564;1;Negative
O03565;3;Neutral
O03566;2;Negative
O03567;5;Positive
O03568;4;Positive
O03569;5;Positive
O03570;2;Negative
O03571;2;Negative
O03572;1;Negative
O03573;5;Positive
O03574;5;Positive
O03575;4;Positive
O03576;2;Negative
O03577;4;Positive
O03578;3;Neutral
O03579;1;Negative
O03580;2;Negative
O03581;4;Positive
O03582;2;Negative
O03583;4;Positive
O03584;1;Negative
O03585;2;Negative
O03586;1;Negative
O03587;1;Negative
O03588;5;Positive
O03589;2;Negative
O03590;3;Neutral
O03591;4;Positive
O03592;2;Negative
O03593;4;Positive
O03594;3;Neutral
O03595;2;Negative
O03596;5;Positive
O03597;3;Neutral
O03598;2;Negative
O03599;5;Positive
O03600;3;Neutral
O03601;3;Neutral
O03602;5;Positive
O03603;2;Negative
O03604;1;Negative
O03605;4;Positive
O03606;5;Positive
O03607;2;Negative
O03608;1;Negative
O03609;3;Neutral
O03610;5;Positive
O03611;3;Neutral
O03612;5;Positive
O03613;1;Negative
O03614;4;Positive
O03615;3;Neutral
O03616;1;Negative
O03617;3;Neutral
O03618;1;Negative
O03619;3;Neutral
O03620;3;Neutral
O03621;1;Negative
O03622;3;Neutral
O03623;3;Neutral
O03624;3;Neutral
O03625;2;Negative
O03626;5;Positive
O03627;5;Positive
O03628;2;Negative
O03629;3;Neutral
O03630;1;Negative
O03631;2;Negative
O03632;5;Positive
O03633;5;Positive
O03634;5;Positive
O03635;5;Positive
O03636;5;Positive
O03637;4;Positive
O03638;1;Negative
O03639;2;Negative
O03640;4;Positive
O03641;1;Negative
O03642;4;Positive
O03643;1;Negative
O03644;3;Neutral
O03645;1;Negative
O03646;1;Negative
O03647;3;Neutral
O03648;2;Negative
O03649;3;Neutral
O03650;4;Positive
O03651;1;Negative
O03652;3;Neutral
O03653;3;Neutral
O03654;4;Positive
O03655;1;Negative
O03656;4;Positive
O03657;3;Neutral
O03658;2;Negative
O03659;5;Positive
O03660;4;Positive
O03661;2;Negative
O03662;5;Positive
O03663;1;Negative
O03664;5;Positive
O03665;4;Positive
O03666;4;Positive
O03667;1;Negative
O03668;2;Negative
O03669;4;Positive
O03670;5;Positive
O03671;4;Positive
O03672;2;Negative
O03673;1;Negative
O03674;3;Neutral
O03675;3;Neutral
O03676;3;Neutral
O03677;4;Positive
O03678;5;Positive
O03679;4;Positive
O03680;1;Negative
O03681;3;Neutral
O03682;1;Negative
O03683;5;Positive
O03684;1;Negative
O03685;5;Positive
O03686;1;Negative
O03687;1;Negative
O03688;4;Positive
O03689;4;Positive
O03690;1;Negative
O03691;2;Negative
O03692;2;Negative
O03693;2;Negative
O03694;2;Negative
O03695;1;Negative
O03696;4;Positive
O03697;3;Neutral
O03698;3;Neutral
O03699;4;Positive
O03700;2;Negative
O03701;5;Positive
O03702;1;Negative
O03703;1;Negative
O03704;4;Positive
O03705;5;Positive
O03706;1;Negative
O03707;3;Neutral
O03708;3;Neutral
O03709;2;Negative
O03710;2;Negative
O03711;3;Neutral
O03712;5;Positive
O03713;1;Negative
O03714;2;Negative
O03715;5;Positive
O03716;5;Positive
O03717;2;Negative
O03718;5;Positive
O03719;4;Positive
O03720;2;Negative
O03721;5;Positive
O03722;3;Neutral
O03723;1;Negative
O03724;2;Negative
O03725;4;Positive
O03726;2;Negative
O03727;4;Positive
O03728;2;Negative
O03729;3;Neutral
O03730;2;Negative
O03731;1;Negative
O03732;4;Positive
O03733;5;Positive
O03734;2;Negative
O03735;2;Negative
O03736;5;Positive
O03737;5;Positive
O03738;1;Negative
O03739;1;Negative
O03740;5;Positive
O03741;3;Neutral
O03742;4;Positive
O03743;1;Negative
O03744;2;Negative
O03745;5;Positive
O03746;2;Negative
O03747;3;Neutral
O03748;5;Positive
O03749;4;Positive
O03750;2;Negative
O03751;2;Negative
O03752;3;Neutral
O03753;4;Positive
O03754;1;Negative
O03755;2;Negative
O03756;2;Negative
O03757;1;Negative
O03758;4;Positive
O03759;2;Negative
O03760;5;Positive
O03761;4;Positive
O03762;2;Negative
O03763;5;Positive
O03764;3;Neutral
O03765;5;Positive
O03766;2;Negative
O03767;5;Positive
O03768;1;Negative
O03769;4;Positive
O03770;4;Positive
O03771;5;Positive
O03772;1;Negative
O03773;4;Positive
O03774;4;Positive
O03775;2;Negative
O03776;2;Negative
O03777;5;Positive
O03778;3;Neutral
O03779;1;Negative
O03780;4;Positive
O03781;2;Negative
O03782;1;Negative
O03783;1;Negative
O03784;1;Negative
O03785;5;Positive
O03786;2;Negative
O03787;5;Positive
O03788;4;Positive
O03789;5;Positive
O03790;5;Positive
O03791;4;Positive
O03792;3;Neutral
O03793;2;Negative
O03794;2;Negative
O03795;5;Positive
O03796;2;Negative
O03797;4;Positive
O03798;1;Negative
O03799;5;Positive
O03800;4;Positive
O03801;2;Negative
O03802;4;Positive
O03803;5;Positive
O03804;3;Neutral
O03805;1;Negative
O03806;3;Neutral
O03807;4;Positive
O03808;2;Negative
O03809;2;Negative
O03810;4;Positive
O03811;5;Positive
O03812;3;Neutral
O03813;3;Neutral
O03814;3;Neutral
O03815;2;Negative
O03816;5;Positive
O03817;4;Positive
O03818;5;Positive
O03819;1;Negative
O03820;3;Neutral
O03821;3;Neutral
O03822;5;Positive
O03823;2;Negative
O03824;3;Neutral
O03825;4;Positive
O03826;2;Negative
O03827;2;Negative
O03828;4;Positive
O03829;1;Negative
O03830;3;Neutral
O03831;1;Negative
O03832;2;Negative
O03833;3;Neutral
O03834;4;Positive
O03835;3;Neutral
O03836;2;Negative
O03837;1;Negative
O03838;1;Negative
O03839;2;Negative
O03840;1;Negative
O03841;3;Neutral
O03842;3;Neutral
O03843;2;Negative
O03844;2;Negative
O03845;4;Positive
O03846;5;Positive
O03847;2;Negative
O03848;3;Neutral
O03849;4;Positive
O03850;5;Positive
O03851;1;Negative
O03852;1;Negative
O03853;5;Positive
O03854;5;Positive
O03855;2;Negative
O03856;4;Positive
O03857;2;Negative
O03858;4;Positive
O03859;5;Positive
O03860;5;Positive
O03861;3;Neutral
O03862;5;Positive
O03863;4;Positive
O03864;2;Negative
O03865;3;Neutral
O03866;1;Negative
O03867;4;Positive
O03868;1;Negative
O03869;2;Negative
O03870;5;Positive
O03871;5;Positive
O03872;2;Negative
O03873;4;Positive
O03874;3;Neutral
O03875;5;Positive
O03876;4;Positive
O03877;5;Positive
O03878;4;Positive
O03879;2;Negative
O03880;5;Positive
O03881;2;Negative
O03882;2;Negative
O03883;1;Negative
O03884;4;Positive
O03885;2;Negative
O03886;5;Positive
O03887;2;Negative
O03888;5;Positive
O03889;2;Negative
O03890;2;Negative
O03891;5;Positive
O03892;1;Negative
O03893;3;Neutral
O03894;2;Negative
O03895;4;Positive
O03896;1;Negative
O03897;5;Positive
O03898;1;Negative
O03899;3;Neutral
O03900;4;Positive
O03901;4;Positive
O03902;5;Positive
O03903;1;Negative
O03904;5;Positive
O03905;5;Positive
O03906;1;Negative
O03907;2;Negative
O03908;3;Neutral
O03909;4;Positive
O03910;3;Neutral
O03911;2;Negative
O03912;2;Negative
O03913;5;Positive
O03914;1;Negative
O03915;2;Negative
O03916;2;Negative
O03917;1;Negative
O03918;4;Positive
O03919;2;Negative
O03920;1;Negative
O03921;4;Positive
O03922;1;Negative
O03923;1;Negative
O03924;1;Negative
O03925;5;Positive
O03926;2;Negative
O03927;4;Positive
O03928;4;Positive
O03929;4;Positive
O03930;5;Positive
O03931;2;Negative
O03932;2;Negative
O03933;3;Neutral
O03934;1;Negative
O03935;5;Positive
O03936;4;Positive
O03937;3;Neutral
O03938;4;Positive
O03939;4;Positive
O03940;5;Positive
O03941;3;Neutral
O03942;2;Negative
O03943;3;Neutral
O03944;3;Neutral
O03945;3;Neutral
O03946;5;Positive
O03947;1;Negative
O03948;2;Negative
O03949;2;Negative
O03950;4;Positive
O03951;4;Positive
O03952;4;Positive
O03953;3;Neutral
O03954;4;Positive
O03955;5;Positive
O03956;3;Neutral
O03957;3;Neutral
O03958;2;Negative
O03959;4;Positive
O03960;5;Positive
O03961;4;Positive
O03962;5;Positive
O03963;5;Positive
O03964;5;Positive
O03965;2;Negative
O03966;5;Positive
O03967;1;Negative
O03968;4;Positive
O03969;3;Neutral
O03970;2;Negative
O03971;5;Positive
O03972;3;Neutral
O03973;1;Negative
O03974;4;Positive
O03975;4;Positive
O03976;2;Negative
O03977;5;Positive
O03978;1;Negative
O03979;4;Positive
O03980;1;Negative
O03981;4;Positive
O03982;3;Neutral
O03983;2;Negative
O03984;4;Positive
O03985;4;Positive
O03986;3;Neutral
O03987;5;Positive
O03988;2;Negative
O03989;4;Positive
O03990;1;Negative
O03991;3;Neutral
O03992;4;Positive
O03993;2;Negative
O03994;4;Positive
O03995;5;Positive
O03996;3;Neutral
O03997;2;Negative
O03998;3;Neutral
O03999;2;Negative
O04000;3;Neutral
O04001;2;Negative
O04002;1;Negative
O04003;1;Negative
O04004;3;Neutral
O04005;5;Positive
O04006;4;Positive
O04007;1;Negative
O04008;3;Neutral
O04009;3;Neutral
O04010;3;Neutral
O04011;3;Neutral
O04012;4;Positive
O04013;2;Negative
O04014;2;Negative
O04015;3;Neutral
O04016;5;Positive
O04017;2;Negative
O04018;1;Negative
O04019;4;Positive
O04020;3;Neutral
O04021;5;Positive
O04022;1;Negative
O04023;2;Negative
O04024;2;Negative
O04025;3;Neutral
O04026;5;Positive
O04027;4;Positive
O04028;4;Positive
O04029;4;Positive
O04030;4;Positive
O04031;5;Positive
O04032;1;Negative
O04033;1;Negative
O04034;5;Positive
O04035;3;Neutral
O04036;5;Positive
O04037;4;Positive
O04038;2;Negative
O04039;5;Positive
O04040;2;Negative
O04041;5;Positive
O04042;2;Negative
O04043;3;Neutral
O04044;5;Positive
O04045;1;Negative
O04046;1;Negative
O04047;2;Negative
O04048;2;Negative
O04049;3;Neutral
O04050;2;Negative
O04051;2;Negative
O04052;4;Positive
O04053;3;Neutral
O04054;1;Negative
O04055;1;Negative
O04056;2;Negative
O04057;3;Neutral
O04058;3;Neutral
O04059;4;Positive
O04060;2;Negative
O04061;1;Negative
O04062;2;Negative
O04063;1;Negative
O04064;2;Negative
O04065;1;Negative
O04066;1;Negative
O04067;1;Negative
O04068;1;Negative
O04069;4;Positive
O04070;2;Negative
O04071;3;Neutral
O04072;1;Negative
O04073;4;Positive
O04074;1;Negative
O04075;5;Positive
O04076;3;Neutral
O04077;3;Neutral
O04078;4;Positive
O04079;2;Negative
O04080;4;Positive
O04081;4;Positive
O04082;1;Negative
O04083;4;Positive
O04084;4;Positive
O04085;3;Neutral
O04086;3;Neutral
O04087;2;Negative
O04088;5;Positive
O04089;4;Positive
O04090;1;Negative
O04091;4;Positive
O04092;3;Neutral
O04093;3;Neutral
O04094;4;Positive
O04095;5;Positive
O04096;2;Negative
O04097;3;Neutral
O04098;4;Positive
O04099;1;Negative
O04100;5;Positive
O04101;5;Positive
O04102;5;Positive
O04103;5;Positive
O04104;3;Neutral
O04105;1;Negative
O04106;5;Positive
O04107;1;Negative
O04108;4;Positive
O04109;1;Negative
O04110;2;Negative
O04111;5;Positive
O04112;3;Neutral
O04113;4;Positive
O04114;1;Negative
O04115;3;Neutral
O04116;1;Negative
O04117;3;Neutral
O04118;1;Negative
O04119;2;Negative
O04120;2;Negative
O04121;5;Positive
O04122;1;Negative
O04123;4;Positive
O04124;1;Negative
O04125;2;Negative
O04126;3;Neutral
O04127;4;Positive
O04128;4;Positive
O04129;5;Positive
O04130;3;Neutral
O04131;1;Negative
O04132;2;Negative
O04133;2;Negative
O04134;1;Negative
O04135;2;Negative
O04136;5;Positive
O04137;2;Negative
O04138;4;Positive
O04139;1;Negative
O04140;5;Positive
O04141;3;Neutral
O04142;5;Positive
O04143;1;Negative
O04144;5;Positive
O04145;5;Positive
O04146;1;Negative
O04147;3;Neutral
O04148;5;Positive
O04149;5;Positive
O04150;5;Positive
O04151;2;Negative
O04152;4;Positive
O04153;1;Negative
O04154;4;Positive
O04155;5;Positive
O04156;4;Positive
O04157;1;Negative
O04158;1;Negative
O04159;5;Positive
O04160;4;Positive
O04161;3;Neutral
O04162;1;Negative
O04163;3;Neutral
O04164;1;Negative
O04165;2;Negative
O04166;1;Negative
O04167;4;Positive
O04168;4;Positive
O04169;1;Negative
O04170;5;Positive
O04171;5;Positive
O04172;4;Positive
O04173;4;Positive
O04174;3;Neutral
O04175;1;Negative
O04176;3;Neutral
O04177;4;Positive
O04178;4;Positive
O04179;2;Negative
O04180;1;Negative
O04181;5;Positive
O04182;4;Positive
O04183;3;Neutral
O04184;3;Neutral
O04185;1;Negative
O04186;2;Negative
O04187;4;Positive
O04188;5;Positive
O04189;5;Positive
O04190;3;Neutral
O04191;1;Negative
O04192;3;Neutral
O04193;5;Positive
O04194;5;Positive
O04195;3;Neutral
O04196;2;Negative
O04197;1;Negative
O04198;2;Negative
O04199;1;Negative
O04200;3;Neutral
O04201;2;Negative
O04202;5;Positive
O04203;4;Positive
O04204;4;Positive
O04205;1;Negative
O04206;4;Positive
O04207;5;Positive
O04208;3;Neutral
O04209;2;Negative
O04210;4;Positive
O04211;5;Positive
O04212;3;Neutral
O04213;4;Positive
O04214;4;Positive
O04215;2;Negative
O04216;3;Neutral
O04217;4;Positive
O04218;4;Positive
O04219;4;Positive
O04220;1;Negative
O04221;2;Negative
O04222;2;Negative
O04223;1;Negative
O04224;5;Positive
O04225;4;Positive
O04226;4;Positive
O04227;3;Neutral
O04228;3;Neutral
O04229;3;Neutral
O04230;1;Negative
O04231;5;Positive
O04232;2;Negative
O04233;4;Positive
O04234;3;Neutral
O04235;5;Positive
O04236;4;Positive
O04237;1;Negative
O04238;2;Negative
O04239;2;Negative
O04240;5;Positive
O04241;1;Negative
O04242;4;Positive
O04243;3;Neutral
O04244;2;Negative
O04245;5;Positive
O04246;3;Neutral
O04247;5;Positive
O04248;1;Negative
O04249;5;Positive
O04250;4;Positive
O04251;5;Positive
O04252;2;Negative
O04253;2;Negative
O04254;3;Neutral
O04255;3;Neutral
O04256;3;Neutral
O04257;2;Negative
O04258;2;Negative
O04259;3;Neutral
O04260;3;Neutral
O04261;5;Positive
O04262;1;Negative
O04263;2;Negative
O04264;1;Negative
O04265;5;Positive
O04266;2;Negative
O04267;5;Positive
O04268;4;Positive
O04269;5;Positive
O04270;3;Neutral
O04271;4;Positive
O04272;1;Negative
O04273;1;Negative
O04274;1;Negative
O04275;2;Negative
O04276;2;Negative
O04277;5;Positive
O04278;3;Neutral
O04279;1;Negative
O04280;2;Negative
O04281;5;Positive
O04282;1;Negative
O04283;5;Positive
O04284;5;Positive
O04285;4;Positive
O04286;1;Negative
O04287;4;Positive
O04288;1;Negative
O04289;4;Positive
O04290;1;Negative
O04291;2;Negative
O04292;2;Negative
O04293;2;Negative
O04294;5;Positive
O04295;3;Neutral
O04296;5;Positive
O04297;1;Negative
O04298;3;Neutral
O04299;3;Neutral
O04300;5;Positive
O04301;4;Positive
O04302;2;Negative
O04303;1;Negative
O04304;4;Positive
O04305;4;Positive
O04306;3;Neutral
O04307;2;Negative
O04308;2;Negative
O04309;4;Positive
O04310;2;Negative
O04311;1;Negative
O04312;3;Neutral
O04313;5;Positive
O04314;2;Negative
O04315;3;Neutral
O04316;5;Positive
O04317;2;Negative
O04318;4;Positive
O04319;5;Positive
O04320;2;Negative
O04321;3;Neutral
O04322;4;Positive
O04323;2;Negative
O04324;3;Neutral
O04325;4;Positive
O04326;1;Negative
O04327;3;Neutral
O04328;3;Neutral
O04329;5;Positive
O04330;3;Neutral
O04331;2;Negative
O04332;1;Negative
O04333;1;Negative
O04334;1;Negative
O04335;1;Negative
O04336;1;Negative
O04337;4;Positive
O04338;1;Negative
O04339;2;Negative
O04340;3;Neutral
O04341;1;Negative
O04342;4;Positive
O04343;3;Neutral
O04344;4;Positive
O04345;2;Negative
O04346;2;Negative
O04347;1;Negative
O04348;4;Positive
O04349;4;Positive
O04350;2;Negative
O04351;3;Neutral
O04352;5;Positive
O04353;5;Positive
O04354;4;Positive
O04355;2;Negative
O04356;3;Neutral
O04357;2;Negative
O04358;4;Positive
O04359;3;Neutral
O04360;2;Negative
O04361;2;Negative
O04362;2;Negative
O04363;3;Neutral
O04364;5;Positive
O04365;3;Neutral
O04366;4;Positive
O04367;2;Negative
O04368;3;Neutral
O04369;2;Negative
O04370;5;Positive
O04371;1;Negative
O04372;4;Positive
O04373;3;Neutral
O04374;4;Positive
O04375;2;Negative
O04376;3;Neutral
O04377;1;Negative
O04378;3;Neutral
O04379;2;Negative
O04380;5;Positive
O04381;1;Negative
O04382;2;Negative
O04383;1;Negative
O04384;4;Positive
O04385;1;Negative
O04386;1;Negative
O04387;4;Positive
O04388;3;Neutral
O04389;4;Positive
O04390;4;Positive
O04391;1;Negative
O04392;3;Neutral
O04393;5;Positive
O04394;1;Negative
O04395;1;Negative
O04396;5;Positive
O04397;5;Positive
O04398;1;Negative
O04399;5;Positive
O04400;2;Negative
O04401;4;Positive
O04402;2;Negative
O04403;1;Negative
O04404;3;Neutral
O04405;1;Negative
O04406;3;Neutral
O04407;5;Positive
O04408;3;Neutral
O04409;3;Neutral
O04410;5;Positive
O04411;5;Positive
O04412;3;Neutral
O04413;3;Neutral
O04414;2;Negative
O04415;5;Positive
O04416;3;Neutral
O04417;2;Negative
O04418;4;Positive
O04419;3;Neutral
O04420;1;Negative
O04421;1;Negative
O04422;5;Positive
O04423;2;Negative
O04424;5;Positive
O04425;5;Positive
O04426;5;Positive
O04427;1;Negative
O04428;4;Positive
O04429;5;Positive
O04430;4;Positive
O04431;5;Positive
O04432;1;Negative
O04433;4;Positive
O04434;5;Positive
O04435;4;Positive
O04436;4;Positive
O04437;5;Positive
O04438;3;Neutral
O04439;5;Positive
O04440;4;Positive
O04441;1;Negative
O04442;5;Positive
O04443;4;Positive
O04444;2;Negative
O04445;4;Positive
O04446;3;Neutral
O04447;2;Negative
O04448;5;Positive
O04449;1;Negative
O04450;3;Neutral
O04451;4;Positive
O04452;5;Positive
O04453;5;Positive
O04454;3;Neutral
O04455;4;Positive
O04456;3;Neutral
O04457;2;Negative
O04458;1;Negative
O04459;3;Neutral
O04460;3;Neutral
O04461;4;Positive
O04462;5;Positive
O04463;4;Positive
O04464;3;Neutral
O04465;1;Negative
O04466;5;Positive
O04467;2;Negative
O04468;5;Positive
O04469;5;Positive
O04470;5;Positive
O04471;5;Positive
O04472;3;Neutral
O04473;1;Negative
O04474;5;Positive
O04475;3;Neutral
O04476;5;Positive
O04477;3;Neutral
O04478;4;Positive
O04479;4;Positive
O04480;4;Positive
O04481;3;Neutral
O04482;4;Positive
O04483;3;Neutral
O04484;3;Neutral
O04485;4;Positive
O04486;2;Negative
O04487;2;Negative
O04488;5;Positive
O04489;3;Neutral
O04490;4;Positive
O04491;3;Neutral
O04492;1;Negative
O04493;1;Negative
O04494;1;Negative
O04495;2;Negative
O04496;5;Positive
O04497;1;Negative
O04498;1;Negative
O04499;5;Positive
O04500;1;Negative
O04501;1;Negative
O04502;5;Positive
O04503;4;Positive
O04504;2;Negative
O04505;1;Negative
O04506;1;Negative
O04507;3;Neutral
O04508;4;Positive
O04509;5;Positive
O04510;1;Negative
O04511;3;Neutral
O04512;1;Negative
O04513;5;Positive
O04514;2;Negative
O04515;5;Positive
O04516;4;Positive
O04517;1;Negative
O04518;5;Positive
O04519;5;Positive
O04520;4;Positive
O04521;1;Negative
O04522;3;Neutral
O04523;3;Neutral
O04524;2;Negative
O04525;1;Negative
O04526;3;Neutral
O04527;2;Negative
O04528;2;Negative
O04529;5;Positive
O04530;5;Positive
O04531;3;Neutral
O04532;5;Positive
O04533;5;Positive
O04534;4;Positive
O04535;4;Positive
O04536;5;Positive
O04537;4;Positive
O04538;5;Positive
O04539;2;Negative
O04540;5;Positive
O04541;2;Negative
O04542;4;Positive
O04543;1;Negative
O04544;1;Negative
O04545;1;Negative
O04546;4;Positive
O04547;4;Positive
O04548;3;Neutral
O04549;4;Positive
O04550;4;Positive
O04551;1;Negative
O04552;1;Negative
O04553;5;Positive
O04554;5;Positive
O04555;3;Neutral
O04556;4;Positive
O04557;2;Negative
O04558;3;Neutral
O04559;5;Positive
O04560;2;Negative
O04561;2;Negative
O04562;2;Negative
O04563;4;Positive
O04564;5;Positive
O04565;2;Negative
O04566;2;Negative
O04567;2;Negative
O04568;2;Negative
O04569;1;Negative
O04570;4;Positive
O04571;4;Positive
O04572;2;Negative
O04573;3;Neutral
O04574;3;Neutral
O04575;4;Positive
O04576;5;Positive
O04577;5;Positive
O04578;4;Positive
O04579;4;Positive
O04580;5;Positive
O04581;4;Positive
O04582;2;Negative
O04583;5;Positive
O04584;4;Positive
O04585;4;Positive
O04586;3;Neutral
O04587;3;Neutral
O04588;3;Neutral
O04589;2;Negative
O04590;2;Negative
O04591;2;Negative
O04592;3;Neutral
O04593;5;Positive
O04594;1;Negative
O04595;1;Negative
O04596;1;Negative
O04597;1;Negative
O04598;1;Negative
O04599;3;Neutral
O04600;3;Neutral
O04601;2;Negative
O04602;5;Positive
O04603;1;Negative
O04604;2;Negative
O04605;2;Negative
O04606;2;Negative
O04607;3;Neutral
O04608;1;Negative
O04609;4;Positive
O04610;4;Positive
O04611;4;Positive
O04612;4;Positive
O04613;3;Neutral
O04614;5;Positive
O04615;2;Negative
O04616;5;Positive
O04617;3;Neutral
O04618;1;Negative
O04619;5;Positive
O04620;5;Positive
O04621;4;Positive
O04622;2;Negative
O04623;1;Negative
O04624;1;Negative
O04625;1;Negative
O04626;4;Positive
O04627;5;Positive
O04628;5;Positive
O04629;1;Negative
O04630;3;Neutral
O04631;1;Negative
O04632;3;Neutral
O04633;2;Negative
O04634;1;Negative
O04635;4;Positive
O04636;3;Neutral
O04637;1;Negative
O04638;3;Neutral
O04639;3;Neutral
O04640;1;Negative
O04641;4;Positive
O04642;4;Positive
O04643;4;Positive
O04644;3;Neutral
O04645;2;Negative
O04646;5;Positive
O04647;1;Negative
O04648;3;Neutral
O04649;4;Positive
O04650;3;Neutral
O04651;5;Positive
O04652;2;Negative
O04653;2;Negative
O04654;1;Negative
O04655;1;Negative
O04656;3;Neutral
O04657;2;Negative
O04658;5;Positive
O04659;4;Positive
O04660;2;Negative
O04661;1;Negative
O04662;4;Positive
O04663;2;Negative
O04664;5;Positive
O04665;2;Negative
O04666;2;Negative
O04667;3;Neutral
O04668;5;Positive
O04669;2;Negative
O04670;2;Negative
O04671;2;Negative
O04672;4;Positive
O04673;1;Negative
O04674;2;Negative
O04675;3;Neutral
O04676;4;Positive
O04677;2;Negative
O04678;2;Negative
O04679;2;Negative
O04680;2;Negative
O04681;2;Negative
O04682;3;Neutral
O04683;1;Negative
O04684;2;Negative
O04685;1;Negative
O04686;4;Positive
O04687;4;Positive
O04688;5;Positive
O04689;1;Negative
O04690;4;Positive
O04691;5;Positive
O04692;4;Positive
O04693;5;Positive
O04694;4;Positive
O04695;1;Negative
O04696;1;Negative
O04697;4;Positive
O04698;4;Positive
O04699;1;Negative
O04700;4;Positive
O04701;4;Positive
O04702;3;Neutral
O04703;2;Negative
O04704;3;Neutral
O04705;1;Negative
O04706;5;Positive
O04707;2;Negative
O04708;3;Neutral
O04709;4;Positive
O04710;5;Positive
O04711;5;Positive
O04712;1;Negative
O04713;3;Neutral
O04714;1;Negative
O04715;2;Negative
O04716;3;Neutral
O04717;5;Positive
O04718;3;Neutral
O04719;5;Positive
O04720;4;Positive
O04721;4;Positive
O04722;1;Negative
O04723;5;Positive
O04724;5;Positive
O04725;3;Neutral
O04726;4;Positive
O04727;1;Negative
O04728;3;Neutral
O04729;4;Positive
O04730;3;Neutral
O04731;2;Negative
O04732;2;Negative
O04733;1;Negative
O04734;5;Positive
O04735;2;Negative
O04736;5;Positive
O04737;4;Positive
O04738;3;Neutral
O04739;4;Positive
O04740;1;Negative
O04741;4;Positive
O04742;1;Negative
O04743;4;Positive
O04744;4;Positive
O04745;3;Neutral
O04746;2;Negative
O04747;5;Positive
O04748;3;Neutral
O04749;4;Positive
O04750;5;Positive
O04751;4;Positive
O04752;3;Neutral
O04753;2;Negative
O04754;1;Negative
O04755;5;Positive
O04756;3;Neutral
O04757;5;Positive
O04758;3;Neutral
O04759;3;Neutral
O04760;5;Positive
O04761;5;Positive
O04762;3;Neutral
O04763;5;Positive
O04764;5;Positive
O04765;2;Negative
O04766;5;Positive
O04767;1;Negative
O04768;1;Negative
O04769;5;Positive
O04770;1;Negative
O04771;2;Negative
O04772;5;Positive
O04773;2;Negative
O04774;1;Negative
O04775;4;Positive
O04776;4;Positive
O04777;5;Positive
O04778;2;Negative
O04779;1;Negative
O04780;2;Negative
O04781;4;Positive
O04782;4;Positive
O04783;2;Negative
O04784;1;Negative
O04785;5;Positive
O04786;2;Negative
O04787;3;Neutral
O04788;3;Neutral
O04789;5;Positive
O04790;5;Positive
O04791;1;Negative
O04792;5;Positive
O04793;2;Negative
O04794;3;Neutral
O04795;5;Positive
O04796;5;Positive
O04797;5;Positive
O04798;1;Negative
O04799;1;Negative
O04800;4;Positive
O04801;5;Positive
O04802;5;Positive
O04803;3;Neutral
O04804;3;Neutral
O04805;3;Neutral
O04806;1;Negative
O04807;3;Neutral
O04808;4;Positive
O04809;1;Negative
O04810;5;Positive
O04811;5;Positive
O04812;2;Negative
O04813;3;Neutral
O04814;5;Positive
O04815;1;Negative
O04816;4;Positive
O04817;1;Negative
O04818;4;Positive
O04819;5;Positive
O04820;3;Neutral
O04821;2;Negative
O04822;4;Positive
O04823;2;Negative
O04824;4;Positive
O04825;2;Negative
O04826;1;Negative
O04827;3;Neutral
O04828;1;Negative
O04829;4;Positive
O04830;2;Negative
O04831;2;Negative
O04832;4;Positive
O04833;2;Negative
O04834;4;Positive
O04835;3;Neutral
O04836;1;Negative
O04837;2;Negative
O04838;2;Negative
O04839;5;Positive
O04840;5;Positive
O04841;2;Negative
O04842;5;Positive
O04843;2;Negative
O04844;4;Positive
O04845;4;Positive
O04846;3;Neutral
O04847;1;Negative
O04848;1;Negative
O04849;3;Neutral
O04850;2;Negative
O04851;2;Negative
O04852;2;Negative
O04853;3;Neutral
O04854;5;Positive
O04855;4;Positive
O04856;2;Negative
O04857;3;Neutral
O04858;3;Neutral
O04859;4;Positive
O04860;5;Positive
O04861;2;Negative
O04862;2;Negative
O04863;3;Neutral
O04864;1;Negative
O04865;4;Positive
O04866;5;Positive
O04867;5;Positive
O04868;5;Positive
O04869;5;Positive
O04870;1;Negative
O04871;2;Negative
O04872;5;Positive
O04873;2;Negative
O04874;3;Neutral
O04875;1;Negative
O04876;5;Positive
O04877;3;Neutral
O04878;2;Negative
O04879;1;Negative
O04880;3;Neutral
O04881;5;Positive
O04882;4;Positive
O04883;2;Negative
O04884;5;Positive
O04885;2;Negative
O04886;3;Neutral
O04887;4;Positive
O04888;2;Negative
O04889;2;Negative
O04890;1;Negative
O04891;2;Negative
O04892;5;Positive
O04893;5;Positive
O04894;1;Negative
O04895;2;Negative
O04896;1;Negative
O04897;5;Positive
O04898;2;Negative
O04899;2;Negative
O04900;5;Positive
O04901;2;Negative
O04902;2;Negative
O04903;1;Negative
O04904;2;Negative
O04905;4;Positive
O04906;3;Neutral
O04907;5;Positive
O04908;5;Positive
O04909;1;Negative
O04910;1;Negative
O04911;2;Negative
O04912;5;Positive
O04913;3;Neutral
O04914;2;Negative
O04915;2;Negative
O04916;1;Negative
O04917;4;Positive
O04918;1;Negative
O04919;4;Positive
O04920;2;Negative
O04921;2;Negative
O04922;5;Positive
O04923;3;Neutral
O04924;1;Negative
O04925;1;Negative
O04926;2;Negative
O04927;5;Positive
O04928;5;Positive
O04929;1;Negative
O04930;4;Positive
O04931;1;Negative
O04932;5;Positive
O04933;3;Neutral
O04934;2;Negative
O04935;1;Negative
O04936;1;Negative
O04937;2;Negative
O04938;4;Positive
O04939;2;Negative
O04940;3;Neutral
O04941;5;Positive
O04942;3;Neutral
O04943;3;Neutral
O04944;3;Neutral
O04945;3;Neutral
O04946;5;Positive
O04947;1;Negative
O04948;1;Negative
O04949;5;Positive
O04950;2;Negative
O04951;1;Negative
O04952;5;Positive
O04953;1;Negative
O04954;2;Negative
O04955;5;Positive
O04956;2;Negative
O04957;2;Negative
O04958;1;Negative
O04959;1;Negative
O04960;4;Positive
O04961;2;Negative
O04962;3;Neutral
O04963;1;Negative
O04964;4;Positive
O04965;3;Neutral
O04966;3;Neutral
O04967;3;Neutral
O04968;5;Positive
O04969;3;Neutral
O04970;1;Negative
O04971;1;Negative
O04972;1;Negative
O04973;5;Positive
O04974;2;Negative
O04975;2;Negative
O04976;5;Positive
O04977;2;Negative
O04978;4;Positive
O04979;4;Positive
O04980;4;Positive
O04981;5;Positive
O04982;1;Negative
O04983;3;Neutral
O04984;4;Positive
O04985;1;Negative
O04986;3;Neutral
O04987;1;Negative
O04988;2;Negative
O04989;2;Negative
O04990;1;Negative
O04991;3;Neutral
O04992;2;Negative
O04993;1;Negative
O04994;3;Neutral
O04995;3;Neutral
O04996;5;Positive
O04997;5;Positive
O04998;1;Negative
O04999;3;Neutral
O05000;2;Negative
O05001;5;Positive
O05002;5;Positive
O05003;3;Neutral
O05004;1;Negative
O05005;2;Negative
O05006;3;Neutral
O05007;4;Positive
O05008;2;Negative
O05009;2;Negative
O05010;3;Neutral
O05011;5;Positive
O05012;5;Positive
O05013;4;Positive
O05014;1;Negative
O05015;2;Negative
O05016;4;Positive
O05017;5;Positive
O05018;3;Neutral
O05019;3;Neutral
O05020;3;Neutral
O05021;3;Neutral
O05022;5;Positive
O05023;3;Neutral
O05024;4;Positive
O05025;3;Neutral
O05026;4;Positive
O05027;4;Positive
O05028;2;Negative
O05029;5;Positive
O05030;4;Positive
O05031;5;Positive
O05032;5;Positive
O05033;1;Negative
O05034;5;Positive
O05035;4;Positive
O05036;1;Negative
O05037;5;Positive
O05038;2;Negative
O05039;1;Negative
O05040;1;Negative
O05041;1;Negative
O05042;5;Positive
O05043;4;Positive
O05044;4;Positive
O05045;1;Negative
O05046;4;Positive
O05047;1;Negative
O05048;4;Positive
O05049;4;Positive
O05050;3;Neutral
O05051;3;Neutral
O05052;2;Negative
O05053;4;Positive
O05054;1;Negative
O05055;3;Neutral
O05056;3;Neutral
O05057;3;Neutral
O05058;4;Positive
O05059;2;Negative
O05060;3;Neutral
O05061;1;Negative
O05062;4;Positive
O05063;4;Positive
O05064;5;Positive
O05065;2;Negative
O05066;5;Positive
O05067;2;Negative
O05068;1;Negative
O05069;1;Negative
O05070;2;Negative
O05071;4;Positive
O05072;4;Positive
O05073;2;Negative
O05074;5;Positive
O05075;1;Negative
O05076;3;Neutral
O05077;5;Positive
O05078;1;Negative
O05079;4;Positive
O05080;3;Neutral
O05081;5;Positive
O05082;2;Negative
O05083;2;Negative
O05084;2;Negative
O05085;3;Neutral
O05086;4;Positive
O05087;4;Positive
O05088;4;Positive
O05089;2;Negative
O05090;1;Negative
O05091;4;Positive
O05092;2;Negative
O05093;2;Negative
O05094;2;Negative
O05095;4;Positive
O05096;5;Positive
O05097;5;Positive
O05098;5;Positive
O05099;3;Neutral
O05100;3;Neutral
O05101;3;Neutral
O05102;1;Negative
O05103;1;Negative
O05104;1;Negative
O05105;2;Negative
O05106;4;Positive
O05107;2;Negative
O05108;5;Positive
O05109;3;Neutral
O05110;2;Negative
O05111;3;Neutral
O05112;1;Negative
O05113;5;Positive
O05114;5;Positive
O05115;4;Positive
O05116;2;Negative
O05117;2;Negative
O05118;4;Positive
O05119;2;Negative
O05120;1;Negative
O05121;2;Negative
O05122;4;Positive
O05123;3;Neutral
O05124;4;Positive
O05125;1;Negative
O05126;2;Negative
O05127;3;Neutral
O05128;1;Negative
O05129;1;Negative
O05130;5;Positive
O05131;2;Negative
O05132;1;Negative
O05133;4;Positive
O05134;4;Positive
O05135;3;Neutral
O05136;3;Neutral
O05137;5;Positive
O05138;2;Negative
O05139;2;Negative
O05140;2;Negative
O05141;1;Negative
O05142;4;Positive
O05143;1;Negative
O05144;4;Positive
O05145;2;Negative
O05146;2;Negative
O05147;4;Positive
O05148;1;Negative
O05149;3;Neutral
O05150;5;Positive
O05151;3;Neutral
O05152;5;Positive
O05153;3;Neutral
O05154;3;Neutral
O05155;4;Positive
O05156;3;Neutral
O05157;3;Neutral
O05158;4;Positive
O05159;2;Negative
O05160;5;Positive
O05161;5;Positive
O05162;5;Positive
O05163;1;Negative
O05164;5;Positive
O05165;2;Negative
O05166;3;Neutral
O05167;1;Negative
O05168;4;Positive
O05169;5;Positive
O05170;1;Negative
O05171;4;Positive
O05172;2;Negative
O05173;1;Negative
O05174;1;Negative
O05175;4;Positive
O05176;2;Negative
O05177;4;Positive
O05178;4;Positive
O05179;1;Negative
O05180;5;Positive
O05181;4;Positive
O05182;3;Neutral
O05183;4;Positive
O05184;4;Positive
O05185;1;Negative
O05186;1;Negative
O05187;4;Positive
O05188;2;Negative
O05189;5;Positive
O05190;5;Positive
O05191;5;Positive
O05192;2;Negative
O05193;1;Negative
O05194;1;Negative
O05195;3;Neutral
O05196;2;Negative
O05197;3;Neutral
O05198;2;Negative
O05199;3;Neutral
O05200;4;Positive
O05201;1;Negative
O05202;1;Negative
O05203;2;Negative
O05204;4;Positive
O05205;5;Positive
O05206;4;Positive
O05207;4;Positive
O05208;2;Negative
O05209;2;Negative
O05210;2;Negative
O05211;2;Negative
O05212;5;Positive
O05213;4;Positive
O05214;2;Negative
O05215;2;Negative
O05216;4;Positive
O05217;4;Positive
O05218;2;Negative
O05219;1;Negative
O05220;4;Positive
O05221;2;Negative
O05222;3;Neutral
O05223;1;Negative
O05224;4;Positive
O05225;1;Negative
O05226;3;Neutral
O05227;3;Neutral
O05228;2;Negative
O05229;1;Negative
O05230;4;Positive
O05231;3;Neutral
O05232;3;Neutral
O05233;5;Positive
O05234;5;Positive
O05235;3;Neutral
O05236;4;Positive
O05237;3;Neutral
O05238;5;Positive
O05239;4;Positive
O05240;5;Positive
O05241;4;Positive
O05242;1;Negative
O05243;4;Positive
O05244;3;Neutral
O05245;5;Positive
O05246;2;Negative
O05247;1;Negative
O05248;2;Negative
O05249;1;Negative
O05250;3;Neutral
O05251;2;Negative
O05252;1;Negative
O05253;1;Negative
O05254;3;Neutral
O05255;4;Positive
O05256;2;Negative
O05257;4;Positive
O05258;1;Negative
O05259;3;Neutral
O05260;1;Negative
O05261;2;Negative
O05262;1;Negative
O05263;1;Negative
O05264;4;Positive
O05265;3;Neutral
O05266;2;Negative
O05267;5;Positive
O05268;3;Neutral
O05269;5;Positive
O05270;5;Positive
O05271;3;Neutral
O05272;1;Negative
O05273;4;Positive
O05274;4;Positive
O05275;4;Positive
O05276;2;Negative
O05277;3;Neutral
O05278;2;Negative
O05279;3;Neutral
O05280;3;Neutral
O05281;3;Neutral
O05282;1;Negative
O05283;1;Negative
O05284;4;Positive
O05285;2;Negative
O05286;3;Neutral
O05287;4;Positive
O05288;4;Positive
O05289;4;Positive
O05290;1;Negative
O05291;5;Positive
O05292;3;Neutral
O05293;1;Negative
O05294;2;Negative
O05295;2;Negative
O05296;3;Neutral
O05297;2;Negative
O05298;1;Negative
O05299;3;Neutral
O05300;5;Positive
O05301;5;Positive
O05302;3;Neutral
O05303;3;Neutral
O05304;2;Negative
O05305;1;Negative
O05306;2;Negative
O05307;1;Negative
O05308;3;Neutral
O05309;2;Negative
O05310;5;Positive
O05311;3;Neutral
O05312;1;Negative
O05313;2;Negative
O05314;1;Negative
O05315;3;Neutral
O05316;5;Positive
O05317;1;Negative
O05318;4;Positive
O05319;1;Negative
O05320;2;Negative
O05321;2;Negative
O05322;5;Positive
O05323;3;Neutral
O05324;2;Negative
O05325;5;Positive
O05326;2;Negative
O05327;1;Negative
O05328;1;Negative
O05329;4;Positive
O05330;4;Positive
O05331;1;Negative
O05332;5;Positive
O05333;4;Positive
O05334;5;Positive
O05335;1;Negative
O05336;4;Positive
O05337;3;Neutral
O05338;4;Positive
O05339;5;Positive
O05340;4;Positive
O05341;1;Negative
O05342;2;Negative
O05343;4;Positive
O05344;3;Neutral
O05345;2;Negative
O05346;3;Neutral
O05347;2;Negative
O05348;2;Negative
O05349;3;Neutral
O05350;5;Positive
O05351;2;Negative
O05352;2;Negative
O05353;3;Neutral
O05354;4;Positive
O05355;4;Positive
O05356;4;Positive
O05357;1;Negative
O05358;2;Negative
O05359;1;Negative
O05360;4;Positive
O05361;1;Negative
O05362;1;Negative
O05363;4;Positive
O05364;5;Positive
O05365;4;Positive
O05366;4;Positive
O05367;2;Negative
O05368;3;Neutral
O05369;5;Positive
O05370;2;Negative
O05371;3;Neutral
O05372;1;Negative
O05373;3;Neutral
O05374;4;Positive
O05375;4;Positive
O05376;3;Neutral
O05377;2;Negative
O05378;5;Positive
O05379;5;Positive
O05380;5;Positive
O05381;1;Negative
O05382;2;Negative
O05383;3;Neutral
O05384;4;Positive
O05385;3;Neutral
O05386;2;Negative
O05387;3;Neutral
O05388;5;Positive
O05389;3;Neutral
O05390;3;Neutral
O05391;3;Neutral
O05392;1;Negative
O05393;2;Negative
O05394;3;Neutral
O05395;3;Neutral
O05396;1;Negative
O05397;2;Negative
O05398;5;Positive
O05399;5;Positive
O05400;5;Positive
O05401;5;Positive
O05402;5;Positive
O05403;5;Positive
O05404;1;Negative
O05405;3;Neutral
O05406;4;Positive
O05407;5;Positive
O05408;4;Positive
O05409;3;Neutral
O05410;4;Positive
O05411;4;Positive
O05412;5;Positive
O05413;1;Negative
O05414;5;Positive
O05415;5;Positive
O05416;3;Neutral
O05417;4;Positive
O05418;4;Positive
O05419;1;Negative
O05420;3;Neutral
O05421;3;Neutral
O05422;5;Positive
O05423;2;Negative
O05424;5;Positive
O05425;1;Negative
O05426;2;Negative
O05427;1;Negative
O05428;2;Negative
O05429;5;Positive
O05430;3;Neutral
O05431;3;Neutral
O05432;5;Positive
O05433;5;Positive
O05434;4;Positive
O05435;5;Positive
O05436;1;Negative
O05437;5;Positive
O05438;2;Negative
O05439;4;Positive
O05440;2;Negative
O05441;5;Positive
O05442;5;Positive
O05443;1;Negative
O05444;1;Negative
O05445;3;Neutral
O05446;3;Neutral
O05447;5;Positive
O05448;1;Negative
O05449;1;Negative
O05450;1;Negative
O05451;2;Negative
O05452;4;Positive
O05453;2;Negative
O05454;1;Negative
O05455;1;Negative
O05456;1;Negative
O05457;3;Neutral
O05458;5;Positive
O05459;5;Positive
O05460;5;Positive
O05461;3;Neutral
O05462;5;Positive
O05463;2;Negative
O05464;3;Neutral
O05465;1;Negative
O05466;2;Negative
O05467;4;Positive
O05468;1;Negative
O05469;4;Positive
O05470;5;Positive
O05471;4;Positive
O05472;2;Negative
O05473;2;Negative
O05474;2;Negative
O05475;3;Neutral
O05476;4;Positive
O05477;3;Neutral
O05478;5;Positive
O05479;4;Positive
O05480;4;Positive
O05481;1;Negative
O05482;4;Positive
O05483;4;Positive
O05484;2;Negative
O05485;3;Neutral
O05486;3;Neutral
O05487;4;Positive
O05488;2;Negative
O05489;3;Neutral
O05490;4;Positive
O05491;1;Negative
O05492;3;Neutral
O05493;4;Positive
O05494;3;Neutral
O05495;4;Positive
O05496;4;Positive
O05497;2;Negative
O05498;1;Negative
O05499;3;Neutral
O05500;3;Neutral
O05501;5;Positive
O05502;4;Positive
O05503;2;Negative
O05504;5;Positive
O05505;1;Negative
O05506;3;Neutral
O05507;5;Positive
O05508;1;Negative
O05509;1;Negative
O05510;3;Neutral
O05511;5;Positive
O05512;4;Positive
O05513;1;Negative
O05514;4;Positive
O05515;1;Negative
O05516;1;Negative
O05517;4;Positive
O05518;2;Negative
O05519;1;Negative
O05520;4;Positive
O05521;1;Negative
O05522;4;Positive
O05523;4;Positive
O05524;1;Negative
O05525;1;Negative
O05526;5;Positive
O05527;2;Negative
O05528;3;Neutral
O05529;1;Negative
O05530;5;Positive
O05531;1;Negative
O05532;2;Negative
O05533;3;Neutral
O05534;5;Positive
O05535;3;Neutral
O05536;4;Positive
O05537;2;Negative
O05538;5;Positive
O05539;2;Negative
O05540;4;Positive
O05541;2;Negative
O05542;4;Positive
O05543;4;Positive
O05544;3;Neutral
O05545;3;Neutral
O05546;3;Neutral
O05547;5;Positive
O05548;2;Negative
O05549;5;Positive
O05550;4;Positive
O05551;5;Positive
O05552;1;Negative
O05553;1;Negative
O05554;3;Neutral
O05555;4;Positive
O05556;3;Neutral
O05557;5;Positive
O05558;3;Neutral
O05559;3;Neutral
O05560;1;Negative
O05561;4;Positive
O05562;1;Negative
O05563;4;Positive
O05564;3;Neutral
O05565;4;Positive
O05566;4;Positive
O05567;3;Neutral
O05568;4;Positive
O05569;3;Neutral
O05570;2;Negative
O05571;5;Positive
O05572;2;Negative
O05573;2;Negative
O05574;3;Neutral
O05575;1;Negative
O05576;5;Positive
O05577;2;Negative
O05578;1;Negative
O05579;2;Negative
O05580;4;Positive
O05581;4;Positive
O05582;5;Positive
O05583;2;Negative
O05584;5;Positive
O05585;4;Positive
O05586;5;Positive
O05587;1;Negative
O05588;4;Positive
O05589;5;Positive
O05590;4;Positive
O05591;5;Positive
O05592;3;Neutral
O05593;4;Positive
O05594;2;Negative
O05595;4;Positive
O05596;3;Neutral
O05597;3;Neutral
O05598;3;Neutral
O05599;4;Positive
O05600;2;Negative
O05601;1;Negative
O05602;1;Negative
O05603;3;Neutral
O05604;4;Positive
O05605;4;Positive
O05606;4;Positive
O05607;5;Positive
O05608;3;Neutral
O05609;3;Neutral
O05610;2;Negative
O05611;2;Negative
O05612;5;Positive
O05613;5;Positive
O05614;5;Positive
O05615;3;Neutral
O05616;1;Negative
O05617;4;Positive
O05618;3;Neutral
O05619;1;Negative
O05620;2;Negative
O05621;1;Negative
O05622;5;Positive
O05623;4;Positive
O05624;3;Neutral
O05625;1;Negative
O05626;1;Negative
O05627;1;Negative
O05628;4;Positive
O05629;4;Positive
O05630;3;Neutral
O05631;2;Negative
O05632;2;Negative
O05633;1;Negative
O05634;5;Positive
O05635;2;Negative
O05636;4;Positive
O05637;1;Negative
O05638;3;Neutral
O05639;2;Negative
O05640;3;Neutral
O05641;4;Positive
O05642;4;Positive
O05643;3;Neutral
O05644;5;Positive
O05645;1;Negative
O05646;1;Negative
O05647;1;Negative
O05648;1;Negative
O05649;3;Neutral
O05650;4;Positive
O05651;2;Negative
O05652;2;Negative
O05653;2;Negative
O05654;5;Positive
O05655;4;Positive
O05656;5;Positive
O05657;4;Positive
O05658;1;Negative
O05659;5;Positive
O05660;3;Neutral
O05661;1;Negative
O05662;3;Neutral
O05663;4;Positive
O05664;1;Negative
O05665;3;Neutral
O05666;1;Negative
O05667;1;Negative
O05668;5;Positive
O05669;3;Neutral
O05670;4;Positive
O05671;4;Positive
O05672;3;Neutral
O05673;4;Positive
O05674;5;Positive
O05675;3;Neutral
O05676;2;Negative
O05677;3;Neutral
O05678;1;Negative
O05679;5;Positive
O05680;2;Negative
O05681;3;Neutral
O05682;1;Negative
O05683;5;Positive
O05684;1;Negative
O05685;5;Positive
O05686;5;Positive
O05687;3;Neutral
O05688;5;Positive
O05689;5;Positive
O05690;3;Neutral
O05691;4;Positive
O05692;5;Positive
O05693;1;Negative
O05694;4;Positive
O05695;4;Positive
O05696;3;Neutral
O05697;4;Positive
O05698;3;Neutral
O05699;2;Negative
O05700;5;Positive
O05701;5;Positive
O05702;2;Negative
O05703;3;Neutral
O05704;4;Positive
O05705;2;Negative
O05706;4;Positive
O05707;5;Positive
O05708;1;Negative
O05709;4;Positive
O05710;5;Positive
O05711;3;Neutral
O05712;1;Negative
O05713;2;Negative
O05714;3;Neutral
O05715;2;Negative
O05716;2;Negative
O05717;2;Negative
O05718;4;Positive
O05719;5;Positive
O05720;3;Neutral
O05721;4;Positive
O05722;2;Negative
O05723;5;Positive
O05724;5;Positive
O05725;3;Neutral
O05726;4;Positive
O05727;4;Positive
O05728;4;Positive
O05729;4;Positive
O05730;3;Neutral
O05731;4;Positive
O05732;1;Negative
O05733;2;Negative
O05734;1;Negative
O05735;4;Positive
O05736;4;Positive
O05737;3;Neutral
O05738;3;Neutral
O05739;3;Neutral
O05740;2;Negative
O05741;5;Positive
O05742;3;Neutral
O05743;3;Neutral
O05744;5;Positive
O05745;3;Neutral
O05746;5;Positive
O05747;1;Negative
O05748;4;Positive
O05749;1;Negative
O05750;2;Negative
O05751;2;Negative
O05752;5;Positive
O05753;3;Neutral
O05754;3;Neutral
O05755;3;Neutral
O05756;4;Positive
O05757;3;Neutral
O05758;5;Positive
O05759;3;Neutral
O05760;5;Positive
O05761;1;Negative
O05762;3;Neutral
O05763;1;Negative
O05764;5;Positive
O05765;4;Positive
O05766;1;Negative
O05767;4;Positive
O05768;4;Positive
O05769;4;Positive
O05770;3;Neutral
O05771;1;Negative
O05772;5;Positive
O05773;3;Neutral
O05774;1;Negative
O05775;1;Negative
O05776;2;Negative
O05777;2;Negative
O05778;5;Positive
O05779;3;Neutral
O05780;4;Positive
O05781;5;Positive
O05782;1;Negative
O05783;1;Negative
O05784;3;Neutral
O05785;3;Neutral
O05786;3;Neutral
O05787;3;Neutral
O05788;4;Positive
O05789;5;Positive
O05790;3;Neutral
O05791;5;Positive
O05792;3;Neutral
O05793;1;Negative
O05794;1;Negative
O05795;4;Positive
O05796;5;Positive
O05797;2;Negative
O05798;4;Positive
O05799;4;Positive
O05800;1;Negative
O05801;1;Negative
O05802;2;Negative
O05803;1;Negative
O05804;4;Positive
O05805;3;Neutral
O05806;3;Neutral
O05807;3;Neutral
O05808;5;Positive
O05809;4;Positive
O05810;5;Positive
O05811;5;Positive
O05812;4;Positive
O05813;1;Negative
O05814;2;Negative
O05815;2;Negative
O05816;2;Negative
O05817;5;Positive
O05818;5;Positive
O05819;4;Positive
O05820;1;Negative
O05821;4;Positive
O05822;4;Positive
O05823;3;Neutral
O05824;2;Negative
O05825;1;Negative
O05826;3;Neutral
O05827;5;Positive
O05828;4;Positive
O05829;5;Positive
O05830;1;Negative
O05831;1;Negative
O05832;2;Negative
O05833;2;Negative
O05834;2;Negative
O05835;5;Positive
O05836;4;Positive
O05837;4;Positive
O05838;3;Neutral
O05839;5;Positive
O05840;5;Positive
O05841;2;Negative
O05842;2;Negative
O05843;4;Positive
O05844;2;Negative
O05845;4;Positive
O05846;4;Positive
O05847;5;Positive
O05848;1;Negative
O05849;5;Positive
O05850;1;Negative
O05851;3;Neutral
O05852;1;Negative
O05853;5;Positive
O05854;5;Positive
O05855;1;Negative
O05856;5;Positive
O05857;4;Positive
O05858;3;Neutral
O05859;4;Positive
O05860;4;Positive
O05861;5;Positive
O05862;5;Positive
O05863;4;Positive
O05864;1;Negative
O05865;1;Negative
O05866;1;Negative
O05867;2;Negative
O05868;2;Negative
O05869;5;Positive
O05870;2;Negative
O05871;1;Negative
O05872;3;Neutral
O05873;5;Positive
O05874;3;Neutral
O05875;3;Neutral
O05876;3;Neutral
O05877;2;Negative
O05878;1;Negative
O05879;4;Positive
O05880;5;Positive
O05881;5;Positive
O05882;1;Negative
O05883;4;Positive
O05884;4;Positive
O05885;5;Positive
O05886;5;Positive
O05887;3;Neutral
O05888;2;Negative
O05889;5;Positive
O05890;4;Positive
O05891;1;Negative
O05892;5;Positive
O05893;3;Neutral
O05894;1;Negative
O05895;5;Positive
O05896;4;Positive
O05897;2;Negative
O05898;2;Negative
O05899;1;Negative
O05900;3;Neutral
O05901;2;Negative
O05902;5;Positive
O05903;2;Negative
O05904;2;Negative
O05905;5;Positive
O05906;2;Negative
O05907;3;Neutral
O05908;5;Positive
O05909;4;Positive
O05910;5;Positive
O05911;4;Positive
O05912;2;Negative
O05913;2;Negative
O05914;1;Negative
O05915;2;Negative
O05916;4;Positive
O05917;3;Neutral
O05918;1;Negative
O05919;5;Positive
O05920;3;Neutral
O05921;3;Neutral
O05922;5;Positive
O05923;5;Positive
O05924;2;Negative
O05925;5;Positive
O05926;3;Neutral
O05927;3;Neutral
O05928;1;Negative
O05929;3;Neutral
O05930;5;Positive
O05931;4;Positive
O05932;5;Positive
O05933;5;Positive
O05934;1;Negative
O05935;3;Neutral
O05936;3;Neutral
O05937;3;Neutral
O05938;1;Negative
O05939;5;Positive
O05940;1;Negative
O05941;1;Negative
O05942;5;Positive
O05943;1;Negative
O05944;4;Positive
O05945;4;Positive
O05946;2;Negative
O05947;3;Neutral
O05948;1;Negative
O05949;2;Negative
O05950;1;Negative
O05951;2;Negative
O05952;2;Negative
O05953;5;Positive
O05954;2;Negative
O05955;2;Negative
O05956;3;Neutral
O05957;5;Positive
O05958;1;Negative
O05959;3;Neutral
O05960;4;Positive
O05961;1;Negative
O05962;4;Positive
O05963;3;Neutral
O05964;5;Positive
O05965;3;Neutral
O05966;4;Positive
O05967;3;Neutral
O05968;3;Neutral
O05969;5;Positive
O05970;5;Positive
O05971;4;Positive
O05972;5;Positive
O05973;5;Positive
O05974;1;Negative
O05975;5;Positive
O05976;5;Positive
O05977;2;Negative
O05978;1;Negative
O05979;2;Negative
O05980;4;Positive
O05981;5;Positive
O05982;1;Negative
O05983;4;Positive
O05984;2;Negative
O05985;1;Negative
O05986;3;Neutral
O05987;1;Negative
O05988;4;Positive
O05989;1;Negative
O05990;1;Negative
O05991;5;Positive
O05992;3;Neutral
O05993;2;Negative
O05994;4;Positive
O05995;4;Positive
O05996;3;Neutral
O05997;2;Negative
O05998;3;Neutral
O05999;1;Negative
O06000;1;Negative
O06001;1;Negative
O06002;3;Neutral
O06003;4;Positive
O06004;2;Negative
O06005;1;Negative
O06006;4;Positive
O06007;5;Positive
O06008;4;Positive
O06009;3;Neutral
O06010;1;Negative
O06011;3;Neutral
O06012;3;Neutral
O06013;5;Positive
O06014;5;Positive
O06015;5;Positive
O06016;2;Negative
O06017;1;Negative
O06018;4;Positive
O06019;4;Positive
O06020;5;Positive
O06021;2;Negative
O06022;4;Positive
O06023;5;Positive
O06024;2;Negative
O06025;5;Positive
O06026;4;Positive
O06027;4;Positive
O06028;4;Positive
O06029;1;Negative
O06030;5;Positive
O06031;2;Negative
O06032;1;Negative
O06033;1;Negative
O06034;1;Negative
O06035;5;Positive
O06036;3;Neutral
O06037;4;Positive
O06038;5;Positive
O06039;5;Positive
O06040;4;Positive
O06041;5;Positive
O06042;3;Neutral
O06043;4;Positive
O06044;2;Negative
O06045;5;Positive
O06046;3;Neutral
O06047;4;Positive
O06048;2;Negative
O06049;5;Positive
O06050;3;Neutral
O06051;2;Negative
O06052;1;Negative
O06053;4;Positive
O06054;2;Negative
O06055;2;Negative
O06056;1;Negative
O06057;1;Negative
O06058;1;Negative
O06059;5;Positive
O06060;5;Positive
O06061;4;Positive
O06062;2;Negative
O06063;2;Negative
O06064;1;Negative
O06065;5;Positive
O06066;3;Neutral
O06067;1;Negative
O06068;4;Positive
O06069;1;Negative
O06070;5;Positive
O06071;1;Negative
O06072;3;Neutral
O06073;4;Positive
O06074;5;Positive
O06075;4;Positive
O06076;4;Positive
O06077;4;Positive
O06078;5;Positive
O06079;1;Negative
O06080;2;Negative
O06081;1;Negative
O06082;2;Negative
O06083;1;Negative
O06084;1;Negative
O06085;2;Negative
O06086;2;Negative
O06087;4;Positive
O06088;5;Positive
O06089;5;Positive
O06090;2;Negative
O06091;2;Negative
O06092;1;Negative
O06093;1;Negative
O06094;4;Positive
O06095;1;Negative
O06096;5;Positive
O06097;5;Positive
O06098;1;Negative
O06099;4;Positive
O06100;4;Positive
O06101;1;Negative
O06102;1;Negative
O06103;4;Positive
O06104;1;Negative
O06105;1;Negative
O06106;4;Positive
O06107;5;Positive
O06108;1;Negative
O06109;4;Positive
O06110;4;Positive
O06111;2;Negative
O06112;4;Positive
O06113;4;Positive
O06114;2;Negative
O06115;3;Neutral
O06116;2;Negative
O06117;3;Neutral
O06118;1;Negative
O06119;1;Negative
O06120;1;Negative
O06121;5;Positive
O06122;4;Positive
O06123;1;Negative
O06124;3;Neutral
O06125;2;Negative
O06126;5;Positive
O06127;1;Negative
O06128;1;Negative
O06129;4;Positive
O06130;3;Neutral
O06131;4;Positive
O06132;2;Negative
O06133;5;Positive
O06134;1;Negative
O06135;3;Neutral
O06136;5;Positive
O06137;1;Negative
O06138;4;Positive
O06139;3;Neutral
O06140;2;Negative
O06141;2;Negative
O06142;2;Negative
O06143;5;Positive
O06144;1;Negative
O06145;2;Negative
O06146;1;Negative
O06147;1;Negative
O06148;1;Negative
O06149;5;Positive
O06150;3;Neutral
O06151;3;Neutral
O06152;2;Negative
O06153;5;Positive
O06154;1;Negative
O06155;1;Negative
O06156;3;Neutral
O06157;1;Negative
O06158;1;Negative
O06159;1;Negative
O06160;2;Negative
O06161;5;Positive
O06162;5;Positive
O06163;3;Neutral
O06164;5;Positive
O06165;1;Negative
O06166;1;Negative
O06167;1;Negative
O06168;3;Neutral
O06169;4;Positive
O06170;2;Negative
O06171;1;Negative
O06172;1;Negative
O06173;1;Negative
O06174;5;Positive
O06175;1;Negative
O06176;1;Negative
O06177;1;Negative
O06178;4;Positive
O06179;2;Negative
O06180;2;Negative
O06181;2;Negative
O06182;3;Neutral
O06183;4;Positive
O06184;5;Positive
O06185;3;Neutral
O06186;4;Positive
O06187;2;Negative
O06188;2;Negative
O06189;4;Positive
O06190;2;Negative
O06191;1;Negative
O06192;3;Neutral
O06193;1;Negative
O06194;3;Neutral
O06195;3;Neutral
O06196;4;Positive
O06197;4;Positive
O06198;4;Positive
O06199;2;Negative
O06200;2;Negative
O06201;3;Neutral
O06202;1;Negative
O06203;4;Positive
O06204;3;Neutral
O06205;5;Positive
O06206;3;Neutral
O06207;2;Negative
O06208;2;Negative
O06209;1;Negative
O06210;5;Positive
O06211;5;Positive
O06212;2;Negative
O06213;1;Negative
O06214;1;Negative
O06215;4;Positive
O06216;2;Negative
O06217;5;Positive
O06218;3;Neutral
O06219;2;Negative
O06220;1;Negative
O06221;3;Neutral
O06222;5;Positive
O06223;5;Positive
O06224;3;Neutral
O06225;5;Positive
O06226;4;Positive
O06227;2;Negative
O06228;3;Neutral
O06229;3;Neutral
O06230;3;Neutral
O06231;5;Positive
O06232;1;Negative
O06233;3;Neutral
O06234;2;Negative
O06235;3;Neutral
O06236;2;Negative
O06237;1;Negative
O06238;1;Negative
O06239;3;Neutral
O06240;1;Negative
O06241;3;Neutral
O06242;5;Positive
O06243;4;Positive
O06244;3;Neutral
O06245;5;Positive
O06246;2;Negative
O06247;2;Negative
O06248;5;Positive
O06249;3;Neutral
O06250;5;Positive
O06251;3;Neutral
O06252;4;Positive
O06253;3;Neutral
O06254;3;Neutral
O06255;3;Neutral
O06256;2;Negative
O06257;3;Neutral
O06258;4;Positive
O06259;4;Positive
O06260;2;Negative
O06261;4;Positive
O06262;1;Negative
O06263;1;Negative
O06264;4;Positive
O06265;3;Neutral
O06266;5;Positive
O06267;3;Neutral
O06268;5;Positive
O06269;4;Positive
O06270;3;Neutral
O06271;4;Positive
O06272;4;Positive
O06273;5;Positive
O06274;3;Neutral
O06275;1;Negative
O06276;1;Negative
O06277;4;Positive
O06278;4;Positive
O06279;2;Negative
O06280;4;Positive
O06281;2;Negative
O06282;4;Positive
O06283;2;Negative
O06284;2;Negative
O06285;1;Negative
O06286;2;Negative
O06287;5;Positive
O06288;1;Negative
O06289;5;Positive
O06290;3;Neutral
O06291;4;Positive
O06292;1;Negative
O06293;1;Negative
O06294;5;Positive
O06295;2;Negative
O06296;5;Positive
O06297;5;Positive
O06298;5;Positive
O06299;3;Neutral
O06300;4;Positive
O06301;1;Negative
O06302;2;Negative
O06303;5;Positive
O06304;4;Positive
O06305;3;Neutral
O06306;1;Negative
O06307;3;Neutral
O06308;3;Neutral
O06309;4;Positive
O06310;2;Negative
O06311;2;Negative
O06312;5;Positive
O06313;2;Negative
O06314;5;Positive
O06315;2;Negative
O06316;3;Neutral
O06317;3;Neutral
O06318;2;Negative
O06319;1;Negative
O06320;5;Positive
O06321;5;Positive
O06322;5;Positive
O06323;5;Positive
O06324;1;Negative
O06325;5;Positive
O06326;1;Negative
O06327;2;Negative
O06328;5;Positive
O06329;2;Negative
O06330;2;Negative
O06331;1;Negative
O06332;3;Neutral
O06333;3;Neutral
O06334;2;Negative
O06335;4;Positive
O06336;5;Positive
O06337;3;Neutral
O06338;1;Negative
O06339;1;Negative
O06340;3;Neutral
O06341;2;Negative
O06342;5;Positive
O06343;4;Positive
O06344;4;Positive
O06345;5;Positive
O06346;2;Negative
O06347;4;Positive
O06348;5;Positive
O06349;2;Negative
O06350;3;Neutral
O06351;5;Positive
O06352;2;Negative
O06353;4;Positive
O06354;2;Negative
O06355;1;Negative
O06356;4;Positive
O06357;4;Positive
O06358;1;Negative
O06359;5;Positive
O06360;5;Positive
O06361;4;Positive
O06362;4;Positive
O06363;1;Negative
O06364;4;Positive
O06365;2;Negative
O06366;1;Negative
O06367;4;Positive
O06368;5;Positive
O06369;4;Positive
O06370;1;Negative
O06371;2;Negative
O06372;1;Negative
O06373;3;Neutral
O06374;3;Neutral
O06375;2;Negative
O06376;4;Positive
O06377;1;Negative
O06378;4;Positive
O06379;4;Positive
O06380;2;Negative
O06381;1;Negative
O06382;2;Negative
O06383;5;Positive
O06384;5;Positive
O06385;4;Positive
O06386;2;Negative
O06387;1;Negative
O06388;3;Neutral
O06389;3;Neutral
O06390;1;Negative
O06391;5;Positive
O06392;4;Positive
O06393;1;Negative
O06394;4;Positive
O06395;4;Positive
O06396;1;Negative
O06397;5;Positive
O06398;2;Negative
O06399;5;Positive
O06400;1;Negative
O06401;4;Positive
O06402;2;Negative
O06403;2;Negative
O06404;5;Positive
O06405;4;Positive
O06406;1;Negative
O06407;5;Positive
O06408;1;Negative
O06409;2;Negative
O06410;4;Positive
O06411;1;Negative
O06412;2;Negative
O06413;3;Neutral
O06414;4;Positive
O06415;3;Neutral
O06416;3;Neutral
O06417;5;Positive
O06418;3;Neutral
O06419;1;Negative
O06420;5;Positive
O06421;4;Positive
O06422;4;Positive
O06423;5;Positive
O06424;2;Negative
O06425;1;Negative
O06426;3;Neutral
O06427;5;Positive
O06428;3;Neutral
O06429;1;Negative
O06430;4;Positive
O06431;5;Positive
O06432;1;Negative
O06433;1;Negative
O06434;4;Positive
O06435;4;Positive
O06436;3;Neutral
O06437;5;Positive
O06438;3;Neutral
O06439;4;Positive
O06440;1;Negative
O06441;2;Negative
O06442;1;Negative
O06443;3;Neutral
O06444;5;Positive
O06445;4;Positive
O06446;1;Negative
O06447;4;Positive
O06448;1;Negative
O06449;5;Positive
O06450;5;Positive
O06451;3;Neutral
O06452;1;Negative
O06453;4;Positive
O06454;4;Positive
O06455;3;Neutral
O06456;5;Positive
O06457;3;Neutral
O06458;1;Negative
O06459;1;Negative
O06460;4;Positive
O06461;5;Positive
O06462;3;Neutral
O06463;5;Positive
O06464;4;Positive
O06465;2;Negative
O06466;5;Positive
O06467;4;Positive
O06468;5;Positive
O06469;2;Negative
O06470;2;Negative
O06471;3;Neutral
O06472;4;Positive
O06473;4;Positive
O06474;1;Negative
O06475;4;Positive
O06476;4;Positive
O06477;5;Positive
O06478;3;Neutral
O06479;5;Positive
O06480;2;Negative
O06481;1;Negative
O06482;3;Neutral
O06483;4;Positive
O06484;3;Neutral
O06485;1;Negative
O06486;3;Neutral
O06487;4;Positive
O06488;3;Neutral
O06489;5;Positive
O06490;2;Negative
O06491;4;Positive
O06492;5;Positive
O06493;3;Neutral
O06494;1;Negative
O06495;2;Negative
O06496;5;Positive
O06497;1;Negative
O06498;5;Positive
O06499;5;Positive
O06500;5;Positive
O06501;4;Positive
O06502;5;Positive
O06503;5;Positive
O06504;1;Negative
O06505;4;Positive
O06506;1;Negative
O06507;5;Positive
O06508;1;Negative
O06509;5;Positive
O06510;4;Positive
O06511;2;Negative
O06512;4;Positive
O06513;4;Positive
O06514;2;Negative
O06515;5;Positive
O06516;3;Neutral
O06517;5;Positive
O06518;2;Negative
O06519;3;Neutral
O06520;3;Neutral
O06521;4;Positive
O06522;3;Neutral
O06523;5;Positive
O06524;5;Positive
O06525;1;Negative
O06526;1;Negative
O06527;3;Neutral
O06528;3;Neutral
O06529;2;Negative
O06530;3;Neutral
O06531;2;Negative
O06532;1;Negative
O06533;3;Neutral
O06534;4;Positive
O06535;4;Positive
O06536;3;Neutral
O06537;2;Negative
O06538;4;Positive
O06539;3;Neutral
O06540;3;Neutral
O06541;3;Neutral
O06542;3;Neutral
O06543;4;Positive
O06544;4;Positive
O06545;3;Neutral
O06546;3;Neutral
O06547;4;Positive
O06548;1;Negative
O06549;1;Negative
O06550;2;Negative
O06551;3;Neutral
O06552;2;Negative
O06553;3;Neutral
O06554;4;Positive
O06555;5;Positive
O06556;3;Neutral
O06557;2;Negative
O06558;2;Negative
O06559;3;Neutral
O06560;2;Negative
O06561;1;Negative
O06562;1;Negative
O06563;1;Negative
O06564;5;Positive
O06565;4;Positive
O06566;2;Negative
O06567;2;Negative
O06568;1;Negative
O06569;5;Positive
O06570;5;Positive
O06571;3;Neutral
O06572;4;Positive
O06573;1;Negative
O06574;1;Negative
O06575;3;Neutral
O06576;5;Positive
O06577;2;Negative
O06578;4;Positive
O06579;5;Positive
O06580;2;Negative
O06581;4;Positive
O06582;5;Positive
O06583;1;Negative
O06584;5;Positive
O06585;3;Neutral
O06586;1;Negative
O06587;3;Neutral
O06588;4;Positive
O06589;4;Positive
O06590;4;Positive
O06591;3;Neutral
O06592;3;Neutral
O06593;3;Neutral
O06594;1;Negative
O06595;1;Negative
O06596;2;Negative
O06597;1;Negative
O06598;3;Neutral
O06599;5;Positive
O06600;5;Positive
O06601;4;Positive
O06602;5;Positive
O06603;2;Negative
O06604;3;Neutral
O06605;4;Positive
O06606;3;Neutral
O06607;3;Neutral
O06608;5;Positive
O06609;3;Neutral
O06610;1;Negative
O06611;2;Negative
O06612;4;Positive
O06613;4;Positive
O06614;5;Positive
O06615;1;Negative
O06616;3;Neutral
O06617;5;Positive
O06618;1;Negative
O06619;1;Negative
O06620;1;Negative
O06621;4;Positive
O06622;5;Positive
O06623;3;Neutral
O06624;1;Negative
O06625;3;Neutral
O06626;4;Positive
O06627;1;Negative
O06628;2;Negative
O06629;1;Negative
O06630;5;Positive
O06631;1;Negative
O06632;5;Positive
O06633;1;Negative
O06634;2;Negative
O06635;5;Positive
O06636;5;Positive
O06637;3;Neutral
O06638;3;Neutral
O06639;1;Negative
O06640;4;Positive
O06641;5;Positive
O06642;3;Neutral
O06643;4;Positive
O06644;3;Neutral
O06645;5;Positive
O06646;4;Positive
O06647;4;Positive
O06648;1;Negative
O06649;3;Neutral
O06650;4;Positive
O06651;3;Neutral
O06652;3;Neutral
O06653;2;Negative
O06654;3;Neutral
O06655;1;Negative
O06656;4;Positive
O06657;2;Negative
O06658;3;Neutral
O06659;2;Negative
O06660;3;Neutral
O06661;5;Positive
O06662;4;Positive
O06663;4;Positive
O06664;5;Positive
O06665;1;Negative
O06666;4;Positive
O06667;5;Positive
O06668;1;Negative
O06669;5;Positive
O06670;5;Positive
O06671;5;Positive
O06672;2;Negative
O06673;2;Negative
O06674;3;Neutral
O06675;1;Negative
O06676;1;Negative
O06677;2;Negative
O06678;3;Neutral
O06679;5;Positive
O06680;3;Neutral
O06681;3;Neutral
O06682;2;Negative
O06683;3;Neutral
O06684;2;Negative
O06685;2;Negative
O06686;4;Positive
O06687;2;Negative
O06688;1;Negative
O06689;2;Negative
O06690;3;Neutral
O06691;3;Neutral
O06692;2;Negative
O06693;1;Negative
O06694;4;Positive
O06695;4;Positive
O06696;2;Negative
O06697;5;Positive
O06698;1;Negative
O06699;4;Positive
O06700;1;Negative
O06701;4;Positive
O06702;3;Neutral
O06703;1;Negative
O06704;4;Positive
O06705;1;Negative
O06706;2;Negative
O06707;2;Negative
O06708;2;Negative
O06709;5;Positive
O06710;2;Negative
O06711;4;Positive
O06712;2;Negative
O06713;5;Positive
O06714;5;Positive
O06715;2;Negative
O06716;1;Negative
O06717;2;Negative
O06718;1;Negative
O06719;3;Neutral
O06720;1;Negative
O06721;3;Neutral
O06722;1;Negative
O06723;4;Positive
O06724;1;Negative
O06725;4;Positive
O06726;2;Negative
O06727;3;Neutral
O06728;2;Negative
O06729;2;Negative
O06730;1;Negative
O06731;1;Negative
O06732;1;Negative
O06733;5;Positive
O06734;1;Negative
O06735;3;Neutral
O06736;5;Positive
O06737;4;Positive
O06738;2;Negative
O06739;4;Positive
O06740;3;Neutral
O06741;5;Positive
O06742;2;Negative
O06743;1;Negative
O06744;4;Positive
O06745;1;Negative
O06746;5;Positive
O06747;2;Negative
O06748;3;Neutral
O06749;4;Positive
O06750;5;Positive
O06751;1;Negative
O06752;1;Negative
O06753;4;Positive
O06754;3;Neutral
O06755;1;Negative
O06756;5;Positive
O06757;4;Positive
O06758;2;Negative
O06759;4;Positive
O06760;3;Neutral
O06761;4;Positive
O06762;4;Positive
O06763;3;Neutral
O06764;5;Positive
O06765;3;Neutral
O06766;5;Positive
O06767;5;Positive
O06768;1;Negative
O06769;5;Positive
O06770;3;Neutral
O06771;3;Neutral
O06772;3;Neutral
O06773;1;Negative
O06774;2;Negative
O06775;1;Negative
O06776;3;Neutral
O06777;1;Negative
O06778;4;Positive
O06779;4;Positive
O06780;4;Positive
O06781;5;Positive
O06782;1;Negative
O06783;1;Negative
O06784;2;Negative
O06785;2;Negative
O06786;3;Neutral
O06787;5;Positive
O06788;1;Negative
O06789;1;Negative
O06790;1;Negative
O06791;4;Positive
O06792;4;Positive
O06793;3;Neutral
O06794;2;Negative
O06795;1;Negative
O06796;4;Positive
O06797;4;Positive
O06798;2;Negative
O06799;2;Negative
O06800;5;Positive
O06801;3;Neutral
O06802;1;Negative
O06803;2;Negative
O06804;2;Negative
O06805;5;Positive
O06806;1;Negative
O06807;4;Positive
O06808;2;Negative
O06809;4;Positive
O06810;4;Positive
O06811;5;Positive
O06812;3;Neutral
O06813;5;Positive
O06814;5;Positive
O06815;4;Positive
O06816;4;Positive
O06817;4;Positive
O06818;1;Negative
O06819;4;Positive
O06820;5;Positive
O06821;2;Negative
O06822;3;Neutral
O06823;2;Negative
O06824;3;Neutral
O06825;5;Positive
O06826;2;Negative
O06827;5;Positive
O06828;3;Neutral
O06829;1;Negative
O06830;3;Neutral
O06831;3;Neutral
O06832;5;Positive
O06833;4;Positive
O06834;5;Positive
O06835;5;Positive
O06836;3;Neutral
O06837;3;Neutral
O06838;5;Positive
O06839;4;Positive
O06840;4;Positive
O06841;2;Negative
O06842;5;Positive
O06843;1;Negative
O06844;5;Positive
O06845;4;Positive
O06846;1;Negative
O06847;2;Negative
O06848;4;Positive
O06849;3;Neutral
O06850;4;Positive
O06851;2;Negative
O06852;2;Negative
O06853;4;Positive
O06854;5;Positive
O06855;5;Positive
O06856;1;Negative
O06857;3;Neutral
O06858;3;Neutral
O06859;4;Positive
O06860;5;Positive
O06861;1;Negative
O06862;3;Neutral
O06863;4;Positive
O06864;2;Negative
O06865;3;Neutral
O06866;1;Negative
O06867;4;Positive
O06868;3;Neutral
O06869;5;Positive
O06870;2;Negative
O06871;2;Negative
O06872;1;Negative
O06873;1;Negative
O06874;3;Neutral
O06875;2;Negative
O06876;2;Negative
O06877;4;Positive
O06878;3;Neutral
O06879;3;Neutral
O06880;1;Negative
O06881;5;Positive
O06882;1;Negative
O06883;3;Neutral
O06884;1;Negative
O06885;1;Negative
O06886;2;Negative
O06887;3;Neutral
O06888;5;Positive
O06889;3;Neutral
O06890;3;Neutral
O06891;1;Negative
O06892;5;Positive
O06893;1;Negative
O06894;3;Neutral
O06895;2;Negative
O06896;3;Neutral
O06897;4;Positive
O06898;4;Positive
O06899;4;Positive
O06900;2;Negative
O06901;4;Positive
O06902;4;Positive
O06903;5;Positive
O06904;4;Positive
O06905;5;Positive
O06906;5;Positive
O06907;4;Positive
O06908;4;Positive
O06909;3;Neutral
O06910;3;Neutral
O06911;3;Neutral
O06912;2;Negative
O06913;5;Positive
O06914;5;Positive
O06915;1;Negative
O06916;4;Positive
O06917;3;Neutral
O06918;2;Negative
O06919;2;Negative
O06920;4;Positive
O06921;4;Positive
O06922;3;Neutral
O06923;2;Negative
O06924;1;Negative
O06925;2;Negative
O06926;3;Neutral
O06927;4;Positive
O06928;3;Neutral
O06929;4;Positive
O06930;3;Neutral
O06931;4;Positive
O06932;1;Negative
O06933;1;Negative
O06934;2;Negative
O06935;4;Positive
O06936;3;Neutral
O06937;3;Neutral
O06938;3;Neutral
O06939;5;Positive
O06940;4;Positive
O06941;2;Negative
O06942;1;Negative
O06943;1;Negative
O06944;5;Positive
O06945;5;Positive
O06946;4;Positive
O06947;2;Negative
O06948;5;Positive
O06949;5;Positive
O06950;4;Positive
O06951;4;Positive
O06952;4;Positive
O06953;2;Negative
O06954;4;Positive
O06955;2;Negative
O06956;3;Neutral
O06957;5;Positive
O06958;2;Negative
O06959;5;Positive
O06960;1;Negative
O06961;5;Positive
O06962;2;Negative
O06963;3;Neutral
O06964;2;Negative
O06965;3;Neutral
O06966;3;Neutral
O06967;3;Neutral
O06968;5;Positive
O06969;1;Negative
O06970;3;Neutral
O06971;4;Positive
O06972;2;Negative
O06973;5;Positive
O06974;4;Positive
O06975;1;Negative
O06976;3;Neutral
O06977;3;Neutral
O06978;4;Positive
O06979;2;Negative
O06980;3;Neutral
O06981;3;Neutral
O06982;3;Neutral
O06983;1;Negative
O06984;3;Neutral
O06985;2;Negative
O06986;2;Negative
O06987;2;Negative
O06988;3;Neutral
O06989;3;Neutral
O06990;4;Positive
O06991;2;Negative
O06992;5;Positive
O06993;1;Negative
O06994;5;Positive
O06995;1;Negative
O06996;4;Positive
O06997;1;Negative
O06998;1;Negative
O06999;5;Positive
O07000;2;Negative
O07001;4;Positive
O07002;3;Neutral
O07003;1;Negative
O07004;5;Positive
O07005;4;Positive
O07006;2;Negative
O07007;4;Positive
O07008;1;Negative
O07009;2;Negative
O07010;4;Positive
O07011;2;Negative
O07012;2;Negative
O07013;2;Negative
O07014;2;Negative
O07015;1;Negative
O07016;2;Negative
O07017;4;Positive
O07018;2;Negative
O07019;4;Positive
O07020;2;Negative
O07021;5;Positive
O07022;5;Positive
O07023;4;Positive
O07024;1;Negative
O07025;2;Negative
O07026;1;Negative
O07027;5;Positive
O07028;4;Positive
O07029;3;Neutral
O07030;1;Negative
O07031;4;Positive
O07032;1;Negative
O07033;5;Positive
O07034;4;Positive
O07035;1;Negative
O07036;4;Positive
O07037;5;Positive
O07038;4;Positive
O07039;2;Negative
O07040;2;Negative
O07041;1;Negative
O07042;5;Positive
O07043;1;Negative
O07044;2;Negative
O07045;2;Negative
O07046;3;Neutral
O07047;3;Neutral
O07048;3;Neutral
O07049;3;Neutral
O07050;3;Neutral
O07051;5;Positive
O07052;2;Negative
O07053;5;Positive
O07054;5;Positive
O07055;4;Positive
O07056;3;Neutral
O07057;5;Positive
O07058;1;Negative
O07059;4;Positive
O07060;5;Positive
O07061;3;Neutral
O07062;4;Positive
O07063;5;Positive
O07064;4;Positive
O07065;3;Neutral
O07066;2;Negative
O07067;3;Neutral
O07068;1;Negative
O07069;4;Positive
O07070;3;Neutral
O07071;2;Negative
O07072;4;Positive
O07073;2;Negative
O07074;3;Neutral
O07075;1;Negative
O07076;4;Positive
O07077;1;Negative
O07078;3;Neutral
O07079;5;Positive
O07080;2;Negative
O07081;1;Negative
O07082;2;Negative
O07083;1;Negative
O07084;3;Neutral
O07085;5;Positive
O07086;2;Negative
O07087;1;Negative
O07088;1;Negative
O07089;5;Positive
O07090;5;Positive
O07091;3;Neutral
O07092;5;Positive
O07093;1;Negative
O07094;5;Positive
O07095;4;Positive
O07096;2;Negative
O07097;4;Positive
O07098;3;Neutral
O07099;2;Negative
O07100;4;Positive
O07101;1;Negative
O07102;2;Negative
O07103;2;Negative
O07104;5;Positive
O07105;2;Negative
O07106;3;Neutral
O07107;1;Negative
O07108;2;Negative
O07109;1;Negative
O07110;5;Positive
O07111;3;Neutral
O07112;2;Negative
O07113;1;Negative
O07114;4;Positive
O07115;1;Negative
O07116;1;Negative
O07117;3;Neutral
O07118;2;Negative
O07119;4;Positive
O07120;4;Positive
O07121;5;Positive
O07122;4;Positive
O07123;5;Positive
O07124;5;Positive
O07125;3;Neutral
O07126;1;Negative
O07127;1;Negative
O07128;2;Negative
O07129;3;Neutral
O07130;2;Negative
O07131;5;Positive
O07132;4;Positive
O07133;3;Neutral
O07134;5;Positive
O07135;1;Negative
O07136;3;Neutral
O07137;4;Positive
O07138;3;Neutral
O07139;1;Negative
O07140;1;Negative
O07141;3;Neutral
O07142;2;Negative
O07143;5;Positive
O07144;1;Negative
O07145;5;Positive
O07146;2;Negative
O07147;3;Neutral
O07148;2;Negative
O07149;1;Negative
O07150;1;Negative
O07151;2;Negative
O07152;1;Negative
O07153;2;Negative
O07154;1;Negative
O07155;5;Positive
O07156;2;Negative
O07157;4;Positive
O07158;3;Neutral
O07159;3;Neutral
O07160;5;Positive
O07161;5;Positive
O07162;5;Positive
O07163;1;Negative
O07164;5;Positive
O07165;5;Positive
O07166;1;Negative
O07167;1;Negative
O07168;3;Neutral
O07169;2;Negative
O07170;4;Positive
O07171;3;Neutral
O07172;5;Positive
O07173;3;Neutral
O07174;4;Positive
O07175;4;Positive
O07176;5;Positive
O07177;4;Positive
O07178;1;Negative
O07179;5;Positive
O07180;4;Positive
O07181;1;Negative
O07182;1;Negative
O07183;3;Neutral
O07184;3;Neutral
O07185;3;Neutral
O07186;4;Positive
O07187;4;Positive
O07188;2;Negative
O07189;2;Negative
O07190;5;Positive
O07191;5;Positive
O07192;3;Neutral
O07193;3;Neutral
O07194;2;Negative
O07195;1;Negative
O07196;1;Negative
O07197;5;Positive
O07198;4;Positive
O07199;2;Negative
O07200;2;Negative
O07201;4;Positive
O07202;2;Negative
O07203;5;Positive
O07204;4;Positive
O07205;4;Positive
O07206;4;Positive
O07207;4;Positive
O07208;3;Neutral
O07209;4;Positive
O07210;5;Positive
O07211;3;Neutral
O07212;5;Positive
O07213;5;Positive
O07214;4;Positive
O07215;4;Positive
O07216;1;Negative
O07217;2;Negative
O07218;5;Positive
O07219;5;Positive
O07220;4;Positive
O07221;1;Negative
O07222;3;Neutral
O07223;2;Negative
O07224;1;Negative
O07225;2;Negative
O07226;2;Negative
O07227;5;Positive
O07228;2;Negative
O07229;4;Positive
O07230;5;Positive
O07231;5;Positive
O07232;1;Negative
O07233;5;Positive
O07234;4;Positive
O07235;3;Neutral
O07236;2;Negative
O07237;3;Neutral
O07238;4;Positive
O07239;2;Negative
O07240;3;Neutral
O07241;5;Positive
O07242;1;Negative
O07243;2;Negative
O07244;2;Negative
O07245;5;Positive
O07246;4;Positive
O07247;1;Negative
O07248;4;Positive
O07249;4;Positive
O07250;3;Neutral
O07251;1;Negative
O07252;1;Negative
O07253;5;Positive
O07254;4;Positive
O07255;3;Neutral
O07256;4;Positive
O07257;4;Positive
O07258;4;Positive
O07259;2;Negative
O07260;1;Negative
O07261;3;Neutral
O07262;1;Negative
O07263;2;Negative
O07264;2;Negative
O07265;3;Neutral
O07266;2;Negative
O07267;3;Neutral
O07268;2;Negative
O07269;2;Negative
O07270;4;Positive
O07271;4;Positive
O07272;1;Negative
O07273;4;Positive
O07274;4;Positive
O07275;3;Neutral
O07276;5;Positive
O07277;2;Negative
O07278;5;Positive
O07279;4;Positive
O07280;4;Positive
O07281;4;Positive
O07282;3;Neutral
O07283;2;Negative
O07284;1;Negative
O07285;2;Negative
O07286;2;Negative
O07287;4;Positive
O07288;1;Negative
O07289;2;Negative
O07290;4;Positive
O07291;4;Positive
O07292;1;Negative
O07293;4;Positive
O07294;4;Positive
O07295;1;Negative
O07296;1;Negative
O07297;4;Positive
O07298;4;Positive
O07299;4;Positive
O07300;1;Negative
O07301;5;Positive
O07302;1;Negative
O07303;3;Neutral
O07304;2;Negative
O07305;5;Positive
O07306;2;Negative
O07307;1;Negative
O07308;2;Negative
O07309;4;Positive
O07310;1;Negative
O07311;4;Positive
O07312;4;Positive
O07313;3;Neutral
O07314;2;Negative
O07315;5;Positive
O07316;1;Negative
O07317;1;Negative
O07318;3;Neutral
O07319;2;Negative
O07320;1;Negative
O07321;3;Neutral
O07322;2;Negative
O07323;2;Negative
O07324;1;Negative
O07325;4;Positive
O07326;2;Negative
O07327;1;Negative
O07328;5;Positive
O07329;2;Negative
O07330;3;Neutral
O07331;2;Negative
O07332;2;Negative
O07333;4;Positive
O07334;1;Negative
O07335;3;Neutral
O07336;3;Neutral
O07337;4;Positive
O07338;1;Negative
O07339;4;Positive
O07340;1;Negative
O07341;2;Negative
O07342;4;Positive
O07343;4;Positive
O07344;2;Negative
O07345;5;Positive
O07346;4;Positive
O07347;1;Negative
O07348;2;Negative
O07349;3;Neutral
O07350;2;Negative
O07351;3;Neutral
O07352;3;Neutral
O07353;1;Negative
O07354;5;Positive
O07355;5;Positive
O07356;5;Positive
O07357;3;Neutral
O07358;5;Positive
O07359;1;Negative
O07360;4;Positive
O07361;4;Positive
O07362;3;Neutral
O07363;4;Positive
O07364;4;Positive
O07365;1;Negative
O07366;1;Negative
O07367;1;Negative
O07368;4;Positive
O07369;1;Negative
O07370;4;Positive
O07371;2;Negative
O07372;1;Negative
O07373;5;Positive
O07374;3;Neutral
O07375;3;Neutral
O07376;3;Neutral
O07377;3;Neutral
O07378;5;Positive
O07379;4;Positive
O07380;1;Negative
O07381;2;Negative
O07382;5;Positive
O07383;5;Positive
O07384;2;Negative
O07385;2;Negative
O07386;1;Negative
O07387;5;Positive
O07388;2;Negative
O07389;3;Neutral
O07390;5;Positive
O07391;5;Positive
O07392;1;Negative
O07393;2;Negative
O07394;5;Positive
O07395;5;Positive
O07396;5;Positive
O07397;1;Negative
O07398;3;Neutral
O07399;4;Positive
O07400;2;Negative
O07401;4;Positive
O07402;4;Positive
O07403;4;Positive
O07404;3;Neutral
O07405;1;Negative
O07406;1;Negative
O07407;5;Positive
O07408;5;Positive
O07409;2;Negative
O07410;2;Negative
O07411;2;Negative
O07412;5;Positive
O07413;4;Positive
O07414;5;Positive
O07415;5;Positive
O07416;3;Neutral
O07417;3;Neutral
O07418;4;Positive
O07419;5;Positive
O07420;2;Negative
O07421;2;Negative
O07422;4;Positive
O07423;5;Positive
O07424;2;Negative
O07425;4;Positive
O07426;4;Positive
O07427;4;Positive
O07428;4;Positive
O07429;4;Positive
O07430;1;Negative
O07431;1;Negative
O07432;1;Negative
O07433;3;Neutral
O07434;3;Neutral
O07435;3;Neutral
O07436;1;Negative
O07437;1;Negative
O07438;5;Positive
O07439;2;Negative
O07440;1;Negative
O07441;2;Negative
O07442;3;Neutral
O07443;3;Neutral
O07444;1;Negative
O07445;2;Negative
O07446;2;Negative
O07447;2;Negative
O07448;3;Neutral
O07449;5;Positive
O07450;2;Negative
O07451;5;Positive
O07452;2;Negative
O07453;3;Neutral
O07454;2;Negative
O07455;5;Positive
O07456;4;Positive
O07457;3;Neutral
O07458;4;Positive
O07459;3;Neutral
O07460;2;Negative
O07461;1;Negative
O07462;3;Neutral
O07463;1;Negative
O07464;3;Neutral
O07465;5;Positive
O07466;5;Positive
O07467;4;Positive
O07468;3;Neutral
O07469;2;Negative
O07470;3;Neutral
O07471;1;Negative
O07472;3;Neutral
O07473;4;Positive
O07474;3;Neutral
O07475;4;Positive
O07476;5;Positive
O07477;2;Negative
O07478;4;Positive
O07479;3;Neutral
O07480;5;Positive
O07481;3;Neutral
O07482;2;Negative
O07483;2;Negative
O07484;5;Positive
O07485;1;Negative
O07486;1;Negative
O07487;3;Neutral
O07488;1;Negative
O07489;5;Positive
O07490;5;Positive
O07491;1;Negative
O07492;1;Negative
O07493;2;Negative
O07494;1;Negative
O07495;4;Positive
O07496;3;Neutral
O07497;2;Negative
O07498;5;Positive
O07499;2;Negative
O07500;2;Negative
O07501;3;Neutral
O07502;5;Positive
O07503;4;Positive
O07504;3;Neutral
O07505;2;Negative
O07506;3;Neutral
O07507;2;Negative
O07508;4;Positive
O07509;1;Negative
O07510;4;Positive
O07511;2;Negative
O07512;4;Positive
O07513;4;Positive
O07514;4;Positive
O07515;1;Negative
O07516;2;Negative
O07517;5;Positive
O07518;3;Neutral
O07519;3;Neutral
O07520;2;Negative
O07521;1;Negative
O07522;5;Positive
O07523;3;Neutral
O07524;4;Positive
O07525;2;Negative
O07526;5;Positive
O07527;3;Neutral
O07528;5;Positive
O07529;4;Positive
O07530;4;Positive
O07531;2;Negative
O07532;4;Positive
O07533;3;Neutral
O07534;4;Positive
O07535;4;Positive
O07536;3;Neutral
O07537;1;Negative
O07538;3;Neutral
O07539;2;Negative
O07540;4;Positive
O07541;2;Negative
O07542;5;Positive
O07543;3;Neutral
O07544;1;Negative
O07545;4;Positive
O07546;2;Negative
O07547;4;Positive
O07548;5;Positive
O07549;5;Positive
O07550;2;Negative
O07551;3;Neutral
O07552;1;Negative
O07553;4;Positive
O07554;3;Neutral
O07555;3;Neutral
O07556;2;Negative
O07557;5;Positive
O07558;2;Negative
O07559;3;Neutral
O07560;3;Neutral
O07561;4;Positive
O07562;4;Positive
O07563;1;Negative
O07564;3;Neutral
O07565;3;Neutral
O07566;5;Positive
O07567;3;Neutral
O07568;1;Negative
O07569;1;Negative
O07570;1;Negative
O07571;1;Negative
O07572;5;Positive
O07573;5;Positive
O07574;4;Positive
O07575;4;Positive
O07576;2;Negative
O07577;1;Negative
O07578;3;Neutral
O07579;4;Positive
O07580;2;Negative
O07581;4;Positive
O07582;5;Positive
O07583;5;Positive
O07584;1;Negative
O07585;1;Negative
O07586;4;Positive
O07587;2;Negative
O07588;2;Negative
O07589;2;Negative
O07590;3;Neutral
O07591;2;Negative
O07592;1;Negative
O07593;4;Positive
O07594;1;Negative
O07595;1;Negative
O07596;4;Positive
O07597;4;Positive
O07598;1;Negative
O07599;1;Negative
O07600;1;Negative
O07601;2;Negative
O07602;5;Positive
O07603;4;Positive
O07604;1;Negative
O07605;3;Neutral
O07606;3;Neutral
O07607;3;Neutral
O07608;3;Neutral
O07609;3;Neutral
O07610;1;Negative
O07611;5;Positive
O07612;4;Positive
O07613;3;Neutral
O07614;1;Negative
O07615;3;Neutral
O07616;4;Positive
O07617;4;Positive
O07618;1;Negative
O07619;5;Positive
O07620;3;Neutral
O07621;1;Negative
O07622;3;Neutral
O07623;5;Positive
O07624;2;Negative
O07625;1;Negative
O07626;4;Positive
O07627;5;Positive
O07628;5;Positive
O07629;1;Negative
O07630;5;Positive
O07631;2;Negative
O07632;5;Positive
O07633;4;Positive
O07634;5;Positive
O07635;3;Neutral
O07636;4;Positive
O07637;1;Negative
O07638;1;Negative
O07639;3;Neutral
O07640;3;Neutral
O07641;2;Negative
O07642;1;Negative
O07643;5;Positive
O07644;2;Negative
O07645;4;Positive
O07646;4;Positive
O07647;4;Positive
O07648;2;Negative
O07649;4;Positive
O07650;3;Neutral
O07651;4;Positive
O07652;3;Neutral
O07653;1;Negative
O07654;5;Positive
O07655;1;Negative
O07656;4;Positive
O07657;5;Positive
O07658;2;Negative
O07659;3;Neutral
O07660;4;Positive
O07661;2;Negative
O07662;4;Positive
O07663;4;Positive
O07664;2;Negative
O07665;5;Positive
O07666;4;Positive
O07667;5;Positive
O07668;2;Negative
O07669;3;Neutral
O07670;2;Negative
O07671;5;Positive
O07672;3;Neutral
O07673;2;Negative
O07674;5;Positive
O07675;3;Neutral
O07676;2;Negative
O07677;2;Negative
O07678;4;Positive
O07679;2;Negative
O07680;2;Negative
O07681;4;Positive
O07682;4;Positive
O07683;3;Neutral
O07684;2;Negative
O07685;4;Positive
O07686;5;Positive
O07687;1;Negative
O07688;4;Positive
O07689;4;Positive
O07690;1;Negative
O07691;1;Negative
O07692;2;Negative
O07693;1;Negative
O07694;1;Negative
O07695;2;Negative
O07696;2;Negative
O07697;3;Neutral
O07698;4;Positive
O07699;4;Positive
O07700;4;Positive
O07701;1;Negative
O07702;1;Negative
O07703;1;Negative
O07704;2;Negative
O07705;2;Negative
O07706;3;Neutral
O07707;5;Positive
O07708;5;Positive
O07709;2;Negative
O07710;1;Negative
O07711;1;Negative
O07712;1;Negative
O07713;4;Positive
O07714;3;Neutral
O07715;5;Positive
O07716;5;Positive
O07717;1;Negative
O07718;4;Positive
O07719;2;Negative
O07720;1;Negative
O07721;2;Negative
O07722;3;Neutral
O07723;2;Negative
O07724;3;Neutral
O07725;5;Positive
O07726;2;Negative
O07727;5;Positive
O07728;3;Neutral
O07729;4;Positive
O07730;1;Negative
O07731;3;Neutral
O07732;2;Negative
O07733;3;Neutral
O07734;4;Positive
O07735;5;Positive
O07736;1;Negative
O07737;2;Negative
O07738;5;Positive
O07739;1;Negative
O07740;5;Positive
O07741;2;Negative
O07742;4;Positive
O07743;4;Positive
O07744;2;Negative
O07745;1;Negative
O07746;3;Neutral
O07747;3;Neutral
O07748;3;Neutral
O07749;4;Positive
O07750;5;Positive
O07751;1;Negative
O07752;5;Positive
O07753;1;Negative
O07754;5;Positive
O07755;3;Neutral
O07756;5;Positive
O07757;2;Negative
O07758;2;Negative
O07759;4;Positive
O07760;2;Negative
O07761;4;Positive
O07762;3;Neutral
O07763;4;Positive
O07764;2;Negative
O07765;1;Negative
O07766;4;Positive
O07767;5;Positive
O07768;5;Positive
O07769;2;Negative
O07770;4;Positive
O07771;2;Negative
O07772;3;Neutral
O07773;1;Negative
O07774;3;Neutral
O07775;5;Positive
O07776;4;Positive
O07777;5;Positive
O07778;5;Positive
O07779;4;Positive
O07780;2;Negative
O07781;5;Positive
O07782;4;Positive
O07783;4;Positive
O07784;5;Positive
O07785;2;Negative
O07786;1;Negative
O07787;2;Negative
O07788;2;Negative
O07789;5;Positive
O07790;2;Negative
O07791;3;Neutral
O07792;2;Negative
O07793;1;Negative
O07794;4;Positive
O07795;4;Positive
O07796;1;Negative
O07797;1;Negative
O07798;1;Negative
O07799;3;Neutral
O07800;2;Negative
O07801;4;Positive
O07802;1;Negative
O07803;1;Negative
O07804;2;Negative
O07805;4;Positive
O07806;3;Neutral
O07807;3;Neutral
O07808;2;Negative
O07809;3;Neutral
O07810;3;Neutral
O07811;5;Positive
O07812;1;Negative
O07813;4;Positive
O07814;5;Positive
O07815;5;Positive
O07816;4;Positive
O07817;4;Positive
O07818;3;Neutral
O07819;4;Positive
O07820;2;Negative
O07821;3;Neutral
O07822;2;Negative
O07823;5;Positive
O07824;4;Positive
O07825;1;Negative
O07826;5;Positive
O07827;3;Neutral
O07828;3;Neutral
O07829;5;Positive
O07830;3;Neutral
O07831;5;Positive
O07832;5;Positive
O07833;4;Positive
O07834;5;Positive
O07835;5;Positive
O07836;5;Positive
O07837;2;Negative
O07838;4;Positive
O07839;5;Positive
O07840;5;Positive
O07841;2;Negative
O07842;5;Positive
O07843;4;Positive
O07844;2;Negative
O07845;4;Positive
O07846;2;Negative
O07847;3;Neutral
O07848;1;Negative
O07849;3;Neutral
O07850;4;Positive
O07851;1;Negative
O07852;1;Negative
O07853;2;Negative
O07854;1;Negative
O07855;4;Positive
O07856;3;Neutral
O07857;1;Negative
O07858;3;Neutral
O07859;2;Negative
O07860;1;Negative
O07861;2;Negative
O07862;4;Positive
O07863;2;Negative
O07864;1;Negative
O07865;4;Positive
O07866;5;Positive
O07867;4;Positive
O07868;3;Neutral
O07869;2;Negative
O07870;1;Negative
O07871;4;Positive
O07872;5;Positive
O07873;1;Negative
O07874;1;Negative
O07875;5;Positive
O07876;5;Positive
O07877;2;Negative
O07878;5;Positive
O07879;5;Positive
O07880;1;Negative
O07881;3;Neutral
O07882;4;Positive
O07883;3;Neutral
O07884;1;Negative
O07885;5;Positive
O07886;2;Negative
O07887;3;Neutral
O07888;1;Negative
O07889;5;Positive
O07890;5;Positive
O07891;2;Negative
O07892;3;Neutral
O07893;4;Positive
O07894;4;Positive
O07895;3;Neutral
O07896;5;Positive
O07897;2;Negative
O07898;3;Neutral
O07899;4;Positive
O07900;1;Negative
O07901;4;Positive
O07902;3;Neutral
O07903;4;Positive
O07904;3;Neutral
O07905;3;Neutral
O07906;4;Positive
O07907;1;Negative
O07908;4;Positive
O07909;3;Neutral
O07910;2;Negative
O07911;4;Positive
O07912;3;Neutral
O07913;4;Positive
O07914;4;Positive
O07915;4;Positive
O07916;2;Negative
O07917;5;Positive
O07918;5;Positive
O07919;2;Negative
O07920;5;Positive
O07921;4;Positive
O07922;4;Positive
O07923;5;Positive
O07924;2;Negative
O07925;2;Negative
O07926;4;Positive
O07927;3;Neutral
O07928;5;Positive
O07929;4;Positive
O07930;3;Neutral
O07931;2;Negative
O07932;1;Negative
O07933;4;Positive
O07934;4;Positive
O07935;1;Negative
O07936;4;Positive
O07937;2;Negative
O07938;4;Positive
O07939;4;Positive
O07940;1;Negative
O07941;5;Positive
O07942;1;Negative
O07943;3;Neutral
O07944;1;Negative
O07945;5;Positive
O07946;4;Positive
O07947;5;Positive
O07948;1;Negative
O07949;5;Positive
O07950;4;Positive
O07951;2;Negative
O07952;2;Negative
O07953;2;Negative
O07954;5;Positive
O07955;5;Positive
O07956;1;Negative
O07957;4;Positive
O07958;2;Negative
O07959;3;Neutral
O07960;4;Positive
O07961;2;Negative
O07962;4;Positive
O07963;4;Positive
O07964;2;Negative
O07965;1;Negative
O07966;3;Neutral
O07967;5;Positive
O07968;2;Negative
O07969;2;Negative
O07970;3;Neutral
O07971;3;Neutral
O07972;5;Positive
O07973;5;Positive
O07974;1;Negative
O07975;5;Positive
O07976;1;Negative
O07977;1;Negative
O07978;2;Negative
O07979;2;Negative
O07980;5;Positive
O07981;3;Neutral
O07982;4;Positive
O07983;1;Negative
O07984;1;Negative
O07985;2;Negative
O07986;3;Neutral
O07987;2;Negative
O07988;3;Neutral
O07989;5;Positive
O07990;5;Positive
O07991;2;Negative
O07992;3;Neutral
O07993;3;Neutral
O07994;5;Positive
O07995;2;Negative
O07996;5;Positive
O07997;1;Negative
O07998;4;Positive
O07999;1;Negative
O08000;1;Negative
O08001;4;Positive
O08002;1;Negative
O08003;5;Positive
O08004;2;Negative
O08005;4;Positive
O08006;3;Neutral
O08007;3;Neutral
O08008;3;Neutral
O08009;4;Positive
O08010;5;Positive
O08011;3;Neutral
O08012;2;Negative
O08013;2;Negative
O08014;4;Positive
O08015;3;Neutral
O08016;4;Positive
O08017;1;Negative
O08018;1;Negative
O08019;3;Neutral
O08020;3;Neutral
O08021;4;Positive
O08022;3;Neutral
O08023;3;Neutral
O08024;5;Positive
O08025;4;Positive
O08026;3;Neutral
O08027;3;Neutral
O08028;5;Positive
O08029;5;Positive
O08030;4;Positive
O08031;5;Positive
O08032;1;Negative
O08033;1;Negative
O08034;3;Neutral
O08035;3;Neutral
O08036;2;Negative
O08037;4;Positive
O08038;1;Negative
O08039;5;Positive
O08040;3;Neutral
O08041;1;Negative
O08042;3;Neutral
O08043;5;Positive
O08044;5;Positive
O08045;1;Negative
O08046;1;Negative
O08047;3;Neutral
O08048;5;Positive
O08049;5;Positive
O08050;1;Negative
O08051;1;Negative
O08052;3;Neutral
O08053;3;Neutral
O08054;1;Negative
O08055;1;Negative
O08056;1;Negative
O08057;5;Positive
O08058;1;Negative
O08059;4;Positive
O08060;5;Positive
O08061;4;Positive
O08062;5;Positive
O08063;5;Positive
O08064;5;Positive
O08065;2;Negative
O08066;2;Negative
O08067;3;Neutral
O08068;2;Negative
O08069;2;Negative
O08070;4;Positive
O08071;2;Negative
O08072;3;Neutral
O08073;2;Negative
O08074;5;Positive
O08075;3;Neutral
O08076;2;Negative
O08077;3;Neutral
O08078;4;Positive
O08079;4;Positive
O08080;3;Neutral
O08081;3;Neutral
O08082;1;Negative
O08083;4;Positive
O08084;1;Negative
O08085;2;Negative
O08086;1;Negative
O08087;2;Negative
O08088;2;Negative
O08089;2;Negative
O08090;2;Negative
O08091;1;Negative
O08092;2;Negative
O08093;1;Negative
O08094;2;Negative
O08095;1;Negative
O08096;1;Negative
O08097;3;Neutral
O08098;4;Positive
O08099;3;Neutral
O08100;5;Positive
O08101;4;Positive
O08102;3;Neutral
O08103;1;Negative
O08104;1;Negative
O08105;3;Neutral
O08106;3;Neutral
O08107;5;Positive
O08108;3;Neutral
O08109;2;Negative
O08110;5;Positive
O08111;4;Positive
O08112;5;Positive
O08113;1;Negative
O08114;3;Neutral
O08115;1;Negative
O08116;2;Negative
O08117;2;Negative
O08118;4;Positive
O08119;3;Neutral
O08120;2;Negative
O08121;4;Positive
O08122;5;Positive
O08123;5;Positive
O08124;2;Negative
O08125;2;Negative
O08126;3;Neutral
O08127;1;Negative
O08128;1;Negative
O08129;1;Negative
O08130;1;Negative
O08131;1;Negative
O08132;3;Neutral
O08133;3;Neutral
O08134;3;Neutral
O08135;1;Negative
O08136;3;Neutral
O08137;4;Positive
O08138;2;Negative
O08139;4;Positive
O08140;5;Positive
O08141;2;Negative
O08142;5;Positive
O08143;2;Negative
O08144;1;Negative
O08145;4;Positive
O08146;1;Negative
O08147;3;Neutral
O08148;2;Negative
O08149;2;Negative
O08150;4;Positive
O08151;3;Neutral
O08152;2;Negative
O08153;3;Neutral
O08154;3;Neutral
O08155;3;Neutral
O08156;1;Negative
O08157;3;Neutral
O08158;1;Negative
O08159;4;Positive
O08160;4;Positive
O08161;3;Neutral
O08162;4;Positive
O08163;5;Positive
O08164;5;Positive
O08165;4;Positive
O08166;3;Neutral
O08167;2;Negative
O08168;2;Negative
O08169;2;Negative
O08170;4;Positive
O08171;5;Positive
O08172;4;Positive
O08173;5;Positive
O08174;4;Positive
O08175;4;Positive
O08176;4;Positive
O08177;4;Positive
O08178;1;Negative
O08179;2;Negative
O08180;4;Positive
O08181;3;Neutral
O08182;3;Neutral
O08183;4;Positive
O08184;1;Negative
O08185;3;Neutral
O08186;5;Positive
O08187;2;Negative
O08188;2;Negative
O08189;3;Neutral
O08190;4;Positive
O08191;5;Positive
O08192;5;Positive
O08193;1;Negative
O08194;3;Neutral
O08195;2;Negative
O08196;5;Positive
O08197;4;Positive
O08198;5;Positive
O08199;4;Positive
O08200;3;Neutral
O08201;5;Positive
O08202;4;Positive
O08203;3;Neutral
O08204;2;Negative
O08205;1;Negative
O08206;4;Positive
O08207;5;Positive
O08208;3;Neutral
O08209;1;Negative
O08210;2;Negative
O08211;3;Neutral
O08212;4;Positive
O08213;5;Positive
O08214;5;Positive
O08215;3;Neutral
O08216;1;Negative
O08217;4;Positive
O08218;5;Positive
O08219;4;Positive
O08220;5;Positive
O08221;3;Neutral
O08222;3;Neutral
O08223;5;Positive
O08224;1;Negative
O08225;3;Neutral
O08226;2;Negative
O08227;3;Neutral
O08228;2;Negative
O08229;1;Negative
O08230;4;Positive
O08231;3;Neutral
O08232;1;Negative
O08233;2;Negative
O08234;2;Negative
O08235;2;Negative
O08236;5;Positive
O08237;1;Negative
O08238;2;Negative
O08239;1;Negative
O08240;3;Neutral
O08241;4;Positive
O08242;1;Negative
O08243;3;Neutral
O08244;5;Positive
O08245;2;Negative
O08246;1;Negative
O08247;2;Negative
O08248;5;Positive
O08249;3;Neutral
O08250;4;Positive
O08251;3;Neutral
O08252;1;Negative
O08253;4;Positive
O08254;4;Positive
O08255;2;Negative
O08256;1;Negative
O08257;2;Negative
O08258;3;Neutral
O08259;2;Negative
O08260;1;Negative
O08261;1;Negative
O08262;5;Positive
O08263;2;Negative
O08264;1;Negative
O08265;1;Negative
O08266;3;Neutral
O08267;3;Neutral
O08268;4;Positive
O08269;4;Positive
O08270;1;Negative
O08271;3;Neutral
O08272;2;Negative
O08273;4;Positive
O08274;1;Negative
O08275;5;Positive
O08276;2;Negative
O08277;3;Neutral
O08278;3;Neutral
O08279;5;Positive
O08280;2;Negative
O08281;2;Negative
O08282;5;Positive
O08283;4;Positive
O08284;1;Negative
O08285;4;Positive
O08286;4;Positive
O08287;3;Neutral
O08288;3;Neutral
O08289;5;Positive
O08290;4;Positive
O08291;1;Negative
O08292;3;Neutral
O08293;5;Positive
O08294;5;Positive
O08295;1;Negative
O08296;5;Positive
O08297;1;Negative
O08298;4;Positive
O08299;4;Positive
O08300;3;Neutral
O08301;2;Negative
O08302;3;Neutral
O08303;2;Negative
O08304;3;Neutral
O08305;2;Negative
O08306;4;Positive
O08307;1;Negative
O08308;5;Positive
O08309;4;Positive
O08310;2;Negative
O08311;2;Negative
O08312;4;Positive
O08313;5;Positive
O08314;3;Neutral
O08315;4;Positive
O08316;2;Negative
O08317;1;Negative
O08318;2;Negative
O08319;4;Positive
O08320;2;Negative
O08321;3;Neutral
O08322;3;Neutral
O08323;1;Negative
O08324;3;Neutral
O08325;4;Positive
O08326;1;Negative
O08327;1;Negative
O08328;5;Positive
O08329;4;Positive
O08330;5;Positive
O08331;4;Positive
O08332;1;Negative
O08333;1;Negative
O08334;5;Positive
O08335;2;Negative
O08336;1;Negative
O08337;1;Negative
O08338;3;Neutral
O08339;4;Positive
O08340;3;Neutral
O08341;1;Negative
O08342;2;Negative
O08343;4;Positive
O08344;2;Negative
O08345;2;Negative
O08346;3;Neutral
O08347;2;Negative
O08348;2;Negative
O08349;5;Positive
O08350;3;Neutral
O08351;4;Positive
O08352;5;Positive
O08353;4;Positive
O08354;4;Positive
O08355;2;Negative
O08356;4;Positive
O08357;5;Positive
O08358;2;Negative
O08359;1;Negative
O08360;1;Negative
O08361;1;Negative
O08362;4;Positive
O08363;5;Positive
O08364;2;Negative
O08365;2;Negative
O08366;4;Positive
O08367;4;Positive
O08368;3;Neutral
O08369;4;Positive
O08370;2;Negative
O08371;4;Positive
O08372;4;Positive
O08373;4;Positive
O08374;3;Neutral
O08375;4;Positive
O08376;4;Positive
O08377;2;Negative
O08378;5;Positive
O08379;1;Negative
O08380;2;Negative
O08381;4;Positive
O08382;1;Negative
O08383;4;Positive
O08384;4;Positive
O08385;1;Negative
O08386;1;Negative
O08387;3;Neutral
O08388;3;Neutral
O08389;3;Neutral
O08390;5;Positive
O08391;4;Positive
O08392;5;Positive
O08393;4;Positive
O08394;1;Negative
O08395;3;Neutral
O08396;1;Negative
O08397;2;Negative
O08398;5;Positive
O08399;3;Neutral
O08400;5;Positive
O08401;3;Neutral
O08402;3;Neutral
O08403;1;Negative
O08404;5;Positive
O08405;5;Positive
O08406;3;Neutral
O08407;3;Neutral
O08408;3;Neutral
O08409;2;Negative
O08410;4;Positive
O08411;5;Positive
O08412;1;Negative
O08413;1;Negative
O08414;3;Neutral
O08415;2;Negative
O08416;2;Negative
O08417;4;Positive
O08418;1;Negative
O08419;2;Negative
O08420;4;Positive
O08421;1;Negative
O08422;4;Positive
O08423;2;Negative
O08424;3;Neutral
O08425;5;Positive
O08426;3;Neutral
O08427;4;Positive
O08428;3;Neutral
O08429;1;Negative
O08430;3;Neutral
O08431;4;Positive
O08432;1;Negative
O08433;2;Negative
O08434;1;Negative
O08435;3;Neutral
O08436;2;Negative
O08437;1;Negative
O08438;2;Negative
O08439;3;Neutral
O08440;2;Negative
O08441;3;Neutral
O08442;1;Negative
O08443;5;Positive
O08444;2;Negative
O08445;5;Positive
O08446;4;Positive
O08447;3;Neutral
O08448;5;Positive
O08449;2;Negative
O08450;2;Negative
O08451;4;Positive
O08452;4;Positive
O08453;5;Positive
O08454;5;Positive
O08455;4;Positive
O08456;3;Neutral
O08457;3;Neutral
O08458;5;Positive
O08459;4;Positive
O08460;5;Positive
O08461;3;Neutral
O08462;2;Negative
O08463;1;Negative
O08464;1;Negative
O08465;2;Negative
O08466;2;Negative
O08467;5;Positive
O08468;4;Positive
O08469;2;Negative
O08470;5;Positive
O08471;5;Positive
O08472;2;Negative
O08473;1;Negative
O08474;2;Negative
O08475;3;Neutral
O08476;4;Positive
O08477;3;Neutral
O08478;1;Negative
O08479;3;Neutral
O08480;5;Positive
O08481;4;Positive
O08482;1;Negative
O08483;3;Neutral
O08484;1;Negative
O08485;2;Negative
O08486;4;Positive
O08487;3;Neutral
O08488;2;Negative
O08489;5;Positive
O08490;1;Negative
O08491;4;Positive
O08492;3;Neutral
O08493;1;Negative
O08494;2;Negative
O08495;3;Neutral
O08496;1;Negative
O08497;1;Negative
O08498;2;Negative
O08499;2;Negative
O08500;3;Neutral
O08501;5;Positive
O08502;3;Neutral
O08503;3;Neutral
O08504;1;Negative
O08505;4;Positive
O08506;5;Positive
O08507;3;Neutral
O08508;5;Positive
O08509;5;Positive
O08510;5;Positive
O08511;2;Negative
O08512;5;Positive
O08513;2;Negative
O08514;1;Negative
O08515;3;Neutral
O08516;3;Neutral
O08517;2;Negative
O08518;4;Positive
O08519;1;Negative
O08520;1;Negative
O08521;4;Positive
O08522;4;Positive
O08523;3;Neutral
O08524;5;Positive
O08525;2;Negative
O08526;5;Positive
O08527;3;Neutral
O08528;4;Positive
O08529;5;Positive
O08530;5;Positive
O08531;4;Positive
O08532;3;Neutral
O08533;5;Positive
O08534;5;Positive
O08535;2;Negative
O08536;5;Positive
O08537;5;Positive
O08538;4;Positive
O08539;1;Negative
O08540;2;Negative
O08541;5;Positive
O08542;4;Positive
O08543;1;Negative
O08544;5;Positive
O08545;3;Neutral
O08546;4;Positive
O08547;2;Negative
O08548;4;Positive
O08549;2;Negative
O08550;3;Neutral
O08551;1;Negative
O08552;1;Negative
O08553;5;Positive
O08554;1;Negative
O08555;3;Neutral
O08556;3;Neutral
O08557;4;Positive
O08558;5;Positive
O08559;3;Neutral
O08560;3;Neutral
O08561;2;Negative
O08562;2;Negative
O08563;4;Positive
O08564;1;Negative
O08565;3;Neutral
O08566;5;Positive
O08567;3;Neutral
O08568;2;Negative
O08569;3;Neutral
O08570;5;Positive
O08571;2;Negative
O08572;1;Negative
O08573;5;Positive
O08574;4;Positive
O08575;4;Positive
O08576;1;Negative
O08577;4;Positive
O08578;3;Neutral
O08579;2;Negative
O08580;3;Neutral
O08581;5;Positive
O08582;2;Negative
O08583;5;Positive
O08584;3;Neutral
O08585;1;Negative
O08586;5;Positive
O08587;2;Negative
O08588;5;Positive
O08589;2;Negative
O08590;1;Negative
O08591;5;Positive
O08592;4;Positive
O08593;5;Positive
O08594;3;Neutral
O08595;2;Negative
O08596;1;Negative
O08597;5;Positive
O08598;4;Positive
O08599;4;Positive
O08600;2;Negative
O08601;5;Positive
O08602;3;Neutral
O08603;4;Positive
O08604;5;Positive
O08605;2;Negative
O08606;3;Neutral
O08607;1;Negative
O08608;5;Positive
O08609;5;Positive
O08610;2;Negative
O08611;4;Positive
O08612;4;Positive
O08613;4;Positive
O08614;4;Positive
O08615;2;Negative
O08616;4;Positive
O08617;3;Neutral
O08618;2;Negative
O08619;1;Negative
O08620;2;Negative
O08621;1;Negative
O08622;2;Negative
O08623;1;Negative
O08624;3;Neutral
O08625;3;Neutral
O08626;2;Negative
O08627;5;Positive
O08628;2;Negative
O08629;4;Positive
O08630;5;Positive
O08631;2;Negative
O08632;3;Neutral
O08633;1;Negative
O08634;3;Neutral
O08635;2;Negative
O08636;3;Neutral
O08637;1;Negative
O08638;3;Neutral
O08639;1;Negative
O08640;1;Negative
O08641;2;Negative
O08642;4;Positive
O08643;4;Positive
O08644;4;Positive
O08645;3;Neutral
O08646;1;Negative
O08647;5;Positive
O08648;2;Negative
O08649;4;Positive
O08650;2;Negative
O08651;3;Neutral
O08652;2;Negative
O08653;2;Negative
O08654;5;Positive
O08655;2;Negative
O08656;4;Positive
O08657;1;Negative
O08658;2;Negative
O08659;1;Negative
O08660;1;Negative
O08661;4;Positive
O08662;4;Positive
O08663;5;Positive
O08664;3;Neutral
O08665;3;Neutral
O08666;1;Negative
O08667;2;Negative
O08668;5;Positive
O08669;3;Neutral
O08670;4;Positive
O08671;1;Negative
O08672;4;Positive
O08673;3;Neutral
O08674;4;Positive
O08675;2;Negative
O08676;2;Negative
O08677;1;Negative
O08678;2;Negative
O08679;4;Positive
O08680;3;Neutral
O08681;1;Negative
O08682;1;Negative
O08683;3;Neutral
O08684;3;Neutral
O08685;2;Negative
O08686;5;Positive
O08687;5;Positive
O08688;5;Positive
O08689;3;Neutral
O08690;5;Positive
O08691;1;Negative
O08692;1;Negative
O08693;5;Positive
O08694;3;Neutral
O08695;2;Negative
O08696;2;Negative
O08697;4;Positive
O08698;1;Negative
O08699;5;Positive
O08700;5;Positive
O08701;4;Positive
O08702;4;Positive
O08703;5;Positive
O08704;1;Negative
O08705;5;Positive
O08706;5;Positive
O08707;2;Negative
O08708;3;Neutral
O08709;1;Negative
O08710;5;Positive
O08711;1;Negative
O08712;4;Positive
O08713;2;Negative
O08714;4;Positive
O08715;4;Positive
O08716;5;Positive
O08717;3;Neutral
O08718;1;Negative
O08719;5;Positive
O08720;4;Positive
O08721;1;Negative
O08722;2;Negative
O08723;5;Positive
O08724;5;Positive
O08725;4;Positive
O08726;2;Negative
O08727;4;Positive
O08728;3;Neutral
O08729;2;Negative
O08730;4;Positive
O08731;4;Positive
O08732;1;Negative
O08733;2;Negative
O08734;5;Positive
O08735;2;Negative
O08736;3;Neutral
O08737;5;Positive
O08738;5;Positive
O08739;4;Positive
O08740;5;Positive
O08741;5;Positive
O08742;3;Neutral
O08743;1;Negative
O08744;3;Neutral
O08745;5;Positive
O08746;1;Negative
O08747;5;Positive
O08748;2;Negative
O08749;5;Positive
O08750;3;Neutral
O08751;5;Positive
O08752;2;Negative
O08753;3;Neutral
O08754;2;Negative
O08755;3;Neutral
O08756;2;Negative
O08757;5;Positive
O08758;3;Neutral
O08759;4;Positive
O08760;3;Neutral
O08761;3;Neutral
O08762;4;Positive
O08763;2;Negative
O08764;3;Neutral
O08765;2;Negative
O08766;1;Negative
O08767;1;Negative
O08768;3;Neutral
O08769;3;Neutral
O08770;5;Positive
O08771;4;Positive
O08772;4;Positive
O08773;1;Negative
O08774;2;Negative
O08775;1;Negative
O08776;1;Negative
O08777;3;Neutral
O08778;4;Positive
O08779;5;Positive
O08780;2;Negative
O08781;2;Negative
O08782;1;Negative
O08783;1;Negative
O08784;3;Neutral
O08785;1;Negative
O08786;5;Positive
O08787;1;Negative
O08788;5;Positive
O08789;1;Negative
O08790;4;Positive
O08791;5;Positive
O08792;2;Negative
O08793;5;Positive
O08794;3;Neutral
O08795;4;Positive
O08796;5;Positive
O08797;4;Positive
O08798;5;Positive
O08799;3;Neutral
O08800;1;Negative
O08801;4;Positive
O08802;2;Negative
O08803;4;Positive
O08804;4;Positive
O08805;2;Negative
O08806;4;Positive
O08807;5;Positive
O08808;3;Neutral
O08809;2;Negative
O08810;1;Negative
O08811;1;Negative
O08812;5;Positive
O08813;1;Negative
O08814;4;Positive
O08815;1;Negative
O08816;2;Negative
O08817;5;Positive
O08818;3;Neutral
O08819;3;Neutral
O08820;1;Negative
O08821;2;Negative
O08822;2;Negative
O08823;4;Positive
O08824;1;Negative
O08825;3;Neutral
O08826;4;Positive
O08827;5;Positive
O08828;1;Negative
O08829;2;Negative
O08830;2;Negative
O08831;2;Negative
O08832;2;Negative
O08833;2;Negative
O08834;5;Positive
O08835;1;Negative
O08836;5;Positive
O08837;4;Positive
O08838;1;Negative
O08839;3;Neutral
O08840;1;Negative
O08841;1;Negative
O08842;5;Positive
O08843;1;Negative
O08844;1;Negative
O08845;1;Negative
O08846;1;Negative
O08847;1;Negative
O08848;2;Negative
O08849;2;Negative
O08850;4;Positive
O08851;2;Negative
O08852;1;Negative
O08853;5;Positive
O08854;3;Neutral
O08855;2;Negative
O08856;4;Positive
O08857;3;Neutral
O08858;2;Negative
O08859;4;Positive
O08860;3;Neutral
O08861;4;Positive
O08862;1;Negative
O08863;1;Negative
O08864;4;Positive
O08865;1;Negative
O08866;3;Neutral
O08867;5;Positive
O08868;5;Positive
O08869;5;Positive
O08870;2;Negative
O08871;4;Positive
O08872;1;Negative
O08873;4;Positive
O08874;3;Neutral
O08875;5;Positive
O08876;2;Negative
O08877;2;Negative
O08878;3;Neutral
O08879;1;Negative
O08880;2;Negative
O08881;1;Negative
O08882;1;Negative
O08883;3;Neutral
O08884;3;Neutral
O08885;5;Positive
O08886;5;Positive
O08887;2;Negative
O08888;5;Positive
O08889;3;Neutral
O08890;1;Negative
O08891;1;Negative
O08892;3;Neutral
O08893;3;Neutral
O08894;2;Negative
O08895;3;Neutral
O08896;1;Negative
O08897;2;Negative
O08898;3;Neutral
O08899;3;Neutral
O08900;1;Negative
O08901;4;Positive
O08902;4;Positive
O08903;2;Negative
O08904;1;Negative
O08905;4;Positive
O08906;1;Negative
O08907;5;Positive
O08908;1;Negative
O08909;5;Positive
O08910;3;Neutral
O08911;3;Neutral
O08912;2;Negative
O08913;3;Neutral
O08914;3;Neutral
O08915;3;Neutral
O08916;2;Negative
O08917;1;Negative
O08918;3;Neutral
O08919;5;Positive
O08920;3;Neutral
O08921;4;Positive
O08922;4;Positive
O08923;3;Neutral
O08924;2;Negative
O08925;3;Neutral
O08926;5;Positive
O08927;2;Negative
O08928;5;Positive
O08929;2;Negative
O08930;3;Neutral
O08931;1;Negative
O08932;5;Positive
O08933;4;Positive
O08934;2;Negative
O08935;1;Negative
O08936;3;Neutral
O08937;3;Neutral
O08938;2;Negative
O08939;2;Negative
O08940;4;Positive
O08941;2;Negative
O08942;3;Neutral
O08943;2;Negative
O08944;2;Negative
O08945;4;Positive
O08946;4;Positive
O08947;5;Positive
O08948;1;Negative
O08949;1;Negative
O08950;1;Negative
O08951;2;Negative
O08952;3;Neutral
O08953;1;Negative
O08954;3;Neutral
O08955;1;Negative
O08956;4;Positive
O08957;5;Positive
O08958;4;Positive
O08959;1;Negative
O08960;2;Negative
O08961;1;Negative
O08962;4;Positive
O08963;1;Negative
O08964;4;Positive
O08965;4;Positive
O08966;3;Neutral
O08967;3;Neutral
O08968;1;Negative
O08969;1;Negative
O08970;5;Positive
O08971;2;Negative
O08972;1;Negative
O08973;5;Positive
O08974;2;Negative
O08975;2;Negative
O08976;4;Positive
O08977;2;Negative
O08978;4;Positive
O08979;2;Negative
O08980;4;Positive
O08981;2;Negative
O08982;4;Positive
O08983;1;Negative
O08984;2;Negative
O08985;1;Negative
O08986;1;Negative
O08987;1;Negative
O08988;5;Positive
O08989;5;Positive
O08990;2;Negative
O08991;2;Negative
O08992;1;Negative
O08993;3;Neutral
O08994;4;Positive
O08995;5;Positive
O08996;4;Positive
O08997;1;Negative
O08998;1;Negative
O08999;3;Neutral
O09000;2;Negative
O09001;3;Neutral
O09002;4;Positive
O09003;1;Negative
O09004;3;Neutral
O09005;5;Positive
O09006;5;Positive
O09007;1;Negative
O09008;3;Neutral
O09009;5;Positive
O09010;2;Negative
O09011;2;Negative
O09012;5;Positive
O09013;5;Positive
O09014;3;Neutral
O09015;2;Negative
O09016;4;Positive
O09017;4;Positive
O09018;1;Negative
O09019;4;Positive
O09020;1;Negative
O09021;1;Negative
O09022;1;Negative
O09023;2;Negative
O09024;2;Negative
O09025;2;Negative
O09026;3;Neutral
O09027;2;Negative
O09028;1;Negative
O09029;4;Positive
O09030;5;Positive
O09031;3;Neutral
O09032;1;Negative
O09033;5;Positive
O09034;4;Positive
O09035;5;Positive
O09036;4;Positive
O09037;5;Positive
O09038;3;Neutral
O09039;3;Neutral
O09040;2;Negative
O09041;3;Neutral
O09042;1;Negative
O09043;4;Positive
O09044;5;Positive
O09045;4;Positive
O09046;2;Negative
O09047;3;Neutral
O09048;3;Neutral
O09049;5;Positive
O09050;1;Negative
O09051;2;Negative
O09052;4;Positive
O09053;5;Positive
O09054;3;Neutral
O09055;5;Positive
O09056;2;Negative
O09057;4;Positive
O09058;2;Negative
O09059;4;Positive
O09060;2;Negative
O09061;1;Negative
O09062;4;Positive
O09063;5;Positive
O09064;5;Positive
O09065;3;Neutral
O09066;4;Positive
O09067;5;Positive
O09068;4;Positive
O09069;5;Positive
O09070;4;Positive
O09071;4;Positive
O09072;3;Neutral
O09073;4;Positive
O09074;4;Positive
O09075;5;Positive
O09076;5;Positive
O09077;1;Negative
O09078;2;Negative
O09079;4;Positive
O09080;5;Positive
O09081;2;Negative
O09082;3;Neutral
O09083;4;Positive
O09084;2;Negative
O09085;4;Positive
O09086;5;Positive
O09087;3;Neutral
O09088;4;Positive
O09089;4;Positive
O09090;5;Positive
O09091;1;Negative
O09092;4;Positive
O09093;3;Neutral
O09094;4;Positive
O09095;1;Negative
O09096;5;Positive
O09097;4;Positive
O09098;4;Positive
O09099;1;Negative
O09100;3;Neutral
O09101;5;Positive
O09102;1;Negative
O09103;1;Negative
O09104;4;Positive
O09105;1;Negative
O09106;4;Positive
O09107;5;Positive
O09108;2;Negative
O09109;2;Negative
O09110;3;Neutral
O09111;1;Negative
O09112;3;Neutral
O09113;4;Positive
O09114;1;Negative
O09115;1;Negative
O09116;5;Positive
O09117;5;Positive
O09118;2;Negative
O09119;5;Positive
O09120;3;Neutral
O09121;4;Positive
O09122;2;Negative
O09123;5;Positive
O09124;3;Neutral
O09125;4;Positive
O09126;4;Positive
O09127;2;Negative
O09128;1;Negative
O09129;3;Neutral
O09130;4;Positive
O09131;4;Positive
O09132;5;Positive
O09133;3;Neutral
O09134;5;Positive
O09135;1;Negative
O09136;1;Negative
O09137;4;Positive
O09138;5;Positive
O09139;1;Negative
O09140;5;Positive
O09141;1;Negative
O09142;4;Positive
O09143;2;Negative
O09144;2;Negative
O09145;5;Positive
O09146;1;Negative
O09147;2;Negative
O09148;4;Positive
O09149;1;Negative
O09150;4;Positive
O09151;3;Neutral
O09152;1;Negative
O09153;4;Positive
O09154;4;Positive
O09155;1;Negative
O09156;4;Positive
O09157;5;Positive
O09158;5;Positive
O09159;5;Positive
O09160;1;Negative
O09161;4;Positive
O09162;4;Positive
O09163;5;Positive
O09164;4;Positive
O09165;2;Negative
O09166;2;Negative
O09167;3;Neutral
O09168;3;Neutral
O09169;1;Negative
O09170;1;Negative
O09171;1;Negative
O09172;4;Positive
O09173;1;Negative
O09174;3;Neutral
O09175;4;Positive
O09176;2;Negative
O09177;1;Negative
O09178;3;Neutral
O09179;4;Positive
O09180;2;Negative
O09181;1;Negative
O09182;3;Neutral
O09183;1;Negative
O09184;5;Positive
O09185;5;Positive
O09186;2;Negative
O09187;4;Positive
O09188;5;Positive
O09189;3;Neutral
O09190;5;Positive
O09191;5;Positive
O09192;3;Neutral
O09193;4;Positive
O09194;4;Positive
O09195;2;Negative
O09196;2;Negative
O09197;2;Negative
O09198;4;Positive
O09199;1;Negative
O09200;2;Negative
O09201;3;Neutral
O09202;5;Positive
O09203;3;Neutral
O09204;2;Negative
O09205;3;Neutral
O09206;2;Negative
O09207;1;Negative
O09208;2;Negative
O09209;2;Negative
O09210;4;Positive
O09211;1;Negative
O09212;2;Negative
O09213;2;Negative
O09214;4;Positive
O09215;3;Neutral
O09216;4;Positive
O09217;3;Neutral
O09218;3;Neutral
O09219;3;Neutral
O09220;2;Negative
O09221;2;Negative
O09222;1;Negative
O09223;2;Negative
O09224;4;Positive
O09225;2;Negative
O09226;4;Positive
O09227;2;Negative
O09228;2;Negative
O09229;5;Positive
O09230;5;Positive
O09231;3;Neutral
O09232;5;Positive
O09233;2;Negative
O09234;4;Positive
O09235;5;Positive
O09236;5;Positive
O09237;4;Positive
O09238;5;Positive
O09239;3;Neutral
O09240;3;Neutral
O09241;2;Negative
O09242;5;Positive
O09243;1;Negative
O09244;3;Neutral
O09245;1;Negative
O09246;4;Positive
O09247;4;Positive
O09248;5;Positive
O09249;1;Negative
O09250;5;Positive
O09251;5;Positive
O09252;3;Neutral
O09253;5;Positive
O09254;2;Negative
O09255;3;Neutral
O09256;2;Negative
O09257;4;Positive
O09258;1;Negative
O09259;4;Positive
O09260;1;Negative
O09261;4;Positive
O09262;5;Positive
O09263;5;Positive
O09264;3;Neutral
O09265;1;Negative
O09266;1;Negative
O09267;4;Positive
O09268;4;Positive
O09269;4;Positive
O09270;5;Positive
O09271;3;Neutral
O09272;2;Negative
O09273;3;Neutral
O09274;1;Negative
O09275;3;Neutral
O09276;5;Positive
O09277;4;Positive
O09278;5;Positive
O09279;1;Negative
O09280;3;Neutral
O09281;2;Negative
O09282;1;Negative
O09283;5;Positive
O09284;5;Positive
O09285;1;Negative
O09286;3;Neutral
O09287;3;Neutral
O09288;1;Negative
O09289;4;Positive
O09290;1;Negative
O09291;5;Positive
O09292;4;Positive
O09293;5;Positive
O09294;1;Negative
O09295;2;Negative
O09296;1;Negative
O09297;1;Negative
O09298;2;Negative
O09299;1;Negative
O09300;1;Negative
O09301;3;Neutral
O09302;2;Negative
O09303;2;Negative
O09304;5;Positive
O09305;5;Positive
O09306;2;Negative
O09307;3;Neutral
O09308;5;Positive
O09309;2;Negative
O09310;4;Positive
O09311;2;Negative
O09312;4;Positive
O09313;3;Neutral
O09314;3;Neutral
O09315;5;Positive
O09316;3;Neutral
O09317;5;Positive
O09318;3;Neutral
O09319;4;Positive
O09320;3;Neutral
O09321;2;Negative
O09322;4;Positive
O09323;4;Positive
O09324;1;Negative
O09325;5;Positive
O09326;4;Positive
O09327;2;Negative
O09328;2;Negative
O09329;1;Negative
O09330;3;Neutral
O09331;1;Negative
O09332;3;Neutral
O09333;3;Neutral
O09334;2;Negative
O09335;5;Positive
O09336;5;Positive
O09337;5;Positive
O09338;5;Positive
O09339;3;Neutral
O09340;3;Neutral
O09341;3;Neutral
O09342;3;Neutral
O09343;5;Positive
O09344;1;Negative
O09345;2;Negative
O09346;5;Positive
O09347;1;Negative
O09348;2;Negative
O09349;2;Negative
O09350;1;Negative
O09351;4;Positive
O09352;3;Neutral
O09353;3;Neutral
O09354;2;Negative
O09355;4;Positive
O09356;3;Neutral
O09357;5;Positive
O09358;2;Negative
O09359;1;Negative
O09360;1;Negative
O09361;3;Neutral
O09362;2;Negative
O09363;4;Positive
O09364;5;Positive
O09365;4;Positive
O09366;3;Neutral
O09367;1;Negative
O09368;5;Positive
O09369;1;Negative
O09370;1;Negative
O09371;2;Negative
O09372;5;Positive
O09373;4;Positive
O09374;5;Positive
O09375;2;Negative
O09376;5;Positive
O09377;4;Positive
O09378;4;Positive
O09379;5;Positive
O09380;4;Positive
O09381;2;Negative
O09382;3;Neutral
O09383;1;Negative
O09384;4;Positive
O09385;1;Negative
O09386;2;Negative
O09387;2;Negative
O09388;2;Negative
O09389;2;Negative
O09390;4;Positive
O09391;4;Positive
O09392;4;Positive
O09393;2;Negative
O09394;1;Negative
O09395;3;Neutral
O09396;3;Neutral
O09397;5;Positive
O09398;1;Negative
O09399;3;Neutral
O09400;2;Negative
O09401;3;Neutral
O09402;2;Negative
O09403;5;Positive
O09404;4;Positive
O09405;5;Positive
O09406;5;Positive
O09407;2;Negative
O09408;1;Negative
O09409;3;Neutral
O09410;1;Negative
O09411;5;Positive
O09412;2;Negative
O09413;1;Negative
O09414;4;Positive
O09415;5;Positive
O09416;4;Positive
O09417;5;Positive
O09418;3;Neutral
O09419;5;Positive
O09420;4;Positive
O09421;5;Positive
O09422;4;Positive
O09423;5;Positive
O09424;3;Neutral
O09425;3;Neutral
O09426;4;Positive
O09427;1;Negative
O09428;2;Negative
O09429;3;Neutral
O09430;4;Positive
O09431;4;Positive
O09432;2;Negative
O09433;1;Negative
O09434;5;Positive
O09435;5;Positive
O09436;1;Negative
O09437;2;Negative
O09438;2;Negative
O09439;1;Negative
O09440;4;Positive
O09441;5;Positive
O09442;3;Neutral
O09443;2;Negative
O09444;5;Positive
O09445;2;Negative
O09446;1;Negative
O09447;5;Positive
O09448;5;Positive
O09449;1;Negative
O09450;1;Negative
O09451;5;Positive
O09452;4;Positive
O09453;2;Negative
O09454;2;Negative
O09455;5;Positive
O09456;5;Positive
O09457;5;Positive
O09458;2;Negative
O09459;2;Negative
O09460;1;Negative
O09461;1;Negative
O09462;3;Neutral
O09463;2;Negative
O09464;3;Neutral
O09465;5;Positive
O09466;5;Positive
O09467;2;Negative
O09468;3;Neutral
O09469;4;Positive
O09470;3;Neutral
O09471;2;Negative
O09472;1;Negative
O09473;4;Positive
O09474;2;Negative
O09475;3;Neutral
O09476;1;Negative
O09477;1;Negative
O09478;5;Positive
O09479;5;Positive
O09480;4;Positive
O09481;1;Negative
O09482;5;Positive
O09483;1;Negative
O09484;3;Neutral
O09485;5;Positive
O09486;5;Positive
O09487;3;Neutral
O09488;5;Positive
O09489;1;Negative
O09490;1;Negative
O09491;5;Positive
O09492;2;Negative
O09493;2;Negative
O09494;4;Positive
O09495;5;Positive
O09496;2;Negative
O09497;1;Negative
O09498;1;Negative
O09499;1;Negative
O09500;3;Neutral
O09501;4;Positive
O09502;2;Negative
O09503;2;Negative
O09504;5;Positive
O09505;2;Negative
O09506;5;Positive
O09507;3;Neutral
O09508;3;Neutral
O09509;2;Negative
O09510;4;Positive
O09511;4;Positive
O09512;3;Neutral
O09513;2;Negative
O09514;4;Positive
O09515;3;Neutral
O09516;4;Positive
O09517;3;Neutral
O09518;5;Positive
O09519;1;Negative
O09520;4;Positive
O09521;3;Neutral
O09522;2;Negative
O09523;2;Negative
O09524;1;Negative
O09525;3;Neutral
O09526;5;Positive
O09527;4;Positive
O09528;4;Positive
O09529;2;Negative
O09530;2;Negative
O09531;2;Negative
O09532;2;Negative
O09533;3;Neutral
O09534;3;Neutral
O09535;4;Positive
O09536;3;Neutral
O09537;4;Positive
O09538;3;Neutral
O09539;3;Neutral
O09540;4;Positive
O09541;3;Neutral
O09542;3;Neutral
O09543;4;Positive
O09544;1;Negative
O09545;3;Neutral
O09546;4;Positive
O09547;3;Neutral
O09548;1;Negative
O09549;1;Negative
O09550;4;Positive
O09551;1;Negative
O09552;2;Negative
O09553;4;Positive
O09554;2;Negative
O09555;2;Negative
O09556;3;Neutral
O09557;5;Positive
O09558;2;Negative
O09559;2;Negative
O09560;4;Positive
O09561;5;Positive
O09562;4;Positive
O09563;3;Neutral
O09564;1;Negative
O09565;1;Negative
O09566;2;Negative
O09567;2;Negative
O09568;2;Negative
O09569;2;Negative
O09570;4;Positive
O09571;5;Positive
O09572;1;Negative
O09573;4;Positive
O09574;2;Negative
O09575;4;Positive
O09576;3;Neutral
O09577;5;Positive
O09578;4;Positive
O09579;1;Negative
O09580;1;Negative
O09581;5;Positive
O09582;3;Neutral
O09583;3;Neutral
O09584;4;Positive
O09585;5;Positive
O09586;3;Neutral
O09587;5;Positive
O09588;4;Positive
O09589;5;Positive
O09590;1;Negative
O09591;1;Negative
O09592;4;Positive
O09593;4;Positive
O09594;5;Positive
O09595;1;Negative
O09596;2;Negative
O09597;5;Positive
O09598;3;Neutral
O09599;4;Positive
O09600;5;Positive
O09601;2;Negative
O09602;1;Negative
O09603;1;Negative
O09604;1;Negative
O09605;4;Positive
O09606;1;Negative
O09607;1;Negative
O09608;1;Negative
O09609;2;Negative
O09610;5;Positive
O09611;3;Neutral
O09612;1;Negative
O09613;3;Neutral
O09614;3;Neutral
O09615;4;Positive
O09616;2;Negative
O09617;5;Positive
O09618;5;Positive
O09619;5;Positive
O09620;3;Neutral
O09621;5;Positive
O09622;3;Neutral
O09623;5;Positive
O09624;2;Negative
O09625;4;Positive
O09626;3;Neutral
O09627;5;Positive
O09628;2;Negative
O09629;1;Negative
O09630;2;Negative
O09631;2;Negative
O09632;2;Negative
O09633;2;Negative
O09634;5;Positive
O09635;1;Negative
O09636;2;Negative
O09637;2;Negative
O09638;1;Negative
O09639;5;Positive
O09640;4;Positive
O09641;1;Negative
O09642;2;Negative
O09643;4;Positive
O09644;3;Neutral
O09645;2;Negative
O09646;2;Negative
O09647;4;Positive
O09648;5;Positive
O09649;1;Negative
O09650;1;Negative
O09651;2;Negative
O09652;3;Neutral
O09653;4;Positive
O09654;1;Negative
O09655;4;Positive
O09656;3;Neutral
O09657;3;Neutral
O09658;3;Neutral
O09659;2;Negative
O09660;4;Positive
O09661;4;Positive
O09662;4;Positive
O09663;4;Positive
O09664;1;Negative
O09665;3;Neutral
O09666;1;Negative
O09667;4;Positive
O09668;2;Negative
O09669;2;Negative
O09670;4;Positive
O09671;5;Positive
O09672;3;Neutral
O09673;4;Positive
O09674;3;Neutral
O09675;1;Negative
O09676;4;Positive
O09677;1;Negative
O09678;4;Positive
O09679;2;Negative
O09680;5;Positive
O09681;3;Neutral
O09682;4;Positive
O09683;1;Negative
O09684;3;Neutral
O09685;1;Negative
O09686;4;Positive
O09687;2;Negative
O09688;5;Positive
O09689;1;Negative
O09690;4;Positive
O09691;5;Positive
O09692;3;Neutral
O09693;4;Positive
O09694;1;Negative
O09695;4;Positive
O09696;1;Negative
O09697;2;Negative
O09698;3;Neutral
O09699;4;Positive
O09700;1;Negative
O09701;3;Neutral
O09702;1;Negative
O09703;3;Neutral
O09704;4;Positive
O09705;4;Positive
O09706;1;Negative
O09707;3;Neutral
O09708;4;Positive
O09709;3;Neutral
O09710;4;Positive
O09711;2;Negative
O09712;2;Negative
O09713;2;Negative
O09714;1;Negative
O09715;4;Positive
O09716;1;Negative
O09717;1;Negative
O09718;2;Negative
O09719;5;Positive
O09720;4;Positive
O09721;4;Positive
O09722;5;Positive
O09723;3;Neutral
O09724;2;Negative
O09725;5;Positive
O09726;4;Positive
O09727;4;Positive
O09728;5;Positive
O09729;4;Positive
O09730;2;Negative
O09731;3;Neutral
O09732;4;Positive
O09733;4;Positive
O09734;4;Positive
O09735;3;Neutral
O09736;5;Positive
O09737;3;Neutral
O09738;4;Positive
O09739;3;Neutral
O09740;1;Negative
O09741;4;Positive
O09742;2;Negative
O09743;3;Neutral
O09744;1;Negative
O09745;3;Neutral
O09746;4;Positive
O09747;5;Positive
O09748;1;Negative
O09749;5;Positive
O09750;1;Negative
O09751;4;Positive
O09752;1;Negative
O09753;1;Negative
O09754;2;Negative
O09755;3;Neutral
O09756;2;Negative
O09757;5;Positive
O09758;2;Negative
O09759;4;Positive
O09760;3;Neutral
O09761;4;Positive
O09762;5;Positive
O09763;1;Negative
O09764;1;Negative
O09765;1;Negative
O09766;1;Negative
O09767;3;Neutral
O09768;2;Negative
O09769;5;Positive
O09770;2;Negative
O09771;2;Negative
O09772;1;Negative
O09773;4;Positive
O09774;4;Positive
O09775;3;Neutral
O09776;4;Positive
O09777;3;Neutral
O09778;5;Positive
O09779;3;Neutral
O09780;1;Negative
O09781;3;Neutral
O09782;1;Negative
O09783;3;Neutral
O09784;1;Negative
O09785;2;Negative
O09786;1;Negative
O09787;2;Negative
O09788;1;Negative
O09789;1;Negative
O09790;5;Positive
O09791;1;Negative
O09792;2;Negative
O09793;4;Positive
O09794;4;Positive
O09795;2;Negative
O09796;5;Positive
O09797;3;Neutral
O09798;4;Positive
O09799;5;Positive
O09800;4;Positive
O09801;3;Neutral
O09802;1;Negative
O09803;5;Positive
O09804;2;Negative
O09805;2;Negative
O09806;5;Positive
O09807;3;Neutral
O09808;3;Neutral
O09809;4;Positive
O09810;1;Negative
O09811;2;Negative
O09812;5;Positive
O09813;3;Neutral
O09814;2;Negative
O09815;1;Negative
O09816;4;Positive
O09817;2;Negative
O09818;2;Negative
O09819;4;Positive
O09820;1;Negative
O09821;2;Negative
O09822;5;Positive
O09823;4;Positive
O09824;3;Neutral
O09825;1;Negative
O09826;2;Negative
O09827;5;Positive
O09828;2;Negative
O09829;3;Neutral
O09830;1;Negative
O09831;2;Negative
O09832;3;Neutral
O09833;2;Negative
O09834;5;Positive
O09835;1;Negative
O09836;3;Neutral
O09837;5;Positive
O09838;3;Neutral
O09839;1;Negative
O09840;1;Negative
O09841;3;Neutral
O09842;3;Neutral
O09843;5;Positive
O09844;1;Negative
O09845;1;Negative
O09846;4;Positive
O09847;3;Neutral
O09848;1;Negative
O09849;2;Negative
O09850;5;Positive
O09851;4;Positive
O09852;1;Negative
O09853;2;Negative
O09854;5;Positive
O09855;1;Negative
O09856;1;Negative
O09857;5;Positive
O09858;4;Positive
O09859;3;Neutral
O09860;5;Positive
O09861;4;Positive
O09862;5;Positive
O09863;4;Positive
O09864;4;Positive
O09865;4;Positive
O09866;1;Negative
O09867;3;Neutral
O09868;5;Positive
O09869;4;Positive
O09870;5;Positive
O09871;2;Negative
O09872;1;Negative
O09873;5;Positive
O09874;2;Negative
O09875;4;Positive
O09876;1;Negative
O09877;5;Positive
O09878;3;Neutral
O09879;5;Positive
O09880;5;Positive
O09881;2;Negative
O09882;5;Positive
O09883;3;Neutral
O09884;5;Positive
O09885;2;Negative
O09886;5;Positive
O09887;3;Neutral
O09888;3;Neutral
O09889;2;Negative
O09890;3;Neutral
O09891;3;Neutral
O09892;5;Positive
O09893;3;Neutral
O09894;1;Negative
O09895;2;Negative
O09896;1;Negative
O09897;1;Negative
O09898;4;Positive
O09899;1;Negative
O09900;5;Positive
O09901;4;Positive
O09902;3;Neutral
O09903;2;Negative
O09904;3;Neutral
O09905;1;Negative
O09906;4;Positive
O09907;5;Positive
O09908;3;Neutral
O09909;4;Positive
O09910;4;Positive
O09911;4;Positive
O09912;2;Negative
O09913;3;Neutral
O09914;1;Negative
O09915;2;Negative
O09916;3;Neutral
O09917;4;Positive
O09918;4;Positive
O09919;1;Negative
O09920;4;Positive
O09921;1;Negative
O09922;4;Positive
O09923;4;Positive
O09924;3;Neutral
O09925;5;Positive
O09926;3;Neutral
O09927;5;Positive
O09928;4;Positive
O09929;3;Neutral
O09930;5;Positive
O09931;5;Positive
O09932;5;Positive
O09933;4;Positive
O09934;1;Negative
O09935;5;Positive
O09936;3;Neutral
O09937;3;Neutral
O09938;2;Negative
O09939;1;Negative
O09940;2;Negative
O09941;1;Negative
O09942;2;Negative
O09943;2;Negative
O09944;3;Neutral
O09945;4;Positive
O09946;3;Neutral
O09947;3;Neutral
O09948;4;Positive
O09949;5;Positive
O09950;1;Negative
O09951;1;Negative
O09952;5;Positive
O09953;4;Positive
O09954;1;Negative
O09955;1;Negative
O09956;2;Negative
O09957;3;Neutral
O09958;1;Negative
O09959;4;Positive
O09960;2;Negative
O09961;1;Negative
O09962;1;Negative
O09963;1;Negative
O09964;3;Neutral
O09965;5;Positive
O09966;1;Negative
O09967;1;Negative
O09968;5;Positive
O09969;3;Neutral
O09970;3;Neutral
O09971;1;Negative
O09972;4;Positive
O09973;4;Positive
O09974;5;Positive
O09975;3;Neutral
O09976;2;Negative
O09977;2;Negative
O09978;5;Positive
O09979;4;Positive
O09980;5;Positive
O09981;5;Positive
O09982;3;Neutral
O09983;4;Positive
O09984;3;Neutral
O09985;1;Negative
O09986;5;Positive
O09987;1;Negative
O09988;3;Neutral
O09989;4;Positive
O09990;2;Negative
O09991;4;Positive
O09992;4;Positive
O09993;2;Negative
O09994;1;Negative
O09995;2;Negative
O09996;2;Negative
O09997;5;Positive
O09998;5;Positive
O09999;2;Negative
O10000;3;Neutral
