Order_ID;Courier;Shipping_Days;Status
O00001;JNE;8;Delivered
O00002;JNE;2;Delivered
O00003;J&T;6;Delivered
O00004;J&T;10;Delivered
O00005;AnterAja;9;Delivered
O00006;J&T;1;Delivered
O00007;AnterAja;3;Delivered
O00008;AnterAja;7;Delivered
O00009;SiCepat;10;Delivered
O00010;J&T;3;Delivered
O00011;AnterAja;8;Delivered
O00012;JNE;8;Delivered
O00013;SiCepat;1;Delivered
O00014;JNE;3;Delivered
O00015;SiCepat;1;Delivered
O00016;SiCepat;6;Delivered
O00017;J&T;9;Returned
O00018;J&T;1;Late
O00019;AnterAja;8;Delivered
O00020;JNE;6;Delivered
O00021;AnterAja;1;Delivered
O00022;SiCepat;7;Delivered
O00023;J&T;9;Delivered
O00024;JNE;10;Delivered
O00025;SiCepat;6;Delivered
O00026;SiCepat;2;Delivered
O00027;JNE;7;Delivered
O00028;JNE;8;Delivered
O00029;JNE;9;Delivered
O00030;SiCepat;6;Delivered
O00031;SiCepat;2;Delivered
O00032;SiCepat;7;Late
O00033;SiCepat;3;Delivered
O00034;J&T;7;Delivered
O00035;AnterAja;1;Delivered
O00036;JNE;8;Delivered
O00037;J&T;6;Delivered
O00038;JNE;4;Cancelled
O00039;SiCepat;10;Delivered
O00040;J&T;5;Delivered
O00041;J&T;8;Delivered
O00042;AnterAja;3;Delivered
O00043;J&T;2;Delivered
O00044;JNE;10;Delivered
O00045;JNE;4;Delivered
O00046;J&T;2;Delivered
O00047;AnterAja;9;Delivered
O00048;SiCepat;4;Delivered
O00049;JNE;3;Delivered
O00050;AnterAja;8;Delivered
O00051;JNE;10;Delivered
O00052;JNE;5;Delivered
O00053;JNE;4;Delivered
O00054;J&T;4;Delivered
O00055;AnterAja;10;Late
O00056;SiCepat;2;Delivered
O00057;AnterAja;2;Delivered
O00058;J&T;2;Delivered
O00059;SiCepat;9;Delivered
O00060;J&T;8;Late
O00061;AnterAja;10;Late
O00062;J&T;8;Delivered
O00063;AnterAja;2;Late
O00064;JNE;2;Delivered
O00065;JNE;4;Delivered
O00066;AnterAja;4;Delivered
O00067;AnterAja;6;Delivered
O00068;AnterAja;1;Delivered
O00069;AnterAja;10;Delivered
O00070;AnterAja;7;Delivered
O00071;JNE;8;Delivered
O00072;J&T;2;Delivered
O00073;JNE;4;Delivered
O00074;JNE;7;Delivered
O00075;SiCepat;1;Delivered
O00076;J&T;2;Delivered
O00077;SiCepat;2;Returned
O00078;JNE;2;Delivered
O00079;J&T;6;Delivered
O00080;JNE;2;Delivered
O00081;JNE;1;Delivered
O00082;AnterAja;10;Delivered
O00083;SiCepat;8;Delivered
O00084;JNE;9;Delivered
O00085;SiCepat;10;Delivered
O00086;SiCepat;10;Late
O00087;JNE;8;Delivered
O00088;JNE;10;Delivered
O00089;SiCepat;8;Delivered
O00090;AnterAja;4;Late
O00091;J&T;5;Delivered
O00092;J&T;6;Delivered
O00093;SiCepat;8;Delivered
O00094;JNE;4;Delivered
O00095;JNE;5;Delivered
O00096;J&T;4;Delivered
O00097;J&T;10;Delivered
O00098;J&T;1;Delivered
O00099;JNE;1;Delivered
O00100;J&T;5;Delivered
O00101;SiCepat;9;Delivered
O00102;JNE;4;Delivered
O00103;SiCepat;7;Delivered
O00104;SiCepat;7;Delivered
O00105;AnterAja;5;Delivered
O00106;J&T;6;Delivered
O00107;AnterAja;10;Delivered
O00108;JNE;7;Delivered
O00109;AnterAja;1;Delivered
O00110;JNE;2;Delivered
O00111;AnterAja;10;Delivered
O00112;JNE;1;Delivered
O00113;AnterAja;10;Returned
O00114;JNE;5;Delivered
O00115;AnterAja;6;Delivered
O00116;JNE;10;Delivered
O00117;J&T;5;Delivered
O00118;SiCepat;1;Delivered
O00119;J&T;9;Delivered
O00120;J&T;3;Delivered
O00121;JNE;8;Late
O00122;AnterAja;7;Delivered
O00123;AnterAja;1;Delivered
O00124;JNE;7;Delivered
O00125;SiCepat;10;Late
O00126;SiCepat;6;Delivered
O00127;JNE;4;Delivered
O00128;SiCepat;10;Late
O00129;JNE;4;Delivered
O00130;J&T;10;Delivered
O00131;JNE;7;Returned
O00132;SiCepat;3;Delivered
O00133;SiCepat;9;Delivered
O00134;AnterAja;4;Delivered
O00135;AnterAja;4;Delivered
O00136;SiCepat;4;Delivered
O00137;SiCepat;6;Delivered
O00138;JNE;5;Late
O00139;JNE;4;Delivered
O00140;AnterAja;8;Delivered
O00141;JNE;1;Late
O00142;J&T;5;Delivered
O00143;JNE;5;Delivered
O00144;J&T;7;Late
O00145;AnterAja;10;Delivered
O00146;SiCepat;10;Delivered
O00147;JNE;6;Delivered
O00148;AnterAja;10;Delivered
O00149;JNE;2;Late
O00150;SiCepat;9;Delivered
O00151;SiCepat;7;Delivered
O00152;AnterAja;8;Delivered
O00153;JNE;7;Delivered
O00154;SiCepat;2;Delivered
O00155;JNE;8;Delivered
O00156;J&T;10;Delivered
O00157;J&T;9;Returned
O00158;JNE;7;Late
O00159;AnterAja;1;Cancelled
O00160;AnterAja;8;Delivered
O00161;AnterAja;6;Delivered
O00162;SiCepat;4;Delivered
O00163;J&T;8;Delivered
O00164;SiCepat;6;Delivered
O00165;J&T;8;Delivered
O00166;JNE;5;Delivered
O00167;SiCepat;10;Delivered
O00168;J&T;9;Delivered
O00169;SiCepat;3;Cancelled
O00170;JNE;1;Delivered
O00171;JNE;8;Delivered
O00172;J&T;3;Late
O00173;JNE;6;Delivered
O00174;JNE;2;Delivered
O00175;AnterAja;4;Delivered
O00176;SiCepat;7;Delivered
O00177;AnterAja;4;Cancelled
O00178;J&T;3;Delivered
O00179;AnterAja;10;Delivered
O00180;AnterAja;10;Delivered
O00181;SiCepat;9;Delivered
O00182;J&T;9;Delivered
O00183;J&T;2;Delivered
O00184;SiCepat;5;Delivered
O00185;SiCepat;10;Delivered
O00186;AnterAja;3;Delivered
O00187;SiCepat;1;Delivered
O00188;AnterAja;10;Delivered
O00189;JNE;2;Delivered
O00190;J&T;6;Delivered
O00191;SiCepat;2;Delivered
O00192;JNE;1;Delivered
O00193;J&T;6;Delivered
O00194;JNE;9;Delivered
O00195;JNE;1;Delivered
O00196;SiCepat;4;Delivered
O00197;AnterAja;3;Delivered
O00198;J&T;4;Delivered
O00199;SiCepat;5;Delivered
O00200;SiCepat;7;Delivered
O00201;SiCepat;5;Delivered
O00202;AnterAja;9;Delivered
O00203;AnterAja;4;Delivered
O00204;J&T;10;Delivered
O00205;J&T;5;Delivered
O00206;J&T;7;Delivered
O00207;SiCepat;5;Delivered
O00208;JNE;5;Delivered
O00209;J&T;5;Delivered
O00210;JNE;2;Delivered
O00211;J&T;2;Delivered
O00212;SiCepat;1;Delivered
O00213;SiCepat;1;Delivered
O00214;JNE;1;Delivered
O00215;SiCepat;1;Delivered
O00216;J&T;1;Delivered
O00217;AnterAja;7;Delivered
O00218;AnterAja;2;Delivered
O00219;JNE;6;Delivered
O00220;J&T;4;Delivered
O00221;SiCepat;5;Delivered
O00222;JNE;1;Delivered
O00223;JNE;8;Delivered
O00224;SiCepat;3;Delivered
O00225;JNE;6;Delivered
O00226;JNE;2;Delivered
O00227;SiCepat;8;Delivered
O00228;JNE;9;Delivered
O00229;JNE;1;Delivered
O00230;SiCepat;9;Cancelled
O00231;AnterAja;3;Delivered
O00232;J&T;10;Late
O00233;J&T;2;Delivered
O00234;J&T;4;Delivered
O00235;J&T;2;Delivered
O00236;SiCepat;10;Delivered
O00237;SiCepat;3;Delivered
O00238;JNE;2;Delivered
O00239;AnterAja;1;Delivered
O00240;J&T;1;Delivered
O00241;JNE;4;Delivered
O00242;JNE;3;Delivered
O00243;SiCepat;3;Delivered
O00244;J&T;10;Delivered
O00245;J&T;10;Delivered
O00246;JNE;4;Cancelled
O00247;SiCepat;8;Delivered
O00248;AnterAja;4;Returned
O00249;J&T;2;Delivered
O00250;SiCepat;1;Delivered
O00251;JNE;3;Delivered
O00252;SiCepat;4;Delivered
O00253;J&T;9;Delivered
O00254;AnterAja;3;Delivered
O00255;J&T;9;Delivered
O00256;JNE;5;Delivered
O00257;J&T;2;Delivered
O00258;JNE;3;Late
O00259;AnterAja;8;Delivered
O00260;SiCepat;2;Delivered
O00261;AnterAja;6;Delivered
O00262;JNE;8;Cancelled
O00263;AnterAja;10;Delivered
O00264;SiCepat;1;Late
O00265;J&T;3;Cancelled
O00266;J&T;7;Delivered
O00267;JNE;3;Delivered
O00268;J&T;7;Delivered
O00269;AnterAja;10;Delivered
O00270;J&T;8;Late
O00271;SiCepat;8;Delivered
O00272;JNE;5;Delivered
O00273;J&T;3;Delivered
O00274;J&T;4;Delivered
O00275;JNE;1;Returned
O00276;AnterAja;9;Delivered
O00277;SiCepat;8;Delivered
O00278;AnterAja;8;Delivered
O00279;SiCepat;8;Returned
O00280;SiCepat;9;Delivered
O00281;JNE;4;Delivered
O00282;SiCepat;9;Delivered
O00283;J&T;1;Delivered
O00284;SiCepat;9;Delivered
O00285;JNE;5;Returned
O00286;J&T;2;Returned
O00287;J&T;10;Delivered
O00288;AnterAja;9;Late
O00289;AnterAja;8;Returned
O00290;AnterAja;8;Delivered
O00291;SiCepat;8;Delivered
O00292;JNE;4;Delivered
O00293;AnterAja;9;Delivered
O00294;SiCepat;6;Delivered
O00295;SiCepat;1;Delivered
O00296;SiCepat;8;Delivered
O00297;J&T;5;Cancelled
O00298;AnterAja;10;Delivered
O00299;SiCepat;2;Delivered
O00300;JNE;10;Delivered
O00301;JNE;3;Delivered
O00302;AnterAja;4;Returned
O00303;JNE;9;Delivered
O00304;JNE;1;Returned
O00305;SiCepat;1;Delivered
O00306;J&T;9;Delivered
O00307;JNE;4;Delivered
O00308;AnterAja;7;Delivered
O00309;J&T;10;Delivered
O00310;SiCepat;4;Delivered
O00311;J&T;8;Delivered
O00312;J&T;3;Delivered
O00313;JNE;1;Delivered
O00314;JNE;9;Returned
O00315;AnterAja;1;Delivered
O00316;J&T;1;Delivered
O00317;JNE;2;Delivered
O00318;J&T;6;Delivered
O00319;SiCepat;10;Cancelled
O00320;AnterAja;2;Cancelled
O00321;AnterAja;3;Delivered
O00322;J&T;10;Cancelled
O00323;AnterAja;5;Delivered
O00324;AnterAja;1;Delivered
O00325;J&T;8;Late
O00326;JNE;2;Delivered
O00327;SiCepat;2;Delivered
O00328;AnterAja;3;Delivered
O00329;J&T;2;Delivered
O00330;AnterAja;6;Delivered
O00331;JNE;3;Delivered
O00332;SiCepat;4;Returned
O00333;J&T;8;Delivered
O00334;JNE;5;Delivered
O00335;JNE;6;Delivered
O00336;SiCepat;4;Delivered
O00337;AnterAja;1;Delivered
O00338;AnterAja;1;Cancelled
O00339;J&T;4;Delivered
O00340;AnterAja;9;Delivered
O00341;AnterAja;8;Delivered
O00342;J&T;3;Delivered
O00343;AnterAja;3;Delivered
O00344;JNE;3;Delivered
O00345;AnterAja;3;Delivered
O00346;AnterAja;10;Delivered
O00347;J&T;4;Delivered
O00348;AnterAja;8;Delivered
O00349;JNE;3;Late
O00350;J&T;6;Delivered
O00351;AnterAja;4;Returned
O00352;J&T;10;Delivered
O00353;JNE;9;Late
O00354;JNE;8;Delivered
O00355;JNE;1;Delivered
O00356;JNE;6;Returned
O00357;AnterAja;6;Delivered
O00358;JNE;2;Delivered
O00359;SiCepat;7;Delivered
O00360;SiCepat;1;Delivered
O00361;AnterAja;10;Delivered
O00362;SiCepat;4;Delivered
O00363;SiCepat;6;Late
O00364;AnterAja;1;Delivered
O00365;AnterAja;3;Delivered
O00366;AnterAja;8;Delivered
O00367;SiCepat;8;Delivered
O00368;J&T;4;Delivered
O00369;JNE;1;Delivered
O00370;AnterAja;3;Delivered
O00371;JNE;10;Delivered
O00372;J&T;8;Late
O00373;JNE;8;Delivered
O00374;AnterAja;10;Delivered
O00375;J&T;3;Delivered
O00376;JNE;1;Delivered
O00377;JNE;4;Delivered
O00378;AnterAja;9;Delivered
O00379;JNE;4;Delivered
O00380;J&T;4;Delivered
O00381;J&T;2;Delivered
O00382;JNE;1;Delivered
O00383;JNE;8;Delivered
O00384;SiCepat;9;Delivered
O00385;AnterAja;10;Delivered
O00386;JNE;6;Delivered
O00387;SiCepat;2;Delivered
O00388;J&T;3;Delivered
O00389;SiCepat;5;Delivered
O00390;SiCepat;1;Delivered
O00391;SiCepat;4;Delivered
O00392;J&T;4;Late
O00393;JNE;8;Delivered
O00394;JNE;7;Delivered
O00395;J&T;9;Delivered
O00396;AnterAja;6;Delivered
O00397;AnterAja;7;Delivered
O00398;SiCepat;5;Delivered
O00399;AnterAja;8;Delivered
O00400;AnterAja;6;Delivered
O00401;AnterAja;6;Delivered
O00402;JNE;10;Delivered
O00403;AnterAja;4;Delivered
O00404;SiCepat;7;Delivered
O00405;JNE;7;Delivered
O00406;J&T;10;Delivered
O00407;AnterAja;3;Delivered
O00408;JNE;9;Returned
O00409;SiCepat;2;Delivered
O00410;AnterAja;2;Delivered
O00411;AnterAja;4;Delivered
O00412;SiCepat;8;Delivered
O00413;J&T;4;Delivered
O00414;J&T;8;Delivered
O00415;AnterAja;6;Delivered
O00416;AnterAja;4;Delivered
O00417;JNE;1;Delivered
O00418;SiCepat;9;Delivered
O00419;JNE;9;Delivered
O00420;JNE;6;Delivered
O00421;AnterAja;6;Delivered
O00422;SiCepat;1;Late
O00423;SiCepat;4;Delivered
O00424;J&T;9;Delivered
O00425;AnterAja;6;Delivered
O00426;AnterAja;7;Delivered
O00427;AnterAja;5;Delivered
O00428;SiCepat;7;Delivered
O00429;AnterAja;9;Cancelled
O00430;SiCepat;7;Delivered
O00431;AnterAja;1;Cancelled
O00432;SiCepat;5;Delivered
O00433;J&T;1;Delivered
O00434;J&T;9;Delivered
O00435;J&T;7;Delivered
O00436;J&T;1;Delivered
O00437;SiCepat;3;Delivered
O00438;SiCepat;5;Delivered
O00439;SiCepat;10;Delivered
O00440;J&T;6;Returned
O00441;AnterAja;8;Late
O00442;AnterAja;6;Delivered
O00443;AnterAja;1;Delivered
O00444;J&T;9;Late
O00445;JNE;8;Delivered
O00446;AnterAja;6;Delivered
O00447;J&T;10;Delivered
O00448;SiCepat;7;Delivered
O00449;AnterAja;9;Delivered
O00450;SiCepat;8;Delivered
O00451;AnterAja;5;Late
O00452;JNE;6;Delivered
O00453;JNE;4;Delivered
O00454;J&T;10;Delivered
O00455;J&T;7;Delivered
O00456;J&T;4;Delivered
O00457;J&T;9;Late
O00458;AnterAja;5;Cancelled
O00459;J&T;5;Late
O00460;J&T;8;Delivered
O00461;JNE;1;Delivered
O00462;SiCepat;1;Delivered
O00463;SiCepat;7;Late
O00464;AnterAja;6;Delivered
O00465;AnterAja;9;Delivered
O00466;AnterAja;4;Delivered
O00467;SiCepat;1;Delivered
O00468;J&T;6;Delivered
O00469;JNE;9;Late
O00470;AnterAja;9;Cancelled
O00471;SiCepat;7;Delivered
O00472;J&T;9;Delivered
O00473;AnterAja;1;Returned
O00474;J&T;9;Delivered
O00475;SiCepat;2;Delivered
O00476;AnterAja;10;Delivered
O00477;J&T;6;Delivered
O00478;JNE;2;Delivered
O00479;AnterAja;1;Returned
O00480;JNE;2;Delivered
O00481;JNE;9;Delivered
O00482;SiCepat;5;Delivered
O00483;AnterAja;3;Delivered
O00484;AnterAja;10;Delivered
O00485;J&T;6;Late
O00486;J&T;6;Delivered
O00487;J&T;7;Delivered
O00488;JNE;4;Delivered
O00489;AnterAja;10;Delivered
O00490;JNE;1;Delivered
O00491;JNE;3;Delivered
O00492;JNE;10;Delivered
O00493;SiCepat;9;Delivered
O00494;SiCepat;10;Delivered
O00495;SiCepat;9;Delivered
O00496;JNE;9;Delivered
O00497;AnterAja;7;Late
O00498;J&T;3;Delivered
O00499;SiCepat;8;Delivered
O00500;JNE;2;Delivered
O00501;SiCepat;4;Delivered
O00502;AnterAja;4;Delivered
O00503;SiCepat;4;Delivered
O00504;SiCepat;2;Delivered
O00505;JNE;7;Delivered
O00506;SiCepat;2;Delivered
O00507;JNE;7;Delivered
O00508;JNE;3;Delivered
O00509;SiCepat;1;Delivered
O00510;JNE;10;Cancelled
O00511;AnterAja;5;Delivered
O00512;JNE;6;Late
O00513;J&T;6;Delivered
O00514;J&T;8;Cancelled
O00515;SiCepat;10;Delivered
O00516;AnterAja;4;Delivered
O00517;AnterAja;5;Delivered
O00518;J&T;4;Delivered
O00519;JNE;2;Delivered
O00520;AnterAja;8;Delivered
O00521;AnterAja;8;Delivered
O00522;J&T;7;Delivered
O00523;J&T;2;Delivered
O00524;SiCepat;1;Delivered
O00525;JNE;6;Cancelled
O00526;SiCepat;4;Returned
O00527;JNE;4;Delivered
O00528;SiCepat;2;Delivered
O00529;AnterAja;2;Returned
O00530;JNE;5;Late
O00531;AnterAja;4;Late
O00532;AnterAja;1;Delivered
O00533;J&T;2;Late
O00534;J&T;1;Delivered
O00535;AnterAja;5;Delivered
O00536;J&T;1;Delivered
O00537;AnterAja;6;Delivered
O00538;JNE;4;Delivered
O00539;SiCepat;4;Late
O00540;AnterAja;4;Delivered
O00541;JNE;2;Delivered
O00542;AnterAja;8;Delivered
O00543;AnterAja;4;Delivered
O00544;AnterAja;6;Delivered
O00545;J&T;1;Delivered
O00546;JNE;1;Delivered
O00547;J&T;6;Delivered
O00548;AnterAja;3;Delivered
O00549;AnterAja;3;Delivered
O00550;J&T;5;Delivered
O00551;JNE;2;Delivered
O00552;JNE;1;Delivered
O00553;J&T;2;Delivered
O00554;J&T;4;Delivered
O00555;AnterAja;10;Cancelled
O00556;SiCepat;6;Delivered
O00557;AnterAja;4;Delivered
O00558;J&T;4;Delivered
O00559;JNE;6;Delivered
O00560;J&T;3;Delivered
O00561;JNE;5;Delivered
O00562;AnterAja;4;Delivered
O00563;AnterAja;6;Delivered
O00564;SiCepat;8;Delivered
O00565;SiCepat;9;Delivered
O00566;JNE;9;Delivered
O00567;JNE;1;Late
O00568;JNE;7;Delivered
O00569;AnterAja;1;Delivered
O00570;AnterAja;2;Late
O00571;SiCepat;2;Delivered
O00572;JNE;2;Delivered
O00573;JNE;4;Delivered
O00574;SiCepat;7;Delivered
O00575;AnterAja;7;Delivered
O00576;J&T;10;Delivered
O00577;AnterAja;9;Delivered
O00578;SiCepat;1;Delivered
O00579;SiCepat;4;Delivered
O00580;JNE;5;Delivered
O00581;AnterAja;7;Delivered
O00582;AnterAja;1;Delivered
O00583;JNE;5;Delivered
O00584;AnterAja;7;Delivered
O00585;JNE;6;Delivered
O00586;AnterAja;6;Delivered
O00587;J&T;5;Delivered
O00588;AnterAja;6;Delivered
O00589;J&T;4;Delivered
O00590;JNE;6;Delivered
O00591;JNE;6;Delivered
O00592;J&T;4;Delivered
O00593;J&T;3;Delivered
O00594;AnterAja;9;Delivered
O00595;JNE;1;Delivered
O00596;AnterAja;8;Delivered
O00597;SiCepat;9;Delivered
O00598;J&T;4;Delivered
O00599;AnterAja;8;Delivered
O00600;AnterAja;6;Late
O00601;JNE;8;Returned
O00602;J&T;6;Delivered
O00603;SiCepat;4;Returned
O00604;SiCepat;8;Delivered
O00605;JNE;10;Delivered
O00606;J&T;8;Delivered
O00607;JNE;6;Delivered
O00608;J&T;7;Delivered
O00609;SiCepat;2;Delivered
O00610;JNE;7;Delivered
O00611;AnterAja;1;Cancelled
O00612;SiCepat;3;Delivered
O00613;J&T;3;Late
O00614;AnterAja;1;Delivered
O00615;SiCepat;6;Delivered
O00616;SiCepat;6;Delivered
O00617;J&T;5;Delivered
O00618;JNE;10;Delivered
O00619;JNE;4;Late
O00620;AnterAja;5;Delivered
O00621;AnterAja;9;Delivered
O00622;SiCepat;2;Delivered
O00623;J&T;9;Delivered
O00624;JNE;9;Delivered
O00625;JNE;6;Delivered
O00626;AnterAja;7;Delivered
O00627;J&T;8;Delivered
O00628;J&T;7;Delivered
O00629;J&T;4;Delivered
O00630;J&T;2;Delivered
O00631;JNE;4;Delivered
O00632;SiCepat;1;Delivered
O00633;JNE;6;Delivered
O00634;J&T;7;Delivered
O00635;J&T;3;Late
O00636;JNE;6;Delivered
O00637;SiCepat;8;Cancelled
O00638;SiCepat;6;Returned
O00639;SiCepat;2;Returned
O00640;J&T;4;Delivered
O00641;SiCepat;7;Delivered
O00642;SiCepat;9;Returned
O00643;JNE;4;Delivered
O00644;JNE;3;Delivered
O00645;AnterAja;10;Delivered
O00646;J&T;8;Delivered
O00647;SiCepat;8;Delivered
O00648;SiCepat;10;Delivered
O00649;JNE;3;Delivered
O00650;J&T;4;Delivered
O00651;JNE;2;Delivered
O00652;AnterAja;3;Delivered
O00653;J&T;2;Delivered
O00654;SiCepat;10;Delivered
O00655;JNE;6;Delivered
O00656;JNE;4;Delivered
O00657;J&T;1;Delivered
O00658;JNE;8;Delivered
O00659;JNE;3;Delivered
O00660;SiCepat;1;Delivered
O00661;AnterAja;5;Delivered
O00662;AnterAja;5;Returned
O00663;J&T;9;Cancelled
O00664;AnterAja;6;Delivered
O00665;AnterAja;6;Delivered
O00666;JNE;4;Delivered
O00667;J&T;6;Late
O00668;JNE;4;Delivered
O00669;SiCepat;2;Delivered
O00670;SiCepat;1;Late
O00671;J&T;6;Delivered
O00672;SiCepat;10;Delivered
O00673;J&T;6;Delivered
O00674;SiCepat;3;Delivered
O00675;AnterAja;5;Delivered
O00676;AnterAja;1;Late
O00677;J&T;2;Delivered
O00678;J&T;8;Delivered
O00679;J&T;5;Late
O00680;SiCepat;2;Delivered
O00681;AnterAja;8;Delivered
O00682;AnterAja;7;Delivered
O00683;SiCepat;1;Delivered
O00684;JNE;6;Delivered
O00685;J&T;4;Cancelled
O00686;J&T;8;Delivered
O00687;AnterAja;5;Delivered
O00688;JNE;5;Late
O00689;AnterAja;2;Delivered
O00690;J&T;6;Delivered
O00691;AnterAja;9;Delivered
O00692;AnterAja;7;Delivered
O00693;J&T;1;Delivered
O00694;J&T;10;Delivered
O00695;SiCepat;2;Delivered
O00696;JNE;2;Delivered
O00697;AnterAja;7;Delivered
O00698;SiCepat;2;Delivered
O00699;JNE;10;Delivered
O00700;SiCepat;2;Delivered
O00701;JNE;6;Delivered
O00702;J&T;3;Delivered
O00703;SiCepat;7;Delivered
O00704;AnterAja;2;Delivered
O00705;SiCepat;10;Delivered
O00706;AnterAja;2;Delivered
O00707;J&T;7;Delivered
O00708;SiCepat;9;Delivered
O00709;JNE;4;Delivered
O00710;SiCepat;5;Delivered
O00711;J&T;4;Delivered
O00712;AnterAja;1;Delivered
O00713;J&T;8;Delivered
O00714;SiCepat;8;Delivered
O00715;JNE;9;Cancelled
O00716;AnterAja;7;Delivered
O00717;SiCepat;9;Late
O00718;J&T;10;Delivered
O00719;JNE;7;Returned
O00720;AnterAja;8;Delivered
O00721;AnterAja;7;Delivered
O00722;SiCepat;9;Late
O00723;AnterAja;9;Delivered
O00724;SiCepat;5;Cancelled
O00725;J&T;5;Delivered
O00726;SiCepat;7;Returned
O00727;SiCepat;7;Delivered
O00728;AnterAja;4;Delivered
O00729;AnterAja;8;Delivered
O00730;JNE;5;Delivered
O00731;JNE;6;Delivered
O00732;J&T;9;Delivered
O00733;J&T;4;Delivered
O00734;J&T;1;Delivered
O00735;AnterAja;3;Delivered
O00736;AnterAja;4;Delivered
O00737;J&T;6;Delivered
O00738;JNE;10;Delivered
O00739;AnterAja;2;Delivered
O00740;JNE;10;Delivered
O00741;JNE;3;Delivered
O00742;AnterAja;7;Delivered
O00743;SiCepat;7;Delivered
O00744;J&T;6;Late
O00745;SiCepat;5;Delivered
O00746;J&T;8;Delivered
O00747;J&T;4;Delivered
O00748;JNE;3;Late
O00749;J&T;9;Delivered
O00750;J&T;6;Late
O00751;SiCepat;1;Cancelled
O00752;JNE;6;Delivered
O00753;SiCepat;10;Delivered
O00754;AnterAja;6;Delivered
O00755;AnterAja;9;Delivered
O00756;SiCepat;8;Delivered
O00757;AnterAja;9;Cancelled
O00758;JNE;5;Delivered
O00759;AnterAja;10;Delivered
O00760;SiCepat;8;Delivered
O00761;SiCepat;5;Delivered
O00762;JNE;2;Delivered
O00763;AnterAja;1;Delivered
O00764;AnterAja;10;Delivered
O00765;JNE;8;Delivered
O00766;AnterAja;1;Late
O00767;J&T;5;Delivered
O00768;SiCepat;4;Cancelled
O00769;AnterAja;2;Delivered
O00770;AnterAja;6;Delivered
O00771;JNE;5;Delivered
O00772;AnterAja;8;Returned
O00773;AnterAja;5;Delivered
O00774;J&T;9;Cancelled
O00775;AnterAja;2;Delivered
O00776;J&T;6;Late
O00777;J&T;5;Delivered
O00778;AnterAja;3;Delivered
O00779;JNE;6;Delivered
O00780;SiCepat;10;Delivered
O00781;AnterAja;1;Delivered
O00782;AnterAja;1;Delivered
O00783;AnterAja;5;Delivered
O00784;AnterAja;5;Returned
O00785;AnterAja;6;Late
O00786;J&T;7;Delivered
O00787;AnterAja;8;Delivered
O00788;SiCepat;1;Delivered
O00789;JNE;8;Delivered
O00790;AnterAja;10;Delivered
O00791;JNE;6;Delivered
O00792;JNE;10;Delivered
O00793;JNE;10;Delivered
O00794;J&T;3;Cancelled
O00795;SiCepat;5;Delivered
O00796;SiCepat;3;Delivered
O00797;JNE;4;Cancelled
O00798;SiCepat;5;Delivered
O00799;JNE;9;Late
O00800;J&T;7;Delivered
O00801;J&T;9;Delivered
O00802;SiCepat;4;Delivered
O00803;J&T;9;Delivered
O00804;JNE;1;Cancelled
O00805;AnterAja;7;Delivered
O00806;J&T;3;Late
O00807;SiCepat;5;Delivered
O00808;JNE;10;Delivered
O00809;SiCepat;3;Delivered
O00810;JNE;9;Delivered
O00811;SiCepat;6;Delivered
O00812;SiCepat;2;Delivered
O00813;JNE;4;Delivered
O00814;SiCepat;6;Cancelled
O00815;AnterAja;5;Cancelled
O00816;AnterAja;6;Delivered
O00817;AnterAja;10;Delivered
O00818;AnterAja;5;Delivered
O00819;SiCepat;9;Delivered
O00820;JNE;4;Returned
O00821;AnterAja;10;Late
O00822;SiCepat;2;Delivered
O00823;SiCepat;5;Delivered
O00824;J&T;2;Delivered
O00825;JNE;2;Delivered
O00826;SiCepat;3;Delivered
O00827;JNE;10;Delivered
O00828;J&T;6;Delivered
O00829;SiCepat;7;Delivered
O00830;JNE;3;Delivered
O00831;J&T;9;Late
O00832;JNE;2;Delivered
O00833;J&T;9;Delivered
O00834;SiCepat;6;Late
O00835;J&T;2;Delivered
O00836;SiCepat;4;Delivered
O00837;AnterAja;8;Delivered
O00838;J&T;10;Delivered
O00839;AnterAja;9;Late
O00840;SiCepat;3;Delivered
O00841;AnterAja;8;Delivered
O00842;JNE;9;Delivered
O00843;JNE;7;Delivered
O00844;AnterAja;2;Delivered
O00845;JNE;5;Late
O00846;J&T;4;Delivered
O00847;AnterAja;8;Delivered
O00848;SiCepat;3;Delivered
O00849;J&T;3;Delivered
O00850;SiCepat;9;Delivered
O00851;J&T;2;Delivered
O00852;SiCepat;9;Delivered
O00853;SiCepat;4;Late
O00854;J&T;5;Delivered
O00855;SiCepat;9;Delivered
O00856;JNE;8;Delivered
O00857;AnterAja;5;Delivered
O00858;SiCepat;7;Delivered
O00859;JNE;8;Delivered
O00860;J&T;1;Delivered
O00861;JNE;3;Delivered
O00862;AnterAja;6;Delivered
O00863;AnterAja;1;Delivered
O00864;SiCepat;6;Delivered
O00865;SiCepat;1;Delivered
O00866;AnterAja;9;Delivered
O00867;AnterAja;8;Delivered
O00868;J&T;6;Delivered
O00869;AnterAja;7;Delivered
O00870;J&T;5;Delivered
O00871;JNE;1;Delivered
O00872;JNE;5;Delivered
O00873;SiCepat;6;Delivered
O00874;JNE;2;Delivered
O00875;SiCepat;2;Delivered
O00876;AnterAja;3;Delivered
O00877;SiCepat;3;Returned
O00878;JNE;5;Cancelled
O00879;J&T;5;Delivered
O00880;J&T;2;Delivered
O00881;AnterAja;3;Delivered
O00882;J&T;4;Delivered
O00883;J&T;9;Delivered
O00884;SiCepat;2;Delivered
O00885;JNE;8;Delivered
O00886;J&T;4;Delivered
O00887;SiCepat;2;Delivered
O00888;AnterAja;7;Late
O00889;J&T;10;Delivered
O00890;AnterAja;3;Delivered
O00891;SiCepat;4;Delivered
O00892;SiCepat;2;Late
O00893;AnterAja;10;Delivered
O00894;SiCepat;9;Delivered
O00895;SiCepat;1;Delivered
O00896;SiCepat;6;Delivered
O00897;J&T;8;Late
O00898;SiCepat;6;Cancelled
O00899;AnterAja;4;Delivered
O00900;JNE;9;Delivered
O00901;AnterAja;9;Delivered
O00902;SiCepat;3;Delivered
O00903;AnterAja;7;Late
O00904;SiCepat;1;Delivered
O00905;J&T;2;Cancelled
O00906;AnterAja;4;Delivered
O00907;AnterAja;5;Delivered
O00908;J&T;1;Delivered
O00909;SiCepat;2;Delivered
O00910;SiCepat;8;Late
O00911;JNE;1;Delivered
O00912;SiCepat;6;Delivered
O00913;JNE;3;Delivered
O00914;AnterAja;1;Delivered
O00915;J&T;7;Delivered
O00916;SiCepat;6;Delivered
O00917;SiCepat;5;Delivered
O00918;SiCepat;3;Delivered
O00919;AnterAja;1;Delivered
O00920;JNE;7;Delivered
O00921;J&T;3;Delivered
O00922;JNE;8;Delivered
O00923;AnterAja;10;Delivered
O00924;AnterAja;7;Delivered
O00925;AnterAja;10;Delivered
O00926;AnterAja;1;Delivered
O00927;AnterAja;7;Delivered
O00928;SiCepat;4;Delivered
O00929;JNE;5;Cancelled
O00930;SiCepat;7;Delivered
O00931;J&T;2;Delivered
O00932;J&T;9;Late
O00933;SiCepat;8;Delivered
O00934;J&T;9;Delivered
O00935;JNE;4;Delivered
O00936;AnterAja;10;Delivered
O00937;JNE;4;Delivered
O00938;J&T;8;Delivered
O00939;J&T;9;Delivered
O00940;J&T;10;Delivered
O00941;J&T;10;Delivered
O00942;JNE;2;Delivered
O00943;JNE;7;Delivered
O00944;SiCepat;2;Cancelled
O00945;JNE;7;Delivered
O00946;AnterAja;2;Delivered
O00947;J&T;7;Delivered
O00948;AnterAja;1;Late
O00949;JNE;1;Delivered
O00950;AnterAja;9;Delivered
O00951;JNE;8;Delivered
O00952;JNE;4;Delivered
O00953;AnterAja;1;Delivered
O00954;SiCepat;8;Returned
O00955;J&T;6;Delivered
O00956;AnterAja;7;Delivered
O00957;SiCepat;5;Delivered
O00958;JNE;2;Delivered
O00959;J&T;5;Delivered
O00960;AnterAja;8;Delivered
O00961;AnterAja;1;Delivered
O00962;AnterAja;3;Delivered
O00963;SiCepat;2;Delivered
O00964;SiCepat;7;Delivered
O00965;AnterAja;9;Delivered
O00966;AnterAja;5;Delivered
O00967;JNE;8;Delivered
O00968;AnterAja;3;Delivered
O00969;J&T;2;Delivered
O00970;AnterAja;4;Delivered
O00971;SiCepat;9;Delivered
O00972;AnterAja;10;Delivered
O00973;JNE;2;Delivered
O00974;SiCepat;2;Delivered
O00975;AnterAja;4;Cancelled
O00976;J&T;4;Delivered
O00977;AnterAja;9;Delivered
O00978;SiCepat;8;Delivered
O00979;SiCepat;4;Delivered
O00980;AnterAja;1;Late
O00981;AnterAja;4;Delivered
O00982;AnterAja;3;Delivered
O00983;J&T;2;Returned
O00984;J&T;8;Delivered
O00985;AnterAja;8;Delivered
O00986;J&T;6;Delivered
O00987;JNE;4;Returned
O00988;JNE;3;Delivered
O00989;AnterAja;4;Delivered
O00990;SiCepat;2;Delivered
O00991;SiCepat;4;Delivered
O00992;AnterAja;3;Delivered
O00993;AnterAja;9;Delivered
O00994;AnterAja;8;Delivered
O00995;SiCepat;9;Delivered
O00996;SiCepat;9;Delivered
O00997;J&T;9;Delivered
O00998;JNE;2;Returned
O00999;J&T;8;Delivered
O01000;J&T;9;Delivered
O01001;JNE;10;Delivered
O01002;SiCepat;10;Delivered
O01003;SiCepat;5;Delivered
O01004;JNE;1;Delivered
O01005;AnterAja;10;Delivered
O01006;SiCepat;9;Delivered
O01007;AnterAja;6;Delivered
O01008;AnterAja;1;Delivered
O01009;SiCepat;10;Delivered
O01010;JNE;7;Delivered
O01011;JNE;9;Delivered
O01012;SiCepat;3;Delivered
O01013;J&T;6;Delivered
O01014;JNE;2;Late
O01015;SiCepat;7;Delivered
O01016;JNE;4;Delivered
O01017;J&T;6;Delivered
O01018;SiCepat;7;Delivered
O01019;JNE;10;Delivered
O01020;J&T;6;Delivered
O01021;JNE;3;Delivered
O01022;J&T;5;Late
O01023;JNE;5;Delivered
O01024;AnterAja;4;Delivered
O01025;J&T;6;Delivered
O01026;SiCepat;3;Delivered
O01027;JNE;10;Delivered
O01028;AnterAja;3;Delivered
O01029;JNE;3;Delivered
O01030;JNE;3;Delivered
O01031;JNE;8;Delivered
O01032;J&T;7;Delivered
O01033;AnterAja;7;Delivered
O01034;J&T;7;Delivered
O01035;AnterAja;8;Delivered
O01036;J&T;1;Delivered
O01037;SiCepat;2;Delivered
O01038;J&T;9;Delivered
O01039;AnterAja;9;Delivered
O01040;JNE;7;Delivered
O01041;AnterAja;3;Delivered
O01042;J&T;5;Delivered
O01043;AnterAja;4;Delivered
O01044;SiCepat;9;Delivered
O01045;AnterAja;2;Delivered
O01046;J&T;10;Late
O01047;SiCepat;8;Cancelled
O01048;J&T;7;Late
O01049;JNE;4;Delivered
O01050;AnterAja;8;Delivered
O01051;AnterAja;3;Delivered
O01052;J&T;8;Delivered
O01053;AnterAja;4;Delivered
O01054;JNE;9;Delivered
O01055;SiCepat;9;Delivered
O01056;J&T;9;Cancelled
O01057;JNE;5;Delivered
O01058;JNE;7;Delivered
O01059;AnterAja;6;Delivered
O01060;J&T;6;Delivered
O01061;JNE;5;Cancelled
O01062;SiCepat;9;Delivered
O01063;SiCepat;1;Delivered
O01064;AnterAja;2;Late
O01065;AnterAja;4;Delivered
O01066;JNE;2;Delivered
O01067;AnterAja;8;Cancelled
O01068;JNE;9;Cancelled
O01069;SiCepat;10;Delivered
O01070;JNE;3;Delivered
O01071;AnterAja;1;Delivered
O01072;JNE;6;Delivered
O01073;AnterAja;7;Delivered
O01074;JNE;3;Delivered
O01075;J&T;2;Delivered
O01076;SiCepat;9;Delivered
O01077;JNE;6;Delivered
O01078;JNE;4;Delivered
O01079;JNE;8;Returned
O01080;AnterAja;8;Delivered
O01081;JNE;8;Delivered
O01082;JNE;4;Delivered
O01083;JNE;8;Delivered
O01084;JNE;8;Delivered
O01085;J&T;5;Delivered
O01086;AnterAja;4;Delivered
O01087;J&T;5;Delivered
O01088;SiCepat;2;Delivered
O01089;SiCepat;8;Delivered
O01090;JNE;2;Delivered
O01091;JNE;3;Delivered
O01092;AnterAja;2;Delivered
O01093;J&T;9;Late
O01094;JNE;7;Delivered
O01095;SiCepat;10;Delivered
O01096;AnterAja;7;Delivered
O01097;AnterAja;9;Delivered
O01098;JNE;6;Late
O01099;AnterAja;10;Delivered
O01100;AnterAja;10;Delivered
O01101;AnterAja;1;Delivered
O01102;SiCepat;3;Delivered
O01103;AnterAja;10;Delivered
O01104;J&T;1;Late
O01105;AnterAja;3;Delivered
O01106;SiCepat;2;Delivered
O01107;SiCepat;7;Delivered
O01108;SiCepat;2;Delivered
O01109;SiCepat;4;Delivered
O01110;AnterAja;5;Delivered
O01111;AnterAja;5;Delivered
O01112;JNE;1;Delivered
O01113;AnterAja;2;Delivered
O01114;JNE;5;Cancelled
O01115;SiCepat;1;Delivered
O01116;AnterAja;9;Delivered
O01117;JNE;4;Cancelled
O01118;AnterAja;3;Delivered
O01119;AnterAja;8;Late
O01120;SiCepat;2;Delivered
O01121;AnterAja;4;Delivered
O01122;JNE;1;Delivered
O01123;JNE;8;Delivered
O01124;J&T;9;Returned
O01125;AnterAja;8;Delivered
O01126;JNE;9;Delivered
O01127;SiCepat;2;Delivered
O01128;JNE;9;Delivered
O01129;JNE;3;Cancelled
O01130;J&T;2;Delivered
O01131;J&T;8;Delivered
O01132;JNE;10;Delivered
O01133;J&T;9;Delivered
O01134;SiCepat;3;Delivered
O01135;J&T;10;Delivered
O01136;JNE;1;Delivered
O01137;AnterAja;4;Returned
O01138;J&T;1;Delivered
O01139;J&T;2;Late
O01140;AnterAja;1;Delivered
O01141;SiCepat;3;Delivered
O01142;J&T;1;Delivered
O01143;SiCepat;10;Delivered
O01144;J&T;5;Returned
O01145;AnterAja;10;Delivered
O01146;JNE;10;Delivered
O01147;SiCepat;10;Delivered
O01148;JNE;7;Delivered
O01149;SiCepat;2;Delivered
O01150;JNE;7;Late
O01151;SiCepat;4;Delivered
O01152;SiCepat;5;Late
O01153;J&T;4;Delivered
O01154;SiCepat;3;Delivered
O01155;SiCepat;2;Delivered
O01156;AnterAja;4;Delivered
O01157;SiCepat;5;Late
O01158;SiCepat;2;Delivered
O01159;AnterAja;2;Delivered
O01160;JNE;9;Delivered
O01161;J&T;5;Delivered
O01162;SiCepat;1;Delivered
O01163;AnterAja;10;Delivered
O01164;AnterAja;4;Delivered
O01165;JNE;3;Delivered
O01166;J&T;2;Delivered
O01167;AnterAja;2;Delivered
O01168;J&T;8;Delivered
O01169;J&T;10;Delivered
O01170;J&T;9;Delivered
O01171;J&T;8;Delivered
O01172;AnterAja;3;Delivered
O01173;J&T;3;Delivered
O01174;J&T;3;Delivered
O01175;SiCepat;10;Late
O01176;J&T;10;Delivered
O01177;AnterAja;9;Delivered
O01178;AnterAja;6;Delivered
O01179;JNE;7;Delivered
O01180;SiCepat;1;Delivered
O01181;J&T;8;Delivered
O01182;J&T;3;Delivered
O01183;J&T;10;Delivered
O01184;J&T;8;Delivered
O01185;J&T;9;Delivered
O01186;JNE;6;Late
O01187;SiCepat;9;Delivered
O01188;J&T;8;Delivered
O01189;JNE;5;Late
O01190;JNE;8;Delivered
O01191;SiCepat;9;Delivered
O01192;AnterAja;5;Delivered
O01193;J&T;4;Delivered
O01194;AnterAja;10;Delivered
O01195;SiCepat;9;Delivered
O01196;SiCepat;1;Delivered
O01197;AnterAja;1;Delivered
O01198;SiCepat;6;Delivered
O01199;J&T;10;Late
O01200;J&T;3;Cancelled
O01201;SiCepat;10;Delivered
O01202;J&T;5;Delivered
O01203;JNE;2;Delivered
O01204;JNE;1;Delivered
O01205;SiCepat;10;Late
O01206;SiCepat;7;Delivered
O01207;AnterAja;8;Delivered
O01208;SiCepat;10;Cancelled
O01209;AnterAja;6;Delivered
O01210;JNE;7;Delivered
O01211;J&T;10;Cancelled
O01212;SiCepat;4;Delivered
O01213;SiCepat;4;Delivered
O01214;JNE;8;Delivered
O01215;JNE;3;Delivered
O01216;AnterAja;7;Delivered
O01217;AnterAja;5;Delivered
O01218;J&T;9;Delivered
O01219;JNE;10;Delivered
O01220;J&T;8;Late
O01221;J&T;6;Delivered
O01222;AnterAja;9;Delivered
O01223;J&T;9;Delivered
O01224;JNE;7;Delivered
O01225;SiCepat;5;Delivered
O01226;JNE;4;Late
O01227;AnterAja;5;Delivered
O01228;J&T;1;Delivered
O01229;AnterAja;8;Delivered
O01230;SiCepat;10;Delivered
O01231;SiCepat;8;Delivered
O01232;SiCepat;8;Delivered
O01233;JNE;3;Delivered
O01234;SiCepat;5;Delivered
O01235;AnterAja;9;Delivered
O01236;JNE;1;Delivered
O01237;SiCepat;7;Delivered
O01238;SiCepat;3;Returned
O01239;JNE;9;Delivered
O01240;SiCepat;6;Delivered
O01241;SiCepat;2;Delivered
O01242;AnterAja;8;Delivered
O01243;SiCepat;6;Delivered
O01244;J&T;8;Delivered
O01245;JNE;8;Late
O01246;J&T;6;Delivered
O01247;J&T;8;Delivered
O01248;J&T;2;Delivered
O01249;AnterAja;8;Delivered
O01250;SiCepat;4;Delivered
O01251;JNE;4;Delivered
O01252;SiCepat;3;Delivered
O01253;SiCepat;3;Delivered
O01254;SiCepat;9;Delivered
O01255;JNE;1;Delivered
O01256;J&T;1;Late
O01257;SiCepat;8;Delivered
O01258;AnterAja;10;Delivered
O01259;SiCepat;5;Delivered
O01260;AnterAja;2;Cancelled
O01261;SiCepat;6;Cancelled
O01262;J&T;4;Delivered
O01263;J&T;3;Delivered
O01264;J&T;3;Delivered
O01265;AnterAja;3;Delivered
O01266;J&T;4;Delivered
O01267;SiCepat;3;Delivered
O01268;SiCepat;3;Late
O01269;J&T;7;Delivered
O01270;SiCepat;5;Delivered
O01271;J&T;5;Delivered
O01272;AnterAja;1;Delivered
O01273;SiCepat;10;Delivered
O01274;AnterAja;4;Delivered
O01275;JNE;6;Delivered
O01276;SiCepat;2;Delivered
O01277;J&T;1;Delivered
O01278;SiCepat;9;Late
O01279;JNE;2;Delivered
O01280;AnterAja;2;Delivered
O01281;J&T;8;Delivered
O01282;AnterAja;4;Delivered
O01283;J&T;2;Delivered
O01284;J&T;10;Delivered
O01285;J&T;6;Delivered
O01286;J&T;9;Delivered
O01287;AnterAja;10;Delivered
O01288;J&T;1;Delivered
O01289;AnterAja;8;Delivered
O01290;J&T;9;Delivered
O01291;SiCepat;6;Late
O01292;SiCepat;10;Delivered
O01293;JNE;8;Delivered
O01294;JNE;4;Delivered
O01295;SiCepat;8;Delivered
O01296;JNE;1;Delivered
O01297;J&T;3;Delivered
O01298;AnterAja;6;Delivered
O01299;SiCepat;1;Delivered
O01300;JNE;8;Cancelled
O01301;AnterAja;3;Delivered
O01302;AnterAja;1;Delivered
O01303;J&T;2;Delivered
O01304;SiCepat;3;Delivered
O01305;JNE;7;Delivered
O01306;J&T;5;Delivered
O01307;AnterAja;6;Delivered
O01308;JNE;5;Delivered
O01309;J&T;7;Delivered
O01310;AnterAja;10;Delivered
O01311;J&T;7;Late
O01312;J&T;7;Delivered
O01313;SiCepat;3;Delivered
O01314;JNE;8;Delivered
O01315;SiCepat;10;Delivered
O01316;J&T;8;Delivered
O01317;JNE;3;Delivered
O01318;AnterAja;4;Delivered
O01319;JNE;10;Delivered
O01320;AnterAja;7;Delivered
O01321;AnterAja;1;Delivered
O01322;J&T;7;Delivered
O01323;AnterAja;3;Delivered
O01324;J&T;2;Delivered
O01325;SiCepat;2;Late
O01326;SiCepat;1;Delivered
O01327;SiCepat;9;Delivered
O01328;SiCepat;2;Delivered
O01329;J&T;1;Cancelled
O01330;AnterAja;1;Delivered
O01331;JNE;3;Delivered
O01332;AnterAja;2;Delivered
O01333;JNE;8;Delivered
O01334;J&T;5;Delivered
O01335;SiCepat;6;Delivered
O01336;JNE;3;Delivered
O01337;JNE;9;Late
O01338;J&T;3;Delivered
O01339;J&T;9;Delivered
O01340;JNE;3;Delivered
O01341;SiCepat;4;Delivered
O01342;SiCepat;2;Delivered
O01343;J&T;7;Late
O01344;SiCepat;3;Delivered
O01345;AnterAja;9;Delivered
O01346;JNE;5;Delivered
O01347;J&T;10;Cancelled
O01348;JNE;1;Delivered
O01349;J&T;7;Delivered
O01350;J&T;7;Late
O01351;SiCepat;8;Delivered
O01352;SiCepat;10;Delivered
O01353;SiCepat;9;Delivered
O01354;SiCepat;5;Delivered
O01355;SiCepat;6;Late
O01356;J&T;6;Delivered
O01357;JNE;3;Delivered
O01358;AnterAja;1;Delivered
O01359;AnterAja;6;Delivered
O01360;AnterAja;4;Delivered
O01361;AnterAja;10;Delivered
O01362;SiCepat;10;Delivered
O01363;AnterAja;10;Delivered
O01364;SiCepat;6;Cancelled
O01365;JNE;8;Delivered
O01366;AnterAja;10;Delivered
O01367;JNE;5;Delivered
O01368;J&T;1;Delivered
O01369;J&T;6;Delivered
O01370;JNE;9;Late
O01371;AnterAja;8;Delivered
O01372;AnterAja;6;Delivered
O01373;J&T;5;Delivered
O01374;J&T;6;Delivered
O01375;SiCepat;3;Delivered
O01376;SiCepat;8;Delivered
O01377;J&T;2;Late
O01378;J&T;1;Delivered
O01379;J&T;3;Delivered
O01380;SiCepat;7;Delivered
O01381;JNE;4;Delivered
O01382;AnterAja;5;Delivered
O01383;J&T;1;Late
O01384;SiCepat;4;Delivered
O01385;AnterAja;4;Delivered
O01386;JNE;6;Delivered
O01387;J&T;10;Delivered
O01388;SiCepat;5;Delivered
O01389;JNE;2;Delivered
O01390;AnterAja;6;Delivered
O01391;JNE;5;Delivered
O01392;JNE;10;Delivered
O01393;AnterAja;9;Delivered
O01394;J&T;10;Delivered
O01395;AnterAja;10;Late
O01396;SiCepat;7;Delivered
O01397;AnterAja;10;Delivered
O01398;AnterAja;1;Delivered
O01399;AnterAja;5;Delivered
O01400;SiCepat;8;Delivered
O01401;JNE;5;Delivered
O01402;SiCepat;4;Delivered
O01403;SiCepat;10;Late
O01404;AnterAja;4;Delivered
O01405;JNE;4;Delivered
O01406;AnterAja;1;Delivered
O01407;AnterAja;1;Delivered
O01408;AnterAja;1;Delivered
O01409;JNE;5;Delivered
O01410;JNE;9;Delivered
O01411;AnterAja;7;Delivered
O01412;SiCepat;1;Delivered
O01413;SiCepat;6;Delivered
O01414;SiCepat;2;Delivered
O01415;SiCepat;4;Delivered
O01416;J&T;5;Delivered
O01417;AnterAja;5;Delivered
O01418;JNE;2;Delivered
O01419;JNE;3;Delivered
O01420;AnterAja;8;Delivered
O01421;J&T;2;Delivered
O01422;SiCepat;3;Delivered
O01423;J&T;10;Delivered
O01424;JNE;7;Delivered
O01425;AnterAja;7;Delivered
O01426;JNE;2;Delivered
O01427;JNE;6;Delivered
O01428;SiCepat;1;Delivered
O01429;J&T;10;Delivered
O01430;AnterAja;2;Returned
O01431;J&T;10;Cancelled
O01432;JNE;3;Late
O01433;J&T;2;Delivered
O01434;SiCepat;8;Delivered
O01435;JNE;5;Late
O01436;AnterAja;6;Delivered
O01437;SiCepat;10;Cancelled
O01438;JNE;6;Delivered
O01439;JNE;4;Returned
O01440;JNE;8;Delivered
O01441;SiCepat;10;Delivered
O01442;J&T;10;Delivered
O01443;JNE;3;Delivered
O01444;SiCepat;2;Delivered
O01445;SiCepat;10;Cancelled
O01446;JNE;6;Late
O01447;J&T;2;Delivered
O01448;SiCepat;4;Delivered
O01449;J&T;8;Delivered
O01450;J&T;7;Delivered
O01451;SiCepat;6;Delivered
O01452;AnterAja;7;Delivered
O01453;J&T;6;Delivered
O01454;J&T;10;Delivered
O01455;JNE;6;Delivered
O01456;AnterAja;1;Delivered
O01457;J&T;7;Cancelled
O01458;AnterAja;9;Delivered
O01459;AnterAja;1;Delivered
O01460;J&T;2;Delivered
O01461;SiCepat;2;Delivered
O01462;AnterAja;8;Delivered
O01463;AnterAja;2;Delivered
O01464;SiCepat;6;Delivered
O01465;J&T;3;Delivered
O01466;J&T;2;Delivered
O01467;JNE;8;Delivered
O01468;AnterAja;6;Delivered
O01469;AnterAja;8;Delivered
O01470;AnterAja;6;Delivered
O01471;J&T;4;Delivered
O01472;AnterAja;6;Delivered
O01473;SiCepat;4;Delivered
O01474;AnterAja;9;Delivered
O01475;SiCepat;2;Delivered
O01476;J&T;8;Delivered
O01477;JNE;6;Delivered
O01478;SiCepat;5;Delivered
O01479;J&T;3;Delivered
O01480;SiCepat;6;Cancelled
O01481;J&T;6;Delivered
O01482;J&T;5;Delivered
O01483;SiCepat;10;Delivered
O01484;AnterAja;8;Returned
O01485;AnterAja;10;Delivered
O01486;J&T;4;Delivered
O01487;AnterAja;2;Delivered
O01488;J&T;8;Late
O01489;J&T;3;Delivered
O01490;J&T;1;Delivered
O01491;JNE;1;Delivered
O01492;AnterAja;3;Delivered
O01493;J&T;6;Delivered
O01494;JNE;8;Delivered
O01495;AnterAja;10;Delivered
O01496;J&T;2;Delivered
O01497;JNE;2;Delivered
O01498;AnterAja;7;Delivered
O01499;SiCepat;2;Delivered
O01500;AnterAja;5;Delivered
O01501;SiCepat;2;Delivered
O01502;J&T;3;Late
O01503;J&T;9;Delivered
O01504;AnterAja;9;Delivered
O01505;JNE;3;Late
O01506;SiCepat;10;Delivered
O01507;SiCepat;5;Delivered
O01508;AnterAja;3;Delivered
O01509;JNE;10;Delivered
O01510;JNE;9;Delivered
O01511;SiCepat;4;Delivered
O01512;SiCepat;3;Delivered
O01513;J&T;6;Delivered
O01514;J&T;2;Delivered
O01515;AnterAja;6;Delivered
O01516;J&T;6;Late
O01517;J&T;1;Delivered
O01518;AnterAja;10;Delivered
O01519;SiCepat;7;Late
O01520;J&T;7;Delivered
O01521;J&T;4;Delivered
O01522;J&T;2;Returned
O01523;JNE;4;Cancelled
O01524;AnterAja;2;Delivered
O01525;J&T;5;Delivered
O01526;JNE;3;Delivered
O01527;AnterAja;3;Delivered
O01528;AnterAja;5;Delivered
O01529;JNE;9;Cancelled
O01530;J&T;3;Delivered
O01531;SiCepat;3;Delivered
O01532;JNE;5;Delivered
O01533;J&T;9;Delivered
O01534;J&T;3;Delivered
O01535;AnterAja;3;Delivered
O01536;SiCepat;6;Delivered
O01537;AnterAja;4;Delivered
O01538;AnterAja;10;Delivered
O01539;JNE;4;Delivered
O01540;JNE;6;Delivered
O01541;SiCepat;9;Delivered
O01542;SiCepat;6;Delivered
O01543;JNE;8;Delivered
O01544;J&T;10;Delivered
O01545;J&T;2;Delivered
O01546;JNE;9;Delivered
O01547;AnterAja;6;Delivered
O01548;SiCepat;1;Delivered
O01549;JNE;7;Delivered
O01550;SiCepat;2;Delivered
O01551;JNE;10;Delivered
O01552;J&T;6;Delivered
O01553;JNE;9;Late
O01554;J&T;4;Delivered
O01555;SiCepat;6;Cancelled
O01556;JNE;10;Delivered
O01557;SiCepat;8;Delivered
O01558;AnterAja;9;Cancelled
O01559;JNE;6;Delivered
O01560;J&T;2;Delivered
O01561;JNE;9;Delivered
O01562;JNE;5;Delivered
O01563;JNE;3;Returned
O01564;SiCepat;6;Cancelled
O01565;SiCepat;4;Delivered
O01566;AnterAja;9;Delivered
O01567;J&T;3;Delivered
O01568;SiCepat;8;Delivered
O01569;AnterAja;6;Delivered
O01570;JNE;8;Delivered
O01571;J&T;3;Delivered
O01572;SiCepat;10;Delivered
O01573;AnterAja;5;Delivered
O01574;J&T;6;Returned
O01575;J&T;6;Delivered
O01576;J&T;7;Delivered
O01577;J&T;10;Delivered
O01578;JNE;5;Delivered
O01579;SiCepat;6;Delivered
O01580;JNE;6;Delivered
O01581;JNE;1;Delivered
O01582;SiCepat;1;Delivered
O01583;J&T;10;Delivered
O01584;SiCepat;10;Delivered
O01585;JNE;2;Delivered
O01586;JNE;5;Cancelled
O01587;SiCepat;2;Delivered
O01588;JNE;8;Delivered
O01589;SiCepat;10;Delivered
O01590;SiCepat;5;Delivered
O01591;J&T;4;Delivered
O01592;AnterAja;4;Delivered
O01593;JNE;1;Delivered
O01594;AnterAja;2;Late
O01595;J&T;5;Delivered
O01596;SiCepat;4;Delivered
O01597;J&T;10;Delivered
O01598;J&T;6;Delivered
O01599;AnterAja;9;Delivered
O01600;JNE;1;Delivered
O01601;J&T;4;Delivered
O01602;JNE;6;Delivered
O01603;J&T;2;Delivered
O01604;SiCepat;2;Cancelled
O01605;AnterAja;4;Delivered
O01606;JNE;1;Delivered
O01607;J&T;7;Delivered
O01608;SiCepat;10;Delivered
O01609;JNE;1;Late
O01610;J&T;10;Delivered
O01611;J&T;2;Delivered
O01612;SiCepat;8;Delivered
O01613;JNE;7;Delivered
O01614;JNE;7;Delivered
O01615;AnterAja;5;Delivered
O01616;SiCepat;6;Delivered
O01617;AnterAja;2;Delivered
O01618;SiCepat;4;Delivered
O01619;J&T;2;Delivered
O01620;J&T;8;Delivered
O01621;SiCepat;3;Delivered
O01622;J&T;2;Delivered
O01623;J&T;9;Delivered
O01624;SiCepat;4;Delivered
O01625;JNE;8;Delivered
O01626;JNE;6;Delivered
O01627;J&T;8;Cancelled
O01628;JNE;1;Delivered
O01629;JNE;3;Delivered
O01630;J&T;9;Delivered
O01631;J&T;1;Delivered
O01632;J&T;4;Delivered
O01633;JNE;4;Delivered
O01634;SiCepat;9;Delivered
O01635;J&T;2;Delivered
O01636;J&T;3;Delivered
O01637;SiCepat;6;Delivered
O01638;JNE;1;Delivered
O01639;AnterAja;2;Delivered
O01640;J&T;8;Delivered
O01641;SiCepat;9;Delivered
O01642;J&T;2;Late
O01643;J&T;2;Delivered
O01644;JNE;2;Delivered
O01645;JNE;10;Delivered
O01646;J&T;9;Delivered
O01647;J&T;4;Delivered
O01648;JNE;10;Cancelled
O01649;J&T;9;Returned
O01650;AnterAja;7;Delivered
O01651;SiCepat;7;Delivered
O01652;AnterAja;4;Cancelled
O01653;J&T;8;Late
O01654;SiCepat;4;Delivered
O01655;SiCepat;3;Delivered
O01656;SiCepat;6;Delivered
O01657;SiCepat;8;Delivered
O01658;JNE;4;Delivered
O01659;JNE;8;Late
O01660;SiCepat;2;Delivered
O01661;AnterAja;1;Returned
O01662;SiCepat;1;Delivered
O01663;SiCepat;1;Delivered
O01664;SiCepat;8;Delivered
O01665;JNE;1;Delivered
O01666;JNE;9;Delivered
O01667;JNE;10;Delivered
O01668;J&T;8;Delivered
O01669;J&T;5;Delivered
O01670;J&T;1;Delivered
O01671;JNE;7;Delivered
O01672;J&T;8;Delivered
O01673;J&T;5;Delivered
O01674;SiCepat;3;Late
O01675;J&T;7;Delivered
O01676;J&T;9;Delivered
O01677;AnterAja;10;Delivered
O01678;SiCepat;1;Delivered
O01679;JNE;3;Delivered
O01680;SiCepat;9;Delivered
O01681;SiCepat;4;Delivered
O01682;SiCepat;3;Late
O01683;SiCepat;8;Delivered
O01684;AnterAja;6;Delivered
O01685;SiCepat;10;Delivered
O01686;JNE;10;Delivered
O01687;AnterAja;3;Delivered
O01688;SiCepat;10;Late
O01689;J&T;10;Delivered
O01690;AnterAja;3;Delivered
O01691;SiCepat;4;Delivered
O01692;SiCepat;9;Delivered
O01693;SiCepat;1;Delivered
O01694;J&T;4;Delivered
O01695;SiCepat;3;Delivered
O01696;JNE;2;Delivered
O01697;AnterAja;8;Delivered
O01698;J&T;9;Delivered
O01699;SiCepat;9;Delivered
O01700;AnterAja;10;Delivered
O01701;J&T;9;Delivered
O01702;SiCepat;10;Delivered
O01703;J&T;3;Delivered
O01704;J&T;1;Delivered
O01705;SiCepat;7;Delivered
O01706;AnterAja;5;Delivered
O01707;SiCepat;1;Delivered
O01708;AnterAja;7;Delivered
O01709;AnterAja;10;Delivered
O01710;JNE;6;Delivered
O01711;JNE;2;Delivered
O01712;J&T;6;Delivered
O01713;SiCepat;9;Delivered
O01714;AnterAja;7;Delivered
O01715;JNE;2;Delivered
O01716;AnterAja;3;Delivered
O01717;SiCepat;2;Delivered
O01718;JNE;9;Delivered
O01719;J&T;9;Delivered
O01720;SiCepat;7;Delivered
O01721;SiCepat;4;Delivered
O01722;SiCepat;3;Delivered
O01723;JNE;9;Delivered
O01724;J&T;9;Delivered
O01725;SiCepat;7;Cancelled
O01726;AnterAja;2;Delivered
O01727;JNE;7;Returned
O01728;AnterAja;1;Delivered
O01729;AnterAja;9;Delivered
O01730;J&T;4;Delivered
O01731;SiCepat;8;Delivered
O01732;SiCepat;3;Delivered
O01733;SiCepat;4;Delivered
O01734;J&T;4;Delivered
O01735;JNE;8;Cancelled
O01736;SiCepat;9;Delivered
O01737;SiCepat;8;Delivered
O01738;SiCepat;7;Delivered
O01739;SiCepat;1;Delivered
O01740;JNE;5;Delivered
O01741;SiCepat;5;Delivered
O01742;J&T;6;Delivered
O01743;AnterAja;7;Delivered
O01744;JNE;10;Delivered
O01745;AnterAja;10;Returned
O01746;AnterAja;2;Delivered
O01747;AnterAja;3;Delivered
O01748;J&T;9;Delivered
O01749;AnterAja;6;Delivered
O01750;JNE;2;Delivered
O01751;SiCepat;3;Delivered
O01752;AnterAja;7;Delivered
O01753;SiCepat;10;Delivered
O01754;AnterAja;10;Returned
O01755;JNE;6;Delivered
O01756;AnterAja;1;Delivered
O01757;JNE;3;Delivered
O01758;AnterAja;9;Late
O01759;AnterAja;6;Delivered
O01760;SiCepat;3;Delivered
O01761;J&T;9;Delivered
O01762;J&T;5;Delivered
O01763;JNE;10;Delivered
O01764;J&T;2;Late
O01765;J&T;3;Delivered
O01766;JNE;10;Delivered
O01767;JNE;2;Delivered
O01768;AnterAja;10;Delivered
O01769;JNE;5;Delivered
O01770;AnterAja;1;Late
O01771;J&T;6;Delivered
O01772;SiCepat;6;Late
O01773;AnterAja;3;Delivered
O01774;J&T;1;Cancelled
O01775;JNE;1;Delivered
O01776;JNE;4;Cancelled
O01777;SiCepat;3;Delivered
O01778;JNE;8;Delivered
O01779;JNE;10;Delivered
O01780;JNE;9;Delivered
O01781;AnterAja;8;Delivered
O01782;JNE;10;Delivered
O01783;SiCepat;3;Delivered
O01784;JNE;9;Delivered
O01785;JNE;1;Delivered
O01786;AnterAja;4;Delivered
O01787;JNE;6;Delivered
O01788;JNE;7;Delivered
O01789;JNE;5;Delivered
O01790;J&T;10;Delivered
O01791;AnterAja;8;Delivered
O01792;J&T;8;Delivered
O01793;AnterAja;8;Delivered
O01794;JNE;8;Delivered
O01795;SiCepat;10;Delivered
O01796;AnterAja;10;Delivered
O01797;SiCepat;1;Delivered
O01798;SiCepat;10;Delivered
O01799;SiCepat;9;Delivered
O01800;JNE;5;Delivered
O01801;AnterAja;2;Delivered
O01802;J&T;7;Delivered
O01803;SiCepat;7;Delivered
O01804;AnterAja;5;Delivered
O01805;AnterAja;5;Delivered
O01806;AnterAja;6;Delivered
O01807;J&T;10;Delivered
O01808;J&T;3;Delivered
O01809;J&T;10;Delivered
O01810;JNE;6;Delivered
O01811;J&T;1;Delivered
O01812;SiCepat;8;Delivered
O01813;J&T;4;Late
O01814;J&T;8;Delivered
O01815;J&T;7;Delivered
O01816;SiCepat;10;Delivered
O01817;SiCepat;10;Delivered
O01818;JNE;1;Delivered
O01819;JNE;9;Delivered
O01820;AnterAja;8;Delivered
O01821;J&T;10;Delivered
O01822;J&T;3;Delivered
O01823;JNE;7;Delivered
O01824;SiCepat;2;Delivered
O01825;AnterAja;8;Delivered
O01826;SiCepat;1;Delivered
O01827;J&T;6;Returned
O01828;J&T;1;Delivered
O01829;SiCepat;4;Late
O01830;AnterAja;9;Delivered
O01831;AnterAja;8;Delivered
O01832;SiCepat;3;Delivered
O01833;J&T;10;Delivered
O01834;SiCepat;1;Delivered
O01835;JNE;8;Delivered
O01836;J&T;9;Delivered
O01837;SiCepat;4;Delivered
O01838;J&T;6;Delivered
O01839;J&T;5;Delivered
O01840;AnterAja;3;Delivered
O01841;AnterAja;1;Delivered
O01842;JNE;7;Late
O01843;SiCepat;3;Delivered
O01844;J&T;2;Delivered
O01845;J&T;5;Delivered
O01846;JNE;7;Delivered
O01847;J&T;2;Delivered
O01848;J&T;2;Delivered
O01849;JNE;5;Delivered
O01850;JNE;5;Delivered
O01851;JNE;4;Delivered
O01852;JNE;8;Returned
O01853;AnterAja;1;Delivered
O01854;SiCepat;2;Delivered
O01855;SiCepat;9;Delivered
O01856;JNE;8;Delivered
O01857;J&T;4;Delivered
O01858;JNE;2;Delivered
O01859;SiCepat;7;Returned
O01860;SiCepat;3;Delivered
O01861;SiCepat;9;Delivered
O01862;AnterAja;9;Delivered
O01863;SiCepat;9;Delivered
O01864;SiCepat;8;Delivered
O01865;J&T;9;Returned
O01866;SiCepat;3;Delivered
O01867;J&T;9;Delivered
O01868;J&T;10;Delivered
O01869;J&T;1;Delivered
O01870;AnterAja;7;Returned
O01871;JNE;8;Delivered
O01872;J&T;3;Late
O01873;J&T;8;Delivered
O01874;SiCepat;2;Delivered
O01875;SiCepat;3;Delivered
O01876;SiCepat;2;Delivered
O01877;J&T;3;Delivered
O01878;SiCepat;3;Returned
O01879;JNE;8;Delivered
O01880;JNE;7;Delivered
O01881;AnterAja;5;Delivered
O01882;J&T;2;Delivered
O01883;AnterAja;9;Delivered
O01884;JNE;3;Cancelled
O01885;J&T;3;Delivered
O01886;J&T;2;Delivered
O01887;J&T;9;Delivered
O01888;JNE;7;Delivered
O01889;SiCepat;6;Delivered
O01890;J&T;2;Delivered
O01891;JNE;5;Delivered
O01892;AnterAja;7;Delivered
O01893;J&T;8;Delivered
O01894;J&T;7;Delivered
O01895;J&T;2;Delivered
O01896;AnterAja;3;Delivered
O01897;JNE;4;Cancelled
O01898;JNE;8;Late
O01899;AnterAja;8;Delivered
O01900;SiCepat;3;Late
O01901;J&T;6;Delivered
O01902;J&T;2;Delivered
O01903;J&T;8;Delivered
O01904;SiCepat;5;Delivered
O01905;AnterAja;10;Delivered
O01906;AnterAja;10;Delivered
O01907;AnterAja;6;Delivered
O01908;JNE;9;Delivered
O01909;J&T;2;Delivered
O01910;SiCepat;1;Delivered
O01911;J&T;1;Delivered
O01912;SiCepat;8;Delivered
O01913;JNE;2;Delivered
O01914;AnterAja;6;Delivered
O01915;J&T;5;Delivered
O01916;J&T;3;Delivered
O01917;AnterAja;5;Delivered
O01918;J&T;5;Delivered
O01919;AnterAja;1;Cancelled
O01920;AnterAja;6;Delivered
O01921;JNE;1;Delivered
O01922;JNE;7;Returned
O01923;AnterAja;10;Delivered
O01924;JNE;7;Delivered
O01925;JNE;7;Delivered
O01926;SiCepat;5;Delivered
O01927;J&T;8;Delivered
O01928;AnterAja;2;Delivered
O01929;AnterAja;5;Delivered
O01930;SiCepat;7;Delivered
O01931;J&T;6;Delivered
O01932;AnterAja;2;Delivered
O01933;J&T;8;Delivered
O01934;AnterAja;6;Delivered
O01935;J&T;10;Cancelled
O01936;AnterAja;4;Delivered
O01937;AnterAja;3;Delivered
O01938;AnterAja;10;Delivered
O01939;AnterAja;4;Delivered
O01940;SiCepat;5;Delivered
O01941;J&T;10;Returned
O01942;AnterAja;4;Delivered
O01943;JNE;10;Delivered
O01944;J&T;10;Delivered
O01945;J&T;8;Delivered
O01946;SiCepat;5;Delivered
O01947;SiCepat;7;Delivered
O01948;JNE;2;Delivered
O01949;SiCepat;8;Returned
O01950;J&T;1;Delivered
O01951;AnterAja;3;Delivered
O01952;AnterAja;4;Delivered
O01953;J&T;4;Delivered
O01954;J&T;2;Delivered
O01955;J&T;10;Delivered
O01956;J&T;6;Delivered
O01957;JNE;7;Delivered
O01958;SiCepat;7;Delivered
O01959;AnterAja;2;Delivered
O01960;JNE;10;Delivered
O01961;AnterAja;10;Delivered
O01962;J&T;3;Delivered
O01963;AnterAja;4;Delivered
O01964;JNE;8;Delivered
O01965;JNE;10;Late
O01966;JNE;6;Delivered
O01967;AnterAja;8;Delivered
O01968;JNE;1;Delivered
O01969;JNE;3;Delivered
O01970;J&T;4;Late
O01971;JNE;9;Delivered
O01972;JNE;4;Delivered
O01973;SiCepat;4;Delivered
O01974;J&T;6;Delivered
O01975;SiCepat;2;Delivered
O01976;JNE;2;Delivered
O01977;AnterAja;1;Delivered
O01978;J&T;5;Delivered
O01979;AnterAja;10;Delivered
O01980;J&T;3;Delivered
O01981;JNE;6;Delivered
O01982;JNE;8;Delivered
O01983;SiCepat;7;Delivered
O01984;J&T;10;Delivered
O01985;AnterAja;4;Delivered
O01986;AnterAja;8;Delivered
O01987;JNE;5;Delivered
O01988;SiCepat;6;Delivered
O01989;JNE;7;Late
O01990;JNE;1;Delivered
O01991;JNE;4;Delivered
O01992;JNE;10;Delivered
O01993;SiCepat;1;Delivered
O01994;J&T;2;Delivered
O01995;J&T;5;Delivered
O01996;JNE;5;Delivered
O01997;SiCepat;7;Delivered
O01998;JNE;3;Delivered
O01999;AnterAja;9;Delivered
O02000;SiCepat;1;Delivered
O02001;SiCepat;4;Delivered
O02002;J&T;8;Delivered
O02003;SiCepat;5;Delivered
O02004;JNE;8;Delivered
O02005;SiCepat;8;Delivered
O02006;AnterAja;6;Delivered
O02007;SiCepat;10;Delivered
O02008;JNE;8;Delivered
O02009;AnterAja;8;Delivered
O02010;SiCepat;3;Delivered
O02011;SiCepat;8;Delivered
O02012;JNE;2;Delivered
O02013;SiCepat;7;Delivered
O02014;JNE;4;Delivered
O02015;JNE;3;Delivered
O02016;AnterAja;1;Delivered
O02017;AnterAja;4;Delivered
O02018;J&T;9;Delivered
O02019;J&T;10;Delivered
O02020;SiCepat;4;Late
O02021;AnterAja;7;Delivered
O02022;J&T;10;Delivered
O02023;J&T;1;Delivered
O02024;SiCepat;6;Late
O02025;J&T;1;Delivered
O02026;JNE;2;Delivered
O02027;JNE;4;Delivered
O02028;J&T;2;Delivered
O02029;SiCepat;4;Delivered
O02030;AnterAja;3;Delivered
O02031;AnterAja;9;Delivered
O02032;J&T;8;Late
O02033;J&T;8;Delivered
O02034;SiCepat;7;Delivered
O02035;J&T;2;Delivered
O02036;J&T;9;Late
O02037;SiCepat;5;Delivered
O02038;AnterAja;9;Delivered
O02039;J&T;7;Delivered
O02040;SiCepat;1;Delivered
O02041;JNE;2;Delivered
O02042;SiCepat;1;Delivered
O02043;AnterAja;3;Delivered
O02044;SiCepat;8;Delivered
O02045;JNE;6;Cancelled
O02046;JNE;3;Delivered
O02047;JNE;9;Delivered
O02048;JNE;2;Delivered
O02049;JNE;6;Delivered
O02050;JNE;7;Late
O02051;J&T;1;Delivered
O02052;JNE;5;Delivered
O02053;J&T;1;Cancelled
O02054;AnterAja;6;Delivered
O02055;SiCepat;5;Delivered
O02056;J&T;7;Delivered
O02057;SiCepat;8;Delivered
O02058;AnterAja;10;Delivered
O02059;J&T;6;Delivered
O02060;JNE;8;Delivered
O02061;JNE;6;Delivered
O02062;JNE;8;Delivered
O02063;AnterAja;1;Delivered
O02064;AnterAja;4;Delivered
O02065;SiCepat;9;Delivered
O02066;J&T;9;Delivered
O02067;JNE;2;Delivered
O02068;AnterAja;5;Delivered
O02069;J&T;8;Delivered
O02070;JNE;7;Delivered
O02071;SiCepat;4;Delivered
O02072;SiCepat;7;Delivered
O02073;AnterAja;1;Late
O02074;AnterAja;1;Delivered
O02075;J&T;8;Delivered
O02076;AnterAja;10;Delivered
O02077;SiCepat;3;Delivered
O02078;J&T;5;Late
O02079;AnterAja;7;Delivered
O02080;AnterAja;5;Cancelled
O02081;JNE;6;Delivered
O02082;SiCepat;7;Delivered
O02083;SiCepat;1;Delivered
O02084;JNE;9;Delivered
O02085;J&T;1;Delivered
O02086;SiCepat;8;Delivered
O02087;AnterAja;4;Delivered
O02088;J&T;4;Delivered
O02089;SiCepat;3;Delivered
O02090;JNE;10;Delivered
O02091;J&T;5;Delivered
O02092;J&T;6;Delivered
O02093;SiCepat;6;Returned
O02094;J&T;8;Delivered
O02095;SiCepat;7;Delivered
O02096;JNE;6;Delivered
O02097;AnterAja;5;Late
O02098;J&T;3;Delivered
O02099;AnterAja;7;Delivered
O02100;AnterAja;4;Late
O02101;JNE;7;Late
O02102;JNE;4;Cancelled
O02103;AnterAja;1;Delivered
O02104;AnterAja;3;Delivered
O02105;J&T;5;Delivered
O02106;J&T;1;Delivered
O02107;J&T;2;Delivered
O02108;J&T;9;Delivered
O02109;AnterAja;5;Delivered
O02110;AnterAja;6;Late
O02111;AnterAja;7;Late
O02112;AnterAja;4;Delivered
O02113;J&T;7;Delivered
O02114;J&T;7;Delivered
O02115;JNE;4;Delivered
O02116;JNE;9;Cancelled
O02117;J&T;8;Late
O02118;SiCepat;3;Delivered
O02119;AnterAja;9;Returned
O02120;J&T;1;Delivered
O02121;J&T;2;Delivered
O02122;J&T;3;Delivered
O02123;SiCepat;8;Delivered
O02124;J&T;7;Delivered
O02125;J&T;3;Returned
O02126;SiCepat;4;Delivered
O02127;JNE;7;Delivered
O02128;JNE;1;Delivered
O02129;J&T;3;Delivered
O02130;SiCepat;1;Delivered
O02131;J&T;3;Delivered
O02132;AnterAja;3;Delivered
O02133;JNE;5;Delivered
O02134;JNE;6;Returned
O02135;SiCepat;9;Delivered
O02136;J&T;3;Delivered
O02137;J&T;8;Late
O02138;SiCepat;2;Delivered
O02139;SiCepat;5;Delivered
O02140;SiCepat;3;Delivered
O02141;AnterAja;8;Delivered
O02142;SiCepat;10;Delivered
O02143;JNE;6;Delivered
O02144;AnterAja;4;Delivered
O02145;J&T;5;Delivered
O02146;SiCepat;9;Delivered
O02147;JNE;2;Delivered
O02148;AnterAja;9;Delivered
O02149;JNE;6;Delivered
O02150;JNE;10;Delivered
O02151;J&T;3;Delivered
O02152;J&T;1;Cancelled
O02153;J&T;5;Delivered
O02154;AnterAja;5;Delivered
O02155;AnterAja;8;Delivered
O02156;AnterAja;1;Delivered
O02157;AnterAja;2;Delivered
O02158;AnterAja;4;Delivered
O02159;SiCepat;8;Delivered
O02160;SiCepat;10;Delivered
O02161;AnterAja;3;Delivered
O02162;SiCepat;4;Delivered
O02163;AnterAja;10;Delivered
O02164;J&T;1;Delivered
O02165;JNE;1;Late
O02166;AnterAja;10;Delivered
O02167;AnterAja;6;Delivered
O02168;J&T;1;Late
O02169;JNE;8;Delivered
O02170;J&T;10;Delivered
O02171;SiCepat;1;Delivered
O02172;JNE;10;Delivered
O02173;J&T;9;Delivered
O02174;AnterAja;10;Late
O02175;SiCepat;7;Cancelled
O02176;J&T;4;Delivered
O02177;SiCepat;1;Delivered
O02178;JNE;10;Delivered
O02179;SiCepat;3;Delivered
O02180;JNE;4;Delivered
O02181;J&T;5;Delivered
O02182;JNE;1;Delivered
O02183;J&T;9;Delivered
O02184;JNE;1;Delivered
O02185;SiCepat;9;Delivered
O02186;JNE;10;Late
O02187;J&T;2;Delivered
O02188;SiCepat;4;Cancelled
O02189;AnterAja;2;Delivered
O02190;AnterAja;7;Delivered
O02191;AnterAja;5;Delivered
O02192;SiCepat;1;Delivered
O02193;SiCepat;10;Delivered
O02194;JNE;3;Delivered
O02195;J&T;7;Delivered
O02196;SiCepat;6;Delivered
O02197;AnterAja;5;Delivered
O02198;SiCepat;7;Delivered
O02199;SiCepat;5;Delivered
O02200;J&T;7;Delivered
O02201;SiCepat;6;Delivered
O02202;JNE;10;Delivered
O02203;JNE;7;Delivered
O02204;J&T;5;Late
O02205;AnterAja;6;Delivered
O02206;AnterAja;5;Delivered
O02207;J&T;10;Delivered
O02208;J&T;10;Late
O02209;JNE;10;Delivered
O02210;AnterAja;6;Delivered
O02211;JNE;10;Delivered
O02212;JNE;1;Delivered
O02213;JNE;7;Delivered
O02214;J&T;6;Delivered
O02215;J&T;7;Delivered
O02216;AnterAja;7;Delivered
O02217;JNE;8;Late
O02218;J&T;2;Late
O02219;AnterAja;3;Delivered
O02220;J&T;8;Returned
O02221;AnterAja;7;Delivered
O02222;AnterAja;6;Delivered
O02223;JNE;5;Delivered
O02224;AnterAja;3;Delivered
O02225;SiCepat;2;Delivered
O02226;JNE;7;Delivered
O02227;JNE;6;Delivered
O02228;SiCepat;6;Delivered
O02229;JNE;8;Delivered
O02230;J&T;9;Delivered
O02231;SiCepat;6;Delivered
O02232;AnterAja;7;Delivered
O02233;JNE;10;Delivered
O02234;AnterAja;4;Delivered
O02235;JNE;10;Late
O02236;J&T;10;Delivered
O02237;SiCepat;1;Delivered
O02238;AnterAja;4;Delivered
O02239;AnterAja;4;Delivered
O02240;SiCepat;8;Delivered
O02241;SiCepat;8;Delivered
O02242;AnterAja;1;Delivered
O02243;JNE;4;Delivered
O02244;AnterAja;3;Delivered
O02245;SiCepat;10;Delivered
O02246;SiCepat;6;Delivered
O02247;SiCepat;4;Delivered
O02248;SiCepat;2;Delivered
O02249;AnterAja;7;Delivered
O02250;J&T;4;Delivered
O02251;AnterAja;9;Cancelled
O02252;SiCepat;1;Delivered
O02253;SiCepat;7;Cancelled
O02254;SiCepat;6;Delivered
O02255;SiCepat;9;Delivered
O02256;SiCepat;9;Delivered
O02257;SiCepat;8;Delivered
O02258;AnterAja;4;Delivered
O02259;AnterAja;1;Delivered
O02260;SiCepat;6;Late
O02261;AnterAja;10;Delivered
O02262;AnterAja;2;Delivered
O02263;JNE;10;Cancelled
O02264;AnterAja;5;Delivered
O02265;J&T;7;Delivered
O02266;JNE;1;Delivered
O02267;J&T;10;Delivered
O02268;SiCepat;3;Delivered
O02269;AnterAja;5;Delivered
O02270;J&T;7;Delivered
O02271;SiCepat;10;Delivered
O02272;J&T;4;Delivered
O02273;JNE;6;Delivered
O02274;J&T;6;Delivered
O02275;SiCepat;9;Late
O02276;J&T;7;Delivered
O02277;J&T;9;Delivered
O02278;J&T;2;Delivered
O02279;SiCepat;7;Delivered
O02280;AnterAja;5;Delivered
O02281;J&T;7;Cancelled
O02282;SiCepat;2;Delivered
O02283;SiCepat;8;Delivered
O02284;SiCepat;10;Delivered
O02285;JNE;10;Delivered
O02286;SiCepat;6;Delivered
O02287;SiCepat;8;Delivered
O02288;J&T;8;Late
O02289;JNE;4;Delivered
O02290;SiCepat;5;Delivered
O02291;AnterAja;2;Delivered
O02292;SiCepat;4;Delivered
O02293;AnterAja;1;Delivered
O02294;SiCepat;6;Delivered
O02295;J&T;3;Delivered
O02296;JNE;8;Delivered
O02297;JNE;5;Delivered
O02298;SiCepat;4;Delivered
O02299;SiCepat;2;Delivered
O02300;JNE;8;Delivered
O02301;SiCepat;3;Late
O02302;AnterAja;10;Delivered
O02303;SiCepat;6;Delivered
O02304;JNE;10;Delivered
O02305;AnterAja;10;Delivered
O02306;JNE;7;Delivered
O02307;AnterAja;9;Delivered
O02308;AnterAja;7;Delivered
O02309;JNE;4;Delivered
O02310;J&T;7;Late
O02311;J&T;4;Late
O02312;SiCepat;10;Delivered
O02313;SiCepat;4;Delivered
O02314;JNE;4;Late
O02315;JNE;3;Delivered
O02316;JNE;3;Delivered
O02317;AnterAja;2;Delivered
O02318;JNE;10;Delivered
O02319;SiCepat;2;Delivered
O02320;JNE;8;Delivered
O02321;SiCepat;10;Delivered
O02322;AnterAja;9;Delivered
O02323;AnterAja;10;Delivered
O02324;J&T;6;Delivered
O02325;AnterAja;9;Delivered
O02326;SiCepat;1;Delivered
O02327;AnterAja;7;Delivered
O02328;JNE;10;Delivered
O02329;JNE;2;Delivered
O02330;JNE;1;Delivered
O02331;J&T;10;Delivered
O02332;AnterAja;8;Returned
O02333;SiCepat;4;Delivered
O02334;J&T;6;Delivered
O02335;J&T;10;Delivered
O02336;SiCepat;3;Delivered
O02337;SiCepat;9;Delivered
O02338;AnterAja;10;Delivered
O02339;SiCepat;5;Delivered
O02340;JNE;3;Delivered
O02341;SiCepat;10;Delivered
O02342;AnterAja;9;Delivered
O02343;AnterAja;6;Delivered
O02344;JNE;9;Delivered
O02345;J&T;10;Delivered
O02346;J&T;9;Delivered
O02347;JNE;6;Delivered
O02348;AnterAja;6;Delivered
O02349;JNE;9;Delivered
O02350;SiCepat;6;Delivered
O02351;SiCepat;3;Late
O02352;J&T;4;Delivered
O02353;J&T;8;Delivered
O02354;J&T;1;Delivered
O02355;AnterAja;7;Delivered
O02356;SiCepat;8;Delivered
O02357;J&T;6;Delivered
O02358;J&T;3;Delivered
O02359;AnterAja;3;Delivered
O02360;JNE;9;Delivered
O02361;SiCepat;4;Delivered
O02362;J&T;8;Delivered
O02363;J&T;2;Delivered
O02364;AnterAja;8;Delivered
O02365;J&T;2;Returned
O02366;JNE;9;Delivered
O02367;AnterAja;8;Late
O02368;JNE;9;Late
O02369;J&T;3;Cancelled
O02370;AnterAja;2;Delivered
O02371;SiCepat;6;Delivered
O02372;JNE;5;Delivered
O02373;JNE;3;Delivered
O02374;JNE;2;Delivered
O02375;SiCepat;4;Late
O02376;SiCepat;5;Delivered
O02377;J&T;9;Delivered
O02378;J&T;2;Late
O02379;AnterAja;10;Delivered
O02380;AnterAja;4;Delivered
O02381;J&T;4;Cancelled
O02382;J&T;5;Delivered
O02383;SiCepat;2;Delivered
O02384;J&T;1;Delivered
O02385;J&T;1;Delivered
O02386;J&T;4;Delivered
O02387;JNE;7;Delivered
O02388;SiCepat;8;Late
O02389;AnterAja;4;Delivered
O02390;AnterAja;8;Delivered
O02391;JNE;10;Delivered
O02392;AnterAja;1;Cancelled
O02393;J&T;1;Returned
O02394;JNE;2;Delivered
O02395;JNE;7;Delivered
O02396;JNE;8;Delivered
O02397;JNE;6;Delivered
O02398;JNE;10;Delivered
O02399;SiCepat;3;Delivered
O02400;SiCepat;10;Delivered
O02401;AnterAja;6;Delivered
O02402;JNE;9;Delivered
O02403;AnterAja;7;Delivered
O02404;AnterAja;6;Delivered
O02405;J&T;7;Delivered
O02406;JNE;4;Delivered
O02407;J&T;1;Delivered
O02408;J&T;7;Delivered
O02409;SiCepat;10;Delivered
O02410;JNE;10;Cancelled
O02411;JNE;2;Delivered
O02412;SiCepat;2;Delivered
O02413;J&T;2;Delivered
O02414;SiCepat;6;Delivered
O02415;JNE;7;Delivered
O02416;J&T;8;Delivered
O02417;SiCepat;8;Delivered
O02418;SiCepat;2;Delivered
O02419;J&T;10;Delivered
O02420;JNE;6;Delivered
O02421;SiCepat;3;Delivered
O02422;SiCepat;9;Delivered
O02423;J&T;9;Delivered
O02424;J&T;2;Delivered
O02425;J&T;6;Delivered
O02426;AnterAja;2;Delivered
O02427;SiCepat;3;Delivered
O02428;SiCepat;4;Delivered
O02429;AnterAja;5;Delivered
O02430;SiCepat;7;Delivered
O02431;JNE;4;Delivered
O02432;SiCepat;4;Late
O02433;J&T;8;Delivered
O02434;JNE;5;Delivered
O02435;SiCepat;9;Delivered
O02436;J&T;3;Cancelled
O02437;AnterAja;2;Cancelled
O02438;AnterAja;1;Delivered
O02439;AnterAja;8;Delivered
O02440;J&T;8;Delivered
O02441;AnterAja;4;Delivered
O02442;JNE;6;Delivered
O02443;J&T;2;Delivered
O02444;J&T;6;Delivered
O02445;JNE;10;Delivered
O02446;SiCepat;2;Delivered
O02447;SiCepat;9;Delivered
O02448;J&T;8;Delivered
O02449;J&T;6;Delivered
O02450;AnterAja;8;Delivered
O02451;J&T;2;Delivered
O02452;JNE;7;Delivered
O02453;JNE;4;Delivered
O02454;J&T;5;Delivered
O02455;AnterAja;3;Delivered
O02456;AnterAja;2;Delivered
O02457;JNE;1;Delivered
O02458;J&T;10;Delivered
O02459;SiCepat;7;Delivered
O02460;J&T;2;Returned
O02461;AnterAja;5;Delivered
O02462;SiCepat;8;Returned
O02463;AnterAja;1;Delivered
O02464;JNE;3;Delivered
O02465;JNE;5;Delivered
O02466;SiCepat;1;Late
O02467;J&T;3;Delivered
O02468;JNE;9;Delivered
O02469;AnterAja;7;Delivered
O02470;AnterAja;1;Delivered
O02471;AnterAja;3;Delivered
O02472;J&T;7;Delivered
O02473;JNE;5;Delivered
O02474;SiCepat;1;Delivered
O02475;J&T;2;Delivered
O02476;AnterAja;10;Delivered
O02477;J&T;8;Delivered
O02478;JNE;9;Delivered
O02479;JNE;10;Delivered
O02480;AnterAja;6;Delivered
O02481;AnterAja;8;Delivered
O02482;J&T;5;Delivered
O02483;JNE;5;Delivered
O02484;J&T;1;Delivered
O02485;SiCepat;4;Delivered
O02486;AnterAja;9;Delivered
O02487;JNE;2;Delivered
O02488;J&T;7;Delivered
O02489;J&T;5;Late
O02490;J&T;2;Delivered
O02491;AnterAja;10;Delivered
O02492;SiCepat;6;Delivered
O02493;SiCepat;10;Delivered
O02494;J&T;9;Delivered
O02495;SiCepat;4;Delivered
O02496;AnterAja;9;Delivered
O02497;SiCepat;3;Delivered
O02498;SiCepat;7;Delivered
O02499;AnterAja;9;Cancelled
O02500;JNE;6;Delivered
O02501;AnterAja;6;Delivered
O02502;SiCepat;3;Cancelled
O02503;SiCepat;7;Delivered
O02504;SiCepat;6;Late
O02505;SiCepat;8;Delivered
O02506;SiCepat;5;Delivered
O02507;AnterAja;6;Delivered
O02508;JNE;5;Delivered
O02509;SiCepat;8;Delivered
O02510;J&T;2;Delivered
O02511;JNE;1;Delivered
O02512;J&T;5;Delivered
O02513;JNE;4;Delivered
O02514;JNE;9;Delivered
O02515;AnterAja;8;Late
O02516;AnterAja;7;Delivered
O02517;SiCepat;2;Delivered
O02518;JNE;6;Delivered
O02519;AnterAja;4;Late
O02520;AnterAja;7;Delivered
O02521;JNE;7;Delivered
O02522;SiCepat;7;Delivered
O02523;JNE;5;Delivered
O02524;SiCepat;1;Delivered
O02525;SiCepat;6;Delivered
O02526;AnterAja;8;Delivered
O02527;SiCepat;8;Delivered
O02528;J&T;9;Delivered
O02529;J&T;5;Delivered
O02530;JNE;9;Delivered
O02531;J&T;4;Delivered
O02532;JNE;9;Delivered
O02533;SiCepat;4;Delivered
O02534;J&T;10;Delivered
O02535;J&T;6;Delivered
O02536;AnterAja;3;Delivered
O02537;SiCepat;1;Delivered
O02538;SiCepat;4;Delivered
O02539;SiCepat;7;Delivered
O02540;AnterAja;2;Returned
O02541;AnterAja;2;Delivered
O02542;SiCepat;9;Delivered
O02543;JNE;4;Delivered
O02544;J&T;1;Delivered
O02545;J&T;8;Delivered
O02546;JNE;7;Delivered
O02547;AnterAja;10;Delivered
O02548;J&T;9;Delivered
O02549;JNE;8;Delivered
O02550;SiCepat;5;Delivered
O02551;SiCepat;2;Delivered
O02552;J&T;1;Delivered
O02553;AnterAja;1;Delivered
O02554;SiCepat;8;Delivered
O02555;JNE;4;Delivered
O02556;JNE;5;Delivered
O02557;SiCepat;9;Cancelled
O02558;J&T;3;Delivered
O02559;SiCepat;4;Late
O02560;JNE;6;Delivered
O02561;JNE;4;Delivered
O02562;J&T;6;Delivered
O02563;J&T;2;Delivered
O02564;J&T;6;Delivered
O02565;J&T;10;Late
O02566;SiCepat;2;Cancelled
O02567;AnterAja;4;Delivered
O02568;JNE;4;Delivered
O02569;SiCepat;10;Delivered
O02570;JNE;6;Delivered
O02571;SiCepat;7;Delivered
O02572;SiCepat;10;Delivered
O02573;AnterAja;2;Delivered
O02574;SiCepat;10;Delivered
O02575;JNE;3;Delivered
O02576;J&T;3;Delivered
O02577;JNE;9;Delivered
O02578;SiCepat;6;Delivered
O02579;J&T;5;Delivered
O02580;SiCepat;7;Delivered
O02581;AnterAja;6;Delivered
O02582;J&T;9;Delivered
O02583;JNE;10;Delivered
O02584;AnterAja;2;Delivered
O02585;J&T;1;Late
O02586;AnterAja;2;Late
O02587;JNE;1;Delivered
O02588;SiCepat;9;Delivered
O02589;SiCepat;4;Late
O02590;SiCepat;8;Delivered
O02591;SiCepat;8;Delivered
O02592;JNE;7;Delivered
O02593;J&T;8;Delivered
O02594;JNE;3;Delivered
O02595;AnterAja;9;Delivered
O02596;AnterAja;1;Delivered
O02597;SiCepat;1;Delivered
O02598;J&T;7;Delivered
O02599;SiCepat;7;Delivered
O02600;J&T;1;Cancelled
O02601;AnterAja;6;Delivered
O02602;J&T;9;Delivered
O02603;J&T;3;Delivered
O02604;JNE;7;Delivered
O02605;AnterAja;4;Delivered
O02606;SiCepat;2;Delivered
O02607;JNE;3;Delivered
O02608;SiCepat;10;Delivered
O02609;J&T;3;Delivered
O02610;SiCepat;10;Delivered
O02611;SiCepat;1;Delivered
O02612;SiCepat;1;Delivered
O02613;AnterAja;10;Cancelled
O02614;SiCepat;1;Delivered
O02615;J&T;6;Delivered
O02616;SiCepat;6;Delivered
O02617;AnterAja;10;Delivered
O02618;SiCepat;8;Delivered
O02619;SiCepat;4;Delivered
O02620;J&T;8;Delivered
O02621;J&T;4;Delivered
O02622;J&T;6;Delivered
O02623;J&T;5;Delivered
O02624;AnterAja;1;Delivered
O02625;J&T;3;Delivered
O02626;JNE;2;Delivered
O02627;JNE;8;Delivered
O02628;SiCepat;9;Delivered
O02629;J&T;5;Delivered
O02630;JNE;4;Delivered
O02631;SiCepat;5;Cancelled
O02632;SiCepat;2;Delivered
O02633;AnterAja;5;Delivered
O02634;AnterAja;4;Delivered
O02635;SiCepat;3;Late
O02636;SiCepat;1;Delivered
O02637;J&T;9;Delivered
O02638;J&T;1;Delivered
O02639;J&T;9;Delivered
O02640;J&T;6;Delivered
O02641;AnterAja;3;Returned
O02642;J&T;8;Delivered
O02643;J&T;8;Delivered
O02644;SiCepat;10;Delivered
O02645;SiCepat;9;Delivered
O02646;JNE;1;Delivered
O02647;J&T;5;Delivered
O02648;SiCepat;1;Delivered
O02649;AnterAja;10;Delivered
O02650;SiCepat;3;Delivered
O02651;J&T;10;Delivered
O02652;J&T;7;Delivered
O02653;SiCepat;5;Delivered
O02654;JNE;9;Delivered
O02655;SiCepat;4;Delivered
O02656;JNE;1;Delivered
O02657;JNE;3;Delivered
O02658;AnterAja;8;Delivered
O02659;SiCepat;5;Cancelled
O02660;SiCepat;4;Delivered
O02661;J&T;5;Delivered
O02662;SiCepat;3;Delivered
O02663;AnterAja;8;Delivered
O02664;AnterAja;6;Delivered
O02665;JNE;3;Delivered
O02666;SiCepat;4;Delivered
O02667;SiCepat;4;Delivered
O02668;JNE;7;Delivered
O02669;JNE;3;Delivered
O02670;JNE;10;Delivered
O02671;SiCepat;6;Delivered
O02672;AnterAja;10;Delivered
O02673;JNE;3;Late
O02674;J&T;7;Delivered
O02675;JNE;10;Delivered
O02676;J&T;8;Delivered
O02677;J&T;7;Late
O02678;AnterAja;6;Delivered
O02679;AnterAja;6;Delivered
O02680;JNE;6;Delivered
O02681;J&T;5;Delivered
O02682;AnterAja;8;Late
O02683;AnterAja;1;Delivered
O02684;AnterAja;3;Delivered
O02685;AnterAja;1;Delivered
O02686;SiCepat;7;Delivered
O02687;SiCepat;7;Delivered
O02688;AnterAja;8;Late
O02689;AnterAja;9;Delivered
O02690;J&T;6;Delivered
O02691;JNE;2;Cancelled
O02692;JNE;3;Delivered
O02693;SiCepat;9;Late
O02694;JNE;10;Delivered
O02695;JNE;5;Cancelled
O02696;JNE;6;Delivered
O02697;JNE;1;Delivered
O02698;AnterAja;5;Delivered
O02699;AnterAja;6;Cancelled
O02700;J&T;6;Delivered
O02701;SiCepat;3;Cancelled
O02702;AnterAja;6;Delivered
O02703;SiCepat;9;Late
O02704;AnterAja;6;Delivered
O02705;SiCepat;4;Delivered
O02706;JNE;2;Delivered
O02707;J&T;9;Delivered
O02708;AnterAja;8;Delivered
O02709;AnterAja;1;Delivered
O02710;SiCepat;10;Late
O02711;J&T;9;Delivered
O02712;AnterAja;4;Delivered
O02713;SiCepat;10;Delivered
O02714;SiCepat;10;Cancelled
O02715;J&T;9;Delivered
O02716;SiCepat;9;Delivered
O02717;JNE;2;Late
O02718;AnterAja;2;Delivered
O02719;J&T;4;Delivered
O02720;SiCepat;7;Delivered
O02721;J&T;5;Delivered
O02722;JNE;10;Delivered
O02723;JNE;9;Returned
O02724;J&T;8;Delivered
O02725;J&T;4;Delivered
O02726;SiCepat;9;Delivered
O02727;JNE;2;Delivered
O02728;SiCepat;1;Cancelled
O02729;AnterAja;1;Delivered
O02730;AnterAja;4;Delivered
O02731;AnterAja;3;Delivered
O02732;AnterAja;3;Returned
O02733;JNE;9;Delivered
O02734;JNE;2;Cancelled
O02735;JNE;4;Delivered
O02736;AnterAja;7;Delivered
O02737;SiCepat;9;Delivered
O02738;AnterAja;8;Delivered
O02739;SiCepat;3;Delivered
O02740;SiCepat;9;Delivered
O02741;AnterAja;6;Delivered
O02742;AnterAja;8;Delivered
O02743;AnterAja;4;Late
O02744;J&T;7;Returned
O02745;AnterAja;1;Delivered
O02746;AnterAja;2;Delivered
O02747;JNE;10;Delivered
O02748;SiCepat;2;Delivered
O02749;J&T;4;Delivered
O02750;JNE;6;Delivered
O02751;JNE;6;Delivered
O02752;AnterAja;3;Delivered
O02753;J&T;2;Delivered
O02754;AnterAja;1;Delivered
O02755;SiCepat;10;Delivered
O02756;SiCepat;7;Delivered
O02757;J&T;10;Returned
O02758;SiCepat;4;Late
O02759;SiCepat;2;Delivered
O02760;J&T;3;Delivered
O02761;JNE;2;Delivered
O02762;JNE;9;Delivered
O02763;JNE;8;Delivered
O02764;AnterAja;10;Delivered
O02765;J&T;1;Delivered
O02766;SiCepat;4;Delivered
O02767;SiCepat;8;Delivered
O02768;SiCepat;1;Delivered
O02769;JNE;6;Delivered
O02770;JNE;10;Delivered
O02771;JNE;3;Delivered
O02772;JNE;4;Delivered
O02773;AnterAja;9;Late
O02774;J&T;8;Late
O02775;AnterAja;6;Delivered
O02776;J&T;8;Delivered
O02777;J&T;1;Returned
O02778;SiCepat;5;Delivered
O02779;AnterAja;2;Delivered
O02780;AnterAja;2;Delivered
O02781;J&T;4;Delivered
O02782;AnterAja;8;Delivered
O02783;SiCepat;4;Cancelled
O02784;JNE;10;Delivered
O02785;JNE;5;Delivered
O02786;AnterAja;4;Delivered
O02787;JNE;1;Delivered
O02788;JNE;2;Delivered
O02789;AnterAja;8;Delivered
O02790;J&T;6;Delivered
O02791;J&T;1;Delivered
O02792;J&T;4;Delivered
O02793;SiCepat;7;Delivered
O02794;J&T;3;Delivered
O02795;SiCepat;4;Delivered
O02796;J&T;7;Returned
O02797;SiCepat;5;Delivered
O02798;JNE;3;Delivered
O02799;AnterAja;7;Delivered
O02800;J&T;8;Cancelled
O02801;JNE;1;Delivered
O02802;J&T;9;Delivered
O02803;JNE;8;Delivered
O02804;SiCepat;7;Delivered
O02805;JNE;8;Delivered
O02806;JNE;3;Delivered
O02807;SiCepat;1;Delivered
O02808;J&T;1;Delivered
O02809;SiCepat;1;Delivered
O02810;SiCepat;8;Delivered
O02811;J&T;9;Delivered
O02812;SiCepat;4;Cancelled
O02813;AnterAja;6;Delivered
O02814;AnterAja;7;Delivered
O02815;AnterAja;10;Delivered
O02816;JNE;4;Delivered
O02817;JNE;6;Delivered
O02818;JNE;10;Delivered
O02819;JNE;2;Delivered
O02820;SiCepat;5;Delivered
O02821;JNE;7;Late
O02822;J&T;9;Delivered
O02823;JNE;4;Delivered
O02824;AnterAja;1;Delivered
O02825;SiCepat;7;Delivered
O02826;J&T;10;Delivered
O02827;J&T;2;Delivered
O02828;SiCepat;1;Delivered
O02829;SiCepat;10;Late
O02830;SiCepat;6;Delivered
O02831;JNE;10;Delivered
O02832;AnterAja;5;Delivered
O02833;JNE;4;Delivered
O02834;AnterAja;10;Delivered
O02835;JNE;2;Delivered
O02836;AnterAja;7;Delivered
O02837;AnterAja;10;Delivered
O02838;J&T;7;Delivered
O02839;JNE;2;Delivered
O02840;J&T;10;Delivered
O02841;SiCepat;8;Delivered
O02842;AnterAja;9;Delivered
O02843;JNE;10;Delivered
O02844;SiCepat;5;Delivered
O02845;AnterAja;9;Cancelled
O02846;SiCepat;5;Late
O02847;AnterAja;3;Delivered
O02848;AnterAja;3;Delivered
O02849;AnterAja;5;Delivered
O02850;JNE;7;Delivered
O02851;SiCepat;4;Delivered
O02852;JNE;4;Delivered
O02853;JNE;4;Delivered
O02854;J&T;7;Delivered
O02855;J&T;2;Delivered
O02856;SiCepat;5;Late
O02857;JNE;6;Delivered
O02858;JNE;10;Delivered
O02859;J&T;10;Delivered
O02860;AnterAja;4;Returned
O02861;AnterAja;8;Delivered
O02862;JNE;1;Delivered
O02863;J&T;9;Delivered
O02864;JNE;5;Delivered
O02865;AnterAja;6;Delivered
O02866;JNE;1;Delivered
O02867;AnterAja;4;Delivered
O02868;JNE;8;Late
O02869;AnterAja;5;Delivered
O02870;AnterAja;9;Delivered
O02871;JNE;6;Delivered
O02872;SiCepat;3;Delivered
O02873;SiCepat;5;Delivered
O02874;J&T;5;Delivered
O02875;J&T;4;Delivered
O02876;JNE;8;Delivered
O02877;SiCepat;1;Delivered
O02878;J&T;7;Late
O02879;AnterAja;8;Cancelled
O02880;SiCepat;8;Delivered
O02881;SiCepat;2;Delivered
O02882;SiCepat;3;Delivered
O02883;SiCepat;4;Delivered
O02884;AnterAja;7;Delivered
O02885;SiCepat;3;Delivered
O02886;AnterAja;2;Delivered
O02887;JNE;8;Returned
O02888;AnterAja;1;Delivered
O02889;JNE;5;Delivered
O02890;J&T;1;Delivered
O02891;SiCepat;8;Delivered
O02892;J&T;1;Delivered
O02893;J&T;3;Delivered
O02894;JNE;8;Returned
O02895;AnterAja;7;Delivered
O02896;J&T;7;Delivered
O02897;AnterAja;5;Delivered
O02898;AnterAja;4;Returned
O02899;JNE;1;Delivered
O02900;J&T;3;Delivered
O02901;AnterAja;1;Delivered
O02902;SiCepat;9;Delivered
O02903;AnterAja;8;Delivered
O02904;SiCepat;9;Delivered
O02905;JNE;3;Delivered
O02906;SiCepat;10;Delivered
O02907;JNE;7;Delivered
O02908;AnterAja;6;Delivered
O02909;J&T;10;Delivered
O02910;SiCepat;10;Delivered
O02911;AnterAja;3;Delivered
O02912;AnterAja;4;Delivered
O02913;J&T;9;Delivered
O02914;J&T;4;Late
O02915;SiCepat;5;Cancelled
O02916;AnterAja;2;Delivered
O02917;SiCepat;5;Delivered
O02918;JNE;9;Delivered
O02919;J&T;5;Late
O02920;SiCepat;10;Delivered
O02921;AnterAja;6;Delivered
O02922;SiCepat;2;Delivered
O02923;JNE;2;Late
O02924;AnterAja;8;Delivered
O02925;AnterAja;7;Delivered
O02926;J&T;7;Delivered
O02927;SiCepat;3;Delivered
O02928;AnterAja;7;Delivered
O02929;J&T;4;Delivered
O02930;JNE;3;Delivered
O02931;JNE;6;Delivered
O02932;J&T;5;Delivered
O02933;JNE;4;Delivered
O02934;SiCepat;8;Delivered
O02935;J&T;5;Delivered
O02936;SiCepat;6;Delivered
O02937;JNE;4;Delivered
O02938;AnterAja;2;Delivered
O02939;SiCepat;4;Cancelled
O02940;J&T;8;Delivered
O02941;AnterAja;4;Delivered
O02942;AnterAja;4;Delivered
O02943;AnterAja;2;Late
O02944;SiCepat;7;Late
O02945;J&T;2;Delivered
O02946;SiCepat;3;Delivered
O02947;AnterAja;6;Delivered
O02948;JNE;2;Delivered
O02949;AnterAja;3;Delivered
O02950;JNE;1;Delivered
O02951;JNE;5;Delivered
O02952;AnterAja;10;Delivered
O02953;JNE;4;Delivered
O02954;JNE;7;Delivered
O02955;AnterAja;7;Delivered
O02956;J&T;3;Delivered
O02957;AnterAja;8;Delivered
O02958;AnterAja;6;Delivered
O02959;SiCepat;6;Delivered
O02960;J&T;2;Late
O02961;JNE;2;Delivered
O02962;SiCepat;4;Delivered
O02963;JNE;2;Delivered
O02964;JNE;1;Delivered
O02965;J&T;6;Delivered
O02966;SiCepat;2;Delivered
O02967;JNE;7;Delivered
O02968;AnterAja;7;Delivered
O02969;JNE;6;Delivered
O02970;JNE;2;Delivered
O02971;AnterAja;1;Delivered
O02972;J&T;2;Delivered
O02973;JNE;1;Delivered
O02974;J&T;6;Delivered
O02975;J&T;7;Delivered
O02976;AnterAja;1;Delivered
O02977;J&T;7;Delivered
O02978;JNE;3;Delivered
O02979;JNE;7;Delivered
O02980;AnterAja;6;Delivered
O02981;J&T;6;Delivered
O02982;J&T;10;Delivered
O02983;JNE;6;Delivered
O02984;JNE;5;Delivered
O02985;SiCepat;3;Delivered
O02986;SiCepat;2;Delivered
O02987;SiCepat;5;Delivered
O02988;JNE;8;Delivered
O02989;AnterAja;3;Delivered
O02990;AnterAja;6;Delivered
O02991;J&T;1;Delivered
O02992;AnterAja;1;Delivered
O02993;JNE;4;Cancelled
O02994;J&T;10;Delivered
O02995;J&T;10;Delivered
O02996;JNE;6;Delivered
O02997;J&T;6;Returned
O02998;AnterAja;6;Delivered
O02999;AnterAja;5;Delivered
O03000;J&T;1;Delivered
O03001;J&T;3;Delivered
O03002;AnterAja;10;Delivered
O03003;J&T;5;Delivered
O03004;AnterAja;7;Late
O03005;J&T;1;Delivered
O03006;SiCepat;4;Delivered
O03007;J&T;7;Delivered
O03008;SiCepat;3;Delivered
O03009;SiCepat;8;Delivered
O03010;JNE;5;Delivered
O03011;J&T;10;Delivered
O03012;SiCepat;9;Delivered
O03013;AnterAja;2;Delivered
O03014;J&T;3;Delivered
O03015;AnterAja;10;Delivered
O03016;SiCepat;6;Delivered
O03017;SiCepat;1;Delivered
O03018;JNE;3;Delivered
O03019;SiCepat;4;Delivered
O03020;AnterAja;9;Delivered
O03021;JNE;9;Delivered
O03022;J&T;4;Delivered
O03023;AnterAja;10;Delivered
O03024;J&T;1;Delivered
O03025;J&T;6;Delivered
O03026;SiCepat;10;Delivered
O03027;SiCepat;7;Delivered
O03028;SiCepat;9;Delivered
O03029;J&T;5;Delivered
O03030;J&T;4;Delivered
O03031;AnterAja;4;Delivered
O03032;J&T;9;Delivered
O03033;AnterAja;7;Delivered
O03034;SiCepat;5;Delivered
O03035;JNE;9;Delivered
O03036;J&T;6;Delivered
O03037;JNE;3;Late
O03038;AnterAja;3;Delivered
O03039;AnterAja;7;Delivered
O03040;SiCepat;6;Delivered
O03041;AnterAja;3;Delivered
O03042;J&T;3;Delivered
O03043;SiCepat;2;Delivered
O03044;AnterAja;5;Delivered
O03045;AnterAja;10;Delivered
O03046;J&T;4;Delivered
O03047;JNE;5;Delivered
O03048;SiCepat;7;Delivered
O03049;J&T;7;Delivered
O03050;JNE;9;Late
O03051;J&T;9;Cancelled
O03052;JNE;2;Late
O03053;SiCepat;6;Delivered
O03054;AnterAja;10;Delivered
O03055;AnterAja;5;Delivered
O03056;JNE;7;Delivered
O03057;SiCepat;5;Delivered
O03058;J&T;6;Delivered
O03059;SiCepat;8;Delivered
O03060;AnterAja;3;Delivered
O03061;J&T;9;Delivered
O03062;AnterAja;1;Delivered
O03063;J&T;1;Delivered
O03064;AnterAja;4;Late
O03065;J&T;7;Delivered
O03066;AnterAja;5;Delivered
O03067;SiCepat;3;Delivered
O03068;J&T;10;Delivered
O03069;JNE;6;Delivered
O03070;JNE;1;Delivered
O03071;J&T;4;Delivered
O03072;SiCepat;6;Delivered
O03073;J&T;7;Delivered
O03074;J&T;8;Late
O03075;SiCepat;7;Delivered
O03076;SiCepat;7;Delivered
O03077;JNE;7;Late
O03078;JNE;5;Late
O03079;AnterAja;4;Cancelled
O03080;JNE;1;Delivered
O03081;J&T;6;Delivered
O03082;AnterAja;10;Late
O03083;J&T;8;Delivered
O03084;JNE;1;Delivered
O03085;J&T;3;Delivered
O03086;AnterAja;2;Delivered
O03087;SiCepat;4;Delivered
O03088;JNE;5;Delivered
O03089;SiCepat;6;Delivered
O03090;JNE;6;Late
O03091;AnterAja;1;Delivered
O03092;SiCepat;4;Delivered
O03093;JNE;1;Delivered
O03094;SiCepat;4;Cancelled
O03095;J&T;1;Delivered
O03096;AnterAja;3;Late
O03097;AnterAja;4;Delivered
O03098;SiCepat;9;Delivered
O03099;AnterAja;7;Late
O03100;J&T;2;Delivered
O03101;J&T;10;Returned
O03102;JNE;9;Delivered
O03103;JNE;7;Delivered
O03104;SiCepat;8;Late
O03105;JNE;1;Delivered
O03106;J&T;5;Delivered
O03107;AnterAja;3;Delivered
O03108;AnterAja;4;Delivered
O03109;J&T;9;Delivered
O03110;J&T;5;Delivered
O03111;JNE;7;Delivered
O03112;AnterAja;8;Delivered
O03113;SiCepat;1;Delivered
O03114;SiCepat;10;Delivered
O03115;SiCepat;10;Delivered
O03116;JNE;5;Cancelled
O03117;AnterAja;9;Delivered
O03118;J&T;9;Delivered
O03119;JNE;9;Delivered
O03120;AnterAja;10;Delivered
O03121;SiCepat;8;Returned
O03122;J&T;10;Delivered
O03123;J&T;3;Delivered
O03124;JNE;7;Delivered
O03125;AnterAja;9;Delivered
O03126;JNE;3;Delivered
O03127;AnterAja;8;Delivered
O03128;AnterAja;3;Delivered
O03129;JNE;3;Delivered
O03130;JNE;5;Delivered
O03131;J&T;9;Delivered
O03132;JNE;4;Delivered
O03133;JNE;6;Delivered
O03134;SiCepat;5;Delivered
O03135;J&T;7;Delivered
O03136;SiCepat;1;Delivered
O03137;JNE;2;Delivered
O03138;AnterAja;4;Delivered
O03139;JNE;3;Delivered
O03140;SiCepat;9;Delivered
O03141;JNE;3;Returned
O03142;JNE;10;Delivered
O03143;JNE;2;Delivered
O03144;SiCepat;4;Delivered
O03145;AnterAja;5;Cancelled
O03146;J&T;10;Delivered
O03147;SiCepat;1;Delivered
O03148;SiCepat;7;Late
O03149;JNE;3;Delivered
O03150;SiCepat;9;Delivered
O03151;SiCepat;1;Delivered
O03152;SiCepat;1;Delivered
O03153;AnterAja;1;Returned
O03154;J&T;5;Delivered
O03155;AnterAja;1;Delivered
O03156;JNE;2;Delivered
O03157;AnterAja;6;Late
O03158;JNE;8;Delivered
O03159;JNE;2;Delivered
O03160;JNE;5;Late
O03161;J&T;5;Late
O03162;AnterAja;2;Delivered
O03163;J&T;3;Delivered
O03164;J&T;4;Delivered
O03165;AnterAja;10;Delivered
O03166;J&T;7;Delivered
O03167;J&T;4;Returned
O03168;J&T;3;Delivered
O03169;SiCepat;9;Delivered
O03170;JNE;6;Delivered
O03171;J&T;7;Delivered
O03172;JNE;2;Delivered
O03173;JNE;5;Delivered
O03174;JNE;9;Delivered
O03175;JNE;3;Delivered
O03176;AnterAja;1;Delivered
O03177;J&T;7;Delivered
O03178;J&T;2;Delivered
O03179;J&T;5;Late
O03180;SiCepat;6;Delivered
O03181;AnterAja;5;Delivered
O03182;J&T;7;Delivered
O03183;J&T;5;Delivered
O03184;J&T;6;Late
O03185;AnterAja;7;Delivered
O03186;SiCepat;8;Delivered
O03187;AnterAja;1;Delivered
O03188;JNE;5;Delivered
O03189;AnterAja;1;Delivered
O03190;AnterAja;9;Returned
O03191;JNE;4;Delivered
O03192;JNE;3;Delivered
O03193;J&T;1;Delivered
O03194;SiCepat;9;Delivered
O03195;JNE;6;Delivered
O03196;SiCepat;5;Delivered
O03197;J&T;6;Returned
O03198;J&T;9;Delivered
O03199;JNE;5;Delivered
O03200;JNE;6;Cancelled
O03201;SiCepat;5;Delivered
O03202;SiCepat;4;Delivered
O03203;SiCepat;10;Delivered
O03204;AnterAja;8;Delivered
O03205;J&T;3;Delivered
O03206;SiCepat;4;Delivered
O03207;AnterAja;5;Delivered
O03208;JNE;1;Delivered
O03209;AnterAja;1;Delivered
O03210;JNE;2;Returned
O03211;J&T;5;Delivered
O03212;AnterAja;8;Delivered
O03213;JNE;9;Returned
O03214;JNE;8;Delivered
O03215;J&T;5;Delivered
O03216;AnterAja;4;Delivered
O03217;AnterAja;5;Delivered
O03218;AnterAja;1;Late
O03219;J&T;5;Delivered
O03220;J&T;5;Delivered
O03221;JNE;7;Delivered
O03222;JNE;8;Delivered
O03223;J&T;4;Delivered
O03224;JNE;9;Late
O03225;JNE;3;Delivered
O03226;AnterAja;10;Delivered
O03227;AnterAja;9;Delivered
O03228;J&T;3;Delivered
O03229;JNE;9;Late
O03230;AnterAja;8;Cancelled
O03231;J&T;5;Late
O03232;J&T;2;Delivered
O03233;SiCepat;5;Delivered
O03234;SiCepat;8;Delivered
O03235;SiCepat;4;Late
O03236;SiCepat;2;Delivered
O03237;SiCepat;7;Delivered
O03238;J&T;5;Delivered
O03239;AnterAja;2;Delivered
O03240;SiCepat;3;Delivered
O03241;AnterAja;3;Returned
O03242;JNE;8;Delivered
O03243;AnterAja;2;Delivered
O03244;SiCepat;8;Delivered
O03245;AnterAja;6;Delivered
O03246;AnterAja;5;Delivered
O03247;AnterAja;8;Delivered
O03248;J&T;5;Delivered
O03249;J&T;3;Delivered
O03250;SiCepat;10;Delivered
O03251;SiCepat;4;Delivered
O03252;AnterAja;3;Delivered
O03253;JNE;4;Late
O03254;J&T;5;Delivered
O03255;SiCepat;5;Cancelled
O03256;AnterAja;5;Delivered
O03257;JNE;8;Delivered
O03258;SiCepat;8;Delivered
O03259;JNE;7;Delivered
O03260;AnterAja;5;Delivered
O03261;JNE;5;Delivered
O03262;SiCepat;10;Delivered
O03263;SiCepat;1;Delivered
O03264;AnterAja;3;Returned
O03265;J&T;3;Delivered
O03266;JNE;5;Delivered
O03267;JNE;2;Delivered
O03268;AnterAja;2;Cancelled
O03269;AnterAja;8;Cancelled
O03270;JNE;1;Delivered
O03271;J&T;6;Delivered
O03272;AnterAja;2;Late
O03273;SiCepat;6;Delivered
O03274;J&T;10;Delivered
O03275;AnterAja;4;Delivered
O03276;J&T;5;Returned
O03277;J&T;5;Returned
O03278;J&T;7;Delivered
O03279;AnterAja;10;Delivered
O03280;SiCepat;10;Delivered
O03281;JNE;10;Delivered
O03282;AnterAja;4;Delivered
O03283;JNE;6;Delivered
O03284;J&T;6;Delivered
O03285;SiCepat;5;Delivered
O03286;SiCepat;7;Delivered
O03287;J&T;8;Late
O03288;SiCepat;10;Delivered
O03289;SiCepat;3;Delivered
O03290;J&T;5;Delivered
O03291;AnterAja;9;Delivered
O03292;AnterAja;7;Delivered
O03293;AnterAja;10;Delivered
O03294;SiCepat;2;Delivered
O03295;JNE;5;Delivered
O03296;JNE;10;Delivered
O03297;J&T;8;Delivered
O03298;SiCepat;6;Delivered
O03299;JNE;8;Delivered
O03300;J&T;4;Delivered
O03301;JNE;4;Delivered
O03302;SiCepat;7;Delivered
O03303;J&T;1;Delivered
O03304;AnterAja;6;Delivered
O03305;J&T;5;Delivered
O03306;J&T;10;Delivered
O03307;AnterAja;6;Late
O03308;JNE;7;Delivered
O03309;JNE;2;Delivered
O03310;SiCepat;10;Delivered
O03311;JNE;4;Delivered
O03312;SiCepat;3;Late
O03313;SiCepat;7;Delivered
O03314;AnterAja;3;Cancelled
O03315;AnterAja;4;Delivered
O03316;AnterAja;3;Delivered
O03317;J&T;5;Delivered
O03318;SiCepat;8;Delivered
O03319;J&T;3;Delivered
O03320;AnterAja;9;Delivered
O03321;SiCepat;7;Delivered
O03322;J&T;6;Cancelled
O03323;SiCepat;4;Delivered
O03324;AnterAja;9;Delivered
O03325;J&T;7;Late
O03326;JNE;1;Late
O03327;JNE;7;Delivered
O03328;SiCepat;5;Delivered
O03329;J&T;2;Delivered
O03330;JNE;9;Delivered
O03331;AnterAja;7;Delivered
O03332;SiCepat;9;Delivered
O03333;AnterAja;8;Delivered
O03334;J&T;9;Delivered
O03335;JNE;6;Delivered
O03336;JNE;4;Delivered
O03337;JNE;4;Delivered
O03338;SiCepat;5;Late
O03339;SiCepat;8;Delivered
O03340;J&T;1;Delivered
O03341;JNE;4;Delivered
O03342;J&T;7;Delivered
O03343;AnterAja;1;Delivered
O03344;SiCepat;3;Delivered
O03345;SiCepat;2;Delivered
O03346;JNE;5;Cancelled
O03347;JNE;10;Delivered
O03348;AnterAja;7;Delivered
O03349;J&T;4;Delivered
O03350;AnterAja;3;Delivered
O03351;JNE;9;Delivered
O03352;SiCepat;3;Cancelled
O03353;J&T;5;Delivered
O03354;AnterAja;6;Delivered
O03355;J&T;7;Delivered
O03356;AnterAja;9;Delivered
O03357;JNE;7;Delivered
O03358;SiCepat;8;Late
O03359;JNE;4;Delivered
O03360;SiCepat;5;Delivered
O03361;SiCepat;9;Delivered
O03362;JNE;7;Returned
O03363;JNE;9;Delivered
O03364;SiCepat;1;Delivered
O03365;J&T;3;Delivered
O03366;J&T;10;Delivered
O03367;J&T;7;Delivered
O03368;SiCepat;4;Delivered
O03369;AnterAja;3;Delivered
O03370;JNE;7;Delivered
O03371;JNE;8;Delivered
O03372;SiCepat;8;Delivered
O03373;SiCepat;8;Delivered
O03374;AnterAja;4;Late
O03375;SiCepat;7;Late
O03376;J&T;10;Delivered
O03377;J&T;5;Delivered
O03378;JNE;4;Delivered
O03379;JNE;10;Delivered
O03380;J&T;3;Delivered
O03381;J&T;10;Delivered
O03382;AnterAja;4;Delivered
O03383;JNE;6;Delivered
O03384;AnterAja;6;Late
O03385;AnterAja;3;Delivered
O03386;JNE;7;Delivered
O03387;AnterAja;3;Delivered
O03388;AnterAja;6;Delivered
O03389;JNE;5;Returned
O03390;JNE;1;Delivered
O03391;J&T;2;Delivered
O03392;JNE;1;Delivered
O03393;J&T;3;Delivered
O03394;SiCepat;7;Returned
O03395;JNE;2;Delivered
O03396;J&T;6;Delivered
O03397;AnterAja;1;Delivered
O03398;JNE;10;Delivered
O03399;AnterAja;2;Delivered
O03400;AnterAja;1;Delivered
O03401;SiCepat;1;Delivered
O03402;AnterAja;2;Delivered
O03403;J&T;9;Delivered
O03404;J&T;6;Delivered
O03405;J&T;1;Delivered
O03406;AnterAja;9;Delivered
O03407;J&T;1;Delivered
O03408;AnterAja;10;Delivered
O03409;JNE;1;Delivered
O03410;AnterAja;10;Delivered
O03411;SiCepat;10;Returned
O03412;AnterAja;10;Delivered
O03413;AnterAja;9;Delivered
O03414;AnterAja;6;Delivered
O03415;JNE;1;Returned
O03416;J&T;9;Delivered
O03417;J&T;10;Delivered
O03418;JNE;2;Late
O03419;JNE;10;Cancelled
O03420;SiCepat;1;Delivered
O03421;JNE;4;Delivered
O03422;JNE;1;Delivered
O03423;SiCepat;4;Delivered
O03424;SiCepat;10;Delivered
O03425;J&T;6;Delivered
O03426;J&T;3;Late
O03427;SiCepat;6;Delivered
O03428;AnterAja;7;Delivered
O03429;AnterAja;7;Delivered
O03430;AnterAja;6;Delivered
O03431;SiCepat;8;Delivered
O03432;SiCepat;8;Delivered
O03433;SiCepat;1;Delivered
O03434;JNE;6;Delivered
O03435;JNE;6;Delivered
O03436;JNE;4;Delivered
O03437;J&T;10;Delivered
O03438;SiCepat;10;Delivered
O03439;AnterAja;9;Delivered
O03440;SiCepat;5;Delivered
O03441;J&T;8;Delivered
O03442;SiCepat;1;Delivered
O03443;J&T;4;Cancelled
O03444;AnterAja;8;Delivered
O03445;AnterAja;5;Delivered
O03446;AnterAja;3;Delivered
O03447;SiCepat;7;Delivered
O03448;AnterAja;10;Delivered
O03449;J&T;7;Delivered
O03450;SiCepat;7;Delivered
O03451;AnterAja;6;Delivered
O03452;J&T;8;Delivered
O03453;J&T;1;Delivered
O03454;SiCepat;9;Delivered
O03455;AnterAja;2;Delivered
O03456;SiCepat;9;Late
O03457;SiCepat;5;Delivered
O03458;AnterAja;4;Delivered
O03459;SiCepat;1;Delivered
O03460;J&T;4;Delivered
O03461;JNE;3;Delivered
O03462;J&T;3;Late
O03463;JNE;9;Late
O03464;SiCepat;4;Delivered
O03465;AnterAja;5;Delivered
O03466;JNE;10;Delivered
O03467;JNE;6;Delivered
O03468;AnterAja;9;Delivered
O03469;AnterAja;4;Delivered
O03470;JNE;9;Late
O03471;JNE;1;Late
O03472;SiCepat;4;Returned
O03473;J&T;4;Delivered
O03474;JNE;5;Delivered
O03475;JNE;8;Late
O03476;JNE;7;Delivered
O03477;J&T;1;Late
O03478;JNE;4;Delivered
O03479;SiCepat;2;Delivered
O03480;SiCepat;1;Delivered
O03481;J&T;8;Delivered
O03482;JNE;10;Delivered
O03483;AnterAja;4;Delivered
O03484;JNE;10;Delivered
O03485;J&T;7;Delivered
O03486;JNE;6;Delivered
O03487;SiCepat;8;Delivered
O03488;J&T;7;Delivered
O03489;JNE;2;Delivered
O03490;JNE;1;Late
O03491;SiCepat;4;Late
O03492;SiCepat;9;Delivered
O03493;J&T;1;Delivered
O03494;J&T;4;Delivered
O03495;SiCepat;2;Cancelled
O03496;J&T;5;Delivered
O03497;JNE;6;Late
O03498;J&T;5;Late
O03499;SiCepat;5;Delivered
O03500;JNE;10;Delivered
O03501;JNE;10;Delivered
O03502;J&T;10;Delivered
O03503;JNE;3;Delivered
O03504;SiCepat;7;Delivered
O03505;JNE;7;Delivered
O03506;JNE;2;Delivered
O03507;JNE;8;Late
O03508;J&T;1;Delivered
O03509;J&T;10;Delivered
O03510;J&T;4;Delivered
O03511;JNE;3;Delivered
O03512;AnterAja;7;Delivered
O03513;JNE;6;Delivered
O03514;JNE;10;Delivered
O03515;AnterAja;10;Delivered
O03516;SiCepat;10;Delivered
O03517;JNE;6;Delivered
O03518;JNE;8;Returned
O03519;SiCepat;4;Delivered
O03520;SiCepat;4;Delivered
O03521;SiCepat;10;Late
O03522;JNE;9;Late
O03523;JNE;3;Delivered
O03524;AnterAja;7;Delivered
O03525;JNE;6;Late
O03526;J&T;2;Late
O03527;JNE;10;Delivered
O03528;AnterAja;3;Delivered
O03529;JNE;2;Cancelled
O03530;SiCepat;1;Delivered
O03531;JNE;6;Delivered
O03532;J&T;9;Delivered
O03533;JNE;1;Delivered
O03534;SiCepat;7;Delivered
O03535;J&T;10;Delivered
O03536;SiCepat;7;Delivered
O03537;SiCepat;2;Delivered
O03538;JNE;9;Late
O03539;JNE;4;Delivered
O03540;AnterAja;4;Delivered
O03541;AnterAja;7;Delivered
O03542;J&T;3;Delivered
O03543;AnterAja;2;Delivered
O03544;AnterAja;10;Delivered
O03545;J&T;1;Delivered
O03546;JNE;5;Delivered
O03547;JNE;1;Delivered
O03548;AnterAja;9;Delivered
O03549;JNE;10;Delivered
O03550;SiCepat;3;Cancelled
O03551;J&T;6;Delivered
O03552;AnterAja;4;Returned
O03553;JNE;8;Delivered
O03554;JNE;5;Delivered
O03555;J&T;7;Delivered
O03556;AnterAja;1;Delivered
O03557;JNE;8;Delivered
O03558;J&T;2;Delivered
O03559;SiCepat;3;Delivered
O03560;SiCepat;5;Delivered
O03561;AnterAja;8;Late
O03562;SiCepat;5;Delivered
O03563;J&T;5;Delivered
O03564;AnterAja;4;Delivered
O03565;JNE;4;Delivered
O03566;AnterAja;7;Late
O03567;AnterAja;2;Cancelled
O03568;JNE;2;Delivered
O03569;J&T;4;Late
O03570;JNE;3;Delivered
O03571;JNE;7;Delivered
O03572;JNE;5;Delivered
O03573;J&T;6;Late
O03574;J&T;9;Delivered
O03575;JNE;3;Delivered
O03576;J&T;3;Delivered
O03577;AnterAja;7;Delivered
O03578;SiCepat;1;Delivered
O03579;JNE;1;Delivered
O03580;JNE;9;Delivered
O03581;AnterAja;7;Delivered
O03582;JNE;1;Delivered
O03583;JNE;9;Delivered
O03584;SiCepat;7;Delivered
O03585;SiCepat;8;Delivered
O03586;JNE;7;Delivered
O03587;SiCepat;9;Delivered
O03588;JNE;3;Delivered
O03589;JNE;3;Delivered
O03590;JNE;8;Late
O03591;J&T;9;Delivered
O03592;JNE;5;Delivered
O03593;JNE;10;Delivered
O03594;J&T;5;Delivered
O03595;JNE;5;Delivered
O03596;JNE;2;Delivered
O03597;JNE;2;Returned
O03598;J&T;3;Delivered
O03599;JNE;6;Delivered
O03600;JNE;7;Delivered
O03601;AnterAja;3;Delivered
O03602;SiCepat;2;Delivered
O03603;JNE;8;Delivered
O03604;AnterAja;4;Delivered
O03605;J&T;8;Delivered
O03606;AnterAja;6;Delivered
O03607;SiCepat;2;Delivered
O03608;J&T;8;Delivered
O03609;AnterAja;2;Late
O03610;SiCepat;7;Delivered
O03611;AnterAja;6;Delivered
O03612;SiCepat;8;Delivered
O03613;SiCepat;3;Delivered
O03614;AnterAja;2;Delivered
O03615;JNE;6;Delivered
O03616;SiCepat;1;Delivered
O03617;SiCepat;10;Delivered
O03618;JNE;9;Delivered
O03619;JNE;9;Delivered
O03620;JNE;4;Delivered
O03621;SiCepat;9;Delivered
O03622;J&T;6;Delivered
O03623;AnterAja;8;Delivered
O03624;JNE;10;Delivered
O03625;AnterAja;2;Cancelled
O03626;JNE;4;Returned
O03627;J&T;10;Delivered
O03628;J&T;1;Returned
O03629;SiCepat;3;Delivered
O03630;AnterAja;2;Delivered
O03631;SiCepat;1;Delivered
O03632;AnterAja;5;Delivered
O03633;JNE;7;Late
O03634;AnterAja;6;Late
O03635;J&T;9;Delivered
O03636;J&T;6;Delivered
O03637;SiCepat;7;Delivered
O03638;JNE;9;Delivered
O03639;AnterAja;2;Delivered
O03640;JNE;5;Delivered
O03641;J&T;5;Delivered
O03642;AnterAja;5;Cancelled
O03643;SiCepat;10;Delivered
O03644;JNE;1;Late
O03645;AnterAja;3;Delivered
O03646;SiCepat;6;Delivered
O03647;JNE;3;Delivered
O03648;AnterAja;4;Delivered
O03649;AnterAja;6;Delivered
O03650;SiCepat;5;Delivered
O03651;AnterAja;7;Delivered
O03652;JNE;6;Delivered
O03653;JNE;10;Delivered
O03654;SiCepat;8;Delivered
O03655;J&T;10;Delivered
O03656;AnterAja;4;Delivered
O03657;SiCepat;9;Delivered
O03658;SiCepat;4;Delivered
O03659;SiCepat;7;Delivered
O03660;J&T;6;Delivered
O03661;AnterAja;1;Delivered
O03662;SiCepat;1;Delivered
O03663;SiCepat;2;Late
O03664;AnterAja;4;Delivered
O03665;J&T;8;Delivered
O03666;AnterAja;10;Delivered
O03667;AnterAja;2;Delivered
O03668;J&T;9;Returned
O03669;JNE;9;Late
O03670;AnterAja;1;Late
O03671;J&T;9;Delivered
O03672;J&T;4;Delivered
O03673;JNE;6;Delivered
O03674;AnterAja;2;Delivered
O03675;AnterAja;8;Delivered
O03676;AnterAja;3;Delivered
O03677;AnterAja;2;Late
O03678;AnterAja;2;Delivered
O03679;SiCepat;4;Delivered
O03680;SiCepat;9;Cancelled
O03681;AnterAja;5;Delivered
O03682;AnterAja;6;Delivered
O03683;SiCepat;3;Delivered
O03684;J&T;5;Delivered
O03685;AnterAja;3;Delivered
O03686;JNE;3;Delivered
O03687;J&T;6;Delivered
O03688;J&T;4;Late
O03689;SiCepat;1;Delivered
O03690;J&T;7;Delivered
O03691;J&T;1;Delivered
O03692;SiCepat;6;Delivered
O03693;SiCepat;9;Delivered
O03694;AnterAja;10;Delivered
O03695;SiCepat;7;Delivered
O03696;J&T;10;Delivered
O03697;J&T;2;Delivered
O03698;SiCepat;4;Delivered
O03699;AnterAja;4;Delivered
O03700;JNE;6;Delivered
O03701;AnterAja;4;Delivered
O03702;SiCepat;8;Delivered
O03703;SiCepat;1;Delivered
O03704;J&T;6;Delivered
O03705;SiCepat;7;Delivered
O03706;JNE;4;Delivered
O03707;J&T;7;Returned
O03708;AnterAja;3;Cancelled
O03709;SiCepat;7;Late
O03710;AnterAja;6;Delivered
O03711;J&T;5;Delivered
O03712;SiCepat;9;Delivered
O03713;SiCepat;7;Delivered
O03714;SiCepat;8;Delivered
O03715;SiCepat;9;Delivered
O03716;J&T;8;Late
O03717;J&T;2;Delivered
O03718;JNE;1;Delivered
O03719;AnterAja;4;Delivered
O03720;J&T;5;Delivered
O03721;AnterAja;4;Delivered
O03722;SiCepat;8;Delivered
O03723;AnterAja;10;Delivered
O03724;SiCepat;8;Delivered
O03725;JNE;7;Delivered
O03726;AnterAja;3;Delivered
O03727;AnterAja;5;Delivered
O03728;J&T;6;Late
O03729;AnterAja;4;Delivered
O03730;SiCepat;6;Delivered
O03731;SiCepat;2;Delivered
O03732;JNE;5;Delivered
O03733;J&T;5;Delivered
O03734;SiCepat;9;Delivered
O03735;SiCepat;8;Delivered
O03736;AnterAja;4;Delivered
O03737;SiCepat;4;Delivered
O03738;SiCepat;5;Delivered
O03739;AnterAja;3;Delivered
O03740;SiCepat;7;Delivered
O03741;J&T;1;Delivered
O03742;AnterAja;7;Delivered
O03743;SiCepat;2;Late
O03744;J&T;2;Delivered
O03745;AnterAja;6;Delivered
O03746;JNE;7;Delivered
O03747;SiCepat;9;Delivered
O03748;JNE;7;Delivered
O03749;J&T;3;Cancelled
O03750;JNE;3;Delivered
O03751;J&T;3;Delivered
O03752;J&T;6;Delivered
O03753;AnterAja;1;Delivered
O03754;J&T;3;Delivered
O03755;J&T;1;Delivered
O03756;JNE;7;Delivered
O03757;JNE;9;Delivered
O03758;SiCepat;4;Delivered
O03759;SiCepat;6;Delivered
O03760;J&T;5;Delivered
O03761;JNE;2;Delivered
O03762;AnterAja;2;Delivered
O03763;SiCepat;5;Delivered
O03764;J&T;2;Delivered
O03765;AnterAja;9;Delivered
O03766;AnterAja;4;Delivered
O03767;J&T;7;Delivered
O03768;J&T;9;Delivered
O03769;AnterAja;2;Delivered
O03770;SiCepat;8;Delivered
O03771;J&T;8;Late
O03772;AnterAja;1;Delivered
O03773;AnterAja;6;Delivered
O03774;JNE;8;Returned
O03775;JNE;2;Delivered
O03776;SiCepat;3;Delivered
O03777;SiCepat;5;Delivered
O03778;JNE;4;Delivered
O03779;SiCepat;3;Delivered
O03780;J&T;1;Delivered
O03781;AnterAja;3;Delivered
O03782;SiCepat;3;Delivered
O03783;J&T;4;Delivered
O03784;AnterAja;4;Delivered
O03785;JNE;9;Delivered
O03786;AnterAja;6;Delivered
O03787;JNE;5;Delivered
O03788;SiCepat;1;Delivered
O03789;J&T;5;Delivered
O03790;JNE;10;Delivered
O03791;SiCepat;6;Delivered
O03792;J&T;10;Delivered
O03793;AnterAja;3;Delivered
O03794;J&T;10;Delivered
O03795;J&T;5;Delivered
O03796;J&T;1;Delivered
O03797;AnterAja;4;Delivered
O03798;AnterAja;9;Delivered
O03799;AnterAja;2;Delivered
O03800;SiCepat;4;Delivered
O03801;SiCepat;6;Cancelled
O03802;SiCepat;9;Delivered
O03803;JNE;1;Delivered
O03804;SiCepat;8;Delivered
O03805;JNE;7;Delivered
O03806;AnterAja;10;Delivered
O03807;SiCepat;7;Delivered
O03808;SiCepat;9;Late
O03809;JNE;5;Delivered
O03810;AnterAja;1;Late
O03811;JNE;6;Delivered
O03812;J&T;2;Delivered
O03813;SiCepat;8;Delivered
O03814;SiCepat;5;Delivered
O03815;J&T;6;Delivered
O03816;J&T;1;Late
O03817;J&T;9;Delivered
O03818;JNE;5;Delivered
O03819;JNE;10;Delivered
O03820;AnterAja;5;Delivered
O03821;J&T;5;Delivered
O03822;SiCepat;1;Late
O03823;AnterAja;3;Delivered
O03824;J&T;1;Delivered
O03825;AnterAja;10;Delivered
O03826;JNE;3;Late
O03827;J&T;6;Delivered
O03828;J&T;9;Delivered
O03829;J&T;4;Delivered
O03830;AnterAja;1;Delivered
O03831;AnterAja;9;Delivered
O03832;SiCepat;3;Delivered
O03833;AnterAja;9;Late
O03834;JNE;6;Delivered
O03835;AnterAja;3;Returned
O03836;JNE;5;Delivered
O03837;SiCepat;4;Delivered
O03838;JNE;7;Delivered
O03839;SiCepat;10;Delivered
O03840;AnterAja;3;Delivered
O03841;J&T;2;Delivered
O03842;AnterAja;5;Delivered
O03843;JNE;4;Delivered
O03844;JNE;6;Delivered
O03845;SiCepat;8;Delivered
O03846;AnterAja;8;Delivered
O03847;AnterAja;9;Delivered
O03848;AnterAja;8;Delivered
O03849;AnterAja;3;Delivered
O03850;SiCepat;6;Delivered
O03851;SiCepat;10;Delivered
O03852;J&T;3;Delivered
O03853;AnterAja;1;Delivered
O03854;AnterAja;4;Delivered
O03855;JNE;7;Delivered
O03856;AnterAja;5;Delivered
O03857;JNE;4;Delivered
O03858;SiCepat;5;Delivered
O03859;SiCepat;9;Delivered
O03860;SiCepat;10;Late
O03861;SiCepat;6;Delivered
O03862;AnterAja;4;Delivered
O03863;AnterAja;4;Delivered
O03864;SiCepat;2;Delivered
O03865;AnterAja;6;Delivered
O03866;J&T;10;Delivered
O03867;SiCepat;3;Delivered
O03868;JNE;10;Delivered
O03869;JNE;1;Delivered
O03870;AnterAja;5;Delivered
O03871;AnterAja;10;Delivered
O03872;J&T;2;Delivered
O03873;AnterAja;1;Delivered
O03874;J&T;1;Delivered
O03875;JNE;3;Delivered
O03876;JNE;6;Cancelled
O03877;AnterAja;3;Delivered
O03878;AnterAja;1;Delivered
O03879;JNE;9;Delivered
O03880;AnterAja;4;Delivered
O03881;JNE;10;Delivered
O03882;J&T;2;Delivered
O03883;JNE;5;Delivered
O03884;JNE;6;Delivered
O03885;J&T;1;Delivered
O03886;JNE;8;Delivered
O03887;AnterAja;4;Delivered
O03888;AnterAja;5;Delivered
O03889;J&T;4;Delivered
O03890;JNE;6;Delivered
O03891;JNE;7;Delivered
O03892;AnterAja;2;Delivered
O03893;JNE;6;Delivered
O03894;JNE;5;Delivered
O03895;JNE;4;Delivered
O03896;JNE;6;Delivered
O03897;AnterAja;9;Delivered
O03898;AnterAja;7;Delivered
O03899;JNE;3;Late
O03900;SiCepat;10;Delivered
O03901;AnterAja;8;Delivered
O03902;J&T;6;Delivered
O03903;JNE;7;Delivered
O03904;JNE;10;Delivered
O03905;JNE;9;Delivered
O03906;AnterAja;7;Delivered
O03907;SiCepat;4;Late
O03908;J&T;6;Delivered
O03909;AnterAja;2;Delivered
O03910;JNE;8;Delivered
O03911;SiCepat;7;Delivered
O03912;SiCepat;7;Delivered
O03913;JNE;10;Delivered
O03914;AnterAja;7;Delivered
O03915;JNE;9;Delivered
O03916;J&T;4;Delivered
O03917;J&T;9;Delivered
O03918;AnterAja;1;Delivered
O03919;J&T;1;Delivered
O03920;JNE;6;Delivered
O03921;JNE;1;Delivered
O03922;J&T;4;Delivered
O03923;JNE;2;Delivered
O03924;J&T;1;Delivered
O03925;AnterAja;3;Delivered
O03926;J&T;7;Delivered
O03927;AnterAja;2;Delivered
O03928;AnterAja;3;Delivered
O03929;AnterAja;3;Delivered
O03930;J&T;7;Delivered
O03931;SiCepat;4;Delivered
O03932;SiCepat;1;Returned
O03933;J&T;2;Delivered
O03934;AnterAja;2;Delivered
O03935;JNE;2;Delivered
O03936;J&T;3;Late
O03937;J&T;9;Delivered
O03938;AnterAja;4;Delivered
O03939;AnterAja;4;Delivered
O03940;JNE;2;Delivered
O03941;J&T;1;Cancelled
O03942;AnterAja;1;Delivered
O03943;J&T;4;Delivered
O03944;JNE;2;Delivered
O03945;SiCepat;8;Delivered
O03946;SiCepat;8;Delivered
O03947;JNE;2;Delivered
O03948;AnterAja;6;Delivered
O03949;JNE;5;Delivered
O03950;AnterAja;5;Delivered
O03951;SiCepat;10;Delivered
O03952;JNE;7;Delivered
O03953;JNE;1;Delivered
O03954;AnterAja;8;Delivered
O03955;AnterAja;4;Delivered
O03956;AnterAja;2;Delivered
O03957;AnterAja;6;Delivered
O03958;JNE;9;Delivered
O03959;SiCepat;6;Cancelled
O03960;JNE;3;Delivered
O03961;SiCepat;4;Delivered
O03962;J&T;7;Late
O03963;J&T;1;Delivered
O03964;SiCepat;4;Delivered
O03965;JNE;1;Delivered
O03966;AnterAja;10;Delivered
O03967;J&T;1;Delivered
O03968;J&T;1;Delivered
O03969;JNE;1;Delivered
O03970;AnterAja;4;Delivered
O03971;AnterAja;3;Late
O03972;AnterAja;5;Late
O03973;AnterAja;3;Cancelled
O03974;SiCepat;4;Delivered
O03975;AnterAja;8;Returned
O03976;SiCepat;9;Delivered
O03977;SiCepat;8;Late
O03978;AnterAja;1;Delivered
O03979;J&T;6;Delivered
O03980;JNE;2;Delivered
O03981;SiCepat;10;Cancelled
O03982;J&T;2;Delivered
O03983;AnterAja;5;Late
O03984;JNE;2;Delivered
O03985;J&T;7;Delivered
O03986;AnterAja;6;Delivered
O03987;JNE;4;Delivered
O03988;AnterAja;3;Delivered
O03989;J&T;2;Delivered
O03990;SiCepat;10;Delivered
O03991;SiCepat;6;Cancelled
O03992;SiCepat;4;Returned
O03993;JNE;9;Delivered
O03994;J&T;2;Cancelled
O03995;SiCepat;3;Delivered
O03996;JNE;2;Delivered
O03997;JNE;5;Delivered
O03998;AnterAja;10;Delivered
O03999;J&T;8;Delivered
O04000;AnterAja;7;Delivered
O04001;J&T;5;Delivered
O04002;AnterAja;3;Delivered
O04003;JNE;2;Delivered
O04004;AnterAja;4;Delivered
O04005;J&T;3;Delivered
O04006;AnterAja;6;Delivered
O04007;JNE;5;Delivered
O04008;SiCepat;3;Delivered
O04009;J&T;9;Delivered
O04010;AnterAja;5;Delivered
O04011;J&T;4;Delivered
O04012;SiCepat;7;Delivered
O04013;JNE;8;Delivered
O04014;JNE;7;Delivered
O04015;J&T;8;Delivered
O04016;SiCepat;8;Delivered
O04017;AnterAja;9;Cancelled
O04018;AnterAja;9;Late
O04019;SiCepat;5;Delivered
O04020;SiCepat;9;Delivered
O04021;AnterAja;2;Delivered
O04022;SiCepat;6;Delivered
O04023;JNE;3;Delivered
O04024;AnterAja;2;Delivered
O04025;J&T;5;Delivered
O04026;SiCepat;6;Delivered
O04027;JNE;3;Delivered
O04028;JNE;10;Delivered
O04029;AnterAja;8;Returned
O04030;AnterAja;6;Delivered
O04031;JNE;10;Delivered
O04032;J&T;1;Delivered
O04033;SiCepat;8;Delivered
O04034;AnterAja;5;Delivered
O04035;SiCepat;2;Delivered
O04036;J&T;7;Delivered
O04037;AnterAja;10;Delivered
O04038;J&T;6;Delivered
O04039;SiCepat;6;Delivered
O04040;AnterAja;5;Delivered
O04041;JNE;1;Delivered
O04042;J&T;2;Delivered
O04043;J&T;10;Delivered
O04044;SiCepat;3;Delivered
O04045;JNE;4;Cancelled
O04046;J&T;1;Delivered
O04047;SiCepat;6;Late
O04048;AnterAja;10;Delivered
O04049;J&T;6;Delivered
O04050;JNE;7;Late
O04051;J&T;7;Delivered
O04052;AnterAja;4;Delivered
O04053;JNE;9;Delivered
O04054;JNE;1;Delivered
O04055;J&T;3;Delivered
O04056;J&T;7;Delivered
O04057;J&T;2;Delivered
O04058;AnterAja;5;Late
O04059;SiCepat;5;Delivered
O04060;JNE;10;Delivered
O04061;AnterAja;9;Delivered
O04062;JNE;9;Delivered
O04063;J&T;5;Delivered
O04064;J&T;3;Returned
O04065;SiCepat;6;Late
O04066;SiCepat;10;Delivered
O04067;J&T;2;Delivered
O04068;JNE;8;Delivered
O04069;AnterAja;7;Cancelled
O04070;AnterAja;9;Delivered
O04071;JNE;1;Delivered
O04072;JNE;6;Delivered
O04073;SiCepat;4;Delivered
O04074;J&T;8;Delivered
O04075;AnterAja;10;Delivered
O04076;SiCepat;2;Delivered
O04077;SiCepat;8;Delivered
O04078;JNE;2;Delivered
O04079;SiCepat;5;Delivered
O04080;SiCepat;8;Delivered
O04081;SiCepat;1;Delivered
O04082;SiCepat;6;Delivered
O04083;SiCepat;2;Delivered
O04084;SiCepat;2;Delivered
O04085;JNE;7;Delivered
O04086;AnterAja;4;Cancelled
O04087;SiCepat;5;Delivered
O04088;J&T;4;Returned
O04089;J&T;10;Delivered
O04090;SiCepat;4;Late
O04091;SiCepat;3;Returned
O04092;J&T;6;Delivered
O04093;AnterAja;2;Delivered
O04094;JNE;6;Delivered
O04095;AnterAja;5;Delivered
O04096;JNE;9;Delivered
O04097;JNE;5;Delivered
O04098;AnterAja;8;Delivered
O04099;SiCepat;7;Delivered
O04100;SiCepat;4;Delivered
O04101;AnterAja;6;Delivered
O04102;J&T;10;Delivered
O04103;J&T;8;Delivered
O04104;SiCepat;8;Delivered
O04105;AnterAja;10;Late
O04106;JNE;8;Delivered
O04107;J&T;2;Delivered
O04108;AnterAja;3;Delivered
O04109;JNE;3;Late
O04110;SiCepat;3;Delivered
O04111;J&T;10;Delivered
O04112;AnterAja;1;Returned
O04113;SiCepat;6;Delivered
O04114;JNE;3;Delivered
O04115;SiCepat;4;Delivered
O04116;J&T;5;Delivered
O04117;J&T;8;Delivered
O04118;JNE;4;Delivered
O04119;AnterAja;7;Delivered
O04120;J&T;10;Delivered
O04121;SiCepat;10;Delivered
O04122;SiCepat;7;Delivered
O04123;JNE;8;Delivered
O04124;JNE;5;Delivered
O04125;SiCepat;4;Delivered
O04126;SiCepat;6;Delivered
O04127;JNE;10;Delivered
O04128;SiCepat;8;Delivered
O04129;AnterAja;3;Late
O04130;JNE;7;Delivered
O04131;SiCepat;3;Delivered
O04132;J&T;10;Delivered
O04133;J&T;7;Delivered
O04134;J&T;1;Delivered
O04135;SiCepat;10;Delivered
O04136;SiCepat;2;Delivered
O04137;SiCepat;7;Delivered
O04138;AnterAja;10;Delivered
O04139;JNE;8;Delivered
O04140;SiCepat;6;Delivered
O04141;SiCepat;8;Delivered
O04142;J&T;1;Delivered
O04143;SiCepat;5;Cancelled
O04144;J&T;9;Delivered
O04145;JNE;2;Delivered
O04146;SiCepat;6;Delivered
O04147;J&T;8;Cancelled
O04148;JNE;7;Delivered
O04149;SiCepat;6;Delivered
O04150;J&T;2;Delivered
O04151;SiCepat;2;Delivered
O04152;JNE;4;Delivered
O04153;SiCepat;2;Delivered
O04154;SiCepat;7;Delivered
O04155;JNE;5;Delivered
O04156;AnterAja;4;Delivered
O04157;SiCepat;2;Delivered
O04158;JNE;1;Delivered
O04159;AnterAja;7;Delivered
O04160;JNE;2;Delivered
O04161;J&T;6;Delivered
O04162;SiCepat;8;Delivered
O04163;JNE;4;Delivered
O04164;JNE;9;Late
O04165;AnterAja;6;Delivered
O04166;AnterAja;3;Delivered
O04167;J&T;4;Delivered
O04168;SiCepat;10;Delivered
O04169;J&T;8;Delivered
O04170;J&T;8;Cancelled
O04171;SiCepat;2;Delivered
O04172;SiCepat;8;Delivered
O04173;AnterAja;8;Delivered
O04174;SiCepat;8;Delivered
O04175;JNE;3;Delivered
O04176;J&T;7;Delivered
O04177;AnterAja;6;Delivered
O04178;JNE;8;Delivered
O04179;JNE;6;Delivered
O04180;JNE;10;Cancelled
O04181;SiCepat;7;Late
O04182;SiCepat;8;Delivered
O04183;JNE;8;Delivered
O04184;JNE;3;Delivered
O04185;JNE;1;Delivered
O04186;JNE;10;Late
O04187;J&T;10;Delivered
O04188;J&T;7;Delivered
O04189;J&T;2;Delivered
O04190;SiCepat;8;Delivered
O04191;AnterAja;2;Delivered
O04192;JNE;3;Delivered
O04193;AnterAja;6;Delivered
O04194;J&T;3;Delivered
O04195;JNE;4;Delivered
O04196;AnterAja;1;Delivered
O04197;SiCepat;9;Delivered
O04198;AnterAja;10;Delivered
O04199;SiCepat;3;Delivered
O04200;JNE;3;Delivered
O04201;AnterAja;1;Delivered
O04202;SiCepat;10;Delivered
O04203;J&T;8;Delivered
O04204;JNE;2;Delivered
O04205;AnterAja;2;Delivered
O04206;JNE;8;Delivered
O04207;JNE;6;Late
O04208;AnterAja;6;Delivered
O04209;J&T;1;Delivered
O04210;SiCepat;8;Delivered
O04211;JNE;4;Delivered
O04212;AnterAja;5;Delivered
O04213;AnterAja;1;Delivered
O04214;JNE;9;Late
O04215;J&T;7;Delivered
O04216;J&T;1;Delivered
O04217;J&T;8;Delivered
O04218;JNE;1;Delivered
O04219;J&T;4;Delivered
O04220;AnterAja;1;Late
O04221;JNE;1;Delivered
O04222;JNE;5;Cancelled
O04223;J&T;7;Late
O04224;SiCepat;2;Delivered
O04225;AnterAja;7;Delivered
O04226;J&T;8;Delivered
O04227;AnterAja;6;Delivered
O04228;AnterAja;8;Delivered
O04229;AnterAja;10;Delivered
O04230;AnterAja;1;Delivered
O04231;J&T;8;Delivered
O04232;J&T;10;Delivered
O04233;J&T;9;Delivered
O04234;J&T;1;Delivered
O04235;SiCepat;4;Delivered
O04236;SiCepat;6;Delivered
O04237;AnterAja;7;Cancelled
O04238;J&T;3;Delivered
O04239;J&T;7;Delivered
O04240;J&T;5;Delivered
O04241;AnterAja;10;Delivered
O04242;J&T;6;Delivered
O04243;SiCepat;7;Delivered
O04244;J&T;8;Delivered
O04245;AnterAja;1;Delivered
O04246;J&T;10;Delivered
O04247;JNE;2;Delivered
O04248;J&T;6;Delivered
O04249;J&T;9;Delivered
O04250;SiCepat;5;Delivered
O04251;JNE;9;Delivered
O04252;J&T;8;Delivered
O04253;AnterAja;4;Delivered
O04254;JNE;2;Delivered
O04255;JNE;7;Delivered
O04256;J&T;1;Delivered
O04257;JNE;2;Cancelled
O04258;AnterAja;3;Delivered
O04259;SiCepat;3;Delivered
O04260;SiCepat;9;Delivered
O04261;SiCepat;10;Late
O04262;J&T;7;Cancelled
O04263;JNE;8;Delivered
O04264;SiCepat;7;Returned
O04265;AnterAja;8;Delivered
O04266;AnterAja;2;Cancelled
O04267;JNE;4;Cancelled
O04268;AnterAja;6;Delivered
O04269;AnterAja;4;Delivered
O04270;SiCepat;1;Late
O04271;JNE;4;Delivered
O04272;JNE;4;Delivered
O04273;JNE;1;Delivered
O04274;AnterAja;10;Delivered
O04275;AnterAja;8;Cancelled
O04276;JNE;3;Delivered
O04277;SiCepat;7;Delivered
O04278;SiCepat;5;Delivered
O04279;SiCepat;4;Delivered
O04280;AnterAja;4;Delivered
O04281;J&T;8;Delivered
O04282;JNE;4;Delivered
O04283;SiCepat;10;Delivered
O04284;JNE;8;Delivered
O04285;SiCepat;4;Delivered
O04286;SiCepat;3;Delivered
O04287;J&T;9;Delivered
O04288;JNE;9;Delivered
O04289;AnterAja;7;Delivered
O04290;SiCepat;9;Delivered
O04291;J&T;6;Delivered
O04292;AnterAja;10;Delivered
O04293;J&T;9;Delivered
O04294;SiCepat;10;Delivered
O04295;J&T;9;Delivered
O04296;J&T;7;Delivered
O04297;AnterAja;10;Returned
O04298;J&T;3;Late
O04299;SiCepat;6;Delivered
O04300;SiCepat;5;Delivered
O04301;JNE;5;Delivered
O04302;J&T;2;Delivered
O04303;SiCepat;10;Late
O04304;J&T;2;Delivered
O04305;SiCepat;7;Late
O04306;JNE;4;Delivered
O04307;JNE;7;Delivered
O04308;SiCepat;7;Delivered
O04309;J&T;10;Delivered
O04310;AnterAja;4;Delivered
O04311;JNE;7;Delivered
O04312;JNE;2;Delivered
O04313;AnterAja;10;Delivered
O04314;AnterAja;5;Delivered
O04315;AnterAja;1;Delivered
O04316;J&T;8;Delivered
O04317;SiCepat;5;Returned
O04318;SiCepat;7;Delivered
O04319;SiCepat;10;Delivered
O04320;SiCepat;2;Delivered
O04321;SiCepat;9;Delivered
O04322;J&T;1;Delivered
O04323;AnterAja;3;Delivered
O04324;JNE;7;Delivered
O04325;J&T;9;Delivered
O04326;SiCepat;5;Delivered
O04327;J&T;2;Late
O04328;AnterAja;9;Delivered
O04329;AnterAja;3;Late
O04330;SiCepat;5;Delivered
O04331;SiCepat;1;Delivered
O04332;SiCepat;1;Delivered
O04333;J&T;6;Delivered
O04334;SiCepat;5;Delivered
O04335;SiCepat;9;Delivered
O04336;AnterAja;6;Delivered
O04337;SiCepat;8;Delivered
O04338;J&T;4;Delivered
O04339;AnterAja;1;Delivered
O04340;J&T;10;Delivered
O04341;JNE;8;Cancelled
O04342;JNE;1;Delivered
O04343;J&T;2;Delivered
O04344;J&T;2;Delivered
O04345;JNE;7;Delivered
O04346;JNE;2;Delivered
O04347;JNE;6;Delivered
O04348;JNE;10;Late
O04349;JNE;4;Delivered
O04350;JNE;7;Delivered
O04351;SiCepat;3;Delivered
O04352;AnterAja;8;Delivered
O04353;AnterAja;1;Delivered
O04354;J&T;4;Delivered
O04355;AnterAja;10;Delivered
O04356;J&T;7;Delivered
O04357;J&T;2;Delivered
O04358;J&T;1;Delivered
O04359;J&T;1;Delivered
O04360;J&T;9;Delivered
O04361;AnterAja;2;Delivered
O04362;SiCepat;2;Cancelled
O04363;SiCepat;10;Delivered
O04364;AnterAja;9;Delivered
O04365;J&T;8;Delivered
O04366;JNE;9;Delivered
O04367;JNE;4;Delivered
O04368;SiCepat;8;Delivered
O04369;J&T;7;Delivered
O04370;JNE;4;Delivered
O04371;AnterAja;1;Delivered
O04372;AnterAja;8;Delivered
O04373;J&T;4;Late
O04374;J&T;5;Delivered
O04375;AnterAja;4;Delivered
O04376;SiCepat;6;Delivered
O04377;JNE;10;Delivered
O04378;SiCepat;6;Delivered
O04379;AnterAja;5;Delivered
O04380;J&T;3;Delivered
O04381;JNE;5;Delivered
O04382;AnterAja;3;Late
O04383;J&T;3;Delivered
O04384;AnterAja;5;Delivered
O04385;SiCepat;2;Delivered
O04386;J&T;2;Delivered
O04387;AnterAja;2;Delivered
O04388;AnterAja;7;Delivered
O04389;SiCepat;4;Delivered
O04390;J&T;6;Delivered
O04391;SiCepat;1;Late
O04392;JNE;3;Delivered
O04393;JNE;6;Delivered
O04394;AnterAja;4;Delivered
O04395;SiCepat;7;Delivered
O04396;SiCepat;5;Late
O04397;SiCepat;5;Delivered
O04398;J&T;4;Delivered
O04399;SiCepat;8;Delivered
O04400;JNE;7;Delivered
O04401;J&T;8;Delivered
O04402;JNE;1;Delivered
O04403;J&T;8;Delivered
O04404;J&T;3;Delivered
O04405;AnterAja;9;Late
O04406;AnterAja;5;Delivered
O04407;J&T;10;Cancelled
O04408;JNE;8;Delivered
O04409;AnterAja;4;Delivered
O04410;AnterAja;6;Late
O04411;AnterAja;9;Delivered
O04412;AnterAja;4;Delivered
O04413;AnterAja;2;Delivered
O04414;JNE;7;Delivered
O04415;JNE;9;Delivered
O04416;AnterAja;2;Delivered
O04417;AnterAja;5;Delivered
O04418;AnterAja;7;Late
O04419;JNE;5;Cancelled
O04420;JNE;5;Delivered
O04421;JNE;9;Delivered
O04422;J&T;3;Delivered
O04423;AnterAja;3;Delivered
O04424;AnterAja;3;Delivered
O04425;AnterAja;1;Delivered
O04426;J&T;8;Delivered
O04427;SiCepat;8;Delivered
O04428;AnterAja;5;Delivered
O04429;J&T;9;Delivered
O04430;SiCepat;8;Delivered
O04431;JNE;3;Delivered
O04432;SiCepat;7;Delivered
O04433;AnterAja;7;Delivered
O04434;JNE;7;Delivered
O04435;SiCepat;5;Delivered
O04436;SiCepat;9;Cancelled
O04437;J&T;5;Delivered
O04438;J&T;6;Delivered
O04439;J&T;6;Delivered
O04440;J&T;8;Delivered
O04441;JNE;9;Delivered
O04442;AnterAja;3;Delivered
O04443;SiCepat;8;Delivered
O04444;SiCepat;2;Late
O04445;J&T;9;Delivered
O04446;AnterAja;6;Delivered
O04447;JNE;2;Delivered
O04448;J&T;2;Delivered
O04449;SiCepat;6;Delivered
O04450;SiCepat;6;Delivered
O04451;J&T;5;Delivered
O04452;JNE;1;Delivered
O04453;JNE;6;Cancelled
O04454;AnterAja;10;Delivered
O04455;JNE;6;Delivered
O04456;JNE;10;Delivered
O04457;J&T;2;Delivered
O04458;JNE;4;Delivered
O04459;SiCepat;10;Late
O04460;AnterAja;4;Delivered
O04461;SiCepat;6;Delivered
O04462;J&T;1;Delivered
O04463;SiCepat;10;Returned
O04464;JNE;5;Delivered
O04465;J&T;9;Delivered
O04466;J&T;10;Cancelled
O04467;J&T;3;Late
O04468;JNE;9;Cancelled
O04469;AnterAja;9;Delivered
O04470;J&T;3;Delivered
O04471;J&T;8;Delivered
O04472;JNE;8;Delivered
O04473;JNE;6;Delivered
O04474;SiCepat;2;Returned
O04475;J&T;4;Delivered
O04476;SiCepat;9;Delivered
O04477;J&T;7;Delivered
O04478;AnterAja;4;Delivered
O04479;JNE;10;Delivered
O04480;J&T;2;Delivered
O04481;JNE;4;Delivered
O04482;SiCepat;5;Delivered
O04483;JNE;6;Delivered
O04484;JNE;8;Delivered
O04485;JNE;4;Delivered
O04486;J&T;5;Returned
O04487;JNE;10;Delivered
O04488;SiCepat;6;Delivered
O04489;AnterAja;8;Delivered
O04490;AnterAja;9;Delivered
O04491;SiCepat;9;Delivered
O04492;JNE;7;Delivered
O04493;J&T;10;Delivered
O04494;J&T;6;Delivered
O04495;SiCepat;6;Delivered
O04496;J&T;9;Delivered
O04497;J&T;1;Delivered
O04498;SiCepat;10;Delivered
O04499;J&T;2;Delivered
O04500;J&T;1;Delivered
O04501;J&T;10;Delivered
O04502;SiCepat;2;Delivered
O04503;SiCepat;5;Delivered
O04504;AnterAja;8;Delivered
O04505;AnterAja;3;Delivered
O04506;SiCepat;10;Late
O04507;SiCepat;2;Delivered
O04508;SiCepat;10;Delivered
O04509;JNE;8;Delivered
O04510;AnterAja;4;Delivered
O04511;JNE;9;Delivered
O04512;JNE;2;Delivered
O04513;JNE;5;Delivered
O04514;AnterAja;7;Delivered
O04515;AnterAja;6;Cancelled
O04516;J&T;5;Delivered
O04517;JNE;10;Delivered
O04518;SiCepat;1;Cancelled
O04519;J&T;5;Delivered
O04520;JNE;8;Returned
O04521;J&T;10;Cancelled
O04522;AnterAja;5;Delivered
O04523;SiCepat;5;Delivered
O04524;J&T;4;Delivered
O04525;SiCepat;7;Returned
O04526;J&T;6;Delivered
O04527;AnterAja;4;Delivered
O04528;SiCepat;6;Delivered
O04529;AnterAja;4;Delivered
O04530;AnterAja;9;Delivered
O04531;J&T;7;Delivered
O04532;AnterAja;7;Delivered
O04533;SiCepat;8;Delivered
O04534;J&T;8;Returned
O04535;SiCepat;2;Delivered
O04536;SiCepat;9;Delivered
O04537;AnterAja;7;Delivered
O04538;SiCepat;2;Delivered
O04539;J&T;7;Cancelled
O04540;SiCepat;4;Delivered
O04541;AnterAja;9;Delivered
O04542;JNE;10;Delivered
O04543;AnterAja;2;Delivered
O04544;JNE;6;Delivered
O04545;JNE;7;Delivered
O04546;AnterAja;10;Delivered
O04547;SiCepat;10;Delivered
O04548;AnterAja;10;Delivered
O04549;SiCepat;8;Delivered
O04550;JNE;7;Delivered
O04551;J&T;6;Delivered
O04552;J&T;2;Delivered
O04553;AnterAja;10;Delivered
O04554;J&T;6;Late
O04555;AnterAja;5;Delivered
O04556;J&T;3;Delivered
O04557;J&T;10;Delivered
O04558;AnterAja;10;Delivered
O04559;SiCepat;10;Delivered
O04560;J&T;5;Delivered
O04561;SiCepat;10;Delivered
O04562;J&T;3;Late
O04563;SiCepat;4;Delivered
O04564;AnterAja;5;Returned
O04565;JNE;9;Delivered
O04566;J&T;8;Delivered
O04567;AnterAja;4;Late
O04568;J&T;9;Delivered
O04569;JNE;10;Delivered
O04570;SiCepat;6;Delivered
O04571;JNE;7;Delivered
O04572;AnterAja;3;Delivered
O04573;J&T;6;Delivered
O04574;AnterAja;5;Cancelled
O04575;J&T;9;Delivered
O04576;JNE;3;Delivered
O04577;AnterAja;8;Delivered
O04578;J&T;5;Delivered
O04579;J&T;8;Delivered
O04580;J&T;1;Cancelled
O04581;J&T;7;Delivered
O04582;SiCepat;3;Delivered
O04583;SiCepat;7;Delivered
O04584;SiCepat;5;Delivered
O04585;AnterAja;6;Delivered
O04586;JNE;4;Delivered
O04587;J&T;2;Late
O04588;SiCepat;6;Delivered
O04589;SiCepat;7;Delivered
O04590;JNE;5;Cancelled
O04591;AnterAja;4;Delivered
O04592;SiCepat;7;Delivered
O04593;J&T;10;Delivered
O04594;AnterAja;3;Delivered
O04595;JNE;8;Delivered
O04596;JNE;9;Delivered
O04597;AnterAja;1;Delivered
O04598;SiCepat;5;Delivered
O04599;JNE;4;Delivered
O04600;JNE;1;Delivered
O04601;SiCepat;9;Delivered
O04602;SiCepat;1;Delivered
O04603;AnterAja;10;Delivered
O04604;J&T;10;Delivered
O04605;J&T;5;Delivered
O04606;SiCepat;7;Delivered
O04607;JNE;8;Delivered
O04608;SiCepat;7;Delivered
O04609;AnterAja;10;Delivered
O04610;JNE;1;Delivered
O04611;SiCepat;8;Late
O04612;AnterAja;7;Delivered
O04613;SiCepat;1;Delivered
O04614;JNE;5;Delivered
O04615;AnterAja;8;Delivered
O04616;SiCepat;10;Late
O04617;SiCepat;9;Delivered
O04618;J&T;9;Delivered
O04619;J&T;7;Delivered
O04620;AnterAja;8;Delivered
O04621;JNE;7;Delivered
O04622;JNE;1;Late
O04623;SiCepat;9;Returned
O04624;JNE;6;Delivered
O04625;JNE;10;Delivered
O04626;AnterAja;2;Delivered
O04627;J&T;7;Delivered
O04628;JNE;10;Delivered
O04629;SiCepat;3;Delivered
O04630;AnterAja;8;Cancelled
O04631;AnterAja;9;Delivered
O04632;AnterAja;1;Delivered
O04633;JNE;1;Delivered
O04634;SiCepat;8;Delivered
O04635;JNE;7;Delivered
O04636;JNE;1;Delivered
O04637;JNE;10;Delivered
O04638;SiCepat;9;Returned
O04639;JNE;10;Delivered
O04640;JNE;5;Delivered
O04641;SiCepat;1;Delivered
O04642;AnterAja;8;Delivered
O04643;J&T;7;Delivered
O04644;JNE;5;Delivered
O04645;J&T;10;Delivered
O04646;JNE;8;Delivered
O04647;SiCepat;4;Delivered
O04648;AnterAja;6;Delivered
O04649;SiCepat;3;Delivered
O04650;SiCepat;4;Delivered
O04651;AnterAja;1;Delivered
O04652;SiCepat;2;Delivered
O04653;SiCepat;2;Delivered
O04654;SiCepat;4;Delivered
O04655;SiCepat;6;Delivered
O04656;J&T;5;Late
O04657;J&T;5;Delivered
O04658;AnterAja;10;Delivered
O04659;J&T;6;Delivered
O04660;SiCepat;4;Delivered
O04661;SiCepat;5;Late
O04662;JNE;2;Delivered
O04663;SiCepat;1;Delivered
O04664;JNE;5;Delivered
O04665;J&T;8;Delivered
O04666;AnterAja;5;Delivered
O04667;SiCepat;3;Delivered
O04668;SiCepat;5;Delivered
O04669;AnterAja;3;Delivered
O04670;SiCepat;4;Delivered
O04671;JNE;7;Delivered
O04672;J&T;7;Delivered
O04673;JNE;7;Delivered
O04674;SiCepat;2;Cancelled
O04675;AnterAja;6;Returned
O04676;SiCepat;2;Delivered
O04677;J&T;4;Delivered
O04678;J&T;7;Delivered
O04679;AnterAja;4;Delivered
O04680;JNE;10;Returned
O04681;SiCepat;3;Returned
O04682;SiCepat;3;Delivered
O04683;AnterAja;6;Delivered
O04684;J&T;4;Delivered
O04685;J&T;5;Delivered
O04686;SiCepat;2;Delivered
O04687;AnterAja;5;Delivered
O04688;AnterAja;8;Delivered
O04689;J&T;9;Delivered
O04690;JNE;4;Late
O04691;JNE;2;Delivered
O04692;J&T;2;Delivered
O04693;AnterAja;7;Delivered
O04694;AnterAja;4;Delivered
O04695;JNE;10;Delivered
O04696;AnterAja;3;Delivered
O04697;SiCepat;7;Delivered
O04698;J&T;8;Late
O04699;AnterAja;9;Delivered
O04700;JNE;7;Delivered
O04701;J&T;3;Delivered
O04702;SiCepat;1;Delivered
O04703;SiCepat;6;Delivered
O04704;SiCepat;2;Delivered
O04705;AnterAja;8;Delivered
O04706;J&T;3;Late
O04707;J&T;6;Delivered
O04708;AnterAja;7;Delivered
O04709;JNE;9;Delivered
O04710;JNE;2;Delivered
O04711;J&T;4;Delivered
O04712;SiCepat;4;Delivered
O04713;AnterAja;5;Delivered
O04714;AnterAja;5;Delivered
O04715;JNE;10;Delivered
O04716;JNE;1;Delivered
O04717;J&T;8;Delivered
O04718;JNE;8;Delivered
O04719;J&T;1;Late
O04720;AnterAja;7;Delivered
O04721;AnterAja;8;Late
O04722;JNE;4;Delivered
O04723;SiCepat;2;Delivered
O04724;SiCepat;4;Returned
O04725;J&T;4;Delivered
O04726;JNE;2;Delivered
O04727;J&T;8;Delivered
O04728;J&T;5;Delivered
O04729;SiCepat;7;Delivered
O04730;JNE;1;Delivered
O04731;JNE;1;Delivered
O04732;J&T;4;Delivered
O04733;AnterAja;3;Delivered
O04734;AnterAja;2;Delivered
O04735;AnterAja;2;Delivered
O04736;JNE;4;Returned
O04737;SiCepat;8;Delivered
O04738;SiCepat;4;Delivered
O04739;SiCepat;5;Delivered
O04740;SiCepat;7;Delivered
O04741;JNE;1;Delivered
O04742;AnterAja;2;Delivered
O04743;J&T;8;Delivered
O04744;AnterAja;5;Delivered
O04745;AnterAja;9;Delivered
O04746;J&T;7;Delivered
O04747;AnterAja;9;Delivered
O04748;SiCepat;8;Delivered
O04749;JNE;3;Delivered
O04750;SiCepat;6;Delivered
O04751;J&T;10;Late
O04752;J&T;4;Delivered
O04753;J&T;1;Delivered
O04754;SiCepat;5;Delivered
O04755;SiCepat;7;Delivered
O04756;AnterAja;10;Delivered
O04757;AnterAja;2;Delivered
O04758;JNE;9;Delivered
O04759;SiCepat;8;Delivered
O04760;JNE;1;Delivered
O04761;J&T;8;Delivered
O04762;JNE;5;Returned
O04763;SiCepat;9;Delivered
O04764;SiCepat;7;Delivered
O04765;JNE;2;Late
O04766;SiCepat;3;Delivered
O04767;J&T;8;Cancelled
O04768;J&T;2;Delivered
O04769;AnterAja;8;Delivered
O04770;AnterAja;9;Delivered
O04771;J&T;9;Delivered
O04772;JNE;3;Delivered
O04773;J&T;8;Returned
O04774;SiCepat;1;Delivered
O04775;SiCepat;4;Late
O04776;J&T;1;Delivered
O04777;JNE;1;Delivered
O04778;J&T;4;Delivered
O04779;JNE;5;Cancelled
O04780;SiCepat;1;Delivered
O04781;AnterAja;6;Delivered
O04782;JNE;3;Returned
O04783;AnterAja;1;Delivered
O04784;SiCepat;4;Cancelled
O04785;SiCepat;4;Delivered
O04786;AnterAja;10;Delivered
O04787;AnterAja;5;Delivered
O04788;JNE;4;Delivered
O04789;SiCepat;10;Delivered
O04790;AnterAja;4;Delivered
O04791;J&T;2;Cancelled
O04792;SiCepat;2;Delivered
O04793;AnterAja;10;Delivered
O04794;SiCepat;9;Delivered
O04795;SiCepat;5;Delivered
O04796;AnterAja;9;Cancelled
O04797;JNE;10;Delivered
O04798;AnterAja;9;Delivered
O04799;J&T;6;Delivered
O04800;J&T;10;Cancelled
O04801;SiCepat;3;Delivered
O04802;J&T;10;Delivered
O04803;AnterAja;3;Delivered
O04804;J&T;6;Delivered
O04805;AnterAja;9;Delivered
O04806;J&T;1;Delivered
O04807;AnterAja;1;Delivered
O04808;JNE;7;Delivered
O04809;JNE;2;Delivered
O04810;SiCepat;10;Delivered
O04811;AnterAja;3;Delivered
O04812;SiCepat;5;Delivered
O04813;JNE;10;Delivered
O04814;AnterAja;6;Delivered
O04815;SiCepat;1;Returned
O04816;JNE;9;Returned
O04817;J&T;10;Delivered
O04818;JNE;5;Delivered
O04819;AnterAja;6;Delivered
O04820;J&T;5;Delivered
O04821;J&T;1;Delivered
O04822;JNE;2;Delivered
O04823;SiCepat;9;Late
O04824;J&T;6;Delivered
O04825;AnterAja;1;Delivered
O04826;AnterAja;1;Late
O04827;AnterAja;6;Delivered
O04828;AnterAja;2;Delivered
O04829;J&T;7;Delivered
O04830;SiCepat;5;Delivered
O04831;J&T;8;Delivered
O04832;JNE;10;Delivered
O04833;SiCepat;6;Delivered
O04834;SiCepat;3;Delivered
O04835;AnterAja;6;Delivered
O04836;J&T;5;Delivered
O04837;AnterAja;4;Delivered
O04838;J&T;8;Delivered
O04839;JNE;5;Delivered
O04840;J&T;10;Late
O04841;SiCepat;10;Delivered
O04842;SiCepat;3;Delivered
O04843;JNE;6;Cancelled
O04844;JNE;1;Delivered
O04845;AnterAja;7;Delivered
O04846;SiCepat;7;Delivered
O04847;JNE;10;Delivered
O04848;JNE;5;Delivered
O04849;J&T;10;Delivered
O04850;AnterAja;4;Delivered
O04851;AnterAja;8;Late
O04852;JNE;10;Delivered
O04853;AnterAja;8;Delivered
O04854;JNE;4;Delivered
O04855;J&T;9;Delivered
O04856;SiCepat;6;Delivered
O04857;SiCepat;10;Delivered
O04858;J&T;9;Delivered
O04859;AnterAja;10;Late
O04860;J&T;6;Delivered
O04861;SiCepat;8;Delivered
O04862;AnterAja;1;Delivered
O04863;AnterAja;7;Delivered
O04864;SiCepat;5;Late
O04865;AnterAja;3;Delivered
O04866;AnterAja;7;Late
O04867;J&T;10;Delivered
O04868;JNE;7;Delivered
O04869;J&T;5;Delivered
O04870;AnterAja;6;Delivered
O04871;JNE;5;Delivered
O04872;AnterAja;4;Delivered
O04873;AnterAja;10;Delivered
O04874;SiCepat;1;Delivered
O04875;SiCepat;7;Delivered
O04876;SiCepat;1;Returned
O04877;SiCepat;4;Delivered
O04878;SiCepat;7;Delivered
O04879;JNE;10;Delivered
O04880;AnterAja;7;Delivered
O04881;AnterAja;4;Delivered
O04882;AnterAja;4;Delivered
O04883;AnterAja;9;Delivered
O04884;AnterAja;8;Delivered
O04885;J&T;7;Delivered
O04886;J&T;3;Delivered
O04887;JNE;8;Delivered
O04888;J&T;6;Returned
O04889;AnterAja;4;Delivered
O04890;SiCepat;6;Delivered
O04891;AnterAja;9;Delivered
O04892;AnterAja;2;Delivered
O04893;JNE;2;Delivered
O04894;AnterAja;5;Delivered
O04895;JNE;10;Delivered
O04896;J&T;2;Delivered
O04897;J&T;2;Delivered
O04898;SiCepat;2;Delivered
O04899;SiCepat;8;Delivered
O04900;SiCepat;2;Delivered
O04901;J&T;7;Cancelled
O04902;JNE;5;Delivered
O04903;SiCepat;1;Delivered
O04904;J&T;5;Delivered
O04905;AnterAja;4;Delivered
O04906;J&T;7;Delivered
O04907;AnterAja;6;Delivered
O04908;AnterAja;4;Delivered
O04909;AnterAja;5;Delivered
O04910;JNE;1;Late
O04911;JNE;8;Delivered
O04912;SiCepat;6;Delivered
O04913;AnterAja;9;Late
O04914;J&T;10;Delivered
O04915;AnterAja;4;Delivered
O04916;SiCepat;9;Cancelled
O04917;SiCepat;3;Delivered
O04918;J&T;10;Delivered
O04919;SiCepat;9;Delivered
O04920;J&T;3;Late
O04921;AnterAja;3;Delivered
O04922;AnterAja;7;Delivered
O04923;JNE;5;Delivered
O04924;SiCepat;3;Delivered
O04925;SiCepat;5;Delivered
O04926;J&T;1;Delivered
O04927;AnterAja;5;Delivered
O04928;JNE;8;Delivered
O04929;SiCepat;5;Delivered
O04930;SiCepat;9;Delivered
O04931;AnterAja;7;Delivered
O04932;SiCepat;7;Delivered
O04933;AnterAja;2;Delivered
O04934;SiCepat;7;Delivered
O04935;J&T;2;Delivered
O04936;J&T;3;Delivered
O04937;JNE;9;Returned
O04938;AnterAja;3;Delivered
O04939;JNE;6;Delivered
O04940;AnterAja;9;Delivered
O04941;J&T;8;Delivered
O04942;AnterAja;7;Delivered
O04943;SiCepat;5;Late
O04944;SiCepat;5;Delivered
O04945;JNE;8;Delivered
O04946;AnterAja;6;Delivered
O04947;J&T;10;Delivered
O04948;JNE;1;Delivered
O04949;SiCepat;5;Delivered
O04950;AnterAja;5;Delivered
O04951;AnterAja;3;Delivered
O04952;J&T;2;Delivered
O04953;JNE;5;Returned
O04954;SiCepat;1;Delivered
O04955;SiCepat;4;Late
O04956;JNE;10;Delivered
O04957;SiCepat;7;Late
O04958;JNE;4;Delivered
O04959;J&T;5;Delivered
O04960;SiCepat;2;Delivered
O04961;AnterAja;9;Late
O04962;SiCepat;3;Delivered
O04963;AnterAja;6;Delivered
O04964;SiCepat;10;Delivered
O04965;J&T;2;Delivered
O04966;J&T;5;Delivered
O04967;JNE;3;Delivered
O04968;J&T;2;Returned
O04969;JNE;9;Delivered
O04970;J&T;4;Delivered
O04971;AnterAja;9;Delivered
O04972;AnterAja;2;Delivered
O04973;J&T;8;Delivered
O04974;SiCepat;10;Delivered
O04975;AnterAja;6;Delivered
O04976;J&T;1;Delivered
O04977;SiCepat;7;Returned
O04978;JNE;5;Delivered
O04979;AnterAja;2;Returned
O04980;JNE;7;Delivered
O04981;SiCepat;3;Cancelled
O04982;SiCepat;8;Delivered
O04983;J&T;4;Delivered
O04984;J&T;4;Delivered
O04985;SiCepat;8;Delivered
O04986;AnterAja;7;Delivered
O04987;SiCepat;2;Returned
O04988;AnterAja;6;Delivered
O04989;JNE;8;Delivered
O04990;AnterAja;7;Returned
O04991;SiCepat;4;Delivered
O04992;J&T;9;Delivered
O04993;AnterAja;4;Delivered
O04994;SiCepat;3;Late
O04995;AnterAja;5;Delivered
O04996;JNE;2;Delivered
O04997;AnterAja;1;Delivered
O04998;SiCepat;7;Delivered
O04999;AnterAja;9;Delivered
O05000;J&T;1;Delivered
O05001;JNE;9;Delivered
O05002;JNE;3;Delivered
O05003;AnterAja;4;Delivered
O05004;AnterAja;4;Delivered
O05005;JNE;10;Delivered
O05006;J&T;9;Returned
O05007;J&T;4;Delivered
O05008;JNE;6;Delivered
O05009;AnterAja;2;Delivered
O05010;SiCepat;8;Delivered
O05011;J&T;8;Delivered
O05012;JNE;6;Delivered
O05013;J&T;10;Delivered
O05014;SiCepat;3;Delivered
O05015;JNE;9;Delivered
O05016;JNE;10;Delivered
O05017;AnterAja;9;Delivered
O05018;SiCepat;1;Delivered
O05019;AnterAja;8;Delivered
O05020;JNE;7;Delivered
O05021;J&T;1;Delivered
O05022;AnterAja;10;Delivered
O05023;AnterAja;2;Delivered
O05024;SiCepat;5;Delivered
O05025;J&T;1;Delivered
O05026;J&T;8;Delivered
O05027;JNE;1;Delivered
O05028;AnterAja;9;Delivered
O05029;SiCepat;8;Delivered
O05030;J&T;8;Delivered
O05031;JNE;2;Delivered
O05032;J&T;6;Delivered
O05033;AnterAja;9;Delivered
O05034;J&T;8;Delivered
O05035;JNE;8;Delivered
O05036;SiCepat;7;Delivered
O05037;SiCepat;7;Late
O05038;AnterAja;7;Delivered
O05039;J&T;7;Delivered
O05040;AnterAja;2;Delivered
O05041;J&T;6;Delivered
O05042;AnterAja;7;Delivered
O05043;J&T;9;Delivered
O05044;J&T;5;Delivered
O05045;AnterAja;8;Delivered
O05046;JNE;8;Delivered
O05047;J&T;9;Delivered
O05048;SiCepat;2;Delivered
O05049;AnterAja;7;Late
O05050;SiCepat;5;Delivered
O05051;SiCepat;1;Delivered
O05052;J&T;9;Delivered
O05053;JNE;3;Delivered
O05054;J&T;8;Delivered
O05055;JNE;7;Late
O05056;JNE;8;Delivered
O05057;AnterAja;10;Cancelled
O05058;AnterAja;5;Delivered
O05059;J&T;7;Delivered
O05060;JNE;2;Delivered
O05061;AnterAja;4;Delivered
O05062;JNE;8;Cancelled
O05063;AnterAja;2;Delivered
O05064;JNE;8;Delivered
O05065;JNE;4;Late
O05066;JNE;5;Delivered
O05067;J&T;2;Cancelled
O05068;SiCepat;8;Delivered
O05069;J&T;5;Delivered
O05070;J&T;9;Delivered
O05071;AnterAja;3;Delivered
O05072;JNE;1;Delivered
O05073;AnterAja;6;Delivered
O05074;J&T;8;Delivered
O05075;SiCepat;6;Late
O05076;SiCepat;9;Delivered
O05077;SiCepat;5;Delivered
O05078;J&T;3;Cancelled
O05079;AnterAja;9;Delivered
O05080;J&T;2;Delivered
O05081;J&T;5;Delivered
O05082;AnterAja;5;Delivered
O05083;JNE;10;Delivered
O05084;AnterAja;6;Late
O05085;SiCepat;6;Delivered
O05086;AnterAja;7;Delivered
O05087;SiCepat;6;Delivered
O05088;SiCepat;8;Delivered
O05089;AnterAja;2;Delivered
O05090;AnterAja;9;Delivered
O05091;J&T;8;Delivered
O05092;J&T;9;Delivered
O05093;SiCepat;5;Delivered
O05094;J&T;3;Delivered
O05095;SiCepat;8;Delivered
O05096;SiCepat;8;Delivered
O05097;AnterAja;6;Delivered
O05098;AnterAja;8;Delivered
O05099;J&T;5;Delivered
O05100;J&T;4;Delivered
O05101;J&T;4;Delivered
O05102;AnterAja;8;Late
O05103;JNE;8;Delivered
O05104;SiCepat;9;Delivered
O05105;J&T;3;Delivered
O05106;SiCepat;6;Delivered
O05107;J&T;9;Delivered
O05108;J&T;4;Delivered
O05109;SiCepat;8;Delivered
O05110;J&T;1;Late
O05111;AnterAja;3;Delivered
O05112;J&T;2;Delivered
O05113;AnterAja;5;Delivered
O05114;J&T;9;Returned
O05115;AnterAja;9;Delivered
O05116;JNE;3;Delivered
O05117;J&T;9;Delivered
O05118;AnterAja;7;Delivered
O05119;JNE;6;Delivered
O05120;AnterAja;3;Delivered
O05121;JNE;5;Cancelled
O05122;AnterAja;3;Delivered
O05123;J&T;7;Cancelled
O05124;JNE;1;Late
O05125;JNE;4;Late
O05126;JNE;4;Delivered
O05127;SiCepat;8;Late
O05128;JNE;1;Delivered
O05129;JNE;4;Delivered
O05130;JNE;3;Cancelled
O05131;AnterAja;9;Delivered
O05132;JNE;4;Delivered
O05133;J&T;5;Late
O05134;JNE;3;Late
O05135;SiCepat;8;Delivered
O05136;SiCepat;8;Delivered
O05137;JNE;10;Delivered
O05138;J&T;4;Delivered
O05139;AnterAja;8;Delivered
O05140;AnterAja;6;Delivered
O05141;JNE;6;Delivered
O05142;J&T;1;Delivered
O05143;AnterAja;4;Delivered
O05144;J&T;8;Delivered
O05145;SiCepat;3;Delivered
O05146;AnterAja;7;Delivered
O05147;J&T;9;Delivered
O05148;J&T;3;Delivered
O05149;SiCepat;10;Delivered
O05150;J&T;8;Delivered
O05151;J&T;1;Delivered
O05152;J&T;9;Delivered
O05153;AnterAja;9;Delivered
O05154;JNE;6;Delivered
O05155;JNE;5;Delivered
O05156;J&T;8;Delivered
O05157;SiCepat;8;Delivered
O05158;AnterAja;10;Delivered
O05159;J&T;9;Delivered
O05160;JNE;5;Delivered
O05161;AnterAja;2;Delivered
O05162;JNE;10;Delivered
O05163;J&T;7;Late
O05164;J&T;5;Cancelled
O05165;JNE;4;Delivered
O05166;SiCepat;4;Delivered
O05167;JNE;7;Delivered
O05168;SiCepat;5;Delivered
O05169;SiCepat;9;Delivered
O05170;JNE;8;Delivered
O05171;JNE;10;Delivered
O05172;J&T;4;Delivered
O05173;J&T;9;Delivered
O05174;AnterAja;8;Delivered
O05175;AnterAja;1;Delivered
O05176;JNE;7;Cancelled
O05177;JNE;3;Delivered
O05178;JNE;10;Delivered
O05179;SiCepat;6;Delivered
O05180;SiCepat;5;Delivered
O05181;JNE;8;Delivered
O05182;JNE;3;Delivered
O05183;SiCepat;4;Delivered
O05184;SiCepat;5;Delivered
O05185;J&T;9;Delivered
O05186;JNE;5;Delivered
O05187;SiCepat;1;Delivered
O05188;J&T;6;Returned
O05189;J&T;4;Delivered
O05190;JNE;8;Delivered
O05191;AnterAja;3;Delivered
O05192;JNE;8;Delivered
O05193;JNE;4;Delivered
O05194;J&T;7;Delivered
O05195;JNE;10;Delivered
O05196;J&T;7;Delivered
O05197;AnterAja;9;Delivered
O05198;JNE;8;Delivered
O05199;AnterAja;7;Delivered
O05200;AnterAja;10;Delivered
O05201;J&T;10;Cancelled
O05202;AnterAja;6;Delivered
O05203;J&T;7;Delivered
O05204;SiCepat;10;Delivered
O05205;SiCepat;3;Late
O05206;JNE;5;Delivered
O05207;SiCepat;6;Delivered
O05208;AnterAja;8;Delivered
O05209;JNE;9;Delivered
O05210;AnterAja;6;Delivered
O05211;AnterAja;7;Delivered
O05212;AnterAja;2;Delivered
O05213;JNE;7;Late
O05214;JNE;5;Returned
O05215;JNE;9;Delivered
O05216;SiCepat;3;Late
O05217;SiCepat;10;Delivered
O05218;JNE;5;Cancelled
O05219;JNE;4;Delivered
O05220;SiCepat;6;Delivered
O05221;SiCepat;8;Delivered
O05222;JNE;7;Delivered
O05223;AnterAja;6;Delivered
O05224;J&T;10;Delivered
O05225;AnterAja;10;Delivered
O05226;AnterAja;8;Delivered
O05227;JNE;3;Delivered
O05228;J&T;3;Delivered
O05229;JNE;1;Delivered
O05230;AnterAja;1;Delivered
O05231;JNE;8;Delivered
O05232;SiCepat;8;Delivered
O05233;SiCepat;1;Delivered
O05234;SiCepat;1;Delivered
O05235;J&T;6;Delivered
O05236;AnterAja;8;Delivered
O05237;J&T;6;Delivered
O05238;SiCepat;6;Delivered
O05239;AnterAja;9;Delivered
O05240;SiCepat;1;Delivered
O05241;JNE;4;Delivered
O05242;J&T;3;Delivered
O05243;JNE;4;Delivered
O05244;AnterAja;9;Delivered
O05245;JNE;9;Delivered
O05246;JNE;7;Delivered
O05247;SiCepat;3;Delivered
O05248;AnterAja;7;Delivered
O05249;JNE;1;Delivered
O05250;JNE;6;Delivered
O05251;J&T;5;Late
O05252;J&T;5;Delivered
O05253;J&T;3;Delivered
O05254;AnterAja;2;Delivered
O05255;SiCepat;1;Delivered
O05256;AnterAja;2;Delivered
O05257;J&T;10;Delivered
O05258;AnterAja;4;Delivered
O05259;SiCepat;9;Delivered
O05260;SiCepat;1;Delivered
O05261;SiCepat;3;Delivered
O05262;AnterAja;9;Delivered
O05263;J&T;2;Delivered
O05264;AnterAja;9;Delivered
O05265;JNE;1;Late
O05266;SiCepat;6;Delivered
O05267;SiCepat;9;Delivered
O05268;J&T;8;Delivered
O05269;AnterAja;3;Delivered
O05270;SiCepat;10;Delivered
O05271;AnterAja;5;Delivered
O05272;J&T;2;Delivered
O05273;AnterAja;3;Delivered
O05274;JNE;5;Delivered
O05275;J&T;2;Delivered
O05276;J&T;5;Delivered
O05277;JNE;7;Delivered
O05278;JNE;3;Late
O05279;JNE;10;Delivered
O05280;J&T;9;Delivered
O05281;J&T;6;Delivered
O05282;AnterAja;4;Delivered
O05283;JNE;8;Delivered
O05284;J&T;6;Delivered
O05285;AnterAja;5;Delivered
O05286;SiCepat;10;Delivered
O05287;AnterAja;8;Delivered
O05288;J&T;2;Delivered
O05289;SiCepat;9;Delivered
O05290;J&T;3;Delivered
O05291;J&T;10;Delivered
O05292;JNE;10;Delivered
O05293;J&T;5;Delivered
O05294;J&T;9;Delivered
O05295;JNE;3;Late
O05296;J&T;7;Delivered
O05297;J&T;10;Delivered
O05298;JNE;2;Delivered
O05299;AnterAja;7;Delivered
O05300;AnterAja;9;Cancelled
O05301;JNE;1;Delivered
O05302;AnterAja;1;Delivered
O05303;J&T;1;Delivered
O05304;SiCepat;1;Delivered
O05305;SiCepat;1;Returned
O05306;SiCepat;2;Delivered
O05307;JNE;9;Delivered
O05308;JNE;7;Delivered
O05309;SiCepat;5;Delivered
O05310;SiCepat;7;Delivered
O05311;SiCepat;6;Delivered
O05312;J&T;7;Delivered
O05313;SiCepat;6;Late
O05314;AnterAja;6;Delivered
O05315;JNE;2;Delivered
O05316;J&T;6;Delivered
O05317;SiCepat;10;Delivered
O05318;J&T;4;Delivered
O05319;SiCepat;9;Delivered
O05320;J&T;7;Delivered
O05321;SiCepat;3;Returned
O05322;AnterAja;2;Delivered
O05323;J&T;10;Delivered
O05324;JNE;6;Delivered
O05325;JNE;4;Late
O05326;JNE;5;Delivered
O05327;AnterAja;9;Delivered
O05328;SiCepat;3;Delivered
O05329;AnterAja;8;Delivered
O05330;J&T;1;Delivered
O05331;J&T;5;Cancelled
O05332;JNE;9;Delivered
O05333;AnterAja;10;Delivered
O05334;AnterAja;3;Delivered
O05335;J&T;9;Cancelled
O05336;AnterAja;7;Delivered
O05337;SiCepat;5;Delivered
O05338;AnterAja;1;Delivered
O05339;SiCepat;4;Delivered
O05340;SiCepat;1;Late
O05341;JNE;9;Delivered
O05342;AnterAja;7;Delivered
O05343;J&T;6;Delivered
O05344;J&T;10;Returned
O05345;AnterAja;6;Delivered
O05346;J&T;7;Delivered
O05347;AnterAja;8;Delivered
O05348;J&T;3;Delivered
O05349;AnterAja;9;Delivered
O05350;SiCepat;10;Delivered
O05351;J&T;2;Cancelled
O05352;JNE;6;Delivered
O05353;JNE;9;Delivered
O05354;J&T;5;Delivered
O05355;SiCepat;7;Delivered
O05356;J&T;8;Delivered
O05357;AnterAja;10;Delivered
O05358;JNE;5;Delivered
O05359;AnterAja;6;Cancelled
O05360;JNE;9;Delivered
O05361;AnterAja;6;Returned
O05362;AnterAja;6;Delivered
O05363;AnterAja;8;Late
O05364;J&T;4;Delivered
O05365;J&T;7;Delivered
O05366;JNE;7;Delivered
O05367;JNE;9;Late
O05368;J&T;8;Delivered
O05369;J&T;6;Delivered
O05370;AnterAja;1;Delivered
O05371;SiCepat;8;Delivered
O05372;JNE;8;Delivered
O05373;SiCepat;6;Delivered
O05374;AnterAja;6;Delivered
O05375;SiCepat;6;Delivered
O05376;JNE;3;Delivered
O05377;JNE;2;Delivered
O05378;SiCepat;9;Delivered
O05379;SiCepat;3;Late
O05380;J&T;2;Delivered
O05381;JNE;5;Delivered
O05382;SiCepat;5;Delivered
O05383;AnterAja;4;Delivered
O05384;JNE;1;Delivered
O05385;SiCepat;1;Delivered
O05386;JNE;2;Delivered
O05387;SiCepat;6;Delivered
O05388;JNE;3;Late
O05389;J&T;4;Delivered
O05390;SiCepat;7;Delivered
O05391;SiCepat;7;Delivered
O05392;SiCepat;6;Late
O05393;AnterAja;8;Late
O05394;J&T;9;Delivered
O05395;JNE;8;Returned
O05396;J&T;3;Delivered
O05397;AnterAja;6;Delivered
O05398;AnterAja;1;Delivered
O05399;JNE;1;Delivered
O05400;J&T;8;Delivered
O05401;AnterAja;8;Delivered
O05402;SiCepat;5;Delivered
O05403;AnterAja;8;Delivered
O05404;J&T;6;Delivered
O05405;JNE;5;Delivered
O05406;SiCepat;4;Delivered
O05407;JNE;2;Delivered
O05408;AnterAja;5;Late
O05409;J&T;4;Returned
O05410;AnterAja;2;Delivered
O05411;J&T;8;Delivered
O05412;J&T;5;Delivered
O05413;JNE;4;Delivered
O05414;SiCepat;4;Late
O05415;JNE;5;Delivered
O05416;JNE;3;Delivered
O05417;AnterAja;10;Delivered
O05418;AnterAja;2;Delivered
O05419;SiCepat;4;Delivered
O05420;SiCepat;5;Delivered
O05421;J&T;1;Delivered
O05422;JNE;3;Delivered
O05423;SiCepat;3;Delivered
O05424;J&T;7;Late
O05425;J&T;7;Delivered
O05426;SiCepat;10;Delivered
O05427;JNE;6;Delivered
O05428;AnterAja;3;Delivered
O05429;AnterAja;1;Delivered
O05430;AnterAja;1;Delivered
O05431;SiCepat;3;Delivered
O05432;JNE;4;Delivered
O05433;AnterAja;3;Delivered
O05434;SiCepat;4;Delivered
O05435;JNE;9;Delivered
O05436;SiCepat;3;Delivered
O05437;JNE;10;Delivered
O05438;SiCepat;7;Delivered
O05439;JNE;4;Cancelled
O05440;JNE;9;Delivered
O05441;SiCepat;7;Returned
O05442;J&T;10;Late
O05443;J&T;6;Delivered
O05444;AnterAja;8;Delivered
O05445;J&T;9;Delivered
O05446;J&T;9;Delivered
O05447;SiCepat;1;Returned
O05448;SiCepat;3;Late
O05449;JNE;5;Delivered
O05450;SiCepat;5;Delivered
O05451;J&T;8;Delivered
O05452;JNE;6;Delivered
O05453;J&T;2;Delivered
O05454;AnterAja;5;Delivered
O05455;AnterAja;6;Delivered
O05456;JNE;4;Delivered
O05457;J&T;5;Delivered
O05458;SiCepat;9;Delivered
O05459;JNE;1;Delivered
O05460;J&T;9;Delivered
O05461;SiCepat;2;Delivered
O05462;J&T;8;Delivered
O05463;AnterAja;7;Delivered
O05464;JNE;5;Delivered
O05465;JNE;4;Delivered
O05466;J&T;7;Delivered
O05467;SiCepat;4;Cancelled
O05468;JNE;8;Delivered
O05469;SiCepat;7;Delivered
O05470;JNE;3;Delivered
O05471;JNE;10;Delivered
O05472;J&T;8;Delivered
O05473;AnterAja;9;Delivered
O05474;J&T;6;Late
O05475;SiCepat;7;Delivered
O05476;JNE;1;Delivered
O05477;J&T;2;Delivered
O05478;AnterAja;5;Delivered
O05479;AnterAja;9;Delivered
O05480;SiCepat;8;Delivered
O05481;SiCepat;4;Delivered
O05482;AnterAja;3;Delivered
O05483;AnterAja;7;Late
O05484;J&T;5;Delivered
O05485;SiCepat;1;Delivered
O05486;SiCepat;9;Delivered
O05487;SiCepat;3;Delivered
O05488;SiCepat;5;Delivered
O05489;AnterAja;10;Delivered
O05490;JNE;5;Delivered
O05491;SiCepat;5;Delivered
O05492;SiCepat;5;Delivered
O05493;J&T;2;Delivered
O05494;J&T;7;Delivered
O05495;SiCepat;4;Delivered
O05496;SiCepat;7;Cancelled
O05497;J&T;7;Delivered
O05498;JNE;4;Delivered
O05499;AnterAja;4;Delivered
O05500;SiCepat;3;Returned
O05501;SiCepat;7;Delivered
O05502;JNE;4;Delivered
O05503;AnterAja;8;Delivered
O05504;JNE;4;Cancelled
O05505;SiCepat;6;Delivered
O05506;J&T;2;Delivered
O05507;SiCepat;2;Delivered
O05508;J&T;3;Delivered
O05509;AnterAja;3;Delivered
O05510;AnterAja;10;Delivered
O05511;JNE;5;Cancelled
O05512;JNE;8;Delivered
O05513;J&T;6;Delivered
O05514;SiCepat;6;Delivered
O05515;AnterAja;10;Delivered
O05516;J&T;7;Late
O05517;JNE;2;Delivered
O05518;AnterAja;9;Cancelled
O05519;JNE;1;Delivered
O05520;J&T;5;Delivered
O05521;SiCepat;1;Delivered
O05522;SiCepat;6;Delivered
O05523;JNE;7;Delivered
O05524;J&T;10;Delivered
O05525;JNE;9;Delivered
O05526;JNE;2;Returned
O05527;AnterAja;10;Delivered
O05528;JNE;3;Delivered
O05529;SiCepat;4;Delivered
O05530;SiCepat;9;Delivered
O05531;SiCepat;2;Delivered
O05532;JNE;9;Delivered
O05533;JNE;8;Delivered
O05534;J&T;8;Delivered
O05535;AnterAja;6;Delivered
O05536;J&T;4;Returned
O05537;J&T;8;Delivered
O05538;AnterAja;7;Cancelled
O05539;J&T;5;Delivered
O05540;SiCepat;10;Delivered
O05541;JNE;4;Delivered
O05542;JNE;8;Delivered
O05543;JNE;2;Delivered
O05544;AnterAja;5;Delivered
O05545;JNE;2;Late
O05546;JNE;3;Delivered
O05547;AnterAja;10;Delivered
O05548;SiCepat;1;Delivered
O05549;JNE;7;Delivered
O05550;JNE;7;Delivered
O05551;AnterAja;4;Delivered
O05552;J&T;7;Delivered
O05553;AnterAja;4;Delivered
O05554;JNE;4;Delivered
O05555;AnterAja;6;Delivered
O05556;SiCepat;10;Late
O05557;JNE;9;Delivered
O05558;J&T;10;Delivered
O05559;AnterAja;6;Delivered
O05560;SiCepat;10;Delivered
O05561;AnterAja;5;Delivered
O05562;J&T;2;Late
O05563;AnterAja;2;Delivered
O05564;J&T;3;Cancelled
O05565;AnterAja;5;Delivered
O05566;SiCepat;4;Cancelled
O05567;J&T;2;Delivered
O05568;AnterAja;7;Delivered
O05569;AnterAja;2;Delivered
O05570;JNE;1;Late
O05571;J&T;5;Delivered
O05572;JNE;10;Delivered
O05573;J&T;2;Delivered
O05574;AnterAja;1;Delivered
O05575;JNE;10;Delivered
O05576;AnterAja;4;Returned
O05577;J&T;2;Delivered
O05578;JNE;6;Delivered
O05579;AnterAja;3;Delivered
O05580;AnterAja;7;Delivered
O05581;JNE;6;Delivered
O05582;SiCepat;4;Delivered
O05583;SiCepat;2;Delivered
O05584;J&T;10;Delivered
O05585;AnterAja;3;Delivered
O05586;JNE;3;Delivered
O05587;J&T;2;Delivered
O05588;J&T;5;Delivered
O05589;AnterAja;3;Delivered
O05590;AnterAja;6;Delivered
O05591;SiCepat;6;Delivered
O05592;J&T;5;Delivered
O05593;J&T;1;Delivered
O05594;AnterAja;7;Delivered
O05595;SiCepat;2;Delivered
O05596;J&T;6;Delivered
O05597;AnterAja;1;Delivered
O05598;J&T;4;Delivered
O05599;J&T;5;Delivered
O05600;JNE;9;Delivered
O05601;J&T;4;Delivered
O05602;J&T;4;Delivered
O05603;AnterAja;9;Delivered
O05604;SiCepat;2;Late
O05605;AnterAja;4;Delivered
O05606;JNE;6;Late
O05607;JNE;8;Delivered
O05608;SiCepat;1;Delivered
O05609;J&T;8;Delivered
O05610;JNE;8;Delivered
O05611;JNE;1;Delivered
O05612;J&T;7;Late
O05613;SiCepat;2;Delivered
O05614;AnterAja;4;Delivered
O05615;AnterAja;4;Delivered
O05616;JNE;3;Delivered
O05617;JNE;4;Delivered
O05618;AnterAja;2;Late
O05619;SiCepat;5;Delivered
O05620;J&T;6;Delivered
O05621;J&T;8;Delivered
O05622;AnterAja;9;Delivered
O05623;J&T;4;Delivered
O05624;AnterAja;3;Delivered
O05625;JNE;4;Returned
O05626;J&T;10;Delivered
O05627;SiCepat;9;Delivered
O05628;SiCepat;3;Delivered
O05629;SiCepat;2;Returned
O05630;JNE;4;Delivered
O05631;SiCepat;5;Delivered
O05632;SiCepat;7;Delivered
O05633;J&T;7;Late
O05634;AnterAja;8;Delivered
O05635;J&T;7;Delivered
O05636;J&T;3;Late
O05637;SiCepat;6;Delivered
O05638;JNE;1;Delivered
O05639;JNE;3;Late
O05640;AnterAja;4;Delivered
O05641;J&T;10;Delivered
O05642;AnterAja;1;Delivered
O05643;AnterAja;10;Delivered
O05644;SiCepat;7;Late
O05645;J&T;6;Delivered
O05646;SiCepat;3;Delivered
O05647;SiCepat;2;Returned
O05648;JNE;1;Delivered
O05649;JNE;8;Late
O05650;JNE;1;Delivered
O05651;J&T;8;Delivered
O05652;J&T;6;Delivered
O05653;JNE;3;Delivered
O05654;JNE;1;Cancelled
O05655;AnterAja;9;Delivered
O05656;J&T;4;Delivered
O05657;SiCepat;2;Delivered
O05658;SiCepat;6;Delivered
O05659;J&T;7;Delivered
O05660;J&T;8;Delivered
O05661;AnterAja;10;Cancelled
O05662;SiCepat;3;Delivered
O05663;J&T;7;Delivered
O05664;AnterAja;7;Delivered
O05665;J&T;10;Delivered
O05666;JNE;2;Delivered
O05667;AnterAja;9;Delivered
O05668;JNE;5;Delivered
O05669;J&T;6;Late
O05670;J&T;6;Delivered
O05671;AnterAja;3;Delivered
O05672;SiCepat;7;Delivered
O05673;SiCepat;5;Delivered
O05674;JNE;2;Delivered
O05675;SiCepat;3;Delivered
O05676;AnterAja;1;Delivered
O05677;SiCepat;2;Delivered
O05678;JNE;6;Delivered
O05679;AnterAja;9;Delivered
O05680;SiCepat;5;Delivered
O05681;J&T;6;Delivered
O05682;J&T;1;Delivered
O05683;J&T;7;Delivered
O05684;JNE;7;Delivered
O05685;JNE;9;Late
O05686;AnterAja;5;Delivered
O05687;JNE;7;Returned
O05688;J&T;1;Delivered
O05689;SiCepat;5;Delivered
O05690;AnterAja;7;Delivered
O05691;J&T;6;Delivered
O05692;SiCepat;1;Delivered
O05693;J&T;10;Late
O05694;J&T;2;Delivered
O05695;J&T;1;Delivered
O05696;AnterAja;4;Delivered
O05697;JNE;10;Delivered
O05698;JNE;9;Returned
O05699;J&T;4;Delivered
O05700;JNE;9;Delivered
O05701;J&T;1;Delivered
O05702;JNE;1;Delivered
O05703;JNE;4;Delivered
O05704;AnterAja;6;Delivered
O05705;SiCepat;5;Late
O05706;JNE;10;Delivered
O05707;SiCepat;1;Delivered
O05708;J&T;5;Delivered
O05709;J&T;2;Delivered
O05710;JNE;4;Delivered
O05711;AnterAja;3;Delivered
O05712;J&T;1;Cancelled
O05713;AnterAja;2;Cancelled
O05714;JNE;4;Delivered
O05715;SiCepat;1;Delivered
O05716;JNE;3;Delivered
O05717;J&T;3;Delivered
O05718;JNE;7;Delivered
O05719;JNE;8;Delivered
O05720;AnterAja;4;Returned
O05721;J&T;8;Late
O05722;SiCepat;2;Delivered
O05723;SiCepat;10;Delivered
O05724;AnterAja;7;Delivered
O05725;SiCepat;1;Delivered
O05726;SiCepat;1;Delivered
O05727;SiCepat;1;Delivered
O05728;SiCepat;5;Cancelled
O05729;SiCepat;5;Delivered
O05730;J&T;10;Late
O05731;J&T;6;Delivered
O05732;JNE;8;Delivered
O05733;SiCepat;6;Returned
O05734;J&T;6;Delivered
O05735;JNE;7;Delivered
O05736;J&T;7;Delivered
O05737;J&T;6;Delivered
O05738;AnterAja;1;Delivered
O05739;SiCepat;5;Delivered
O05740;SiCepat;2;Delivered
O05741;SiCepat;8;Delivered
O05742;J&T;2;Delivered
O05743;J&T;10;Delivered
O05744;JNE;8;Delivered
O05745;J&T;2;Delivered
O05746;JNE;9;Delivered
O05747;SiCepat;1;Late
O05748;J&T;5;Delivered
O05749;J&T;5;Delivered
O05750;SiCepat;5;Cancelled
O05751;JNE;4;Delivered
O05752;SiCepat;8;Delivered
O05753;J&T;1;Delivered
O05754;SiCepat;3;Delivered
O05755;AnterAja;4;Delivered
O05756;JNE;5;Late
O05757;J&T;10;Cancelled
O05758;SiCepat;7;Late
O05759;SiCepat;7;Delivered
O05760;J&T;10;Delivered
O05761;JNE;9;Delivered
O05762;JNE;4;Delivered
O05763;J&T;9;Delivered
O05764;J&T;3;Delivered
O05765;JNE;5;Delivered
O05766;SiCepat;5;Delivered
O05767;J&T;5;Delivered
O05768;JNE;10;Delivered
O05769;J&T;8;Delivered
O05770;J&T;5;Delivered
O05771;JNE;5;Delivered
O05772;SiCepat;4;Delivered
O05773;JNE;2;Delivered
O05774;JNE;7;Returned
O05775;AnterAja;8;Delivered
O05776;SiCepat;2;Delivered
O05777;JNE;6;Delivered
O05778;JNE;9;Delivered
O05779;J&T;8;Delivered
O05780;SiCepat;7;Delivered
O05781;SiCepat;5;Delivered
O05782;SiCepat;10;Delivered
O05783;JNE;3;Delivered
O05784;AnterAja;7;Cancelled
O05785;JNE;9;Late
O05786;AnterAja;1;Delivered
O05787;AnterAja;4;Delivered
O05788;SiCepat;6;Delivered
O05789;JNE;8;Delivered
O05790;JNE;5;Delivered
O05791;AnterAja;3;Returned
O05792;J&T;7;Delivered
O05793;J&T;7;Delivered
O05794;AnterAja;1;Delivered
O05795;SiCepat;10;Delivered
O05796;JNE;5;Cancelled
O05797;J&T;6;Delivered
O05798;AnterAja;3;Delivered
O05799;J&T;1;Delivered
O05800;AnterAja;7;Delivered
O05801;SiCepat;2;Delivered
O05802;J&T;4;Late
O05803;SiCepat;4;Cancelled
O05804;J&T;7;Cancelled
O05805;AnterAja;8;Delivered
O05806;J&T;10;Delivered
O05807;AnterAja;9;Delivered
O05808;JNE;6;Delivered
O05809;JNE;6;Delivered
O05810;AnterAja;7;Delivered
O05811;SiCepat;8;Returned
O05812;JNE;2;Delivered
O05813;JNE;5;Delivered
O05814;AnterAja;9;Late
O05815;SiCepat;10;Delivered
O05816;JNE;10;Delivered
O05817;JNE;2;Delivered
O05818;SiCepat;3;Delivered
O05819;SiCepat;10;Delivered
O05820;AnterAja;4;Delivered
O05821;JNE;3;Delivered
O05822;SiCepat;10;Delivered
O05823;SiCepat;8;Delivered
O05824;SiCepat;6;Late
O05825;SiCepat;8;Delivered
O05826;AnterAja;6;Delivered
O05827;AnterAja;10;Delivered
O05828;JNE;6;Delivered
O05829;SiCepat;4;Delivered
O05830;J&T;6;Delivered
O05831;SiCepat;1;Delivered
O05832;AnterAja;9;Delivered
O05833;AnterAja;7;Delivered
O05834;JNE;8;Delivered
O05835;AnterAja;7;Delivered
O05836;J&T;6;Delivered
O05837;J&T;4;Delivered
O05838;J&T;9;Delivered
O05839;SiCepat;2;Delivered
O05840;J&T;8;Delivered
O05841;AnterAja;4;Delivered
O05842;AnterAja;2;Delivered
O05843;SiCepat;9;Delivered
O05844;J&T;4;Delivered
O05845;J&T;9;Delivered
O05846;SiCepat;1;Delivered
O05847;AnterAja;2;Delivered
O05848;SiCepat;10;Delivered
O05849;AnterAja;9;Delivered
O05850;J&T;4;Delivered
O05851;J&T;8;Delivered
O05852;JNE;4;Delivered
O05853;JNE;10;Delivered
O05854;AnterAja;5;Delivered
O05855;J&T;4;Delivered
O05856;J&T;4;Delivered
O05857;J&T;6;Cancelled
O05858;SiCepat;2;Delivered
O05859;JNE;10;Delivered
O05860;SiCepat;1;Delivered
O05861;JNE;6;Delivered
O05862;J&T;1;Delivered
O05863;JNE;6;Delivered
O05864;JNE;3;Delivered
O05865;SiCepat;5;Delivered
O05866;AnterAja;7;Delivered
O05867;JNE;1;Delivered
O05868;SiCepat;8;Cancelled
O05869;SiCepat;8;Delivered
O05870;J&T;4;Delivered
O05871;J&T;2;Delivered
O05872;JNE;7;Delivered
O05873;SiCepat;2;Delivered
O05874;J&T;10;Delivered
O05875;J&T;4;Delivered
O05876;AnterAja;7;Delivered
O05877;AnterAja;1;Delivered
O05878;SiCepat;1;Delivered
O05879;JNE;6;Delivered
O05880;SiCepat;3;Delivered
O05881;J&T;5;Delivered
O05882;AnterAja;2;Delivered
O05883;J&T;2;Delivered
O05884;SiCepat;2;Delivered
O05885;JNE;8;Delivered
O05886;AnterAja;1;Delivered
O05887;J&T;2;Delivered
O05888;SiCepat;7;Delivered
O05889;J&T;6;Delivered
O05890;JNE;3;Delivered
O05891;AnterAja;7;Late
O05892;J&T;1;Delivered
O05893;AnterAja;3;Delivered
O05894;J&T;4;Delivered
O05895;AnterAja;4;Delivered
O05896;SiCepat;5;Delivered
O05897;J&T;5;Late
O05898;JNE;10;Delivered
O05899;SiCepat;8;Delivered
O05900;JNE;9;Delivered
O05901;JNE;5;Delivered
O05902;SiCepat;8;Delivered
O05903;J&T;6;Delivered
O05904;AnterAja;6;Late
O05905;J&T;9;Delivered
O05906;J&T;1;Delivered
O05907;SiCepat;10;Delivered
O05908;SiCepat;10;Returned
O05909;SiCepat;5;Delivered
O05910;SiCepat;9;Cancelled
O05911;JNE;2;Delivered
O05912;SiCepat;2;Delivered
O05913;J&T;2;Delivered
O05914;AnterAja;7;Cancelled
O05915;SiCepat;7;Delivered
O05916;SiCepat;5;Cancelled
O05917;SiCepat;6;Delivered
O05918;SiCepat;2;Delivered
O05919;J&T;3;Returned
O05920;J&T;2;Delivered
O05921;J&T;2;Delivered
O05922;SiCepat;2;Delivered
O05923;SiCepat;5;Delivered
O05924;SiCepat;7;Delivered
O05925;J&T;6;Delivered
O05926;AnterAja;8;Delivered
O05927;SiCepat;3;Delivered
O05928;J&T;6;Delivered
O05929;AnterAja;7;Delivered
O05930;JNE;8;Delivered
O05931;SiCepat;6;Delivered
O05932;AnterAja;9;Delivered
O05933;JNE;8;Late
O05934;SiCepat;1;Delivered
O05935;J&T;3;Delivered
O05936;SiCepat;4;Delivered
O05937;AnterAja;2;Delivered
O05938;J&T;5;Delivered
O05939;JNE;4;Delivered
O05940;SiCepat;4;Delivered
O05941;SiCepat;7;Delivered
O05942;SiCepat;10;Delivered
O05943;JNE;10;Delivered
O05944;JNE;7;Cancelled
O05945;SiCepat;5;Cancelled
O05946;SiCepat;6;Delivered
O05947;J&T;7;Delivered
O05948;JNE;8;Delivered
O05949;J&T;5;Delivered
O05950;SiCepat;9;Delivered
O05951;J&T;8;Delivered
O05952;SiCepat;3;Delivered
O05953;SiCepat;4;Delivered
O05954;AnterAja;8;Delivered
O05955;JNE;1;Delivered
O05956;AnterAja;1;Delivered
O05957;JNE;6;Delivered
O05958;AnterAja;4;Cancelled
O05959;SiCepat;5;Delivered
O05960;SiCepat;7;Late
O05961;J&T;3;Delivered
O05962;SiCepat;10;Delivered
O05963;SiCepat;10;Delivered
O05964;AnterAja;8;Delivered
O05965;SiCepat;8;Late
O05966;AnterAja;4;Delivered
O05967;J&T;8;Delivered
O05968;AnterAja;8;Delivered
O05969;J&T;4;Late
O05970;AnterAja;8;Delivered
O05971;J&T;10;Delivered
O05972;J&T;8;Returned
O05973;JNE;3;Delivered
O05974;SiCepat;6;Late
O05975;JNE;3;Delivered
O05976;AnterAja;8;Delivered
O05977;SiCepat;7;Delivered
O05978;SiCepat;9;Cancelled
O05979;AnterAja;10;Delivered
O05980;JNE;10;Delivered
O05981;SiCepat;6;Delivered
O05982;AnterAja;2;Delivered
O05983;AnterAja;1;Delivered
O05984;J&T;1;Delivered
O05985;AnterAja;7;Delivered
O05986;SiCepat;8;Delivered
O05987;SiCepat;2;Delivered
O05988;J&T;4;Delivered
O05989;AnterAja;7;Delivered
O05990;J&T;4;Delivered
O05991;JNE;3;Delivered
O05992;AnterAja;10;Returned
O05993;JNE;10;Delivered
O05994;AnterAja;9;Delivered
O05995;JNE;2;Delivered
O05996;J&T;7;Delivered
O05997;AnterAja;4;Delivered
O05998;J&T;5;Delivered
O05999;AnterAja;10;Delivered
O06000;SiCepat;8;Delivered
O06001;J&T;5;Delivered
O06002;SiCepat;6;Delivered
O06003;AnterAja;9;Delivered
O06004;AnterAja;7;Late
O06005;JNE;8;Delivered
O06006;J&T;10;Delivered
O06007;SiCepat;4;Delivered
O06008;AnterAja;2;Delivered
O06009;SiCepat;2;Delivered
O06010;AnterAja;3;Returned
O06011;JNE;9;Delivered
O06012;JNE;2;Late
O06013;SiCepat;3;Delivered
O06014;SiCepat;6;Delivered
O06015;JNE;8;Delivered
O06016;JNE;9;Delivered
O06017;AnterAja;7;Delivered
O06018;J&T;7;Delivered
O06019;JNE;6;Delivered
O06020;SiCepat;2;Delivered
O06021;SiCepat;1;Delivered
O06022;J&T;7;Delivered
O06023;AnterAja;1;Delivered
O06024;J&T;7;Delivered
O06025;AnterAja;8;Delivered
O06026;J&T;6;Delivered
O06027;JNE;8;Delivered
O06028;AnterAja;2;Delivered
O06029;JNE;7;Returned
O06030;AnterAja;4;Late
O06031;J&T;1;Delivered
O06032;SiCepat;3;Delivered
O06033;JNE;3;Delivered
O06034;SiCepat;7;Delivered
O06035;AnterAja;4;Delivered
O06036;SiCepat;5;Cancelled
O06037;JNE;9;Late
O06038;JNE;1;Delivered
O06039;JNE;7;Delivered
O06040;SiCepat;6;Returned
O06041;JNE;4;Late
O06042;SiCepat;1;Late
O06043;SiCepat;1;Delivered
O06044;JNE;6;Delivered
O06045;AnterAja;7;Delivered
O06046;J&T;4;Cancelled
O06047;JNE;3;Delivered
O06048;AnterAja;7;Late
O06049;J&T;9;Delivered
O06050;J&T;2;Returned
O06051;AnterAja;6;Late
O06052;J&T;9;Delivered
O06053;AnterAja;7;Delivered
O06054;JNE;9;Delivered
O06055;SiCepat;9;Delivered
O06056;AnterAja;9;Delivered
O06057;SiCepat;7;Delivered
O06058;AnterAja;9;Delivered
O06059;SiCepat;2;Delivered
O06060;JNE;3;Delivered
O06061;J&T;4;Delivered
O06062;J&T;4;Delivered
O06063;SiCepat;9;Returned
O06064;SiCepat;3;Cancelled
O06065;SiCepat;2;Delivered
O06066;SiCepat;4;Returned
O06067;J&T;8;Delivered
O06068;AnterAja;2;Late
O06069;SiCepat;5;Cancelled
O06070;AnterAja;7;Delivered
O06071;SiCepat;3;Delivered
O06072;AnterAja;10;Delivered
O06073;AnterAja;4;Delivered
O06074;JNE;9;Delivered
O06075;SiCepat;2;Delivered
O06076;SiCepat;3;Delivered
O06077;AnterAja;8;Delivered
O06078;JNE;10;Delivered
O06079;J&T;9;Delivered
O06080;SiCepat;6;Delivered
O06081;SiCepat;4;Late
O06082;AnterAja;9;Delivered
O06083;AnterAja;7;Delivered
O06084;AnterAja;2;Late
O06085;J&T;7;Delivered
O06086;J&T;4;Late
O06087;SiCepat;4;Delivered
O06088;JNE;2;Late
O06089;AnterAja;9;Delivered
O06090;JNE;10;Delivered
O06091;J&T;10;Delivered
O06092;AnterAja;10;Delivered
O06093;AnterAja;6;Delivered
O06094;JNE;5;Delivered
O06095;J&T;8;Delivered
O06096;JNE;9;Delivered
O06097;JNE;1;Delivered
O06098;J&T;9;Delivered
O06099;JNE;1;Delivered
O06100;JNE;6;Delivered
O06101;AnterAja;4;Delivered
O06102;AnterAja;8;Delivered
O06103;AnterAja;10;Delivered
O06104;AnterAja;5;Delivered
O06105;AnterAja;10;Delivered
O06106;J&T;2;Delivered
O06107;SiCepat;2;Delivered
O06108;JNE;2;Delivered
O06109;JNE;9;Delivered
O06110;J&T;1;Delivered
O06111;JNE;8;Delivered
O06112;SiCepat;7;Delivered
O06113;SiCepat;1;Delivered
O06114;JNE;6;Delivered
O06115;J&T;4;Delivered
O06116;AnterAja;3;Delivered
O06117;SiCepat;3;Delivered
O06118;SiCepat;2;Cancelled
O06119;J&T;3;Late
O06120;AnterAja;7;Delivered
O06121;AnterAja;2;Delivered
O06122;AnterAja;2;Late
O06123;JNE;6;Delivered
O06124;J&T;2;Delivered
O06125;JNE;10;Delivered
O06126;JNE;5;Delivered
O06127;AnterAja;4;Delivered
O06128;JNE;3;Delivered
O06129;AnterAja;5;Delivered
O06130;JNE;7;Delivered
O06131;AnterAja;7;Delivered
O06132;JNE;6;Delivered
O06133;AnterAja;10;Delivered
O06134;AnterAja;8;Delivered
O06135;JNE;3;Delivered
O06136;AnterAja;5;Delivered
O06137;AnterAja;6;Delivered
O06138;SiCepat;1;Delivered
O06139;AnterAja;8;Delivered
O06140;J&T;2;Delivered
O06141;AnterAja;1;Cancelled
O06142;JNE;4;Delivered
O06143;SiCepat;4;Delivered
O06144;JNE;6;Delivered
O06145;J&T;2;Late
O06146;SiCepat;8;Delivered
O06147;SiCepat;2;Delivered
O06148;AnterAja;8;Delivered
O06149;AnterAja;5;Delivered
O06150;J&T;2;Delivered
O06151;SiCepat;1;Delivered
O06152;AnterAja;2;Delivered
O06153;SiCepat;4;Returned
O06154;SiCepat;4;Delivered
O06155;SiCepat;4;Delivered
O06156;AnterAja;4;Delivered
O06157;AnterAja;8;Delivered
O06158;JNE;6;Delivered
O06159;JNE;9;Delivered
O06160;J&T;9;Delivered
O06161;AnterAja;6;Delivered
O06162;J&T;9;Delivered
O06163;AnterAja;10;Delivered
O06164;J&T;1;Delivered
O06165;J&T;5;Delivered
O06166;SiCepat;1;Returned
O06167;J&T;6;Delivered
O06168;AnterAja;8;Late
O06169;J&T;4;Delivered
O06170;AnterAja;3;Delivered
O06171;SiCepat;6;Delivered
O06172;J&T;8;Delivered
O06173;AnterAja;6;Delivered
O06174;J&T;7;Delivered
O06175;SiCepat;5;Delivered
O06176;JNE;1;Delivered
O06177;AnterAja;5;Returned
O06178;JNE;4;Delivered
O06179;JNE;4;Delivered
O06180;J&T;6;Delivered
O06181;JNE;2;Delivered
O06182;AnterAja;2;Delivered
O06183;SiCepat;6;Cancelled
O06184;JNE;10;Delivered
O06185;AnterAja;7;Delivered
O06186;J&T;10;Delivered
O06187;SiCepat;5;Returned
O06188;AnterAja;5;Late
O06189;JNE;8;Delivered
O06190;AnterAja;1;Delivered
O06191;SiCepat;7;Delivered
O06192;J&T;8;Delivered
O06193;SiCepat;9;Delivered
O06194;AnterAja;5;Delivered
O06195;JNE;4;Late
O06196;AnterAja;7;Delivered
O06197;J&T;3;Delivered
O06198;JNE;10;Delivered
O06199;AnterAja;4;Delivered
O06200;AnterAja;7;Late
O06201;J&T;10;Delivered
O06202;J&T;2;Returned
O06203;SiCepat;1;Delivered
O06204;SiCepat;2;Delivered
O06205;JNE;1;Delivered
O06206;SiCepat;7;Late
O06207;SiCepat;8;Delivered
O06208;JNE;9;Delivered
O06209;JNE;8;Delivered
O06210;J&T;7;Delivered
O06211;JNE;2;Delivered
O06212;J&T;6;Delivered
O06213;J&T;7;Cancelled
O06214;SiCepat;7;Delivered
O06215;J&T;5;Delivered
O06216;SiCepat;7;Delivered
O06217;AnterAja;10;Delivered
O06218;JNE;10;Delivered
O06219;SiCepat;5;Delivered
O06220;JNE;4;Delivered
O06221;AnterAja;4;Delivered
O06222;SiCepat;7;Late
O06223;AnterAja;7;Delivered
O06224;J&T;9;Late
O06225;J&T;6;Delivered
O06226;J&T;5;Delivered
O06227;J&T;7;Delivered
O06228;J&T;3;Delivered
O06229;SiCepat;7;Delivered
O06230;JNE;10;Delivered
O06231;JNE;4;Delivered
O06232;SiCepat;2;Delivered
O06233;AnterAja;5;Delivered
O06234;JNE;4;Late
O06235;SiCepat;5;Delivered
O06236;AnterAja;3;Returned
O06237;AnterAja;10;Delivered
O06238;SiCepat;1;Delivered
O06239;AnterAja;4;Late
O06240;SiCepat;5;Delivered
O06241;JNE;8;Delivered
O06242;SiCepat;5;Delivered
O06243;J&T;3;Delivered
O06244;JNE;8;Delivered
O06245;AnterAja;10;Delivered
O06246;J&T;1;Delivered
O06247;SiCepat;8;Delivered
O06248;J&T;6;Late
O06249;JNE;8;Cancelled
O06250;J&T;8;Delivered
O06251;SiCepat;5;Delivered
O06252;JNE;6;Delivered
O06253;SiCepat;4;Delivered
O06254;J&T;7;Delivered
O06255;J&T;5;Delivered
O06256;SiCepat;4;Delivered
O06257;J&T;5;Delivered
O06258;SiCepat;10;Delivered
O06259;J&T;2;Delivered
O06260;J&T;3;Delivered
O06261;JNE;5;Delivered
O06262;JNE;10;Delivered
O06263;JNE;8;Delivered
O06264;J&T;6;Delivered
O06265;AnterAja;3;Delivered
O06266;J&T;6;Delivered
O06267;AnterAja;10;Delivered
O06268;SiCepat;4;Delivered
O06269;SiCepat;3;Delivered
O06270;JNE;2;Delivered
O06271;J&T;7;Delivered
O06272;SiCepat;3;Delivered
O06273;JNE;7;Delivered
O06274;JNE;2;Delivered
O06275;SiCepat;9;Late
O06276;SiCepat;10;Delivered
O06277;AnterAja;4;Delivered
O06278;SiCepat;4;Delivered
O06279;SiCepat;4;Delivered
O06280;SiCepat;10;Delivered
O06281;SiCepat;3;Late
O06282;JNE;9;Delivered
O06283;J&T;10;Delivered
O06284;J&T;2;Delivered
O06285;AnterAja;9;Late
O06286;JNE;5;Delivered
O06287;AnterAja;8;Delivered
O06288;JNE;4;Delivered
O06289;AnterAja;10;Delivered
O06290;AnterAja;9;Delivered
O06291;J&T;10;Returned
O06292;SiCepat;1;Delivered
O06293;AnterAja;3;Delivered
O06294;JNE;10;Cancelled
O06295;AnterAja;4;Delivered
O06296;SiCepat;1;Delivered
O06297;JNE;10;Delivered
O06298;JNE;5;Delivered
O06299;AnterAja;4;Delivered
O06300;AnterAja;10;Delivered
O06301;JNE;1;Delivered
O06302;AnterAja;4;Delivered
O06303;J&T;10;Delivered
O06304;JNE;7;Delivered
O06305;JNE;7;Delivered
O06306;J&T;6;Delivered
O06307;AnterAja;10;Delivered
O06308;SiCepat;2;Delivered
O06309;SiCepat;1;Delivered
O06310;JNE;7;Delivered
O06311;J&T;9;Delivered
O06312;AnterAja;7;Late
O06313;JNE;7;Delivered
O06314;SiCepat;7;Delivered
O06315;SiCepat;6;Returned
O06316;J&T;2;Delivered
O06317;J&T;3;Delivered
O06318;J&T;4;Delivered
O06319;SiCepat;9;Delivered
O06320;AnterAja;8;Delivered
O06321;SiCepat;6;Delivered
O06322;J&T;7;Delivered
O06323;J&T;8;Delivered
O06324;JNE;7;Delivered
O06325;J&T;3;Delivered
O06326;JNE;4;Cancelled
O06327;AnterAja;2;Delivered
O06328;J&T;5;Delivered
O06329;AnterAja;5;Delivered
O06330;SiCepat;9;Delivered
O06331;JNE;5;Late
O06332;AnterAja;4;Delivered
O06333;JNE;1;Delivered
O06334;J&T;4;Delivered
O06335;J&T;8;Delivered
O06336;J&T;3;Delivered
O06337;JNE;5;Late
O06338;AnterAja;4;Delivered
O06339;AnterAja;5;Late
O06340;SiCepat;10;Delivered
O06341;J&T;6;Delivered
O06342;SiCepat;1;Delivered
O06343;AnterAja;7;Delivered
O06344;JNE;10;Delivered
O06345;J&T;8;Delivered
O06346;SiCepat;5;Delivered
O06347;AnterAja;2;Late
O06348;J&T;4;Delivered
O06349;AnterAja;8;Delivered
O06350;J&T;10;Late
O06351;J&T;6;Delivered
O06352;AnterAja;4;Delivered
O06353;AnterAja;5;Cancelled
O06354;SiCepat;4;Cancelled
O06355;SiCepat;4;Delivered
O06356;JNE;2;Delivered
O06357;SiCepat;2;Delivered
O06358;SiCepat;7;Delivered
O06359;J&T;1;Delivered
O06360;JNE;2;Delivered
O06361;SiCepat;2;Delivered
O06362;AnterAja;9;Late
O06363;SiCepat;4;Cancelled
O06364;JNE;8;Delivered
O06365;SiCepat;3;Delivered
O06366;J&T;7;Delivered
O06367;J&T;10;Delivered
O06368;AnterAja;7;Late
O06369;SiCepat;1;Delivered
O06370;J&T;1;Delivered
O06371;JNE;4;Delivered
O06372;J&T;3;Delivered
O06373;SiCepat;2;Cancelled
O06374;J&T;10;Delivered
O06375;J&T;10;Delivered
O06376;AnterAja;7;Delivered
O06377;JNE;10;Late
O06378;JNE;2;Delivered
O06379;SiCepat;1;Delivered
O06380;JNE;5;Delivered
O06381;J&T;2;Delivered
O06382;SiCepat;2;Delivered
O06383;J&T;6;Delivered
O06384;JNE;2;Delivered
O06385;JNE;8;Delivered
O06386;J&T;3;Delivered
O06387;JNE;4;Cancelled
O06388;SiCepat;4;Delivered
O06389;JNE;3;Delivered
O06390;SiCepat;7;Delivered
O06391;J&T;10;Delivered
O06392;JNE;8;Delivered
O06393;AnterAja;5;Delivered
O06394;SiCepat;4;Returned
O06395;AnterAja;4;Late
O06396;AnterAja;3;Late
O06397;AnterAja;5;Delivered
O06398;SiCepat;5;Delivered
O06399;J&T;9;Delivered
O06400;J&T;7;Delivered
O06401;J&T;6;Delivered
O06402;JNE;2;Delivered
O06403;J&T;10;Delivered
O06404;AnterAja;5;Late
O06405;JNE;10;Late
O06406;J&T;9;Delivered
O06407;AnterAja;2;Late
O06408;AnterAja;7;Delivered
O06409;AnterAja;7;Delivered
O06410;J&T;10;Delivered
O06411;J&T;2;Delivered
O06412;JNE;2;Delivered
O06413;AnterAja;9;Delivered
O06414;J&T;8;Delivered
O06415;JNE;3;Delivered
O06416;AnterAja;4;Delivered
O06417;J&T;3;Delivered
O06418;JNE;3;Delivered
O06419;J&T;4;Delivered
O06420;AnterAja;5;Delivered
O06421;SiCepat;4;Returned
O06422;J&T;2;Delivered
O06423;SiCepat;9;Delivered
O06424;JNE;3;Late
O06425;J&T;7;Delivered
O06426;AnterAja;5;Late
O06427;SiCepat;3;Delivered
O06428;J&T;5;Returned
O06429;SiCepat;7;Delivered
O06430;AnterAja;5;Late
O06431;JNE;9;Delivered
O06432;J&T;7;Delivered
O06433;J&T;9;Late
O06434;SiCepat;9;Delivered
O06435;JNE;8;Delivered
O06436;JNE;5;Delivered
O06437;JNE;1;Delivered
O06438;AnterAja;9;Delivered
O06439;JNE;9;Late
O06440;AnterAja;9;Delivered
O06441;AnterAja;10;Cancelled
O06442;J&T;10;Delivered
O06443;SiCepat;3;Delivered
O06444;SiCepat;6;Delivered
O06445;J&T;5;Delivered
O06446;SiCepat;1;Late
O06447;AnterAja;3;Returned
O06448;SiCepat;3;Delivered
O06449;AnterAja;1;Late
O06450;SiCepat;10;Cancelled
O06451;JNE;8;Delivered
O06452;AnterAja;2;Delivered
O06453;SiCepat;5;Delivered
O06454;AnterAja;9;Delivered
O06455;SiCepat;8;Delivered
O06456;J&T;8;Delivered
O06457;SiCepat;4;Delivered
O06458;AnterAja;2;Delivered
O06459;AnterAja;7;Late
O06460;JNE;4;Delivered
O06461;JNE;2;Delivered
O06462;JNE;7;Delivered
O06463;JNE;1;Delivered
O06464;J&T;2;Delivered
O06465;SiCepat;1;Delivered
O06466;J&T;10;Delivered
O06467;AnterAja;6;Delivered
O06468;AnterAja;9;Delivered
O06469;AnterAja;3;Delivered
O06470;JNE;4;Delivered
O06471;JNE;5;Delivered
O06472;JNE;5;Delivered
O06473;AnterAja;1;Delivered
O06474;JNE;1;Late
O06475;JNE;10;Delivered
O06476;SiCepat;6;Delivered
O06477;AnterAja;5;Delivered
O06478;JNE;3;Delivered
O06479;JNE;8;Delivered
O06480;J&T;5;Delivered
O06481;SiCepat;6;Returned
O06482;AnterAja;5;Delivered
O06483;JNE;7;Delivered
O06484;SiCepat;9;Delivered
O06485;AnterAja;3;Delivered
O06486;JNE;2;Delivered
O06487;AnterAja;4;Delivered
O06488;AnterAja;5;Cancelled
O06489;J&T;1;Delivered
O06490;J&T;4;Delivered
O06491;SiCepat;8;Late
O06492;SiCepat;5;Delivered
O06493;J&T;2;Delivered
O06494;J&T;7;Delivered
O06495;AnterAja;4;Delivered
O06496;AnterAja;8;Delivered
O06497;JNE;10;Returned
O06498;AnterAja;8;Late
O06499;AnterAja;4;Delivered
O06500;J&T;6;Delivered
O06501;SiCepat;3;Delivered
O06502;SiCepat;9;Delivered
O06503;J&T;10;Delivered
O06504;JNE;9;Late
O06505;SiCepat;10;Delivered
O06506;AnterAja;3;Late
O06507;J&T;6;Delivered
O06508;JNE;6;Delivered
O06509;AnterAja;7;Delivered
O06510;J&T;2;Delivered
O06511;AnterAja;6;Delivered
O06512;JNE;5;Delivered
O06513;AnterAja;4;Delivered
O06514;J&T;7;Delivered
O06515;J&T;6;Delivered
O06516;J&T;4;Late
O06517;J&T;4;Delivered
O06518;AnterAja;4;Cancelled
O06519;AnterAja;2;Delivered
O06520;SiCepat;5;Delivered
O06521;AnterAja;4;Returned
O06522;AnterAja;1;Delivered
O06523;JNE;1;Late
O06524;JNE;6;Delivered
O06525;J&T;4;Delivered
O06526;SiCepat;5;Delivered
O06527;JNE;10;Delivered
O06528;SiCepat;2;Delivered
O06529;SiCepat;1;Delivered
O06530;SiCepat;6;Delivered
O06531;JNE;2;Delivered
O06532;SiCepat;4;Delivered
O06533;J&T;8;Delivered
O06534;SiCepat;10;Late
O06535;J&T;5;Delivered
O06536;AnterAja;7;Delivered
O06537;AnterAja;10;Delivered
O06538;AnterAja;7;Delivered
O06539;SiCepat;5;Delivered
O06540;J&T;7;Delivered
O06541;AnterAja;5;Delivered
O06542;JNE;5;Delivered
O06543;J&T;2;Delivered
O06544;J&T;8;Late
O06545;JNE;10;Delivered
O06546;JNE;9;Cancelled
O06547;JNE;6;Delivered
O06548;J&T;3;Cancelled
O06549;SiCepat;7;Delivered
O06550;AnterAja;10;Delivered
O06551;J&T;9;Delivered
O06552;SiCepat;7;Delivered
O06553;AnterAja;2;Late
O06554;SiCepat;3;Delivered
O06555;J&T;8;Delivered
O06556;SiCepat;8;Delivered
O06557;AnterAja;4;Delivered
O06558;AnterAja;5;Cancelled
O06559;J&T;10;Delivered
O06560;SiCepat;6;Delivered
O06561;AnterAja;5;Delivered
O06562;JNE;9;Delivered
O06563;SiCepat;5;Delivered
O06564;SiCepat;4;Delivered
O06565;J&T;3;Delivered
O06566;JNE;4;Late
O06567;SiCepat;6;Delivered
O06568;JNE;10;Delivered
O06569;JNE;4;Delivered
O06570;J&T;8;Delivered
O06571;JNE;9;Delivered
O06572;SiCepat;9;Delivered
O06573;J&T;6;Delivered
O06574;SiCepat;5;Delivered
O06575;JNE;2;Delivered
O06576;J&T;9;Delivered
O06577;J&T;1;Delivered
O06578;J&T;10;Delivered
O06579;AnterAja;1;Cancelled
O06580;J&T;3;Delivered
O06581;J&T;9;Delivered
O06582;JNE;1;Delivered
O06583;AnterAja;8;Delivered
O06584;JNE;7;Delivered
O06585;SiCepat;7;Cancelled
O06586;J&T;3;Delivered
O06587;J&T;8;Cancelled
O06588;SiCepat;2;Late
O06589;JNE;9;Delivered
O06590;SiCepat;6;Delivered
O06591;JNE;9;Delivered
O06592;JNE;3;Delivered
O06593;AnterAja;4;Delivered
O06594;J&T;8;Delivered
O06595;JNE;10;Delivered
O06596;J&T;4;Delivered
O06597;AnterAja;5;Delivered
O06598;SiCepat;7;Late
O06599;J&T;6;Delivered
O06600;J&T;1;Cancelled
O06601;JNE;6;Delivered
O06602;SiCepat;1;Cancelled
O06603;AnterAja;2;Late
O06604;AnterAja;9;Delivered
O06605;J&T;5;Delivered
O06606;SiCepat;2;Delivered
O06607;JNE;8;Delivered
O06608;JNE;3;Delivered
O06609;SiCepat;4;Delivered
O06610;SiCepat;10;Delivered
O06611;J&T;6;Delivered
O06612;JNE;1;Delivered
O06613;AnterAja;5;Delivered
O06614;JNE;7;Cancelled
O06615;SiCepat;8;Delivered
O06616;JNE;7;Delivered
O06617;AnterAja;7;Cancelled
O06618;AnterAja;4;Delivered
O06619;AnterAja;5;Delivered
O06620;J&T;3;Delivered
O06621;J&T;9;Delivered
O06622;JNE;1;Delivered
O06623;AnterAja;7;Delivered
O06624;J&T;4;Delivered
O06625;AnterAja;4;Delivered
O06626;JNE;1;Returned
O06627;AnterAja;7;Delivered
O06628;JNE;3;Delivered
O06629;AnterAja;2;Delivered
O06630;SiCepat;9;Delivered
O06631;AnterAja;8;Returned
O06632;SiCepat;2;Delivered
O06633;J&T;2;Delivered
O06634;JNE;3;Delivered
O06635;JNE;3;Returned
O06636;AnterAja;9;Delivered
O06637;AnterAja;1;Delivered
O06638;SiCepat;3;Delivered
O06639;SiCepat;6;Delivered
O06640;JNE;8;Delivered
O06641;JNE;9;Delivered
O06642;JNE;9;Delivered
O06643;JNE;9;Delivered
O06644;AnterAja;1;Delivered
O06645;SiCepat;4;Delivered
O06646;SiCepat;6;Delivered
O06647;JNE;7;Delivered
O06648;JNE;1;Late
O06649;JNE;2;Delivered
O06650;J&T;8;Delivered
O06651;SiCepat;1;Delivered
O06652;SiCepat;3;Delivered
O06653;J&T;3;Returned
O06654;J&T;8;Delivered
O06655;SiCepat;4;Delivered
O06656;SiCepat;5;Delivered
O06657;AnterAja;8;Delivered
O06658;JNE;6;Delivered
O06659;AnterAja;9;Delivered
O06660;JNE;2;Delivered
O06661;JNE;6;Delivered
O06662;AnterAja;9;Returned
O06663;SiCepat;3;Delivered
O06664;AnterAja;9;Delivered
O06665;JNE;9;Late
O06666;SiCepat;8;Returned
O06667;J&T;5;Returned
O06668;JNE;3;Delivered
O06669;JNE;9;Late
O06670;JNE;4;Delivered
O06671;J&T;6;Cancelled
O06672;AnterAja;9;Cancelled
O06673;JNE;3;Delivered
O06674;SiCepat;2;Delivered
O06675;AnterAja;7;Delivered
O06676;AnterAja;9;Returned
O06677;AnterAja;5;Delivered
O06678;AnterAja;4;Delivered
O06679;JNE;7;Delivered
O06680;J&T;10;Delivered
O06681;AnterAja;2;Delivered
O06682;J&T;7;Delivered
O06683;J&T;6;Delivered
O06684;JNE;9;Delivered
O06685;SiCepat;10;Late
O06686;SiCepat;6;Delivered
O06687;SiCepat;7;Delivered
O06688;SiCepat;8;Delivered
O06689;SiCepat;3;Delivered
O06690;SiCepat;4;Delivered
O06691;SiCepat;1;Delivered
O06692;SiCepat;6;Delivered
O06693;SiCepat;9;Delivered
O06694;JNE;9;Delivered
O06695;J&T;1;Delivered
O06696;SiCepat;10;Delivered
O06697;J&T;8;Delivered
O06698;SiCepat;6;Delivered
O06699;AnterAja;7;Delivered
O06700;AnterAja;8;Delivered
O06701;AnterAja;3;Returned
O06702;SiCepat;7;Delivered
O06703;JNE;6;Delivered
O06704;JNE;7;Delivered
O06705;SiCepat;1;Late
O06706;J&T;3;Delivered
O06707;JNE;4;Delivered
O06708;SiCepat;10;Delivered
O06709;AnterAja;5;Late
O06710;JNE;7;Delivered
O06711;SiCepat;7;Delivered
O06712;J&T;7;Delivered
O06713;JNE;8;Delivered
O06714;SiCepat;3;Delivered
O06715;SiCepat;7;Delivered
O06716;J&T;2;Delivered
O06717;SiCepat;10;Late
O06718;AnterAja;5;Delivered
O06719;JNE;5;Delivered
O06720;J&T;3;Late
O06721;J&T;8;Delivered
O06722;JNE;5;Delivered
O06723;SiCepat;8;Delivered
O06724;AnterAja;9;Cancelled
O06725;AnterAja;3;Delivered
O06726;JNE;7;Late
O06727;SiCepat;5;Delivered
O06728;AnterAja;1;Delivered
O06729;J&T;8;Late
O06730;SiCepat;8;Delivered
O06731;AnterAja;9;Delivered
O06732;J&T;9;Delivered
O06733;J&T;4;Delivered
O06734;JNE;1;Delivered
O06735;JNE;6;Delivered
O06736;J&T;8;Delivered
O06737;JNE;3;Delivered
O06738;J&T;5;Late
O06739;JNE;4;Delivered
O06740;J&T;1;Delivered
O06741;J&T;4;Delivered
O06742;SiCepat;6;Delivered
O06743;AnterAja;9;Delivered
O06744;AnterAja;5;Late
O06745;SiCepat;6;Delivered
O06746;SiCepat;3;Delivered
O06747;JNE;3;Delivered
O06748;AnterAja;3;Delivered
O06749;AnterAja;5;Delivered
O06750;SiCepat;6;Delivered
O06751;J&T;4;Delivered
O06752;J&T;6;Returned
O06753;SiCepat;4;Late
O06754;SiCepat;8;Delivered
O06755;AnterAja;3;Late
O06756;SiCepat;9;Delivered
O06757;AnterAja;6;Delivered
O06758;AnterAja;9;Delivered
O06759;JNE;7;Delivered
O06760;J&T;3;Delivered
O06761;AnterAja;7;Delivered
O06762;SiCepat;6;Delivered
O06763;J&T;6;Delivered
O06764;AnterAja;4;Delivered
O06765;JNE;1;Delivered
O06766;SiCepat;2;Delivered
O06767;AnterAja;4;Late
O06768;JNE;9;Delivered
O06769;JNE;10;Delivered
O06770;J&T;7;Delivered
O06771;JNE;2;Late
O06772;AnterAja;3;Delivered
O06773;AnterAja;6;Delivered
O06774;J&T;9;Delivered
O06775;J&T;7;Delivered
O06776;JNE;5;Delivered
O06777;JNE;8;Delivered
O06778;JNE;8;Cancelled
O06779;SiCepat;5;Delivered
O06780;JNE;6;Delivered
O06781;J&T;4;Delivered
O06782;J&T;6;Delivered
O06783;AnterAja;1;Delivered
O06784;SiCepat;4;Cancelled
O06785;JNE;7;Delivered
O06786;JNE;9;Delivered
O06787;AnterAja;5;Delivered
O06788;JNE;2;Late
O06789;SiCepat;8;Delivered
O06790;SiCepat;4;Delivered
O06791;SiCepat;5;Delivered
O06792;SiCepat;8;Delivered
O06793;JNE;9;Delivered
O06794;AnterAja;8;Delivered
O06795;J&T;4;Delivered
O06796;AnterAja;7;Delivered
O06797;J&T;5;Delivered
O06798;J&T;8;Delivered
O06799;SiCepat;3;Cancelled
O06800;JNE;2;Delivered
O06801;J&T;7;Delivered
O06802;AnterAja;10;Delivered
O06803;SiCepat;10;Delivered
O06804;SiCepat;1;Delivered
O06805;JNE;1;Delivered
O06806;JNE;8;Late
O06807;SiCepat;5;Delivered
O06808;J&T;8;Delivered
O06809;JNE;9;Returned
O06810;J&T;7;Delivered
O06811;SiCepat;3;Delivered
O06812;SiCepat;8;Cancelled
O06813;SiCepat;7;Delivered
O06814;JNE;2;Delivered
O06815;AnterAja;10;Delivered
O06816;J&T;1;Delivered
O06817;JNE;8;Delivered
O06818;J&T;4;Delivered
O06819;J&T;8;Delivered
O06820;SiCepat;3;Delivered
O06821;JNE;5;Delivered
O06822;J&T;8;Delivered
O06823;JNE;1;Delivered
O06824;J&T;2;Delivered
O06825;JNE;5;Delivered
O06826;JNE;2;Delivered
O06827;JNE;5;Delivered
O06828;AnterAja;8;Delivered
O06829;J&T;5;Delivered
O06830;J&T;1;Delivered
O06831;AnterAja;10;Delivered
O06832;JNE;6;Delivered
O06833;AnterAja;9;Delivered
O06834;JNE;1;Delivered
O06835;AnterAja;5;Late
O06836;AnterAja;6;Cancelled
O06837;JNE;7;Late
O06838;SiCepat;4;Delivered
O06839;J&T;5;Cancelled
O06840;SiCepat;4;Delivered
O06841;SiCepat;7;Delivered
O06842;AnterAja;5;Delivered
O06843;AnterAja;5;Late
O06844;AnterAja;3;Delivered
O06845;AnterAja;7;Delivered
O06846;AnterAja;3;Delivered
O06847;AnterAja;5;Delivered
O06848;AnterAja;8;Delivered
O06849;J&T;8;Delivered
O06850;SiCepat;4;Delivered
O06851;AnterAja;4;Delivered
O06852;AnterAja;1;Delivered
O06853;SiCepat;8;Late
O06854;JNE;7;Delivered
O06855;SiCepat;5;Delivered
O06856;SiCepat;6;Delivered
O06857;J&T;1;Delivered
O06858;J&T;8;Delivered
O06859;J&T;2;Delivered
O06860;SiCepat;8;Delivered
O06861;AnterAja;10;Delivered
O06862;AnterAja;5;Delivered
O06863;AnterAja;8;Delivered
O06864;JNE;9;Delivered
O06865;AnterAja;9;Delivered
O06866;SiCepat;9;Delivered
O06867;JNE;7;Delivered
O06868;AnterAja;7;Delivered
O06869;SiCepat;5;Delivered
O06870;AnterAja;5;Delivered
O06871;J&T;1;Delivered
O06872;SiCepat;2;Delivered
O06873;J&T;1;Cancelled
O06874;JNE;10;Delivered
O06875;J&T;5;Delivered
O06876;J&T;10;Late
O06877;J&T;8;Delivered
O06878;AnterAja;5;Delivered
O06879;J&T;8;Delivered
O06880;J&T;5;Cancelled
O06881;AnterAja;10;Late
O06882;SiCepat;8;Delivered
O06883;SiCepat;6;Delivered
O06884;SiCepat;5;Delivered
O06885;SiCepat;5;Delivered
O06886;JNE;3;Late
O06887;J&T;10;Returned
O06888;JNE;9;Delivered
O06889;J&T;8;Delivered
O06890;JNE;2;Delivered
O06891;J&T;10;Delivered
O06892;AnterAja;2;Delivered
O06893;SiCepat;9;Delivered
O06894;AnterAja;8;Cancelled
O06895;SiCepat;2;Delivered
O06896;AnterAja;3;Delivered
O06897;JNE;9;Delivered
O06898;JNE;9;Delivered
O06899;AnterAja;2;Delivered
O06900;AnterAja;1;Delivered
O06901;AnterAja;10;Delivered
O06902;AnterAja;7;Delivered
O06903;JNE;10;Late
O06904;SiCepat;4;Cancelled
O06905;SiCepat;8;Delivered
O06906;J&T;7;Delivered
O06907;J&T;3;Delivered
O06908;AnterAja;4;Delivered
O06909;J&T;1;Delivered
O06910;AnterAja;9;Cancelled
O06911;J&T;8;Delivered
O06912;SiCepat;2;Delivered
O06913;AnterAja;1;Delivered
O06914;JNE;8;Delivered
O06915;JNE;5;Delivered
O06916;J&T;2;Delivered
O06917;AnterAja;3;Delivered
O06918;JNE;3;Delivered
O06919;AnterAja;8;Delivered
O06920;JNE;2;Late
O06921;SiCepat;5;Delivered
O06922;AnterAja;1;Delivered
O06923;J&T;3;Delivered
O06924;J&T;3;Delivered
O06925;AnterAja;8;Delivered
O06926;AnterAja;5;Delivered
O06927;JNE;1;Late
O06928;J&T;10;Cancelled
O06929;AnterAja;8;Delivered
O06930;AnterAja;1;Delivered
O06931;JNE;6;Delivered
O06932;JNE;8;Delivered
O06933;JNE;3;Delivered
O06934;AnterAja;5;Delivered
O06935;J&T;2;Delivered
O06936;J&T;1;Delivered
O06937;AnterAja;9;Delivered
O06938;SiCepat;8;Delivered
O06939;J&T;2;Delivered
O06940;AnterAja;7;Delivered
O06941;JNE;10;Delivered
O06942;SiCepat;9;Delivered
O06943;JNE;10;Delivered
O06944;AnterAja;8;Delivered
O06945;J&T;3;Delivered
O06946;SiCepat;3;Delivered
O06947;J&T;2;Late
O06948;AnterAja;9;Delivered
O06949;AnterAja;5;Late
O06950;AnterAja;9;Delivered
O06951;J&T;9;Delivered
O06952;J&T;2;Delivered
O06953;AnterAja;1;Delivered
O06954;JNE;9;Delivered
O06955;JNE;9;Late
O06956;AnterAja;7;Delivered
O06957;SiCepat;10;Returned
O06958;SiCepat;1;Delivered
O06959;SiCepat;2;Delivered
O06960;J&T;5;Delivered
O06961;SiCepat;8;Delivered
O06962;J&T;2;Delivered
O06963;JNE;7;Delivered
O06964;AnterAja;5;Delivered
O06965;AnterAja;7;Delivered
O06966;J&T;7;Delivered
O06967;AnterAja;10;Delivered
O06968;AnterAja;5;Delivered
O06969;JNE;5;Delivered
O06970;AnterAja;2;Delivered
O06971;JNE;5;Delivered
O06972;JNE;2;Delivered
O06973;SiCepat;4;Delivered
O06974;JNE;8;Delivered
O06975;SiCepat;9;Delivered
O06976;JNE;9;Delivered
O06977;JNE;1;Cancelled
O06978;JNE;4;Delivered
O06979;J&T;7;Late
O06980;J&T;2;Delivered
O06981;SiCepat;5;Delivered
O06982;J&T;6;Delivered
O06983;AnterAja;1;Delivered
O06984;SiCepat;3;Delivered
O06985;J&T;8;Delivered
O06986;SiCepat;4;Delivered
O06987;AnterAja;10;Delivered
O06988;J&T;10;Delivered
O06989;J&T;5;Delivered
O06990;JNE;10;Delivered
O06991;AnterAja;1;Delivered
O06992;JNE;7;Delivered
O06993;SiCepat;4;Delivered
O06994;JNE;3;Delivered
O06995;J&T;4;Delivered
O06996;SiCepat;6;Delivered
O06997;J&T;5;Delivered
O06998;SiCepat;7;Delivered
O06999;AnterAja;1;Delivered
O07000;AnterAja;7;Returned
O07001;AnterAja;8;Delivered
O07002;J&T;3;Delivered
O07003;JNE;6;Delivered
O07004;AnterAja;1;Late
O07005;JNE;9;Late
O07006;J&T;9;Delivered
O07007;J&T;1;Delivered
O07008;JNE;2;Delivered
O07009;JNE;7;Delivered
O07010;J&T;8;Delivered
O07011;JNE;7;Delivered
O07012;AnterAja;6;Delivered
O07013;JNE;3;Delivered
O07014;AnterAja;8;Delivered
O07015;J&T;9;Delivered
O07016;JNE;7;Delivered
O07017;SiCepat;10;Delivered
O07018;JNE;1;Delivered
O07019;AnterAja;3;Delivered
O07020;AnterAja;3;Delivered
O07021;SiCepat;10;Delivered
O07022;J&T;10;Delivered
O07023;JNE;10;Delivered
O07024;SiCepat;1;Delivered
O07025;AnterAja;1;Delivered
O07026;AnterAja;6;Delivered
O07027;AnterAja;7;Delivered
O07028;JNE;5;Delivered
O07029;SiCepat;3;Delivered
O07030;AnterAja;1;Cancelled
O07031;AnterAja;10;Delivered
O07032;AnterAja;6;Delivered
O07033;J&T;6;Delivered
O07034;JNE;7;Delivered
O07035;JNE;10;Delivered
O07036;SiCepat;10;Delivered
O07037;SiCepat;7;Late
O07038;AnterAja;3;Delivered
O07039;SiCepat;9;Delivered
O07040;AnterAja;1;Delivered
O07041;SiCepat;4;Delivered
O07042;J&T;8;Cancelled
O07043;J&T;8;Delivered
O07044;J&T;10;Delivered
O07045;J&T;3;Delivered
O07046;AnterAja;3;Delivered
O07047;JNE;9;Delivered
O07048;J&T;1;Delivered
O07049;J&T;8;Cancelled
O07050;JNE;4;Delivered
O07051;JNE;9;Late
O07052;J&T;6;Late
O07053;SiCepat;5;Delivered
O07054;SiCepat;7;Delivered
O07055;AnterAja;2;Delivered
O07056;J&T;1;Delivered
O07057;AnterAja;2;Delivered
O07058;J&T;6;Delivered
O07059;SiCepat;3;Delivered
O07060;AnterAja;3;Delivered
O07061;SiCepat;2;Delivered
O07062;J&T;5;Late
O07063;AnterAja;5;Late
O07064;J&T;9;Delivered
O07065;J&T;6;Delivered
O07066;J&T;5;Late
O07067;JNE;9;Returned
O07068;SiCepat;10;Delivered
O07069;J&T;9;Delivered
O07070;AnterAja;5;Delivered
O07071;J&T;6;Delivered
O07072;J&T;9;Delivered
O07073;JNE;6;Delivered
O07074;SiCepat;2;Delivered
O07075;SiCepat;1;Delivered
O07076;J&T;5;Delivered
O07077;J&T;3;Cancelled
O07078;AnterAja;6;Delivered
O07079;J&T;3;Delivered
O07080;JNE;8;Delivered
O07081;SiCepat;4;Late
O07082;SiCepat;7;Delivered
O07083;SiCepat;1;Delivered
O07084;JNE;4;Returned
O07085;SiCepat;8;Delivered
O07086;JNE;1;Delivered
O07087;JNE;8;Delivered
O07088;SiCepat;10;Delivered
O07089;SiCepat;9;Delivered
O07090;SiCepat;4;Delivered
O07091;J&T;6;Cancelled
O07092;SiCepat;1;Delivered
O07093;AnterAja;3;Delivered
O07094;AnterAja;8;Delivered
O07095;AnterAja;4;Delivered
O07096;JNE;2;Delivered
O07097;JNE;1;Delivered
O07098;SiCepat;9;Delivered
O07099;AnterAja;7;Delivered
O07100;AnterAja;7;Delivered
O07101;JNE;10;Late
O07102;AnterAja;6;Late
O07103;JNE;4;Cancelled
O07104;JNE;6;Delivered
O07105;AnterAja;1;Delivered
O07106;AnterAja;7;Delivered
O07107;AnterAja;7;Late
O07108;JNE;8;Delivered
O07109;SiCepat;7;Delivered
O07110;AnterAja;5;Delivered
O07111;AnterAja;3;Delivered
O07112;J&T;5;Delivered
O07113;SiCepat;10;Delivered
O07114;JNE;4;Delivered
O07115;J&T;8;Delivered
O07116;J&T;7;Delivered
O07117;JNE;2;Delivered
O07118;J&T;3;Delivered
O07119;SiCepat;10;Delivered
O07120;JNE;8;Delivered
O07121;SiCepat;8;Delivered
O07122;SiCepat;3;Delivered
O07123;AnterAja;2;Returned
O07124;JNE;6;Delivered
O07125;SiCepat;2;Delivered
O07126;SiCepat;2;Delivered
O07127;AnterAja;5;Delivered
O07128;JNE;10;Delivered
O07129;AnterAja;6;Late
O07130;SiCepat;9;Delivered
O07131;SiCepat;7;Delivered
O07132;J&T;3;Delivered
O07133;SiCepat;8;Delivered
O07134;JNE;2;Delivered
O07135;JNE;10;Delivered
O07136;SiCepat;1;Delivered
O07137;AnterAja;7;Delivered
O07138;SiCepat;7;Delivered
O07139;J&T;4;Delivered
O07140;J&T;10;Delivered
O07141;AnterAja;9;Delivered
O07142;JNE;7;Late
O07143;JNE;10;Delivered
O07144;AnterAja;10;Delivered
O07145;SiCepat;2;Delivered
O07146;AnterAja;10;Delivered
O07147;J&T;5;Delivered
O07148;SiCepat;7;Delivered
O07149;JNE;6;Delivered
O07150;J&T;2;Delivered
O07151;J&T;2;Returned
O07152;JNE;1;Delivered
O07153;J&T;6;Delivered
O07154;SiCepat;6;Delivered
O07155;SiCepat;8;Delivered
O07156;JNE;6;Delivered
O07157;J&T;5;Delivered
O07158;JNE;5;Delivered
O07159;J&T;7;Late
O07160;J&T;1;Delivered
O07161;JNE;6;Delivered
O07162;J&T;9;Delivered
O07163;SiCepat;4;Delivered
O07164;AnterAja;6;Delivered
O07165;SiCepat;2;Delivered
O07166;SiCepat;9;Delivered
O07167;JNE;3;Delivered
O07168;J&T;10;Delivered
O07169;J&T;2;Delivered
O07170;AnterAja;1;Delivered
O07171;SiCepat;3;Delivered
O07172;SiCepat;8;Delivered
O07173;J&T;2;Delivered
O07174;J&T;7;Returned
O07175;AnterAja;9;Cancelled
O07176;JNE;1;Delivered
O07177;JNE;1;Delivered
O07178;AnterAja;1;Delivered
O07179;J&T;6;Delivered
O07180;J&T;3;Delivered
O07181;JNE;7;Delivered
O07182;AnterAja;2;Delivered
O07183;JNE;5;Delivered
O07184;SiCepat;7;Delivered
O07185;AnterAja;1;Delivered
O07186;SiCepat;3;Late
O07187;AnterAja;7;Delivered
O07188;J&T;1;Delivered
O07189;J&T;5;Delivered
O07190;J&T;5;Delivered
O07191;AnterAja;6;Delivered
O07192;JNE;8;Late
O07193;AnterAja;8;Delivered
O07194;J&T;7;Delivered
O07195;SiCepat;7;Late
O07196;AnterAja;8;Delivered
O07197;J&T;7;Delivered
O07198;SiCepat;5;Delivered
O07199;JNE;5;Delivered
O07200;J&T;6;Delivered
O07201;JNE;4;Delivered
O07202;J&T;5;Delivered
O07203;AnterAja;3;Returned
O07204;J&T;1;Delivered
O07205;J&T;7;Delivered
O07206;SiCepat;3;Delivered
O07207;SiCepat;2;Delivered
O07208;SiCepat;10;Delivered
O07209;AnterAja;2;Returned
O07210;JNE;10;Delivered
O07211;AnterAja;6;Delivered
O07212;JNE;9;Delivered
O07213;SiCepat;9;Delivered
O07214;JNE;2;Delivered
O07215;JNE;2;Late
O07216;AnterAja;6;Delivered
O07217;AnterAja;4;Delivered
O07218;JNE;8;Late
O07219;AnterAja;8;Delivered
O07220;J&T;8;Delivered
O07221;JNE;8;Delivered
O07222;AnterAja;1;Delivered
O07223;AnterAja;7;Delivered
O07224;JNE;9;Delivered
O07225;J&T;8;Delivered
O07226;JNE;8;Late
O07227;J&T;7;Cancelled
O07228;SiCepat;8;Delivered
O07229;SiCepat;3;Delivered
O07230;SiCepat;2;Delivered
O07231;AnterAja;9;Delivered
O07232;JNE;8;Delivered
O07233;JNE;4;Delivered
O07234;AnterAja;10;Delivered
O07235;JNE;5;Delivered
O07236;JNE;10;Delivered
O07237;J&T;6;Delivered
O07238;JNE;3;Cancelled
O07239;AnterAja;10;Delivered
O07240;J&T;2;Delivered
O07241;JNE;8;Delivered
O07242;J&T;4;Delivered
O07243;SiCepat;5;Delivered
O07244;J&T;1;Delivered
O07245;AnterAja;6;Delivered
O07246;SiCepat;10;Cancelled
O07247;JNE;4;Delivered
O07248;SiCepat;5;Delivered
O07249;SiCepat;10;Delivered
O07250;AnterAja;6;Cancelled
O07251;JNE;2;Delivered
O07252;JNE;4;Delivered
O07253;AnterAja;1;Delivered
O07254;SiCepat;8;Delivered
O07255;SiCepat;1;Delivered
O07256;J&T;5;Delivered
O07257;J&T;8;Delivered
O07258;J&T;10;Delivered
O07259;AnterAja;7;Delivered
O07260;SiCepat;5;Delivered
O07261;JNE;10;Delivered
O07262;AnterAja;10;Delivered
O07263;SiCepat;7;Delivered
O07264;AnterAja;7;Delivered
O07265;AnterAja;8;Delivered
O07266;SiCepat;10;Delivered
O07267;SiCepat;10;Delivered
O07268;SiCepat;5;Delivered
O07269;JNE;6;Delivered
O07270;AnterAja;2;Delivered
O07271;SiCepat;8;Delivered
O07272;SiCepat;5;Delivered
O07273;AnterAja;7;Delivered
O07274;SiCepat;5;Delivered
O07275;AnterAja;8;Delivered
O07276;JNE;5;Delivered
O07277;AnterAja;8;Delivered
O07278;JNE;6;Delivered
O07279;AnterAja;6;Late
O07280;AnterAja;3;Returned
O07281;J&T;5;Delivered
O07282;AnterAja;1;Delivered
O07283;AnterAja;2;Delivered
O07284;AnterAja;9;Delivered
O07285;AnterAja;1;Delivered
O07286;J&T;10;Delivered
O07287;JNE;2;Delivered
O07288;AnterAja;5;Delivered
O07289;J&T;2;Late
O07290;JNE;10;Late
O07291;AnterAja;10;Delivered
O07292;J&T;2;Delivered
O07293;SiCepat;2;Late
O07294;AnterAja;6;Delivered
O07295;JNE;9;Delivered
O07296;JNE;3;Delivered
O07297;J&T;4;Delivered
O07298;JNE;3;Delivered
O07299;AnterAja;6;Late
O07300;JNE;10;Delivered
O07301;J&T;10;Delivered
O07302;SiCepat;3;Delivered
O07303;JNE;5;Delivered
O07304;SiCepat;3;Delivered
O07305;J&T;3;Delivered
O07306;J&T;9;Delivered
O07307;SiCepat;7;Delivered
O07308;SiCepat;6;Delivered
O07309;SiCepat;5;Delivered
O07310;SiCepat;4;Delivered
O07311;AnterAja;9;Delivered
O07312;JNE;3;Delivered
O07313;J&T;3;Delivered
O07314;JNE;5;Late
O07315;AnterAja;9;Delivered
O07316;J&T;3;Delivered
O07317;JNE;6;Delivered
O07318;AnterAja;5;Late
O07319;J&T;3;Delivered
O07320;AnterAja;2;Delivered
O07321;SiCepat;5;Delivered
O07322;JNE;4;Returned
O07323;SiCepat;9;Delivered
O07324;JNE;7;Delivered
O07325;JNE;6;Delivered
O07326;J&T;1;Delivered
O07327;J&T;9;Late
O07328;J&T;2;Delivered
O07329;SiCepat;10;Delivered
O07330;SiCepat;4;Late
O07331;SiCepat;6;Delivered
O07332;JNE;10;Delivered
O07333;JNE;4;Delivered
O07334;JNE;3;Delivered
O07335;SiCepat;5;Delivered
O07336;SiCepat;7;Delivered
O07337;J&T;3;Delivered
O07338;AnterAja;9;Delivered
O07339;SiCepat;6;Delivered
O07340;SiCepat;5;Delivered
O07341;SiCepat;9;Delivered
O07342;J&T;3;Delivered
O07343;J&T;8;Delivered
O07344;JNE;4;Delivered
O07345;J&T;3;Delivered
O07346;J&T;2;Delivered
O07347;J&T;6;Late
O07348;AnterAja;4;Delivered
O07349;JNE;5;Delivered
O07350;SiCepat;3;Delivered
O07351;SiCepat;2;Delivered
O07352;AnterAja;5;Delivered
O07353;SiCepat;1;Delivered
O07354;JNE;3;Returned
O07355;J&T;7;Delivered
O07356;AnterAja;9;Delivered
O07357;J&T;2;Delivered
O07358;AnterAja;4;Late
O07359;SiCepat;3;Delivered
O07360;SiCepat;10;Delivered
O07361;J&T;2;Delivered
O07362;J&T;6;Delivered
O07363;JNE;6;Delivered
O07364;J&T;10;Cancelled
O07365;SiCepat;4;Delivered
O07366;AnterAja;4;Delivered
O07367;JNE;5;Delivered
O07368;SiCepat;8;Delivered
O07369;SiCepat;1;Delivered
O07370;J&T;5;Delivered
O07371;JNE;6;Delivered
O07372;JNE;7;Delivered
O07373;AnterAja;1;Delivered
O07374;JNE;1;Delivered
O07375;SiCepat;8;Delivered
O07376;J&T;5;Delivered
O07377;JNE;10;Late
O07378;J&T;5;Delivered
O07379;J&T;1;Delivered
O07380;AnterAja;9;Delivered
O07381;AnterAja;10;Delivered
O07382;J&T;8;Late
O07383;SiCepat;6;Delivered
O07384;SiCepat;10;Cancelled
O07385;JNE;10;Delivered
O07386;SiCepat;6;Delivered
O07387;AnterAja;5;Delivered
O07388;AnterAja;9;Delivered
O07389;SiCepat;6;Cancelled
O07390;JNE;8;Delivered
O07391;AnterAja;10;Delivered
O07392;SiCepat;6;Delivered
O07393;J&T;10;Delivered
O07394;J&T;1;Delivered
O07395;AnterAja;7;Delivered
O07396;J&T;7;Delivered
O07397;SiCepat;1;Late
O07398;SiCepat;1;Delivered
O07399;JNE;1;Delivered
O07400;J&T;3;Delivered
O07401;AnterAja;3;Delivered
O07402;SiCepat;10;Delivered
O07403;J&T;2;Delivered
O07404;AnterAja;9;Cancelled
O07405;AnterAja;4;Delivered
O07406;JNE;2;Delivered
O07407;AnterAja;1;Delivered
O07408;JNE;4;Delivered
O07409;J&T;8;Delivered
O07410;J&T;3;Delivered
O07411;AnterAja;8;Delivered
O07412;SiCepat;10;Delivered
O07413;JNE;2;Delivered
O07414;JNE;8;Delivered
O07415;J&T;9;Delivered
O07416;AnterAja;5;Delivered
O07417;AnterAja;9;Delivered
O07418;AnterAja;6;Delivered
O07419;SiCepat;6;Delivered
O07420;AnterAja;3;Delivered
O07421;JNE;2;Delivered
O07422;JNE;7;Delivered
O07423;J&T;3;Delivered
O07424;JNE;6;Delivered
O07425;J&T;10;Delivered
O07426;JNE;2;Delivered
O07427;J&T;5;Delivered
O07428;JNE;4;Late
O07429;AnterAja;3;Returned
O07430;SiCepat;2;Delivered
O07431;AnterAja;6;Delivered
O07432;AnterAja;4;Late
O07433;AnterAja;5;Cancelled
O07434;AnterAja;8;Late
O07435;SiCepat;10;Delivered
O07436;SiCepat;8;Returned
O07437;SiCepat;4;Delivered
O07438;J&T;6;Delivered
O07439;SiCepat;10;Delivered
O07440;JNE;9;Delivered
O07441;SiCepat;10;Delivered
O07442;SiCepat;2;Delivered
O07443;J&T;5;Delivered
O07444;SiCepat;9;Delivered
O07445;J&T;4;Delivered
O07446;JNE;8;Delivered
O07447;J&T;4;Delivered
O07448;J&T;10;Delivered
O07449;AnterAja;6;Delivered
O07450;SiCepat;10;Delivered
O07451;AnterAja;4;Delivered
O07452;SiCepat;5;Delivered
O07453;JNE;4;Delivered
O07454;J&T;9;Delivered
O07455;AnterAja;4;Delivered
O07456;AnterAja;7;Delivered
O07457;JNE;2;Delivered
O07458;JNE;4;Delivered
O07459;SiCepat;9;Delivered
O07460;SiCepat;5;Delivered
O07461;AnterAja;9;Delivered
O07462;J&T;3;Cancelled
O07463;J&T;10;Delivered
O07464;AnterAja;5;Delivered
O07465;JNE;7;Delivered
O07466;AnterAja;9;Delivered
O07467;JNE;8;Delivered
O07468;AnterAja;9;Cancelled
O07469;JNE;5;Delivered
O07470;JNE;8;Delivered
O07471;SiCepat;10;Delivered
O07472;JNE;5;Delivered
O07473;JNE;3;Delivered
O07474;JNE;2;Delivered
O07475;AnterAja;5;Delivered
O07476;SiCepat;6;Delivered
O07477;SiCepat;4;Returned
O07478;SiCepat;1;Delivered
O07479;SiCepat;2;Delivered
O07480;AnterAja;3;Delivered
O07481;J&T;10;Delivered
O07482;AnterAja;4;Delivered
O07483;SiCepat;9;Delivered
O07484;JNE;5;Late
O07485;AnterAja;10;Delivered
O07486;JNE;9;Delivered
O07487;J&T;1;Delivered
O07488;SiCepat;2;Delivered
O07489;J&T;2;Delivered
O07490;AnterAja;9;Delivered
O07491;JNE;2;Delivered
O07492;J&T;9;Delivered
O07493;J&T;10;Delivered
O07494;SiCepat;3;Delivered
O07495;AnterAja;4;Late
O07496;SiCepat;6;Delivered
O07497;J&T;6;Late
O07498;AnterAja;5;Delivered
O07499;AnterAja;7;Delivered
O07500;AnterAja;2;Delivered
O07501;AnterAja;10;Delivered
O07502;JNE;9;Delivered
O07503;SiCepat;7;Delivered
O07504;SiCepat;6;Delivered
O07505;SiCepat;4;Delivered
O07506;AnterAja;4;Delivered
O07507;JNE;7;Delivered
O07508;JNE;7;Returned
O07509;AnterAja;10;Delivered
O07510;AnterAja;6;Delivered
O07511;J&T;3;Delivered
O07512;AnterAja;5;Delivered
O07513;AnterAja;8;Delivered
O07514;JNE;3;Delivered
O07515;AnterAja;1;Delivered
O07516;J&T;3;Delivered
O07517;JNE;1;Delivered
O07518;J&T;1;Late
O07519;J&T;7;Late
O07520;J&T;9;Delivered
O07521;SiCepat;10;Delivered
O07522;JNE;2;Cancelled
O07523;AnterAja;4;Delivered
O07524;J&T;1;Delivered
O07525;JNE;10;Delivered
O07526;SiCepat;1;Delivered
O07527;J&T;5;Delivered
O07528;JNE;1;Delivered
O07529;JNE;2;Delivered
O07530;JNE;10;Delivered
O07531;JNE;1;Delivered
O07532;AnterAja;1;Delivered
O07533;AnterAja;1;Delivered
O07534;AnterAja;1;Delivered
O07535;AnterAja;7;Delivered
O07536;AnterAja;3;Delivered
O07537;JNE;10;Delivered
O07538;JNE;7;Delivered
O07539;AnterAja;9;Delivered
O07540;AnterAja;3;Delivered
O07541;JNE;9;Delivered
O07542;AnterAja;4;Delivered
O07543;JNE;8;Delivered
O07544;J&T;1;Returned
O07545;SiCepat;1;Delivered
O07546;JNE;4;Delivered
O07547;AnterAja;2;Delivered
O07548;AnterAja;4;Delivered
O07549;AnterAja;6;Delivered
O07550;J&T;9;Delivered
O07551;SiCepat;1;Delivered
O07552;AnterAja;3;Delivered
O07553;SiCepat;9;Delivered
O07554;JNE;9;Delivered
O07555;J&T;4;Delivered
O07556;J&T;3;Delivered
O07557;J&T;1;Delivered
O07558;JNE;10;Delivered
O07559;SiCepat;8;Delivered
O07560;AnterAja;7;Delivered
O07561;J&T;7;Delivered
O07562;AnterAja;8;Delivered
O07563;AnterAja;6;Delivered
O07564;JNE;8;Delivered
O07565;J&T;8;Delivered
O07566;AnterAja;8;Delivered
O07567;JNE;3;Delivered
O07568;SiCepat;8;Late
O07569;SiCepat;5;Delivered
O07570;AnterAja;5;Delivered
O07571;JNE;8;Delivered
O07572;JNE;6;Delivered
O07573;J&T;7;Delivered
O07574;SiCepat;1;Delivered
O07575;JNE;8;Delivered
O07576;SiCepat;5;Delivered
O07577;SiCepat;3;Delivered
O07578;SiCepat;9;Delivered
O07579;SiCepat;7;Late
O07580;AnterAja;9;Delivered
O07581;J&T;8;Delivered
O07582;J&T;2;Delivered
O07583;JNE;10;Delivered
O07584;AnterAja;6;Delivered
O07585;J&T;10;Delivered
O07586;SiCepat;2;Delivered
O07587;J&T;1;Delivered
O07588;JNE;8;Delivered
O07589;AnterAja;5;Delivered
O07590;J&T;8;Delivered
O07591;J&T;2;Delivered
O07592;AnterAja;3;Delivered
O07593;AnterAja;7;Delivered
O07594;SiCepat;9;Delivered
O07595;AnterAja;1;Delivered
O07596;SiCepat;8;Delivered
O07597;AnterAja;6;Delivered
O07598;SiCepat;6;Delivered
O07599;SiCepat;2;Delivered
O07600;J&T;3;Late
O07601;AnterAja;9;Late
O07602;JNE;5;Delivered
O07603;JNE;10;Delivered
O07604;J&T;10;Delivered
O07605;J&T;6;Delivered
O07606;SiCepat;4;Delivered
O07607;JNE;5;Delivered
O07608;J&T;10;Delivered
O07609;AnterAja;7;Delivered
O07610;AnterAja;10;Delivered
O07611;J&T;8;Returned
O07612;JNE;3;Delivered
O07613;JNE;6;Delivered
O07614;JNE;10;Delivered
O07615;AnterAja;3;Delivered
O07616;AnterAja;10;Delivered
O07617;AnterAja;9;Delivered
O07618;JNE;9;Delivered
O07619;SiCepat;8;Delivered
O07620;AnterAja;5;Delivered
O07621;J&T;6;Delivered
O07622;SiCepat;8;Delivered
O07623;AnterAja;2;Delivered
O07624;SiCepat;5;Delivered
O07625;SiCepat;2;Late
O07626;J&T;9;Late
O07627;JNE;3;Delivered
O07628;J&T;2;Delivered
O07629;J&T;8;Late
O07630;JNE;1;Delivered
O07631;AnterAja;8;Delivered
O07632;J&T;8;Cancelled
O07633;J&T;7;Delivered
O07634;AnterAja;2;Delivered
O07635;JNE;3;Late
O07636;JNE;9;Delivered
O07637;SiCepat;10;Delivered
O07638;JNE;10;Delivered
O07639;J&T;4;Cancelled
O07640;J&T;5;Cancelled
O07641;SiCepat;2;Delivered
O07642;AnterAja;10;Delivered
O07643;JNE;7;Delivered
O07644;SiCepat;6;Delivered
O07645;AnterAja;4;Delivered
O07646;JNE;8;Delivered
O07647;J&T;6;Delivered
O07648;AnterAja;4;Late
O07649;AnterAja;4;Delivered
O07650;JNE;7;Delivered
O07651;AnterAja;3;Late
O07652;JNE;3;Delivered
O07653;JNE;2;Delivered
O07654;J&T;10;Delivered
O07655;J&T;9;Late
O07656;AnterAja;6;Delivered
O07657;AnterAja;4;Delivered
O07658;J&T;5;Delivered
O07659;J&T;2;Delivered
O07660;SiCepat;8;Delivered
O07661;J&T;1;Delivered
O07662;J&T;1;Delivered
O07663;J&T;6;Delivered
O07664;J&T;10;Delivered
O07665;AnterAja;4;Delivered
O07666;SiCepat;7;Late
O07667;JNE;6;Delivered
O07668;J&T;3;Delivered
O07669;SiCepat;5;Late
O07670;AnterAja;5;Delivered
O07671;AnterAja;6;Late
O07672;J&T;3;Delivered
O07673;SiCepat;10;Delivered
O07674;JNE;2;Delivered
O07675;JNE;7;Delivered
O07676;JNE;3;Delivered
O07677;JNE;10;Delivered
O07678;JNE;10;Delivered
O07679;J&T;3;Delivered
O07680;JNE;5;Delivered
O07681;AnterAja;4;Delivered
O07682;JNE;1;Delivered
O07683;AnterAja;7;Delivered
O07684;JNE;5;Delivered
O07685;JNE;9;Delivered
O07686;AnterAja;5;Late
O07687;SiCepat;10;Delivered
O07688;AnterAja;1;Delivered
O07689;J&T;9;Delivered
O07690;SiCepat;1;Delivered
O07691;JNE;3;Delivered
O07692;AnterAja;9;Cancelled
O07693;AnterAja;4;Returned
O07694;J&T;3;Delivered
O07695;J&T;9;Delivered
O07696;JNE;4;Delivered
O07697;AnterAja;1;Delivered
O07698;JNE;1;Delivered
O07699;J&T;5;Delivered
O07700;J&T;8;Delivered
O07701;J&T;5;Delivered
O07702;J&T;4;Delivered
O07703;J&T;5;Cancelled
O07704;JNE;1;Delivered
O07705;AnterAja;9;Delivered
O07706;J&T;5;Delivered
O07707;JNE;7;Delivered
O07708;J&T;7;Delivered
O07709;AnterAja;8;Late
O07710;AnterAja;2;Delivered
O07711;AnterAja;6;Delivered
O07712;JNE;3;Delivered
O07713;JNE;1;Delivered
O07714;SiCepat;9;Delivered
O07715;J&T;10;Delivered
O07716;JNE;3;Delivered
O07717;AnterAja;4;Delivered
O07718;J&T;7;Late
O07719;JNE;3;Delivered
O07720;SiCepat;5;Delivered
O07721;J&T;8;Delivered
O07722;J&T;2;Delivered
O07723;JNE;2;Delivered
O07724;SiCepat;2;Delivered
O07725;JNE;4;Delivered
O07726;JNE;2;Delivered
O07727;AnterAja;3;Late
O07728;SiCepat;10;Delivered
O07729;SiCepat;9;Delivered
O07730;SiCepat;7;Delivered
O07731;SiCepat;7;Delivered
O07732;J&T;5;Delivered
O07733;AnterAja;9;Delivered
O07734;J&T;4;Delivered
O07735;J&T;6;Delivered
O07736;JNE;9;Returned
O07737;SiCepat;4;Delivered
O07738;SiCepat;8;Delivered
O07739;JNE;5;Delivered
O07740;J&T;8;Cancelled
O07741;JNE;4;Delivered
O07742;SiCepat;1;Cancelled
O07743;J&T;7;Delivered
O07744;JNE;3;Delivered
O07745;JNE;2;Delivered
O07746;JNE;7;Cancelled
O07747;J&T;8;Delivered
O07748;SiCepat;10;Delivered
O07749;J&T;6;Delivered
O07750;JNE;10;Delivered
O07751;JNE;2;Late
O07752;J&T;10;Delivered
O07753;SiCepat;6;Delivered
O07754;JNE;4;Delivered
O07755;AnterAja;7;Delivered
O07756;J&T;6;Delivered
O07757;J&T;2;Delivered
O07758;AnterAja;2;Delivered
O07759;SiCepat;5;Returned
O07760;J&T;3;Delivered
O07761;SiCepat;2;Late
O07762;JNE;7;Delivered
O07763;JNE;10;Late
O07764;AnterAja;9;Late
O07765;SiCepat;9;Returned
O07766;JNE;5;Cancelled
O07767;SiCepat;1;Delivered
O07768;J&T;3;Delivered
O07769;J&T;3;Delivered
O07770;JNE;2;Delivered
O07771;JNE;2;Cancelled
O07772;J&T;5;Delivered
O07773;JNE;2;Delivered
O07774;AnterAja;1;Delivered
O07775;SiCepat;3;Late
O07776;AnterAja;4;Delivered
O07777;J&T;1;Late
O07778;JNE;1;Delivered
O07779;J&T;10;Delivered
O07780;SiCepat;6;Cancelled
O07781;SiCepat;6;Delivered
O07782;AnterAja;7;Late
O07783;AnterAja;8;Late
O07784;JNE;5;Cancelled
O07785;J&T;8;Delivered
O07786;JNE;9;Delivered
O07787;JNE;8;Delivered
O07788;JNE;7;Delivered
O07789;AnterAja;3;Late
O07790;AnterAja;9;Delivered
O07791;JNE;7;Delivered
O07792;AnterAja;5;Delivered
O07793;AnterAja;3;Delivered
O07794;SiCepat;6;Delivered
O07795;J&T;5;Delivered
O07796;AnterAja;7;Delivered
O07797;SiCepat;7;Delivered
O07798;JNE;7;Delivered
O07799;AnterAja;9;Delivered
O07800;J&T;10;Returned
O07801;AnterAja;8;Delivered
O07802;J&T;9;Delivered
O07803;AnterAja;4;Delivered
O07804;SiCepat;8;Delivered
O07805;SiCepat;9;Delivered
O07806;SiCepat;5;Delivered
O07807;JNE;1;Delivered
O07808;AnterAja;3;Delivered
O07809;SiCepat;8;Delivered
O07810;J&T;6;Delivered
O07811;J&T;10;Delivered
O07812;AnterAja;3;Delivered
O07813;JNE;5;Delivered
O07814;J&T;5;Delivered
O07815;SiCepat;9;Delivered
O07816;J&T;2;Delivered
O07817;JNE;6;Delivered
O07818;JNE;7;Delivered
O07819;SiCepat;8;Delivered
O07820;JNE;2;Delivered
O07821;J&T;2;Delivered
O07822;SiCepat;5;Delivered
O07823;J&T;3;Delivered
O07824;AnterAja;4;Delivered
O07825;JNE;2;Delivered
O07826;J&T;5;Delivered
O07827;JNE;8;Delivered
O07828;AnterAja;1;Delivered
O07829;J&T;3;Delivered
O07830;AnterAja;6;Delivered
O07831;SiCepat;6;Delivered
O07832;JNE;5;Delivered
O07833;AnterAja;8;Delivered
O07834;JNE;2;Delivered
O07835;J&T;9;Delivered
O07836;JNE;2;Delivered
O07837;AnterAja;1;Delivered
O07838;SiCepat;5;Delivered
O07839;SiCepat;9;Delivered
O07840;JNE;6;Returned
O07841;JNE;4;Delivered
O07842;J&T;4;Delivered
O07843;J&T;3;Delivered
O07844;J&T;6;Delivered
O07845;J&T;7;Delivered
O07846;JNE;1;Returned
O07847;AnterAja;8;Delivered
O07848;J&T;4;Delivered
O07849;J&T;7;Delivered
O07850;J&T;4;Returned
O07851;JNE;8;Delivered
O07852;J&T;6;Delivered
O07853;SiCepat;8;Late
O07854;JNE;8;Late
O07855;J&T;2;Delivered
O07856;AnterAja;4;Returned
O07857;AnterAja;9;Delivered
O07858;SiCepat;7;Delivered
O07859;JNE;9;Delivered
O07860;SiCepat;8;Delivered
O07861;SiCepat;8;Delivered
O07862;SiCepat;9;Delivered
O07863;SiCepat;10;Delivered
O07864;AnterAja;5;Delivered
O07865;JNE;10;Delivered
O07866;SiCepat;2;Delivered
O07867;AnterAja;2;Delivered
O07868;SiCepat;2;Delivered
O07869;AnterAja;8;Delivered
O07870;SiCepat;2;Cancelled
O07871;SiCepat;8;Late
O07872;SiCepat;9;Delivered
O07873;J&T;2;Returned
O07874;SiCepat;7;Delivered
O07875;SiCepat;3;Delivered
O07876;JNE;4;Delivered
O07877;J&T;4;Delivered
O07878;JNE;2;Cancelled
O07879;J&T;3;Returned
O07880;JNE;1;Delivered
O07881;SiCepat;10;Delivered
O07882;JNE;7;Delivered
O07883;JNE;9;Delivered
O07884;J&T;8;Delivered
O07885;JNE;6;Delivered
O07886;JNE;4;Delivered
O07887;JNE;1;Delivered
O07888;J&T;4;Delivered
O07889;AnterAja;1;Late
O07890;J&T;1;Delivered
O07891;AnterAja;2;Delivered
O07892;J&T;2;Delivered
O07893;SiCepat;5;Returned
O07894;JNE;4;Delivered
O07895;JNE;3;Delivered
O07896;JNE;1;Delivered
O07897;SiCepat;8;Delivered
O07898;JNE;4;Delivered
O07899;AnterAja;5;Delivered
O07900;J&T;1;Delivered
O07901;AnterAja;2;Delivered
O07902;J&T;10;Delivered
O07903;SiCepat;6;Delivered
O07904;SiCepat;3;Delivered
O07905;SiCepat;1;Delivered
O07906;AnterAja;1;Delivered
O07907;JNE;3;Delivered
O07908;AnterAja;2;Delivered
O07909;J&T;1;Delivered
O07910;SiCepat;9;Delivered
O07911;JNE;3;Cancelled
O07912;SiCepat;5;Delivered
O07913;SiCepat;9;Delivered
O07914;J&T;6;Delivered
O07915;JNE;6;Delivered
O07916;SiCepat;6;Returned
O07917;SiCepat;2;Delivered
O07918;J&T;3;Delivered
O07919;JNE;7;Cancelled
O07920;J&T;7;Delivered
O07921;AnterAja;6;Delivered
O07922;AnterAja;8;Delivered
O07923;JNE;5;Delivered
O07924;SiCepat;4;Delivered
O07925;JNE;5;Delivered
O07926;SiCepat;3;Delivered
O07927;SiCepat;9;Delivered
O07928;SiCepat;8;Late
O07929;SiCepat;10;Delivered
O07930;JNE;5;Delivered
O07931;J&T;8;Delivered
O07932;SiCepat;5;Delivered
O07933;JNE;2;Delivered
O07934;JNE;6;Delivered
O07935;AnterAja;6;Delivered
O07936;JNE;5;Delivered
O07937;SiCepat;2;Late
O07938;SiCepat;2;Delivered
O07939;SiCepat;10;Delivered
O07940;SiCepat;8;Delivered
O07941;SiCepat;7;Delivered
O07942;J&T;9;Cancelled
O07943;SiCepat;4;Delivered
O07944;JNE;9;Delivered
O07945;AnterAja;7;Delivered
O07946;J&T;9;Delivered
O07947;AnterAja;8;Delivered
O07948;JNE;6;Delivered
O07949;JNE;7;Delivered
O07950;SiCepat;4;Delivered
O07951;SiCepat;4;Delivered
O07952;SiCepat;4;Delivered
O07953;AnterAja;4;Delivered
O07954;SiCepat;10;Cancelled
O07955;SiCepat;6;Delivered
O07956;AnterAja;10;Delivered
O07957;SiCepat;10;Delivered
O07958;SiCepat;10;Late
O07959;AnterAja;4;Delivered
O07960;JNE;1;Delivered
O07961;JNE;9;Delivered
O07962;AnterAja;4;Delivered
O07963;AnterAja;5;Delivered
O07964;JNE;9;Delivered
O07965;J&T;5;Delivered
O07966;J&T;7;Returned
O07967;JNE;1;Delivered
O07968;JNE;5;Delivered
O07969;JNE;2;Delivered
O07970;J&T;3;Delivered
O07971;SiCepat;2;Delivered
O07972;J&T;1;Delivered
O07973;AnterAja;2;Delivered
O07974;J&T;3;Delivered
O07975;JNE;2;Delivered
O07976;JNE;1;Delivered
O07977;SiCepat;9;Delivered
O07978;JNE;4;Delivered
O07979;SiCepat;2;Delivered
O07980;AnterAja;10;Delivered
O07981;SiCepat;2;Delivered
O07982;J&T;7;Delivered
O07983;JNE;5;Delivered
O07984;AnterAja;6;Delivered
O07985;SiCepat;3;Delivered
O07986;AnterAja;6;Delivered
O07987;AnterAja;3;Late
O07988;SiCepat;4;Delivered
O07989;AnterAja;9;Delivered
O07990;J&T;7;Delivered
O07991;AnterAja;8;Delivered
O07992;JNE;3;Late
O07993;J&T;3;Delivered
O07994;AnterAja;2;Delivered
O07995;AnterAja;1;Delivered
O07996;JNE;4;Delivered
O07997;J&T;2;Delivered
O07998;SiCepat;3;Delivered
O07999;JNE;1;Late
O08000;JNE;8;Delivered
O08001;JNE;4;Late
O08002;SiCepat;10;Delivered
O08003;SiCepat;10;Delivered
O08004;SiCepat;2;Delivered
O08005;JNE;5;Delivered
O08006;J&T;7;Delivered
O08007;AnterAja;5;Delivered
O08008;JNE;10;Delivered
O08009;JNE;8;Delivered
O08010;SiCepat;4;Delivered
O08011;J&T;3;Delivered
O08012;SiCepat;3;Delivered
O08013;AnterAja;6;Delivered
O08014;JNE;8;Delivered
O08015;JNE;4;Returned
O08016;SiCepat;9;Delivered
O08017;AnterAja;4;Delivered
O08018;J&T;4;Delivered
O08019;J&T;7;Delivered
O08020;JNE;8;Delivered
O08021;JNE;9;Delivered
O08022;JNE;10;Delivered
O08023;JNE;3;Delivered
O08024;J&T;5;Delivered
O08025;J&T;10;Delivered
O08026;JNE;1;Delivered
O08027;JNE;9;Late
O08028;JNE;9;Delivered
O08029;JNE;6;Delivered
O08030;AnterAja;10;Delivered
O08031;JNE;10;Delivered
O08032;J&T;8;Delivered
O08033;JNE;2;Delivered
O08034;SiCepat;8;Delivered
O08035;J&T;2;Delivered
O08036;J&T;5;Delivered
O08037;JNE;5;Delivered
O08038;J&T;3;Delivered
O08039;J&T;2;Delivered
O08040;J&T;7;Delivered
O08041;SiCepat;2;Cancelled
O08042;AnterAja;10;Returned
O08043;J&T;8;Cancelled
O08044;J&T;5;Returned
O08045;J&T;6;Delivered
O08046;J&T;2;Delivered
O08047;J&T;10;Delivered
O08048;JNE;6;Delivered
O08049;SiCepat;2;Delivered
O08050;SiCepat;7;Delivered
O08051;AnterAja;7;Delivered
O08052;SiCepat;3;Delivered
O08053;SiCepat;4;Delivered
O08054;AnterAja;9;Delivered
O08055;JNE;10;Late
O08056;J&T;7;Delivered
O08057;JNE;10;Delivered
O08058;J&T;4;Late
O08059;JNE;5;Late
O08060;J&T;10;Cancelled
O08061;AnterAja;10;Delivered
O08062;AnterAja;2;Delivered
O08063;SiCepat;7;Delivered
O08064;JNE;5;Delivered
O08065;J&T;9;Cancelled
O08066;JNE;9;Late
O08067;SiCepat;9;Delivered
O08068;SiCepat;9;Returned
O08069;J&T;6;Delivered
O08070;AnterAja;1;Delivered
O08071;AnterAja;5;Delivered
O08072;JNE;3;Delivered
O08073;J&T;4;Delivered
O08074;SiCepat;7;Delivered
O08075;J&T;4;Late
O08076;J&T;5;Delivered
O08077;SiCepat;5;Delivered
O08078;JNE;9;Delivered
O08079;SiCepat;5;Delivered
O08080;SiCepat;2;Delivered
O08081;SiCepat;7;Delivered
O08082;J&T;9;Delivered
O08083;SiCepat;1;Delivered
O08084;JNE;1;Delivered
O08085;SiCepat;10;Delivered
O08086;JNE;5;Late
O08087;JNE;9;Late
O08088;AnterAja;8;Delivered
O08089;SiCepat;1;Delivered
O08090;JNE;5;Delivered
O08091;SiCepat;3;Delivered
O08092;AnterAja;8;Delivered
O08093;JNE;4;Returned
O08094;AnterAja;3;Delivered
O08095;AnterAja;4;Delivered
O08096;SiCepat;9;Delivered
O08097;AnterAja;8;Delivered
O08098;J&T;10;Delivered
O08099;SiCepat;5;Delivered
O08100;AnterAja;10;Delivered
O08101;JNE;4;Delivered
O08102;AnterAja;9;Delivered
O08103;J&T;6;Delivered
O08104;AnterAja;3;Cancelled
O08105;J&T;1;Late
O08106;JNE;1;Delivered
O08107;SiCepat;10;Delivered
O08108;J&T;7;Delivered
O08109;SiCepat;6;Delivered
O08110;J&T;10;Delivered
O08111;AnterAja;9;Delivered
O08112;JNE;1;Delivered
O08113;J&T;1;Delivered
O08114;J&T;3;Delivered
O08115;J&T;1;Delivered
O08116;AnterAja;10;Delivered
O08117;AnterAja;7;Delivered
O08118;SiCepat;5;Delivered
O08119;AnterAja;6;Delivered
O08120;SiCepat;5;Delivered
O08121;SiCepat;3;Delivered
O08122;SiCepat;6;Delivered
O08123;JNE;6;Delivered
O08124;J&T;5;Delivered
O08125;AnterAja;5;Delivered
O08126;JNE;8;Delivered
O08127;J&T;9;Delivered
O08128;SiCepat;8;Delivered
O08129;JNE;7;Delivered
O08130;JNE;9;Delivered
O08131;J&T;2;Delivered
O08132;SiCepat;10;Delivered
O08133;SiCepat;6;Cancelled
O08134;J&T;9;Delivered
O08135;SiCepat;2;Delivered
O08136;JNE;2;Returned
O08137;JNE;7;Late
O08138;JNE;1;Delivered
O08139;JNE;10;Delivered
O08140;SiCepat;4;Delivered
O08141;J&T;1;Delivered
O08142;JNE;2;Delivered
O08143;AnterAja;8;Delivered
O08144;J&T;8;Delivered
O08145;J&T;7;Late
O08146;J&T;6;Delivered
O08147;J&T;4;Delivered
O08148;JNE;5;Delivered
O08149;SiCepat;1;Late
O08150;SiCepat;3;Delivered
O08151;SiCepat;3;Delivered
O08152;J&T;2;Delivered
O08153;J&T;5;Late
O08154;AnterAja;5;Delivered
O08155;J&T;6;Delivered
O08156;AnterAja;8;Delivered
O08157;SiCepat;2;Delivered
O08158;SiCepat;7;Delivered
O08159;JNE;5;Delivered
O08160;JNE;3;Delivered
O08161;JNE;7;Delivered
O08162;SiCepat;2;Delivered
O08163;JNE;8;Late
O08164;JNE;6;Delivered
O08165;SiCepat;2;Delivered
O08166;J&T;8;Delivered
O08167;J&T;3;Late
O08168;AnterAja;10;Delivered
O08169;JNE;6;Delivered
O08170;SiCepat;6;Delivered
O08171;J&T;5;Delivered
O08172;J&T;5;Delivered
O08173;JNE;8;Returned
O08174;SiCepat;3;Delivered
O08175;JNE;9;Late
O08176;JNE;5;Delivered
O08177;JNE;2;Delivered
O08178;JNE;9;Delivered
O08179;JNE;7;Delivered
O08180;J&T;6;Delivered
O08181;AnterAja;10;Delivered
O08182;SiCepat;9;Delivered
O08183;AnterAja;7;Delivered
O08184;AnterAja;5;Delivered
O08185;SiCepat;9;Late
O08186;JNE;10;Delivered
O08187;AnterAja;8;Delivered
O08188;JNE;9;Cancelled
O08189;J&T;2;Late
O08190;J&T;6;Delivered
O08191;AnterAja;4;Delivered
O08192;J&T;2;Delivered
O08193;AnterAja;4;Delivered
O08194;JNE;1;Delivered
O08195;J&T;8;Delivered
O08196;JNE;3;Delivered
O08197;J&T;8;Delivered
O08198;J&T;9;Delivered
O08199;SiCepat;6;Delivered
O08200;AnterAja;8;Late
O08201;J&T;8;Delivered
O08202;J&T;6;Returned
O08203;J&T;9;Delivered
O08204;J&T;4;Delivered
O08205;JNE;9;Delivered
O08206;J&T;7;Delivered
O08207;AnterAja;4;Delivered
O08208;J&T;5;Delivered
O08209;AnterAja;2;Delivered
O08210;JNE;10;Delivered
O08211;JNE;8;Delivered
O08212;SiCepat;1;Delivered
O08213;J&T;4;Delivered
O08214;J&T;8;Delivered
O08215;SiCepat;8;Delivered
O08216;SiCepat;2;Returned
O08217;SiCepat;1;Delivered
O08218;AnterAja;3;Late
O08219;SiCepat;5;Delivered
O08220;SiCepat;5;Delivered
O08221;SiCepat;7;Cancelled
O08222;AnterAja;2;Delivered
O08223;AnterAja;1;Delivered
O08224;AnterAja;6;Late
O08225;JNE;10;Delivered
O08226;AnterAja;6;Delivered
O08227;SiCepat;9;Cancelled
O08228;SiCepat;4;Cancelled
O08229;SiCepat;5;Delivered
O08230;AnterAja;10;Delivered
O08231;SiCepat;7;Delivered
O08232;J&T;3;Delivered
O08233;J&T;1;Delivered
O08234;J&T;7;Late
O08235;SiCepat;3;Delivered
O08236;AnterAja;8;Delivered
O08237;J&T;3;Delivered
O08238;JNE;2;Delivered
O08239;SiCepat;3;Delivered
O08240;J&T;1;Delivered
O08241;J&T;3;Delivered
O08242;JNE;7;Delivered
O08243;J&T;9;Delivered
O08244;SiCepat;4;Late
O08245;J&T;10;Late
O08246;SiCepat;10;Delivered
O08247;J&T;6;Late
O08248;AnterAja;8;Delivered
O08249;J&T;7;Delivered
O08250;JNE;4;Delivered
O08251;J&T;4;Delivered
O08252;SiCepat;10;Delivered
O08253;JNE;8;Late
O08254;SiCepat;1;Returned
O08255;SiCepat;7;Delivered
O08256;SiCepat;4;Delivered
O08257;JNE;10;Delivered
O08258;SiCepat;4;Delivered
O08259;JNE;4;Delivered
O08260;AnterAja;9;Delivered
O08261;JNE;10;Delivered
O08262;AnterAja;2;Late
O08263;AnterAja;5;Delivered
O08264;JNE;1;Delivered
O08265;AnterAja;1;Delivered
O08266;JNE;9;Delivered
O08267;JNE;8;Delivered
O08268;J&T;9;Returned
O08269;AnterAja;10;Delivered
O08270;J&T;10;Delivered
O08271;SiCepat;9;Delivered
O08272;JNE;1;Delivered
O08273;SiCepat;4;Delivered
O08274;AnterAja;5;Delivered
O08275;AnterAja;2;Delivered
O08276;AnterAja;8;Delivered
O08277;J&T;7;Returned
O08278;J&T;8;Delivered
O08279;JNE;2;Delivered
O08280;AnterAja;9;Returned
O08281;AnterAja;8;Delivered
O08282;JNE;6;Delivered
O08283;AnterAja;8;Delivered
O08284;J&T;6;Delivered
O08285;AnterAja;4;Delivered
O08286;SiCepat;3;Cancelled
O08287;SiCepat;2;Cancelled
O08288;J&T;8;Delivered
O08289;AnterAja;6;Delivered
O08290;AnterAja;2;Delivered
O08291;AnterAja;8;Delivered
O08292;JNE;9;Delivered
O08293;SiCepat;2;Delivered
O08294;SiCepat;5;Delivered
O08295;J&T;9;Delivered
O08296;SiCepat;9;Late
O08297;AnterAja;4;Cancelled
O08298;AnterAja;2;Delivered
O08299;JNE;4;Delivered
O08300;SiCepat;6;Delivered
O08301;JNE;1;Delivered
O08302;J&T;8;Delivered
O08303;J&T;9;Late
O08304;J&T;5;Delivered
O08305;AnterAja;10;Delivered
O08306;JNE;8;Delivered
O08307;SiCepat;7;Delivered
O08308;JNE;4;Delivered
O08309;J&T;6;Delivered
O08310;SiCepat;8;Delivered
O08311;JNE;1;Delivered
O08312;J&T;4;Delivered
O08313;AnterAja;2;Delivered
O08314;J&T;1;Late
O08315;JNE;7;Delivered
O08316;J&T;2;Delivered
O08317;J&T;5;Delivered
O08318;AnterAja;6;Delivered
O08319;SiCepat;10;Delivered
O08320;AnterAja;8;Delivered
O08321;AnterAja;3;Delivered
O08322;AnterAja;9;Delivered
O08323;JNE;8;Delivered
O08324;JNE;9;Cancelled
O08325;J&T;10;Delivered
O08326;AnterAja;6;Delivered
O08327;JNE;4;Delivered
O08328;AnterAja;6;Delivered
O08329;J&T;3;Delivered
O08330;JNE;3;Delivered
O08331;AnterAja;5;Delivered
O08332;SiCepat;8;Late
O08333;SiCepat;6;Delivered
O08334;JNE;1;Delivered
O08335;JNE;7;Returned
O08336;AnterAja;9;Delivered
O08337;JNE;1;Delivered
O08338;J&T;9;Delivered
O08339;J&T;1;Delivered
O08340;J&T;6;Delivered
O08341;J&T;6;Delivered
O08342;J&T;7;Delivered
O08343;JNE;5;Delivered
O08344;JNE;4;Delivered
O08345;JNE;5;Delivered
O08346;J&T;9;Delivered
O08347;JNE;4;Delivered
O08348;JNE;9;Delivered
O08349;JNE;8;Delivered
O08350;SiCepat;1;Delivered
O08351;AnterAja;9;Cancelled
O08352;JNE;9;Delivered
O08353;SiCepat;3;Delivered
O08354;J&T;10;Late
O08355;AnterAja;10;Delivered
O08356;J&T;9;Late
O08357;JNE;1;Delivered
O08358;SiCepat;8;Delivered
O08359;JNE;3;Delivered
O08360;SiCepat;1;Delivered
O08361;J&T;9;Delivered
O08362;J&T;7;Delivered
O08363;AnterAja;10;Delivered
O08364;JNE;4;Returned
O08365;AnterAja;2;Late
O08366;J&T;6;Delivered
O08367;AnterAja;6;Delivered
O08368;SiCepat;8;Cancelled
O08369;SiCepat;1;Cancelled
O08370;AnterAja;6;Delivered
O08371;AnterAja;5;Delivered
O08372;J&T;7;Delivered
O08373;AnterAja;10;Delivered
O08374;AnterAja;2;Delivered
O08375;J&T;8;Delivered
O08376;JNE;2;Delivered
O08377;SiCepat;8;Delivered
O08378;J&T;5;Delivered
O08379;J&T;7;Delivered
O08380;AnterAja;6;Delivered
O08381;AnterAja;4;Cancelled
O08382;AnterAja;9;Cancelled
O08383;SiCepat;4;Delivered
O08384;JNE;6;Delivered
O08385;AnterAja;1;Delivered
O08386;JNE;3;Delivered
O08387;AnterAja;1;Delivered
O08388;JNE;2;Delivered
O08389;SiCepat;2;Delivered
O08390;SiCepat;8;Delivered
O08391;J&T;4;Delivered
O08392;JNE;6;Delivered
O08393;SiCepat;3;Delivered
O08394;AnterAja;7;Delivered
O08395;JNE;6;Late
O08396;JNE;4;Delivered
O08397;SiCepat;5;Delivered
O08398;J&T;9;Delivered
O08399;AnterAja;3;Delivered
O08400;SiCepat;8;Delivered
O08401;JNE;7;Delivered
O08402;AnterAja;2;Delivered
O08403;JNE;1;Delivered
O08404;JNE;10;Delivered
O08405;JNE;1;Delivered
O08406;AnterAja;4;Delivered
O08407;AnterAja;2;Returned
O08408;SiCepat;7;Late
O08409;JNE;10;Delivered
O08410;SiCepat;1;Delivered
O08411;J&T;8;Delivered
O08412;AnterAja;8;Delivered
O08413;JNE;3;Delivered
O08414;SiCepat;10;Late
O08415;J&T;9;Delivered
O08416;JNE;1;Delivered
O08417;SiCepat;4;Delivered
O08418;J&T;7;Delivered
O08419;AnterAja;8;Delivered
O08420;J&T;6;Delivered
O08421;AnterAja;6;Delivered
O08422;JNE;9;Delivered
O08423;SiCepat;1;Delivered
O08424;AnterAja;1;Delivered
O08425;J&T;10;Delivered
O08426;JNE;7;Delivered
O08427;J&T;9;Delivered
O08428;AnterAja;8;Delivered
O08429;JNE;9;Delivered
O08430;AnterAja;9;Delivered
O08431;JNE;4;Cancelled
O08432;SiCepat;7;Delivered
O08433;J&T;2;Delivered
O08434;SiCepat;8;Delivered
O08435;AnterAja;7;Delivered
O08436;AnterAja;10;Delivered
O08437;SiCepat;6;Delivered
O08438;AnterAja;4;Cancelled
O08439;AnterAja;5;Delivered
O08440;JNE;7;Delivered
O08441;AnterAja;6;Delivered
O08442;JNE;1;Delivered
O08443;SiCepat;8;Delivered
O08444;SiCepat;3;Delivered
O08445;J&T;1;Late
O08446;J&T;3;Delivered
O08447;J&T;8;Delivered
O08448;JNE;3;Delivered
O08449;SiCepat;3;Delivered
O08450;JNE;10;Delivered
O08451;J&T;10;Delivered
O08452;SiCepat;6;Delivered
O08453;AnterAja;6;Delivered
O08454;J&T;6;Delivered
O08455;J&T;6;Delivered
O08456;AnterAja;7;Delivered
O08457;AnterAja;9;Delivered
O08458;AnterAja;2;Late
O08459;J&T;10;Delivered
O08460;J&T;2;Delivered
O08461;JNE;10;Delivered
O08462;JNE;5;Delivered
O08463;AnterAja;9;Delivered
O08464;SiCepat;8;Delivered
O08465;AnterAja;6;Delivered
O08466;J&T;4;Delivered
O08467;J&T;7;Delivered
O08468;JNE;6;Delivered
O08469;AnterAja;5;Cancelled
O08470;AnterAja;5;Delivered
O08471;J&T;7;Delivered
O08472;SiCepat;9;Delivered
O08473;SiCepat;3;Delivered
O08474;SiCepat;2;Delivered
O08475;JNE;6;Delivered
O08476;AnterAja;10;Cancelled
O08477;AnterAja;10;Delivered
O08478;SiCepat;3;Delivered
O08479;AnterAja;9;Cancelled
O08480;JNE;2;Delivered
O08481;SiCepat;3;Delivered
O08482;JNE;9;Delivered
O08483;SiCepat;6;Delivered
O08484;SiCepat;7;Delivered
O08485;SiCepat;1;Delivered
O08486;JNE;8;Delivered
O08487;JNE;10;Delivered
O08488;JNE;3;Delivered
O08489;SiCepat;1;Delivered
O08490;SiCepat;8;Delivered
O08491;SiCepat;2;Late
O08492;AnterAja;5;Delivered
O08493;J&T;6;Delivered
O08494;JNE;7;Delivered
O08495;AnterAja;6;Late
O08496;AnterAja;2;Delivered
O08497;SiCepat;5;Delivered
O08498;J&T;6;Delivered
O08499;J&T;8;Delivered
O08500;SiCepat;7;Late
O08501;J&T;7;Delivered
O08502;AnterAja;7;Delivered
O08503;JNE;4;Cancelled
O08504;SiCepat;9;Delivered
O08505;AnterAja;7;Delivered
O08506;J&T;8;Delivered
O08507;AnterAja;6;Delivered
O08508;J&T;2;Cancelled
O08509;JNE;5;Delivered
O08510;AnterAja;4;Delivered
O08511;SiCepat;4;Late
O08512;JNE;6;Delivered
O08513;SiCepat;8;Delivered
O08514;J&T;4;Delivered
O08515;SiCepat;10;Delivered
O08516;J&T;2;Delivered
O08517;JNE;2;Delivered
O08518;J&T;6;Delivered
O08519;J&T;6;Delivered
O08520;SiCepat;10;Cancelled
O08521;J&T;6;Delivered
O08522;J&T;1;Delivered
O08523;SiCepat;9;Delivered
O08524;JNE;8;Delivered
O08525;JNE;8;Returned
O08526;JNE;6;Delivered
O08527;JNE;2;Delivered
O08528;J&T;4;Delivered
O08529;AnterAja;9;Late
O08530;J&T;8;Delivered
O08531;SiCepat;7;Delivered
O08532;JNE;10;Returned
O08533;AnterAja;2;Returned
O08534;SiCepat;8;Delivered
O08535;J&T;10;Delivered
O08536;SiCepat;1;Delivered
O08537;AnterAja;2;Late
O08538;SiCepat;3;Delivered
O08539;JNE;1;Delivered
O08540;J&T;3;Late
O08541;J&T;5;Delivered
O08542;SiCepat;8;Delivered
O08543;J&T;7;Delivered
O08544;AnterAja;8;Delivered
O08545;AnterAja;7;Delivered
O08546;JNE;7;Delivered
O08547;SiCepat;8;Delivered
O08548;JNE;3;Delivered
O08549;JNE;8;Delivered
O08550;AnterAja;8;Delivered
O08551;AnterAja;9;Cancelled
O08552;J&T;8;Late
O08553;AnterAja;10;Delivered
O08554;SiCepat;3;Delivered
O08555;JNE;10;Delivered
O08556;JNE;10;Delivered
O08557;AnterAja;3;Delivered
O08558;SiCepat;1;Delivered
O08559;JNE;2;Delivered
O08560;J&T;10;Cancelled
O08561;JNE;3;Delivered
O08562;AnterAja;4;Delivered
O08563;JNE;10;Delivered
O08564;JNE;2;Delivered
O08565;JNE;3;Delivered
O08566;JNE;8;Delivered
O08567;SiCepat;7;Delivered
O08568;J&T;10;Delivered
O08569;SiCepat;5;Delivered
O08570;J&T;4;Delivered
O08571;AnterAja;10;Delivered
O08572;AnterAja;1;Delivered
O08573;JNE;8;Late
O08574;SiCepat;2;Delivered
O08575;AnterAja;7;Delivered
O08576;SiCepat;2;Delivered
O08577;SiCepat;5;Delivered
O08578;SiCepat;2;Delivered
O08579;JNE;8;Late
O08580;JNE;5;Delivered
O08581;J&T;6;Delivered
O08582;J&T;7;Late
O08583;SiCepat;3;Delivered
O08584;JNE;8;Delivered
O08585;JNE;6;Cancelled
O08586;SiCepat;9;Delivered
O08587;AnterAja;9;Late
O08588;AnterAja;1;Delivered
O08589;SiCepat;6;Delivered
O08590;SiCepat;5;Delivered
O08591;JNE;10;Delivered
O08592;AnterAja;10;Delivered
O08593;SiCepat;10;Late
O08594;JNE;6;Delivered
O08595;AnterAja;9;Delivered
O08596;JNE;3;Delivered
O08597;AnterAja;10;Delivered
O08598;JNE;7;Delivered
O08599;SiCepat;3;Delivered
O08600;AnterAja;5;Delivered
O08601;AnterAja;6;Delivered
O08602;SiCepat;7;Delivered
O08603;J&T;10;Delivered
O08604;AnterAja;3;Delivered
O08605;J&T;6;Delivered
O08606;J&T;4;Returned
O08607;SiCepat;2;Delivered
O08608;AnterAja;8;Delivered
O08609;AnterAja;5;Delivered
O08610;J&T;6;Cancelled
O08611;J&T;3;Delivered
O08612;J&T;9;Delivered
O08613;JNE;2;Late
O08614;AnterAja;6;Delivered
O08615;J&T;6;Delivered
O08616;JNE;4;Returned
O08617;SiCepat;5;Delivered
O08618;JNE;9;Delivered
O08619;J&T;3;Delivered
O08620;AnterAja;3;Delivered
O08621;JNE;9;Delivered
O08622;J&T;8;Delivered
O08623;J&T;7;Delivered
O08624;SiCepat;10;Delivered
O08625;AnterAja;3;Delivered
O08626;J&T;9;Delivered
O08627;J&T;8;Delivered
O08628;JNE;4;Delivered
O08629;AnterAja;3;Delivered
O08630;JNE;2;Cancelled
O08631;JNE;3;Delivered
O08632;JNE;1;Delivered
O08633;J&T;1;Late
O08634;JNE;5;Delivered
O08635;AnterAja;2;Delivered
O08636;J&T;9;Late
O08637;JNE;7;Delivered
O08638;AnterAja;5;Delivered
O08639;J&T;5;Delivered
O08640;AnterAja;6;Delivered
O08641;AnterAja;4;Delivered
O08642;AnterAja;7;Delivered
O08643;AnterAja;2;Delivered
O08644;JNE;2;Delivered
O08645;JNE;1;Delivered
O08646;SiCepat;3;Delivered
O08647;J&T;6;Delivered
O08648;JNE;9;Delivered
O08649;AnterAja;4;Delivered
O08650;AnterAja;4;Delivered
O08651;JNE;5;Delivered
O08652;AnterAja;6;Delivered
O08653;SiCepat;10;Delivered
O08654;JNE;9;Cancelled
O08655;J&T;8;Delivered
O08656;SiCepat;10;Delivered
O08657;JNE;7;Late
O08658;J&T;8;Delivered
O08659;AnterAja;2;Delivered
O08660;JNE;4;Cancelled
O08661;SiCepat;3;Late
O08662;AnterAja;10;Returned
O08663;JNE;5;Delivered
O08664;SiCepat;6;Delivered
O08665;SiCepat;2;Delivered
O08666;JNE;10;Late
O08667;JNE;7;Delivered
O08668;AnterAja;1;Delivered
O08669;JNE;2;Delivered
O08670;JNE;4;Delivered
O08671;JNE;2;Delivered
O08672;SiCepat;9;Returned
O08673;J&T;5;Delivered
O08674;J&T;2;Delivered
O08675;JNE;10;Delivered
O08676;J&T;2;Cancelled
O08677;JNE;8;Delivered
O08678;J&T;5;Late
O08679;JNE;5;Delivered
O08680;J&T;1;Cancelled
O08681;JNE;3;Delivered
O08682;AnterAja;4;Delivered
O08683;JNE;7;Delivered
O08684;SiCepat;1;Delivered
O08685;SiCepat;1;Delivered
O08686;JNE;9;Delivered
O08687;J&T;3;Late
O08688;JNE;1;Delivered
O08689;J&T;1;Delivered
O08690;J&T;10;Delivered
O08691;SiCepat;3;Delivered
O08692;AnterAja;8;Delivered
O08693;AnterAja;6;Delivered
O08694;J&T;9;Delivered
O08695;AnterAja;6;Delivered
O08696;JNE;8;Delivered
O08697;JNE;5;Delivered
O08698;J&T;2;Delivered
O08699;SiCepat;5;Delivered
O08700;SiCepat;9;Delivered
O08701;SiCepat;5;Cancelled
O08702;JNE;5;Delivered
O08703;AnterAja;6;Delivered
O08704;SiCepat;6;Delivered
O08705;SiCepat;4;Late
O08706;J&T;6;Delivered
O08707;J&T;3;Delivered
O08708;JNE;9;Delivered
O08709;J&T;10;Late
O08710;AnterAja;10;Late
O08711;J&T;8;Delivered
O08712;JNE;7;Delivered
O08713;SiCepat;9;Delivered
O08714;AnterAja;10;Delivered
O08715;AnterAja;2;Delivered
O08716;J&T;2;Delivered
O08717;SiCepat;10;Delivered
O08718;J&T;4;Late
O08719;AnterAja;1;Delivered
O08720;SiCepat;8;Delivered
O08721;JNE;2;Delivered
O08722;SiCepat;10;Late
O08723;J&T;2;Late
O08724;AnterAja;6;Delivered
O08725;SiCepat;1;Late
O08726;JNE;10;Delivered
O08727;SiCepat;7;Delivered
O08728;JNE;7;Late
O08729;JNE;5;Delivered
O08730;J&T;5;Delivered
O08731;J&T;10;Delivered
O08732;AnterAja;4;Late
O08733;AnterAja;10;Delivered
O08734;SiCepat;6;Delivered
O08735;AnterAja;9;Cancelled
O08736;JNE;10;Late
O08737;SiCepat;8;Delivered
O08738;J&T;9;Delivered
O08739;SiCepat;3;Cancelled
O08740;SiCepat;10;Delivered
O08741;J&T;2;Delivered
O08742;J&T;9;Delivered
O08743;J&T;2;Delivered
O08744;J&T;1;Delivered
O08745;SiCepat;2;Delivered
O08746;SiCepat;8;Delivered
O08747;JNE;6;Delivered
O08748;J&T;3;Delivered
O08749;SiCepat;3;Delivered
O08750;JNE;8;Delivered
O08751;SiCepat;2;Delivered
O08752;JNE;10;Delivered
O08753;JNE;7;Delivered
O08754;J&T;9;Delivered
O08755;J&T;3;Delivered
O08756;JNE;2;Delivered
O08757;AnterAja;5;Delivered
O08758;JNE;5;Delivered
O08759;AnterAja;7;Late
O08760;J&T;3;Delivered
O08761;AnterAja;7;Delivered
O08762;JNE;5;Delivered
O08763;AnterAja;6;Delivered
O08764;SiCepat;5;Delivered
O08765;SiCepat;3;Delivered
O08766;JNE;1;Delivered
O08767;SiCepat;2;Delivered
O08768;SiCepat;10;Delivered
O08769;JNE;2;Delivered
O08770;J&T;10;Delivered
O08771;AnterAja;7;Delivered
O08772;JNE;9;Delivered
O08773;JNE;9;Delivered
O08774;JNE;5;Delivered
O08775;SiCepat;2;Late
O08776;JNE;8;Delivered
O08777;SiCepat;9;Delivered
O08778;JNE;10;Delivered
O08779;SiCepat;1;Delivered
O08780;AnterAja;4;Delivered
O08781;SiCepat;10;Delivered
O08782;J&T;9;Delivered
O08783;JNE;8;Delivered
O08784;SiCepat;3;Delivered
O08785;JNE;6;Delivered
O08786;JNE;8;Delivered
O08787;AnterAja;2;Delivered
O08788;AnterAja;3;Delivered
O08789;JNE;9;Delivered
O08790;J&T;10;Returned
O08791;SiCepat;3;Delivered
O08792;JNE;3;Delivered
O08793;J&T;8;Delivered
O08794;SiCepat;5;Delivered
O08795;JNE;5;Delivered
O08796;JNE;2;Delivered
O08797;AnterAja;4;Delivered
O08798;AnterAja;10;Delivered
O08799;J&T;7;Delivered
O08800;SiCepat;9;Delivered
O08801;JNE;2;Cancelled
O08802;J&T;9;Delivered
O08803;JNE;8;Delivered
O08804;AnterAja;1;Delivered
O08805;AnterAja;8;Delivered
O08806;SiCepat;4;Delivered
O08807;J&T;5;Delivered
O08808;AnterAja;9;Delivered
O08809;J&T;8;Delivered
O08810;JNE;10;Late
O08811;SiCepat;8;Delivered
O08812;J&T;4;Delivered
O08813;AnterAja;4;Delivered
O08814;SiCepat;6;Delivered
O08815;AnterAja;7;Delivered
O08816;JNE;2;Delivered
O08817;SiCepat;4;Delivered
O08818;J&T;2;Delivered
O08819;JNE;5;Delivered
O08820;AnterAja;5;Delivered
O08821;AnterAja;4;Delivered
O08822;SiCepat;6;Delivered
O08823;AnterAja;4;Late
O08824;SiCepat;6;Delivered
O08825;AnterAja;8;Delivered
O08826;SiCepat;10;Delivered
O08827;JNE;6;Delivered
O08828;SiCepat;3;Delivered
O08829;AnterAja;1;Delivered
O08830;AnterAja;1;Delivered
O08831;J&T;8;Delivered
O08832;SiCepat;10;Delivered
O08833;AnterAja;8;Late
O08834;JNE;3;Delivered
O08835;JNE;3;Delivered
O08836;JNE;5;Delivered
O08837;SiCepat;7;Delivered
O08838;JNE;2;Cancelled
O08839;JNE;10;Delivered
O08840;AnterAja;2;Delivered
O08841;SiCepat;10;Delivered
O08842;AnterAja;6;Delivered
O08843;JNE;9;Delivered
O08844;J&T;3;Delivered
O08845;JNE;6;Late
O08846;AnterAja;7;Delivered
O08847;JNE;4;Delivered
O08848;J&T;4;Delivered
O08849;AnterAja;1;Delivered
O08850;JNE;8;Delivered
O08851;J&T;4;Delivered
O08852;AnterAja;2;Delivered
O08853;J&T;9;Delivered
O08854;SiCepat;10;Returned
O08855;AnterAja;8;Delivered
O08856;JNE;5;Delivered
O08857;AnterAja;7;Delivered
O08858;JNE;7;Delivered
O08859;JNE;2;Delivered
O08860;SiCepat;8;Delivered
O08861;JNE;5;Delivered
O08862;JNE;4;Delivered
O08863;SiCepat;9;Late
O08864;JNE;7;Delivered
O08865;J&T;6;Delivered
O08866;JNE;6;Delivered
O08867;AnterAja;8;Cancelled
O08868;J&T;10;Delivered
O08869;JNE;7;Delivered
O08870;J&T;4;Delivered
O08871;JNE;4;Late
O08872;SiCepat;6;Delivered
O08873;JNE;7;Delivered
O08874;J&T;10;Delivered
O08875;SiCepat;9;Delivered
O08876;AnterAja;4;Delivered
O08877;JNE;4;Delivered
O08878;AnterAja;2;Delivered
O08879;AnterAja;9;Delivered
O08880;JNE;7;Delivered
O08881;AnterAja;7;Delivered
O08882;AnterAja;8;Delivered
O08883;AnterAja;6;Delivered
O08884;J&T;2;Delivered
O08885;JNE;9;Delivered
O08886;JNE;10;Delivered
O08887;JNE;4;Delivered
O08888;AnterAja;3;Delivered
O08889;JNE;4;Delivered
O08890;J&T;3;Delivered
O08891;J&T;1;Late
O08892;JNE;2;Delivered
O08893;SiCepat;10;Cancelled
O08894;J&T;1;Delivered
O08895;SiCepat;9;Delivered
O08896;AnterAja;3;Delivered
O08897;SiCepat;5;Delivered
O08898;SiCepat;8;Returned
O08899;J&T;3;Delivered
O08900;JNE;9;Delivered
O08901;SiCepat;5;Delivered
O08902;SiCepat;9;Delivered
O08903;JNE;3;Late
O08904;SiCepat;6;Delivered
O08905;AnterAja;6;Cancelled
O08906;AnterAja;4;Delivered
O08907;SiCepat;2;Delivered
O08908;SiCepat;3;Late
O08909;SiCepat;10;Late
O08910;AnterAja;2;Late
O08911;AnterAja;8;Delivered
O08912;AnterAja;7;Delivered
O08913;JNE;2;Late
O08914;AnterAja;9;Delivered
O08915;JNE;2;Delivered
O08916;JNE;7;Delivered
O08917;AnterAja;8;Cancelled
O08918;SiCepat;8;Delivered
O08919;J&T;9;Late
O08920;SiCepat;2;Delivered
O08921;AnterAja;2;Returned
O08922;AnterAja;6;Delivered
O08923;AnterAja;8;Delivered
O08924;J&T;5;Delivered
O08925;J&T;3;Cancelled
O08926;SiCepat;3;Delivered
O08927;SiCepat;4;Late
O08928;SiCepat;2;Delivered
O08929;SiCepat;8;Delivered
O08930;J&T;10;Delivered
O08931;AnterAja;7;Delivered
O08932;JNE;8;Delivered
O08933;J&T;2;Delivered
O08934;SiCepat;3;Delivered
O08935;AnterAja;1;Delivered
O08936;J&T;8;Delivered
O08937;JNE;10;Delivered
O08938;AnterAja;2;Delivered
O08939;AnterAja;8;Delivered
O08940;AnterAja;8;Late
O08941;J&T;6;Delivered
O08942;AnterAja;3;Delivered
O08943;JNE;2;Delivered
O08944;AnterAja;6;Late
O08945;J&T;2;Delivered
O08946;J&T;5;Delivered
O08947;J&T;6;Delivered
O08948;AnterAja;9;Delivered
O08949;J&T;8;Delivered
O08950;SiCepat;5;Cancelled
O08951;SiCepat;4;Cancelled
O08952;SiCepat;2;Delivered
O08953;J&T;4;Delivered
O08954;J&T;7;Delivered
O08955;JNE;6;Delivered
O08956;AnterAja;7;Delivered
O08957;SiCepat;3;Delivered
O08958;J&T;6;Late
O08959;J&T;9;Delivered
O08960;SiCepat;2;Delivered
O08961;JNE;2;Delivered
O08962;SiCepat;4;Delivered
O08963;AnterAja;2;Delivered
O08964;AnterAja;9;Delivered
O08965;SiCepat;1;Returned
O08966;AnterAja;2;Delivered
O08967;AnterAja;8;Delivered
O08968;J&T;5;Delivered
O08969;J&T;2;Delivered
O08970;AnterAja;1;Delivered
O08971;JNE;9;Delivered
O08972;SiCepat;4;Delivered
O08973;SiCepat;1;Delivered
O08974;AnterAja;10;Delivered
O08975;SiCepat;1;Returned
O08976;SiCepat;8;Delivered
O08977;J&T;2;Late
O08978;AnterAja;3;Delivered
O08979;SiCepat;9;Delivered
O08980;SiCepat;3;Delivered
O08981;J&T;4;Delivered
O08982;AnterAja;3;Delivered
O08983;J&T;4;Delivered
O08984;SiCepat;6;Delivered
O08985;J&T;3;Delivered
O08986;J&T;1;Delivered
O08987;AnterAja;3;Delivered
O08988;SiCepat;4;Delivered
O08989;SiCepat;6;Delivered
O08990;J&T;1;Delivered
O08991;AnterAja;1;Delivered
O08992;AnterAja;10;Delivered
O08993;SiCepat;9;Delivered
O08994;AnterAja;4;Delivered
O08995;JNE;7;Delivered
O08996;AnterAja;4;Delivered
O08997;SiCepat;3;Late
O08998;SiCepat;5;Cancelled
O08999;JNE;5;Delivered
O09000;JNE;9;Delivered
O09001;JNE;5;Delivered
O09002;J&T;6;Delivered
O09003;J&T;6;Delivered
O09004;JNE;4;Late
O09005;J&T;7;Delivered
O09006;SiCepat;10;Delivered
O09007;J&T;4;Delivered
O09008;AnterAja;3;Delivered
O09009;J&T;4;Delivered
O09010;AnterAja;6;Delivered
O09011;J&T;4;Delivered
O09012;AnterAja;5;Delivered
O09013;SiCepat;6;Delivered
O09014;SiCepat;2;Delivered
O09015;AnterAja;3;Delivered
O09016;AnterAja;5;Late
O09017;AnterAja;1;Delivered
O09018;SiCepat;8;Delivered
O09019;J&T;10;Delivered
O09020;AnterAja;3;Delivered
O09021;J&T;3;Delivered
O09022;SiCepat;10;Delivered
O09023;J&T;5;Delivered
O09024;SiCepat;5;Delivered
O09025;SiCepat;9;Delivered
O09026;SiCepat;10;Delivered
O09027;J&T;2;Delivered
O09028;AnterAja;9;Cancelled
O09029;AnterAja;4;Delivered
O09030;JNE;2;Delivered
O09031;AnterAja;1;Delivered
O09032;J&T;5;Delivered
O09033;AnterAja;3;Delivered
O09034;AnterAja;1;Delivered
O09035;SiCepat;9;Delivered
O09036;SiCepat;9;Delivered
O09037;AnterAja;9;Delivered
O09038;J&T;2;Delivered
O09039;AnterAja;7;Delivered
O09040;SiCepat;8;Delivered
O09041;SiCepat;2;Delivered
O09042;AnterAja;4;Delivered
O09043;AnterAja;6;Delivered
O09044;AnterAja;4;Delivered
O09045;AnterAja;3;Cancelled
O09046;J&T;8;Delivered
O09047;AnterAja;7;Delivered
O09048;J&T;7;Delivered
O09049;JNE;10;Delivered
O09050;SiCepat;3;Delivered
O09051;SiCepat;1;Delivered
O09052;AnterAja;7;Delivered
O09053;AnterAja;4;Delivered
O09054;SiCepat;5;Delivered
O09055;J&T;10;Delivered
O09056;J&T;8;Late
O09057;SiCepat;5;Delivered
O09058;JNE;3;Delivered
O09059;J&T;10;Cancelled
O09060;SiCepat;8;Delivered
O09061;SiCepat;2;Delivered
O09062;AnterAja;10;Delivered
O09063;JNE;3;Delivered
O09064;J&T;6;Delivered
O09065;SiCepat;6;Cancelled
O09066;J&T;1;Delivered
O09067;AnterAja;2;Delivered
O09068;JNE;10;Delivered
O09069;SiCepat;3;Delivered
O09070;SiCepat;4;Delivered
O09071;SiCepat;6;Delivered
O09072;JNE;2;Delivered
O09073;J&T;4;Returned
O09074;JNE;6;Delivered
O09075;AnterAja;10;Delivered
O09076;J&T;1;Delivered
O09077;SiCepat;7;Delivered
O09078;SiCepat;7;Delivered
O09079;JNE;7;Delivered
O09080;JNE;9;Delivered
O09081;J&T;9;Delivered
O09082;JNE;10;Delivered
O09083;JNE;3;Delivered
O09084;J&T;2;Delivered
O09085;JNE;5;Cancelled
O09086;JNE;8;Returned
O09087;SiCepat;4;Delivered
O09088;J&T;1;Delivered
O09089;SiCepat;1;Delivered
O09090;JNE;1;Returned
O09091;J&T;4;Delivered
O09092;AnterAja;4;Delivered
O09093;AnterAja;3;Delivered
O09094;J&T;5;Delivered
O09095;JNE;8;Delivered
O09096;JNE;1;Delivered
O09097;SiCepat;7;Delivered
O09098;JNE;5;Delivered
O09099;J&T;9;Delivered
O09100;SiCepat;4;Delivered
O09101;SiCepat;2;Delivered
O09102;AnterAja;5;Delivered
O09103;J&T;1;Late
O09104;J&T;4;Delivered
O09105;SiCepat;4;Delivered
O09106;JNE;5;Delivered
O09107;AnterAja;8;Delivered
O09108;AnterAja;1;Delivered
O09109;J&T;10;Delivered
O09110;AnterAja;4;Delivered
O09111;SiCepat;1;Delivered
O09112;SiCepat;2;Delivered
O09113;JNE;3;Delivered
O09114;JNE;10;Delivered
O09115;AnterAja;1;Delivered
O09116;JNE;7;Delivered
O09117;AnterAja;3;Delivered
O09118;JNE;1;Late
O09119;J&T;9;Delivered
O09120;J&T;1;Delivered
O09121;JNE;6;Delivered
O09122;JNE;9;Delivered
O09123;AnterAja;5;Delivered
O09124;J&T;10;Delivered
O09125;JNE;3;Delivered
O09126;AnterAja;5;Delivered
O09127;SiCepat;4;Late
O09128;SiCepat;6;Delivered
O09129;SiCepat;1;Delivered
O09130;SiCepat;8;Late
O09131;AnterAja;8;Delivered
O09132;AnterAja;4;Delivered
O09133;AnterAja;7;Delivered
O09134;SiCepat;6;Delivered
O09135;J&T;5;Delivered
O09136;JNE;4;Delivered
O09137;J&T;8;Delivered
O09138;JNE;4;Delivered
O09139;AnterAja;9;Delivered
O09140;JNE;10;Delivered
O09141;JNE;1;Delivered
O09142;AnterAja;3;Delivered
O09143;J&T;10;Delivered
O09144;JNE;2;Delivered
O09145;SiCepat;5;Delivered
O09146;JNE;8;Delivered
O09147;SiCepat;2;Delivered
O09148;SiCepat;1;Delivered
O09149;AnterAja;4;Delivered
O09150;SiCepat;3;Delivered
O09151;J&T;7;Delivered
O09152;J&T;3;Delivered
O09153;JNE;8;Delivered
O09154;AnterAja;6;Delivered
O09155;AnterAja;10;Delivered
O09156;J&T;8;Delivered
O09157;JNE;2;Delivered
O09158;AnterAja;3;Delivered
O09159;J&T;10;Late
O09160;SiCepat;2;Delivered
O09161;JNE;3;Delivered
O09162;JNE;6;Delivered
O09163;SiCepat;3;Delivered
O09164;SiCepat;10;Delivered
O09165;J&T;5;Delivered
O09166;JNE;1;Cancelled
O09167;J&T;3;Delivered
O09168;J&T;3;Delivered
O09169;AnterAja;1;Delivered
O09170;J&T;10;Delivered
O09171;SiCepat;5;Late
O09172;J&T;2;Delivered
O09173;AnterAja;3;Delivered
O09174;JNE;9;Delivered
O09175;SiCepat;4;Delivered
O09176;SiCepat;9;Delivered
O09177;SiCepat;1;Delivered
O09178;SiCepat;1;Cancelled
O09179;JNE;2;Delivered
O09180;JNE;3;Delivered
O09181;SiCepat;6;Delivered
O09182;AnterAja;8;Delivered
O09183;J&T;3;Delivered
O09184;SiCepat;1;Delivered
O09185;J&T;7;Delivered
O09186;JNE;10;Delivered
O09187;J&T;6;Delivered
O09188;J&T;6;Delivered
O09189;AnterAja;4;Delivered
O09190;AnterAja;2;Delivered
O09191;JNE;9;Returned
O09192;AnterAja;2;Delivered
O09193;J&T;1;Delivered
O09194;AnterAja;5;Delivered
O09195;JNE;8;Delivered
O09196;JNE;2;Returned
O09197;J&T;1;Delivered
O09198;J&T;1;Delivered
O09199;AnterAja;9;Cancelled
O09200;SiCepat;3;Delivered
O09201;J&T;7;Delivered
O09202;JNE;5;Delivered
O09203;JNE;8;Delivered
O09204;AnterAja;2;Late
O09205;AnterAja;5;Late
O09206;AnterAja;7;Delivered
O09207;SiCepat;4;Delivered
O09208;SiCepat;8;Delivered
O09209;J&T;10;Late
O09210;JNE;5;Delivered
O09211;SiCepat;7;Delivered
O09212;JNE;4;Delivered
O09213;JNE;5;Late
O09214;AnterAja;3;Delivered
O09215;J&T;7;Delivered
O09216;AnterAja;7;Late
O09217;SiCepat;7;Delivered
O09218;JNE;1;Delivered
O09219;J&T;2;Delivered
O09220;SiCepat;1;Delivered
O09221;AnterAja;3;Delivered
O09222;J&T;6;Delivered
O09223;JNE;1;Late
O09224;JNE;10;Delivered
O09225;AnterAja;10;Delivered
O09226;JNE;9;Delivered
O09227;SiCepat;4;Delivered
O09228;AnterAja;4;Delivered
O09229;JNE;8;Late
O09230;J&T;9;Delivered
O09231;JNE;7;Delivered
O09232;J&T;5;Delivered
O09233;JNE;3;Delivered
O09234;J&T;5;Delivered
O09235;SiCepat;6;Delivered
O09236;JNE;2;Delivered
O09237;AnterAja;1;Delivered
O09238;SiCepat;6;Delivered
O09239;J&T;9;Late
O09240;AnterAja;7;Late
O09241;AnterAja;2;Delivered
O09242;JNE;1;Delivered
O09243;AnterAja;4;Delivered
O09244;J&T;9;Delivered
O09245;SiCepat;9;Delivered
O09246;JNE;10;Delivered
O09247;SiCepat;9;Delivered
O09248;JNE;9;Delivered
O09249;J&T;8;Delivered
O09250;JNE;1;Delivered
O09251;J&T;10;Delivered
O09252;J&T;6;Cancelled
O09253;SiCepat;2;Delivered
O09254;SiCepat;8;Delivered
O09255;AnterAja;6;Late
O09256;SiCepat;3;Delivered
O09257;J&T;5;Delivered
O09258;SiCepat;9;Delivered
O09259;SiCepat;9;Delivered
O09260;AnterAja;4;Delivered
O09261;J&T;9;Delivered
O09262;J&T;6;Delivered
O09263;SiCepat;8;Delivered
O09264;JNE;1;Late
O09265;SiCepat;1;Delivered
O09266;SiCepat;5;Delivered
O09267;JNE;1;Delivered
O09268;J&T;8;Delivered
O09269;SiCepat;6;Delivered
O09270;J&T;5;Delivered
O09271;AnterAja;1;Delivered
O09272;JNE;8;Delivered
O09273;J&T;10;Delivered
O09274;AnterAja;5;Delivered
O09275;J&T;1;Delivered
O09276;AnterAja;6;Cancelled
O09277;JNE;9;Delivered
O09278;J&T;6;Delivered
O09279;J&T;8;Delivered
O09280;AnterAja;9;Late
O09281;JNE;4;Delivered
O09282;JNE;10;Delivered
O09283;SiCepat;7;Delivered
O09284;AnterAja;1;Delivered
O09285;AnterAja;2;Delivered
O09286;J&T;10;Delivered
O09287;SiCepat;1;Late
O09288;JNE;3;Delivered
O09289;SiCepat;4;Delivered
O09290;SiCepat;10;Late
O09291;AnterAja;6;Delivered
O09292;SiCepat;4;Delivered
O09293;JNE;5;Returned
O09294;JNE;9;Late
O09295;SiCepat;3;Late
O09296;J&T;3;Delivered
O09297;AnterAja;1;Delivered
O09298;AnterAja;8;Delivered
O09299;AnterAja;8;Delivered
O09300;AnterAja;4;Late
O09301;AnterAja;7;Delivered
O09302;JNE;5;Delivered
O09303;SiCepat;5;Delivered
O09304;J&T;5;Delivered
O09305;JNE;3;Delivered
O09306;AnterAja;9;Delivered
O09307;J&T;8;Delivered
O09308;AnterAja;2;Delivered
O09309;SiCepat;3;Delivered
O09310;SiCepat;10;Delivered
O09311;JNE;10;Delivered
O09312;AnterAja;5;Delivered
O09313;JNE;5;Delivered
O09314;AnterAja;1;Delivered
O09315;SiCepat;3;Delivered
O09316;JNE;7;Delivered
O09317;JNE;1;Delivered
O09318;J&T;3;Delivered
O09319;JNE;10;Delivered
O09320;JNE;6;Delivered
O09321;JNE;7;Delivered
O09322;AnterAja;10;Delivered
O09323;JNE;4;Delivered
O09324;J&T;5;Delivered
O09325;AnterAja;8;Delivered
O09326;J&T;5;Cancelled
O09327;AnterAja;6;Delivered
O09328;J&T;4;Delivered
O09329;JNE;7;Delivered
O09330;J&T;3;Delivered
O09331;AnterAja;7;Delivered
O09332;JNE;7;Delivered
O09333;AnterAja;1;Delivered
O09334;SiCepat;10;Cancelled
O09335;SiCepat;7;Delivered
O09336;J&T;9;Late
O09337;J&T;3;Delivered
O09338;SiCepat;6;Delivered
O09339;J&T;4;Delivered
O09340;J&T;7;Delivered
O09341;JNE;4;Delivered
O09342;AnterAja;7;Delivered
O09343;JNE;5;Delivered
O09344;SiCepat;1;Delivered
O09345;SiCepat;10;Delivered
O09346;JNE;4;Delivered
O09347;J&T;1;Delivered
O09348;J&T;1;Delivered
O09349;AnterAja;7;Delivered
O09350;SiCepat;1;Delivered
O09351;J&T;3;Delivered
O09352;AnterAja;9;Delivered
O09353;J&T;5;Delivered
O09354;J&T;8;Delivered
O09355;SiCepat;2;Delivered
O09356;AnterAja;1;Delivered
O09357;JNE;4;Delivered
O09358;AnterAja;1;Late
O09359;JNE;8;Delivered
O09360;SiCepat;2;Delivered
O09361;J&T;2;Delivered
O09362;JNE;3;Delivered
O09363;JNE;2;Delivered
O09364;JNE;4;Delivered
O09365;SiCepat;3;Delivered
O09366;AnterAja;3;Delivered
O09367;J&T;1;Delivered
O09368;J&T;7;Delivered
O09369;J&T;8;Delivered
O09370;SiCepat;1;Delivered
O09371;AnterAja;2;Delivered
O09372;JNE;2;Delivered
O09373;AnterAja;8;Delivered
O09374;JNE;8;Delivered
O09375;JNE;2;Delivered
O09376;J&T;10;Delivered
O09377;SiCepat;2;Returned
O09378;SiCepat;4;Late
O09379;JNE;6;Delivered
O09380;J&T;2;Delivered
O09381;JNE;8;Delivered
O09382;J&T;6;Delivered
O09383;AnterAja;10;Delivered
O09384;J&T;3;Delivered
O09385;JNE;6;Late
O09386;SiCepat;5;Delivered
O09387;AnterAja;9;Late
O09388;AnterAja;4;Delivered
O09389;J&T;8;Delivered
O09390;JNE;10;Delivered
O09391;JNE;3;Delivered
O09392;J&T;7;Delivered
O09393;SiCepat;5;Returned
O09394;AnterAja;6;Delivered
O09395;JNE;10;Delivered
O09396;SiCepat;4;Delivered
O09397;AnterAja;6;Cancelled
O09398;JNE;8;Delivered
O09399;J&T;7;Delivered
O09400;SiCepat;1;Delivered
O09401;AnterAja;5;Delivered
O09402;JNE;10;Delivered
O09403;SiCepat;4;Late
O09404;J&T;8;Delivered
O09405;J&T;3;Delivered
O09406;J&T;7;Delivered
O09407;J&T;9;Delivered
O09408;JNE;5;Delivered
O09409;J&T;3;Delivered
O09410;SiCepat;2;Delivered
O09411;SiCepat;5;Delivered
O09412;JNE;4;Delivered
O09413;J&T;4;Delivered
O09414;J&T;8;Delivered
O09415;J&T;2;Returned
O09416;J&T;5;Delivered
O09417;J&T;1;Delivered
O09418;AnterAja;3;Returned
O09419;J&T;3;Delivered
O09420;JNE;10;Returned
O09421;AnterAja;2;Delivered
O09422;JNE;7;Delivered
O09423;JNE;2;Delivered
O09424;J&T;5;Delivered
O09425;AnterAja;3;Late
O09426;SiCepat;2;Delivered
O09427;SiCepat;2;Delivered
O09428;SiCepat;3;Delivered
O09429;JNE;4;Delivered
O09430;AnterAja;8;Delivered
O09431;JNE;5;Delivered
O09432;AnterAja;7;Delivered
O09433;JNE;9;Delivered
O09434;JNE;6;Delivered
O09435;AnterAja;6;Cancelled
O09436;J&T;7;Late
O09437;J&T;2;Delivered
O09438;AnterAja;1;Delivered
O09439;JNE;2;Late
O09440;SiCepat;5;Delivered
O09441;AnterAja;6;Delivered
O09442;J&T;4;Delivered
O09443;J&T;8;Delivered
O09444;J&T;5;Delivered
O09445;J&T;2;Delivered
O09446;SiCepat;3;Delivered
O09447;SiCepat;7;Delivered
O09448;AnterAja;4;Cancelled
O09449;SiCepat;8;Delivered
O09450;J&T;8;Delivered
O09451;JNE;3;Delivered
O09452;J&T;10;Delivered
O09453;JNE;8;Late
O09454;SiCepat;1;Delivered
O09455;JNE;5;Delivered
O09456;JNE;7;Cancelled
O09457;J&T;2;Delivered
O09458;AnterAja;7;Delivered
O09459;AnterAja;3;Delivered
O09460;SiCepat;9;Delivered
O09461;SiCepat;7;Late
O09462;AnterAja;8;Delivered
O09463;JNE;1;Delivered
O09464;SiCepat;8;Delivered
O09465;J&T;8;Delivered
O09466;AnterAja;9;Delivered
O09467;JNE;7;Delivered
O09468;JNE;4;Delivered
O09469;J&T;2;Delivered
O09470;J&T;10;Cancelled
O09471;JNE;2;Delivered
O09472;J&T;2;Delivered
O09473;SiCepat;5;Delivered
O09474;AnterAja;8;Delivered
O09475;SiCepat;8;Late
O09476;JNE;7;Delivered
O09477;J&T;3;Delivered
O09478;J&T;1;Delivered
O09479;AnterAja;6;Late
O09480;AnterAja;7;Delivered
O09481;J&T;3;Delivered
O09482;JNE;4;Delivered
O09483;JNE;3;Delivered
O09484;J&T;8;Delivered
O09485;JNE;10;Delivered
O09486;JNE;3;Cancelled
O09487;AnterAja;4;Delivered
O09488;JNE;5;Delivered
O09489;J&T;9;Delivered
O09490;JNE;8;Delivered
O09491;JNE;7;Delivered
O09492;AnterAja;7;Delivered
O09493;SiCepat;3;Delivered
O09494;JNE;2;Delivered
O09495;AnterAja;5;Cancelled
O09496;AnterAja;5;Returned
O09497;AnterAja;4;Delivered
O09498;SiCepat;8;Delivered
O09499;SiCepat;3;Late
O09500;SiCepat;5;Delivered
O09501;SiCepat;6;Delivered
O09502;AnterAja;2;Delivered
O09503;AnterAja;6;Delivered
O09504;SiCepat;4;Delivered
O09505;SiCepat;5;Delivered
O09506;JNE;3;Delivered
O09507;SiCepat;5;Delivered
O09508;AnterAja;5;Delivered
O09509;SiCepat;4;Delivered
O09510;AnterAja;7;Delivered
O09511;SiCepat;9;Delivered
O09512;J&T;8;Delivered
O09513;J&T;9;Delivered
O09514;SiCepat;3;Delivered
O09515;JNE;10;Late
O09516;SiCepat;10;Delivered
O09517;J&T;2;Delivered
O09518;J&T;8;Delivered
O09519;JNE;9;Late
O09520;SiCepat;1;Delivered
O09521;SiCepat;10;Delivered
O09522;AnterAja;2;Late
O09523;JNE;4;Cancelled
O09524;SiCepat;7;Cancelled
O09525;AnterAja;1;Delivered
O09526;J&T;9;Delivered
O09527;J&T;2;Delivered
O09528;J&T;4;Delivered
O09529;J&T;2;Delivered
O09530;J&T;3;Delivered
O09531;J&T;7;Delivered
O09532;JNE;8;Late
O09533;SiCepat;3;Delivered
O09534;SiCepat;8;Delivered
O09535;JNE;2;Delivered
O09536;J&T;5;Delivered
O09537;SiCepat;7;Delivered
O09538;AnterAja;3;Delivered
O09539;JNE;7;Delivered
O09540;AnterAja;1;Delivered
O09541;J&T;7;Delivered
O09542;JNE;5;Delivered
O09543;JNE;7;Late
O09544;JNE;5;Delivered
O09545;JNE;6;Delivered
O09546;J&T;1;Delivered
O09547;AnterAja;6;Delivered
O09548;J&T;6;Delivered
O09549;J&T;7;Delivered
O09550;J&T;6;Late
O09551;JNE;3;Delivered
O09552;J&T;6;Delivered
O09553;SiCepat;4;Delivered
O09554;SiCepat;1;Delivered
O09555;J&T;8;Delivered
O09556;JNE;4;Delivered
O09557;J&T;9;Delivered
O09558;SiCepat;6;Returned
O09559;SiCepat;9;Delivered
O09560;J&T;5;Delivered
O09561;JNE;3;Delivered
O09562;JNE;4;Late
O09563;SiCepat;9;Delivered
O09564;SiCepat;3;Cancelled
O09565;SiCepat;10;Returned
O09566;J&T;5;Delivered
O09567;JNE;5;Delivered
O09568;J&T;6;Delivered
O09569;SiCepat;9;Delivered
O09570;JNE;2;Delivered
O09571;J&T;8;Delivered
O09572;JNE;3;Returned
O09573;JNE;7;Late
O09574;JNE;2;Late
O09575;JNE;9;Delivered
O09576;JNE;5;Cancelled
O09577;J&T;5;Delivered
O09578;JNE;4;Delivered
O09579;SiCepat;8;Delivered
O09580;SiCepat;7;Delivered
O09581;AnterAja;8;Delivered
O09582;J&T;5;Delivered
O09583;SiCepat;8;Late
O09584;SiCepat;8;Cancelled
O09585;AnterAja;5;Delivered
O09586;SiCepat;4;Delivered
O09587;AnterAja;1;Delivered
O09588;J&T;8;Delivered
O09589;JNE;2;Delivered
O09590;JNE;7;Delivered
O09591;JNE;4;Delivered
O09592;J&T;10;Delivered
O09593;J&T;6;Delivered
O09594;AnterAja;4;Delivered
O09595;SiCepat;7;Delivered
O09596;AnterAja;4;Delivered
O09597;AnterAja;2;Cancelled
O09598;AnterAja;8;Delivered
O09599;J&T;5;Delivered
O09600;JNE;8;Returned
O09601;JNE;6;Delivered
O09602;J&T;5;Cancelled
O09603;J&T;5;Delivered
O09604;SiCepat;3;Delivered
O09605;AnterAja;7;Delivered
O09606;JNE;10;Delivered
O09607;J&T;1;Delivered
O09608;JNE;6;Delivered
O09609;J&T;10;Delivered
O09610;AnterAja;10;Late
O09611;J&T;3;Returned
O09612;J&T;8;Delivered
O09613;SiCepat;9;Delivered
O09614;AnterAja;1;Delivered
O09615;JNE;2;Delivered
O09616;JNE;1;Delivered
O09617;AnterAja;6;Delivered
O09618;JNE;3;Delivered
O09619;J&T;2;Delivered
O09620;JNE;9;Delivered
O09621;SiCepat;2;Delivered
O09622;AnterAja;5;Delivered
O09623;AnterAja;5;Delivered
O09624;JNE;9;Delivered
O09625;SiCepat;9;Delivered
O09626;JNE;1;Delivered
O09627;AnterAja;2;Delivered
O09628;AnterAja;4;Returned
O09629;SiCepat;5;Delivered
O09630;J&T;9;Delivered
O09631;AnterAja;9;Delivered
O09632;SiCepat;3;Delivered
O09633;SiCepat;1;Delivered
O09634;JNE;3;Delivered
O09635;SiCepat;10;Delivered
O09636;AnterAja;8;Delivered
O09637;JNE;5;Delivered
O09638;J&T;9;Delivered
O09639;SiCepat;7;Late
O09640;AnterAja;8;Delivered
O09641;J&T;10;Delivered
O09642;JNE;5;Delivered
O09643;JNE;9;Late
O09644;J&T;6;Delivered
O09645;J&T;8;Delivered
O09646;SiCepat;1;Delivered
O09647;SiCepat;2;Delivered
O09648;SiCepat;1;Cancelled
O09649;SiCepat;9;Delivered
O09650;JNE;2;Delivered
O09651;J&T;6;Delivered
O09652;JNE;9;Delivered
O09653;AnterAja;8;Delivered
O09654;SiCepat;7;Delivered
O09655;J&T;7;Delivered
O09656;AnterAja;5;Delivered
O09657;AnterAja;4;Delivered
O09658;JNE;2;Delivered
O09659;JNE;2;Delivered
O09660;J&T;4;Delivered
O09661;J&T;8;Delivered
O09662;JNE;4;Delivered
O09663;J&T;5;Delivered
O09664;SiCepat;10;Delivered
O09665;J&T;5;Delivered
O09666;AnterAja;9;Delivered
O09667;SiCepat;10;Delivered
O09668;JNE;2;Late
O09669;SiCepat;1;Delivered
O09670;JNE;9;Delivered
O09671;JNE;4;Delivered
O09672;JNE;10;Delivered
O09673;SiCepat;8;Delivered
O09674;SiCepat;1;Delivered
O09675;SiCepat;6;Delivered
O09676;SiCepat;4;Delivered
O09677;AnterAja;5;Delivered
O09678;SiCepat;7;Delivered
O09679;JNE;8;Delivered
O09680;AnterAja;1;Returned
O09681;AnterAja;4;Delivered
O09682;J&T;9;Delivered
O09683;SiCepat;8;Delivered
O09684;J&T;7;Delivered
O09685;J&T;6;Delivered
O09686;J&T;10;Late
O09687;JNE;6;Late
O09688;JNE;8;Delivered
O09689;J&T;7;Delivered
O09690;AnterAja;7;Delivered
O09691;AnterAja;1;Delivered
O09692;AnterAja;10;Delivered
O09693;J&T;4;Delivered
O09694;J&T;6;Delivered
O09695;AnterAja;5;Delivered
O09696;J&T;4;Delivered
O09697;AnterAja;8;Delivered
O09698;JNE;5;Delivered
O09699;J&T;3;Delivered
O09700;J&T;7;Delivered
O09701;JNE;5;Late
O09702;JNE;7;Delivered
O09703;SiCepat;8;Delivered
O09704;SiCepat;3;Delivered
O09705;SiCepat;5;Cancelled
O09706;JNE;2;Delivered
O09707;AnterAja;3;Delivered
O09708;SiCepat;5;Delivered
O09709;J&T;1;Delivered
O09710;J&T;3;Delivered
O09711;AnterAja;7;Delivered
O09712;SiCepat;9;Delivered
O09713;AnterAja;8;Delivered
O09714;J&T;4;Delivered
O09715;SiCepat;5;Delivered
O09716;JNE;1;Delivered
O09717;AnterAja;2;Delivered
O09718;J&T;2;Delivered
O09719;SiCepat;6;Delivered
O09720;JNE;10;Delivered
O09721;AnterAja;7;Delivered
O09722;SiCepat;5;Delivered
O09723;AnterAja;8;Late
O09724;JNE;8;Delivered
O09725;J&T;3;Delivered
O09726;AnterAja;5;Delivered
O09727;J&T;8;Delivered
O09728;JNE;9;Delivered
O09729;SiCepat;10;Delivered
O09730;AnterAja;4;Delivered
O09731;J&T;4;Delivered
O09732;J&T;2;Delivered
O09733;AnterAja;6;Delivered
O09734;JNE;7;Returned
O09735;J&T;4;Delivered
O09736;SiCepat;3;Delivered
O09737;AnterAja;7;Delivered
O09738;SiCepat;1;Delivered
O09739;J&T;7;Delivered
O09740;JNE;2;Delivered
O09741;AnterAja;3;Delivered
O09742;J&T;4;Delivered
O09743;AnterAja;5;Cancelled
O09744;J&T;6;Delivered
O09745;J&T;7;Delivered
O09746;SiCepat;7;Delivered
O09747;J&T;3;Delivered
O09748;SiCepat;9;Delivered
O09749;J&T;1;Delivered
O09750;SiCepat;3;Delivered
O09751;AnterAja;4;Delivered
O09752;SiCepat;5;Delivered
O09753;JNE;5;Delivered
O09754;JNE;1;Delivered
O09755;J&T;4;Delivered
O09756;SiCepat;9;Delivered
O09757;SiCepat;3;Delivered
O09758;SiCepat;9;Late
O09759;JNE;1;Delivered
O09760;JNE;8;Delivered
O09761;AnterAja;6;Delivered
O09762;JNE;6;Delivered
O09763;JNE;8;Delivered
O09764;JNE;6;Delivered
O09765;JNE;9;Delivered
O09766;JNE;6;Delivered
O09767;J&T;5;Delivered
O09768;AnterAja;10;Delivered
O09769;SiCepat;8;Delivered
O09770;JNE;8;Cancelled
O09771;SiCepat;4;Returned
O09772;SiCepat;5;Returned
O09773;JNE;10;Delivered
O09774;SiCepat;2;Delivered
O09775;JNE;10;Delivered
O09776;J&T;3;Late
O09777;J&T;7;Returned
O09778;J&T;1;Delivered
O09779;JNE;8;Delivered
O09780;J&T;8;Delivered
O09781;AnterAja;5;Delivered
O09782;JNE;7;Delivered
O09783;SiCepat;6;Delivered
O09784;SiCepat;4;Late
O09785;J&T;6;Delivered
O09786;AnterAja;4;Delivered
O09787;JNE;5;Delivered
O09788;JNE;5;Delivered
O09789;J&T;8;Delivered
O09790;J&T;9;Delivered
O09791;JNE;10;Cancelled
O09792;JNE;2;Delivered
O09793;J&T;4;Delivered
O09794;SiCepat;6;Late
O09795;J&T;1;Late
O09796;J&T;2;Late
O09797;JNE;10;Delivered
O09798;JNE;5;Delivered
O09799;JNE;2;Delivered
O09800;AnterAja;8;Delivered
O09801;JNE;5;Late
O09802;SiCepat;10;Delivered
O09803;AnterAja;7;Delivered
O09804;AnterAja;4;Delivered
O09805;J&T;2;Delivered
O09806;SiCepat;7;Delivered
O09807;AnterAja;7;Delivered
O09808;JNE;3;Delivered
O09809;AnterAja;10;Delivered
O09810;JNE;6;Delivered
O09811;SiCepat;8;Delivered
O09812;JNE;2;Delivered
O09813;J&T;4;Delivered
O09814;AnterAja;4;Late
O09815;J&T;9;Delivered
O09816;J&T;8;Late
O09817;J&T;8;Delivered
O09818;AnterAja;3;Delivered
O09819;J&T;7;Delivered
O09820;AnterAja;3;Late
O09821;JNE;5;Delivered
O09822;SiCepat;3;Delivered
O09823;JNE;1;Delivered
O09824;J&T;3;Late
O09825;SiCepat;7;Delivered
O09826;J&T;9;Cancelled
O09827;J&T;7;Delivered
O09828;JNE;4;Delivered
O09829;SiCepat;6;Delivered
O09830;JNE;6;Delivered
O09831;AnterAja;10;Delivered
O09832;J&T;10;Delivered
O09833;JNE;5;Late
O09834;JNE;8;Delivered
O09835;SiCepat;9;Delivered
O09836;JNE;4;Returned
O09837;J&T;1;Delivered
O09838;JNE;7;Delivered
O09839;JNE;2;Delivered
O09840;AnterAja;8;Late
O09841;JNE;3;Delivered
O09842;SiCepat;1;Late
O09843;AnterAja;10;Delivered
O09844;J&T;9;Delivered
O09845;J&T;3;Delivered
O09846;J&T;1;Delivered
O09847;SiCepat;8;Delivered
O09848;JNE;10;Late
O09849;J&T;5;Delivered
O09850;AnterAja;5;Delivered
O09851;AnterAja;7;Delivered
O09852;SiCepat;10;Cancelled
O09853;SiCepat;1;Delivered
O09854;AnterAja;2;Delivered
O09855;JNE;2;Delivered
O09856;J&T;9;Delivered
O09857;AnterAja;7;Delivered
O09858;JNE;5;Delivered
O09859;SiCepat;3;Cancelled
O09860;SiCepat;3;Delivered
O09861;JNE;6;Delivered
O09862;SiCepat;9;Delivered
O09863;JNE;7;Delivered
O09864;AnterAja;7;Delivered
O09865;SiCepat;1;Delivered
O09866;SiCepat;7;Delivered
O09867;J&T;5;Delivered
O09868;JNE;10;Delivered
O09869;JNE;9;Late
O09870;AnterAja;6;Delivered
O09871;JNE;7;Delivered
O09872;J&T;8;Delivered
O09873;JNE;8;Delivered
O09874;JNE;7;Delivered
O09875;SiCepat;5;Delivered
O09876;JNE;7;Delivered
O09877;SiCepat;5;Delivered
O09878;JNE;2;Delivered
O09879;AnterAja;3;Delivered
O09880;JNE;10;Delivered
O09881;AnterAja;6;Delivered
O09882;AnterAja;4;Delivered
O09883;JNE;6;Delivered
O09884;AnterAja;5;Delivered
O09885;SiCepat;8;Delivered
O09886;J&T;6;Delivered
O09887;JNE;1;Delivered
O09888;AnterAja;1;Delivered
O09889;SiCepat;1;Delivered
O09890;SiCepat;3;Returned
O09891;SiCepat;3;Delivered
O09892;JNE;8;Delivered
O09893;SiCepat;3;Delivered
O09894;JNE;3;Delivered
O09895;SiCepat;5;Delivered
O09896;JNE;6;Delivered
O09897;JNE;1;Delivered
O09898;AnterAja;4;Delivered
O09899;JNE;3;Delivered
O09900;SiCepat;1;Delivered
O09901;JNE;10;Delivered
O09902;AnterAja;6;Delivered
O09903;SiCepat;7;Delivered
O09904;AnterAja;5;Delivered
O09905;J&T;8;Delivered
O09906;J&T;1;Delivered
O09907;JNE;1;Delivered
O09908;J&T;9;Delivered
O09909;AnterAja;4;Cancelled
O09910;SiCepat;3;Delivered
O09911;SiCepat;5;Delivered
O09912;JNE;3;Delivered
O09913;AnterAja;2;Delivered
O09914;SiCepat;5;Delivered
O09915;J&T;8;Delivered
O09916;J&T;2;Cancelled
O09917;SiCepat;7;Delivered
O09918;J&T;6;Delivered
O09919;AnterAja;5;Delivered
O09920;JNE;7;Delivered
O09921;JNE;3;Delivered
O09922;AnterAja;10;Delivered
O09923;SiCepat;8;Delivered
O09924;SiCepat;6;Delivered
O09925;JNE;4;Delivered
O09926;AnterAja;10;Delivered
O09927;AnterAja;4;Delivered
O09928;JNE;4;Delivered
O09929;J&T;6;Delivered
O09930;AnterAja;10;Delivered
O09931;JNE;5;Delivered
O09932;JNE;10;Delivered
O09933;JNE;2;Delivered
O09934;AnterAja;9;Delivered
O09935;AnterAja;2;Delivered
O09936;JNE;7;Cancelled
O09937;J&T;1;Delivered
O09938;JNE;6;Delivered
O09939;AnterAja;5;Delivered
O09940;JNE;5;Delivered
O09941;JNE;4;Delivered
O09942;SiCepat;7;Delivered
O09943;SiCepat;7;Delivered
O09944;AnterAja;5;Delivered
O09945;JNE;2;Delivered
O09946;JNE;1;Delivered
O09947;JNE;7;Delivered
O09948;J&T;4;Late
O09949;SiCepat;8;Delivered
O09950;J&T;3;Delivered
O09951;AnterAja;10;Cancelled
O09952;JNE;4;Delivered
O09953;J&T;1;Delivered
O09954;AnterAja;2;Delivered
O09955;J&T;10;Delivered
O09956;J&T;4;Delivered
O09957;JNE;6;Delivered
O09958;AnterAja;2;Delivered
O09959;J&T;1;Delivered
O09960;AnterAja;7;Delivered
O09961;SiCepat;3;Returned
O09962;J&T;6;Delivered
O09963;J&T;7;Delivered
O09964;J&T;4;Delivered
O09965;SiCepat;4;Delivered
O09966;JNE;5;Delivered
O09967;JNE;10;Cancelled
O09968;JNE;4;Delivered
O09969;JNE;6;Delivered
O09970;AnterAja;9;Delivered
O09971;AnterAja;4;Returned
O09972;AnterAja;4;Late
O09973;AnterAja;2;Delivered
O09974;SiCepat;6;Cancelled
O09975;SiCepat;8;Delivered
O09976;AnterAja;5;Delivered
O09977;SiCepat;10;Late
O09978;SiCepat;1;Late
O09979;J&T;10;Late
O09980;SiCepat;10;Returned
O09981;J&T;2;Late
O09982;JNE;3;Delivered
O09983;J&T;6;Delivered
O09984;JNE;9;Delivered
O09985;JNE;4;Cancelled
O09986;SiCepat;9;Delivered
O09987;JNE;9;Delivered
O09988;J&T;4;Delivered
O09989;AnterAja;1;Delivered
O09990;JNE;9;Delivered
O09991;SiCepat;9;Delivered
O09992;J&T;10;Delivered
O09993;JNE;10;Late
O09994;JNE;6;Delivered
O09995;SiCepat;4;Delivered
O09996;J&T;8;Delivered
O09997;AnterAja;5;Delivered
O09998;SiCepat;5;Delivered
O09999;JNE;10;Late
O10000;SiCepat;5;Delivered
